Points:0,Points:1,Points:2,U:0,U:1,U:2
9.812499999996290967e+00,0.000000000000000000e+00,0.000000000000000000e+00,0.000000000000000000e+00,0.000000000000000000e+00,0.000000000000000000e+00
1.000000000000000178e+01,5.664362628085781756e-17,0.000000000000000000e+00,0.000000000000000000e+00,0.000000000000000000e+00,0.000000000000000000e+00
9.677732030644911276e+00,1.347679693504804932e-01,0.000000000000000000e+00,2.281752939643429956e-01,4.889400601468401469e-02,0.000000000000000000e+00
9.865232030648620309e+00,1.347679693504804932e-01,0.000000000000000000e+00,6.920970895882182228e-02,6.246803555491598631e-02,0.000000000000000000e+00
9.624999999992581934e+00,7.322853433113562488e-18,0.000000000000000000e+00,0.000000000000000000e+00,0.000000000000000000e+00,0.000000000000000000e+00
9.730464061297237066e+00,2.695359387009609309e-01,0.000000000000000000e+00,2.332557801809249098e-01,2.045215762982995067e-01,0.000000000000000000e+00
1.000000000000000000e+01,1.875000000005254130e-01,0.000000000000000000e+00,0.000000000000000000e+00,0.000000000000000000e+00,0.000000000000000000e+00
9.865232030648620309e+00,3.222679693510058785e-01,0.000000000000000000e+00,7.031272199428445502e-02,2.289090563712325166e-01,0.000000000000000000e+00
1.000000000000000178e+01,3.750000000010508261e-01,0.000000000000000000e+00,0.000000000000000000e+00,0.000000000000000000e+00,0.000000000000000000e+00
9.592977028719278820e+00,3.047326432337796875e-01,0.000000000000000000e+00,4.354214480989516689e-01,2.173636333121409525e-01,0.000000000000000000e+00
9.540244998066949478e+00,1.699646738832991943e-01,0.000000000000000000e+00,3.957462079925123666e-01,2.892653460219637290e-02,0.000000000000000000e+00
9.455489996141315245e+00,3.399293477665983332e-01,0.000000000000000000e+00,6.313697211556352773e-01,9.660063642424809860e-02,0.000000000000000000e+00
9.437499999988874677e+00,0.000000000000000000e+00,0.000000000000000000e+00,0.000000000000000000e+00,0.000000000000000000e+00,0.000000000000000000e+00
9.352744998063240445e+00,1.699646738832991943e-01,0.000000000000000000e+00,4.470658360166817058e-01,2.712320989148651537e-02,0.000000000000000000e+00
9.249999999985165644e+00,7.752900328033281086e-18,0.000000000000000000e+00,0.000000000000000000e+00,0.000000000000000000e+00,0.000000000000000000e+00
9.715235779060066079e+00,4.235446083687894880e-01,0.000000000000000000e+00,2.619468490957095330e-01,4.306048445483775522e-01,0.000000000000000000e+00
9.850003748411445770e+00,4.762766390188343246e-01,0.000000000000000000e+00,4.916438596246590353e-02,4.134566131825708202e-01,0.000000000000000000e+00
9.577748746482104281e+00,4.587413129016081337e-01,0.000000000000000000e+00,4.559395464759185002e-01,4.209588185321637699e-01,0.000000000000000000e+00
9.700007496822889763e+00,5.775532780366178232e-01,0.000000000000000000e+00,1.429623201111765163e-01,6.709081356939730068e-01,0.000000000000000000e+00
1.000000000000000000e+01,5.625000000015759616e-01,0.000000000000000000e+00,0.000000000000000000e+00,0.000000000000000000e+00,0.000000000000000000e+00
9.850003748411445770e+00,6.637766390193594601e-01,0.000000000000000000e+00,4.803943055018818076e-02,4.868783115911767267e-01,0.000000000000000000e+00
1.000000000000000178e+01,7.500000000021012081e-01,0.000000000000000000e+00,0.000000000000000000e+00,0.000000000000000000e+00,0.000000000000000000e+00
9.269229608476027948e+00,3.499108093535575614e-01,0.000000000000000000e+00,7.621155805965986740e-01,1.514734641122879866e-01,0.000000000000000000e+00
9.166484610397953148e+00,1.799461354702583948e-01,0.000000000000000000e+00,5.900294204028655454e-01,5.602010129514913006e-02,0.000000000000000000e+00
9.518315450969218716e+00,6.554201950759886985e-01,0.000000000000000000e+00,3.151067119506386072e-01,5.578940260769871262e-01,0.000000000000000000e+00
9.396056700628431457e+00,5.366082299409788980e-01,0.000000000000000000e+00,5.812461955982604067e-01,1.882767660624110606e-01,0.000000000000000000e+00
9.209796312963142384e+00,5.465896915279381263e-01,0.000000000000000000e+00,6.833580019875630240e-01,2.953731844596533263e-01,0.000000000000000000e+00
9.082969220810742428e+00,3.598922709405169007e-01,0.000000000000000000e+00,9.089150198639656120e-01,1.639592000557032192e-01,0.000000000000000000e+00
9.336623405115542340e+00,7.332871121153593519e-01,0.000000000000000000e+00,4.860905793783937279e-01,2.956993023134283360e-01,0.000000000000000000e+00
9.062499999981458387e+00,0.000000000000000000e+00,0.000000000000000000e+00,0.000000000000000000e+00,0.000000000000000000e+00,0.000000000000000000e+00
8.978984610394245891e+00,1.799461354702584226e-01,0.000000000000000000e+00,6.597269830762737541e-01,3.243222068624263682e-02,0.000000000000000000e+00
8.874999999977749354e+00,7.420802714442363974e-18,0.000000000000000000e+00,0.000000000000000000e+00,0.000000000000000000e+00,0.000000000000000000e+00
9.689897907996856574e+00,7.561567887854760972e-01,0.000000000000000000e+00,2.290365199712409983e-01,8.689708693031926723e-01,0.000000000000000000e+00
9.839894159585410804e+00,8.423801497682177342e-01,0.000000000000000000e+00,5.511036293619789306e-02,6.885210722025592034e-01,0.000000000000000000e+00
9.508205862143183751e+00,8.340237058248469726e-01,0.000000000000000000e+00,4.519161343749277804e-01,6.931923079272707122e-01,0.000000000000000000e+00
9.679788319170823385e+00,9.347602995343344823e-01,0.000000000000000000e+00,1.787908618073774381e-01,1.120506400681161141e+00,0.000000000000000000e+00
1.000000000000000000e+01,9.375000000026261215e-01,0.000000000000000000e+00,0.000000000000000000e+00,0.000000000000000000e+00,0.000000000000000000e+00
9.839894159585412581e+00,1.029880149768742648e+00,0.000000000000000000e+00,5.331893345749835755e-02,7.339676284454952349e-01,0.000000000000000000e+00
1.000000000000000178e+01,1.125000000003151257e+00,0.000000000000000000e+00,0.000000000000000000e+00,0.000000000000000000e+00,0.000000000000000000e+00
9.133725455553651784e+00,7.315751271099966146e-01,0.000000000000000000e+00,4.980104460855045989e-01,3.399932625266949837e-01,0.000000000000000000e+00
9.006898363401250052e+00,5.448777065225753891e-01,0.000000000000000000e+00,7.666081377798825702e-01,3.116920574827040658e-01,0.000000000000000000e+00
8.930827505991759452e+00,7.298631421046339884e-01,0.000000000000000000e+00,5.338401239201242543e-01,4.499238626908353411e-01,0.000000000000000000e+00
8.790065006576877948e+00,1.722380933652284951e-01,0.000000000000000000e+00,8.020572141639368269e-01,3.285939579030597996e-02,0.000000000000000000e+00
8.894049616993374485e+00,3.521842288354869455e-01,0.000000000000000000e+00,1.076230118960362248e+00,1.623643511117947857e-01,0.000000000000000000e+00
8.817978759583882109e+00,5.371696644175454338e-01,0.000000000000000000e+00,9.518444853488930990e-01,2.547754061402176529e-01,0.000000000000000000e+00
8.705130013176004766e+00,3.444761867304569347e-01,0.000000000000000000e+00,1.220174379945923926e+00,8.167362024041714685e-02,0.000000000000000000e+00
9.371297295428817620e+00,9.085820870167142793e-01,0.000000000000000000e+00,3.582295487655644539e-01,3.631901235929834715e-01,0.000000000000000000e+00
9.542879752456455478e+00,1.009318680726201789e+00,0.000000000000000000e+00,1.118030110339342381e-01,8.465472213682027069e-01,0.000000000000000000e+00
9.251122552055708326e+00,1.066773995060777525e+00,0.000000000000000000e+00,2.196178275643368705e-01,3.932146079259808968e-01,0.000000000000000000e+00
9.216448661742436599e+00,8.914790201594227081e-01,0.000000000000000000e+00,4.262614719374683836e-01,2.919830781752148496e-01,0.000000000000000000e+00
9.013550712180542490e+00,8.897670351540598599e-01,0.000000000000000000e+00,3.996524770535552773e-01,3.950368377769333250e-01,0.000000000000000000e+00
9.405971185742087570e+00,1.083877061918068874e+00,0.000000000000000000e+00,7.115790980047038972e-02,5.084058399542332740e-01,0.000000000000000000e+00
9.096273918369325528e+00,1.049670928203485731e+00,0.000000000000000000e+00,3.341087456443148640e-01,2.994122795365066203e-01,0.000000000000000000e+00
8.687499999974214404e+00,0.000000000000000000e+00,0.000000000000000000e+00,0.000000000000000000e+00,0.000000000000000000e+00,0.000000000000000000e+00
8.602565006573342998e+00,1.722380933652284951e-01,0.000000000000000000e+00,8.423689731285343152e-01,-1.195943325872751879e-02,0.000000000000000000e+00
8.499999999970679454e+00,7.060365842124614763e-18,0.000000000000000000e+00,0.000000000000000000e+00,0.000000000000000000e+00,0.000000000000000000e+00
9.655216989787055226e+00,1.136201188209433610e+00,0.000000000000000000e+00,-5.428053534300342903e-02,1.087881313762408819e+00,0.000000000000000000e+00
9.815322830201644422e+00,1.231321038443841998e+00,0.000000000000000000e+00,-2.191577073966664499e-02,7.381956044825147556e-01,0.000000000000000000e+00
9.518308423072689095e+00,1.210759569401301139e+00,0.000000000000000000e+00,-6.331547466813143565e-02,8.424579887865306649e-01,0.000000000000000000e+00
9.630645660403287067e+00,1.337642076884532960e+00,0.000000000000000000e+00,-5.155566366671315154e-02,1.043888077811513382e+00,0.000000000000000000e+00
1.000000000000000000e+01,1.312500000003655298e+00,0.000000000000000000e+00,0.000000000000000000e+00,0.000000000000000000e+00,0.000000000000000000e+00
9.815322830201644422e+00,1.418821038444345817e+00,0.000000000000000000e+00,-1.870029948787164248e-02,7.139833644061069906e-01,0.000000000000000000e+00
1.000000000000000178e+01,1.500000000004159117e+00,0.000000000000000000e+00,0.000000000000000000e+00,0.000000000000000000e+00,0.000000000000000000e+00
8.631080794110587817e+00,5.207089379185223521e-01,0.000000000000000000e+00,9.742493003931939066e-01,3.653628814426213706e-02,0.000000000000000000e+00
8.743929540518463384e+00,7.134024156056106847e-01,0.000000000000000000e+00,5.936479764198897557e-01,1.271771809792205665e-01,0.000000000000000000e+00
8.839231600395056176e+00,8.842078800418430307e-01,0.000000000000000000e+00,3.028236482016677389e-01,3.217574312393191582e-01,0.000000000000000000e+00
8.921954806583840991e+00,1.044111773091269013e+00,0.000000000000000000e+00,2.281197428574125441e-01,2.592190940085913331e-01,0.000000000000000000e+00
8.652333634921763661e+00,8.677471535428199489e-01,0.000000000000000000e+00,2.638029814878449786e-01,-1.454470839949748018e-01,0.000000000000000000e+00
8.557031575045170868e+00,6.969416891065878250e-01,0.000000000000000000e+00,5.370760637432470119e-01,-9.743139973819643640e-02,0.000000000000000000e+00
8.747635694798356454e+00,1.038552617979052295e+00,0.000000000000000000e+00,8.886476578193665266e-02,8.029618538913882442e-02,0.000000000000000000e+00
8.515967776737490169e+00,3.361103856095467579e-01,0.000000000000000000e+00,1.324493402481597970e+00,4.125299936768352799e-02,0.000000000000000000e+00
8.413402770134826625e+00,1.638722922443182906e-01,0.000000000000000000e+00,9.444586500803290319e-01,5.229780653686037784e-02,0.000000000000000000e+00
8.441918557672071444e+00,5.123431367976121198e-01,0.000000000000000000e+00,1.051998365166683769e+00,8.584586886747730405e-02,0.000000000000000000e+00
8.326805540298975572e+00,3.277445844886366921e-01,0.000000000000000000e+00,1.417494247967836740e+00,1.988272995011944044e-01,0.000000000000000000e+00
9.329775889729068794e+00,1.218127446457953011e+00,0.000000000000000000e+00,1.232294435967966756e-01,5.230830109964350605e-01,0.000000000000000000e+00
9.174927256042687773e+00,1.201024379600661440e+00,0.000000000000000000e+00,1.957495914025995654e-01,4.184947045972776669e-01,0.000000000000000000e+00
9.253580593716046465e+00,1.352377830997836705e+00,0.000000000000000000e+00,4.418697871342329442e-02,4.785338986075548529e-01,0.000000000000000000e+00
9.442113127059668543e+00,1.345009953941185055e+00,0.000000000000000000e+00,-1.650838050213713007e-02,8.208045913600824361e-01,0.000000000000000000e+00
9.087159108669734309e+00,1.351991093600803051e+00,0.000000000000000000e+00,9.847706308605659598e-02,3.939632042557406066e-01,0.000000000000000000e+00
9.008505770996375617e+00,1.200637642203627564e+00,0.000000000000000000e+00,2.662670692536172057e-01,2.443687428509110360e-01,0.000000000000000000e+00
8.834186659210889303e+00,1.195078487091410402e+00,0.000000000000000000e+00,2.336277872479357032e-01,9.713908299542348135e-02,0.000000000000000000e+00
8.920737623623420376e+00,1.351604356203768731e+00,0.000000000000000000e+00,1.525947798289768176e-01,1.725205510048367641e-01,0.000000000000000000e+00
8.312499999977902121e+00,0.000000000000000000e+00,0.000000000000000000e+00,0.000000000000000000e+00,0.000000000000000000e+00,0.000000000000000000e+00
8.225902770142049292e+00,1.638722922443183183e-01,0.000000000000000000e+00,1.082305444254583859e+00,3.968549814072699217e-02,0.000000000000000000e+00
8.124999999985121235e+00,7.472195057716834348e-18,0.000000000000000000e+00,0.000000000000000000e+00,0.000000000000000000e+00,0.000000000000000000e+00
9.648642403010732949e+00,1.532288404932576231e+00,0.000000000000000000e+00,-5.554025471742301406e-02,9.924756029363657195e-01,0.000000000000000000e+00
9.833319572809088527e+00,1.613467366492388866e+00,0.000000000000000000e+00,-1.039095903053162580e-02,6.344783707084569180e-01,0.000000000000000000e+00
9.509123319806283448e+00,1.474856358045959936e+00,0.000000000000000000e+00,-1.155143411084226940e-01,9.042640901666647579e-01,0.000000000000000000e+00
9.527120062413727553e+00,1.669502686094002986e+00,0.000000000000000000e+00,-1.368104893273181522e-01,8.121604775416690902e-01,0.000000000000000000e+00
9.320590786462663146e+00,1.482224235102612031e+00,0.000000000000000000e+00,-1.661189872365426701e-01,6.212746058174513086e-01,0.000000000000000000e+00
9.387600979209278051e+00,1.612070639207386691e+00,0.000000000000000000e+00,-2.356111229830486486e-01,6.839178629788368324e-01,0.000000000000000000e+00
9.666639145618175277e+00,1.726934732980619058e+00,0.000000000000000000e+00,-5.354536780803403895e-02,9.285837290828031776e-01,0.000000000000000000e+00
1.000000000000000000e+01,1.687500000003319123e+00,0.000000000000000000e+00,0.000000000000000000e+00,0.000000000000000000e+00,0.000000000000000000e+00
9.833319572809088527e+00,1.800967366491549093e+00,0.000000000000000000e+00,-3.414092200106207120e-02,6.420850194301601643e-01,0.000000000000000000e+00
1.000000000000000178e+01,1.875000000002479350e+00,0.000000000000000000e+00,0.000000000000000000e+00,0.000000000000000000e+00,0.000000000000000000e+00
8.477032376736268304e+00,8.597157965436139637e-01,0.000000000000000000e+00,3.407922601749325264e-01,-8.408435337768249696e-03,0.000000000000000000e+00
8.572334436612859321e+00,1.030521260979845977e+00,0.000000000000000000e+00,1.608377902423210881e-01,-1.052313306425913531e-01,0.000000000000000000e+00
8.397033178427365741e+00,1.022489903980640324e+00,0.000000000000000000e+00,8.909883678549399000e-02,-5.283358390493676088e-02,0.000000000000000000e+00
8.278650345808650002e+00,4.932137625201261644e-01,0.000000000000000000e+00,1.090312361059560864e+00,2.007666363951909616e-01,0.000000000000000000e+00
8.393763363181747650e+00,6.778123148291016475e-01,0.000000000000000000e+00,5.821195164753862894e-01,8.225923422095426929e-02,0.000000000000000000e+00
8.313764164872843310e+00,8.405864222661278973e-01,0.000000000000000000e+00,3.557932621145792895e-01,4.764329911867445921e-02,0.000000000000000000e+00
8.230495151318324432e+00,6.586829405516154701e-01,0.000000000000000000e+00,6.163743796494943750e-01,6.292552329667373823e-02,0.000000000000000000e+00
8.657627397326603358e+00,1.191697040681875208e+00,0.000000000000000000e+00,1.718541847732983352e-01,-5.475268342957166634e-02,0.000000000000000000e+00
8.744178361739137983e+00,1.348222909794233537e+00,0.000000000000000000e+00,5.651926035590484898e-02,-8.809235370859154479e-02,0.000000000000000000e+00
8.482326139141108001e+00,1.183665683682669112e+00,0.000000000000000000e+00,1.074741597724166997e-01,-2.162208677912482724e-01,0.000000000000000000e+00
8.567619099854850262e+00,1.344841463384697677e+00,0.000000000000000000e+00,-7.219199623093704166e-02,-2.930980997075687822e-01,0.000000000000000000e+00
8.031787950502643270e+00,1.734309183950515920e-01,0.000000000000000000e+00,1.331744919205558819e+00,-6.675409382407028469e-02,0.000000000000000000e+00
8.132690720659569550e+00,3.373032106393699103e-01,0.000000000000000000e+00,1.468808632892522725e+00,-2.845120731641818945e-02,0.000000000000000000e+00
8.084535526169243980e+00,5.027723886708593826e-01,0.000000000000000000e+00,9.844171965465845497e-01,-3.648727833074524862e-01,0.000000000000000000e+00
7.938575901020164416e+00,3.468618367901031285e-01,0.000000000000000000e+00,1.246678920913835364e+00,-5.635429737071815381e-01,0.000000000000000000e+00
9.234182802407854496e+00,1.634745837723712292e+00,0.000000000000000000e+00,-3.103606224524144142e-01,5.675528269017259264e-01,0.000000000000000000e+00
9.167172609661237814e+00,1.504899433618937410e+00,0.000000000000000000e+00,-1.552263494474944439e-01,4.853974541323507474e-01,0.000000000000000000e+00
9.000751124614925658e+00,1.504512696221903312e+00,0.000000000000000000e+00,-1.906763316053857737e-01,2.962145124241711280e-01,0.000000000000000000e+00
9.080764625606427387e+00,1.657421036240037893e+00,0.000000000000000000e+00,-3.939795477418782665e-01,3.556976167011914325e-01,0.000000000000000000e+00
8.909233323940956240e+00,1.656628074663291095e+00,0.000000000000000000e+00,-4.030600820248383953e-01,1.297387505492314796e-01,0.000000000000000000e+00
8.829219822949454510e+00,1.503719734645156514e+00,0.000000000000000000e+00,-2.178332250858311114e-01,9.488713072003036094e-04,0.000000000000000000e+00
8.652660561065168565e+00,1.500338288235620876e+00,0.000000000000000000e+00,-7.700004308451925683e-02,-1.953481166326234975e-01,0.000000000000000000e+00
8.737702022275485092e+00,1.655835113086544075e+00,0.000000000000000000e+00,-3.002673464957215099e-01,6.057580878093163368e-02,0.000000000000000000e+00
7.937499999988873789e+00,0.000000000000000000e+00,0.000000000000000000e+00,0.000000000000000000e+00,0.000000000000000000e+00,0.000000000000000000e+00
7.844287950506395823e+00,1.734309183950516198e-01,0.000000000000000000e+00,9.697237211211154895e-01,-2.473210293043360541e-01,0.000000000000000000e+00
7.749999999992624566e+00,5.152466039552466360e-18,0.000000000000000000e+00,0.000000000000000000e+00,0.000000000000000000e+00,0.000000000000000000e+00
9.349817051554815350e+00,1.777862945531365035e+00,0.000000000000000000e+00,-2.175653361020573329e-01,5.474405077357554772e-01,0.000000000000000000e+00
9.489336134759263075e+00,1.835294992417981330e+00,0.000000000000000000e+00,-1.514479118322128726e-01,6.789706922246073750e-01,0.000000000000000000e+00
9.312033123900350873e+00,1.943655251855342936e+00,0.000000000000000000e+00,-1.867962599504311427e-01,4.071462864584425856e-01,0.000000000000000000e+00
9.196398874753388242e+00,1.800538144047690414e+00,0.000000000000000000e+00,-3.035832232653861706e-01,4.082243098497118639e-01,0.000000000000000000e+00
9.668687625437662803e+00,1.906472510961889189e+00,0.000000000000000000e+00,-1.118345453774475390e-01,9.312263843679273734e-01,0.000000000000000000e+00
9.835368052628574276e+00,1.980505144472819001e+00,0.000000000000000000e+00,-1.038695240708226025e-01,6.319304098523927937e-01,0.000000000000000000e+00
9.491384614578750600e+00,2.014832770399251238e+00,0.000000000000000000e+00,-2.061256841231095538e-01,6.847763799507341487e-01,0.000000000000000000e+00
9.670736105257150328e+00,2.086010288943159541e+00,0.000000000000000000e+00,-2.669341995691681402e-01,9.542527927716825120e-01,0.000000000000000000e+00
1.000000000000000000e+01,2.062500000002528644e+00,0.000000000000000000e+00,0.000000000000000000e+00,0.000000000000000000e+00,0.000000000000000000e+00
9.835368052628574276e+00,2.168005144472868295e+00,0.000000000000000000e+00,-9.085100004398503903e-02,5.558300742571048447e-01,0.000000000000000000e+00
1.000000000000000178e+01,2.250000000002578382e+00,0.000000000000000000e+00,0.000000000000000000e+00,0.000000000000000000e+00,0.000000000000000000e+00
8.144289007302015548e+00,8.412305772149888394e-01,0.000000000000000000e+00,2.222333944809710415e-01,-2.900566060317202877e-01,0.000000000000000000e+00
8.227558020856534426e+00,1.023134058929501045e+00,0.000000000000000000e+00,-1.399806621080162128e-01,-3.327064905874763667e-01,0.000000000000000000e+00
8.309346806064237256e+00,1.183203851949933716e+00,0.000000000000000000e+00,-9.194814819157498542e-02,-4.456924015093012836e-01,0.000000000000000000e+00
8.394639766777981293e+00,1.344379631651962503e+00,0.000000000000000000e+00,-1.932516266997196530e-01,-5.013030702858548571e-01,0.000000000000000000e+00
8.139871648493407719e+00,1.183848006898794658e+00,0.000000000000000000e+00,-2.091376898709285947e-01,-5.385832454317012186e-01,0.000000000000000000e+00
8.058082863285706665e+00,1.023778213878361765e+00,0.000000000000000000e+00,-2.713500364599459314e-01,-4.018496637479397338e-01,0.000000000000000000e+00
8.221660433701110549e+00,1.343917799919227329e+00,0.000000000000000000e+00,-2.505138450356191870e-01,-6.329738642902884571e-01,0.000000000000000000e+00
7.914007095791359525e+00,5.353661576332330307e-01,0.000000000000000000e+00,5.591736504325950374e-01,-1.253773586342242785e+00,0.000000000000000000e+00
8.059966720940439089e+00,6.912767095139891182e-01,0.000000000000000000e+00,6.415401923677016560e-01,-7.996332948809787844e-01,0.000000000000000000e+00
7.973760576924130206e+00,8.738243461773623766e-01,0.000000000000000000e+00,3.804725224423075036e-01,-9.270531481279927766e-01,0.000000000000000000e+00
7.889438290562552858e+00,7.238704784763627664e-01,0.000000000000000000e+00,7.697589309199861507e-01,-1.172145609342333694e+00,0.000000000000000000e+00
8.563353247224810616e+00,1.650608113607066274e+00,0.000000000000000000e+00,-2.452339530441590698e-01,-3.421654339450832527e-01,0.000000000000000000e+00
8.478311786014492313e+00,1.495111288756143075e+00,0.000000000000000000e+00,-3.791319011741943468e-02,-4.876155272087006609e-01,0.000000000000000000e+00
8.305332452937619792e+00,1.494649457023407457e+00,0.000000000000000000e+00,-3.209676735239494483e-02,-6.306679284918749184e-01,0.000000000000000000e+00
8.389004472174130811e+00,1.645381114127587807e+00,0.000000000000000000e+00,-1.719378491307963774e-01,-6.045940276498271704e-01,0.000000000000000000e+00
7.654349168037231088e+00,1.195896132711424947e-01,0.000000000000000000e+00,4.460432402380870021e-01,-9.680086920234293180e-02,0.000000000000000000e+00
7.748637118551001457e+00,2.930205316661940729e-01,0.000000000000000000e+00,9.610011402415610249e-01,-3.960502187481287906e-01,0.000000000000000000e+00
7.623910802373041307e+00,3.671297420347661711e-01,0.000000000000000000e+00,4.304238544052732540e-01,-4.891954225436089820e-01,0.000000000000000000e+00
7.813849584842206042e+00,4.209710471586752267e-01,0.000000000000000000e+00,2.596393575956715272e-01,-6.943918832021184206e-01,0.000000000000000000e+00
7.789280779613399375e+00,6.094753680018051289e-01,0.000000000000000000e+00,5.232284604547410289e-01,-9.041563091489368542e-01,0.000000000000000000e+00
7.689123268664246780e+00,4.950802575272474360e-01,0.000000000000000000e+00,-2.662608503466700523e-03,-3.731525988679111339e-01,0.000000000000000000e+00
7.558698336081836722e+00,2.391792265422849340e-01,0.000000000000000000e+00,5.416940919585571113e-01,-4.838762693806628046e-01,0.000000000000000000e+00
9.108105597820637556e+00,1.955426612533905040e+00,0.000000000000000000e+00,-2.945327906190949308e-01,2.793238823779334856e-01,0.000000000000000000e+00
8.992471348673674925e+00,1.812309504726252296e+00,0.000000000000000000e+00,-3.662970024403757741e-01,2.322441370431680696e-01,0.000000000000000000e+00
8.820940047008203777e+00,1.811516543149505720e+00,0.000000000000000000e+00,-3.106956032303128667e-01,1.534154524337574821e-01,0.000000000000000000e+00
8.904178071740924238e+00,1.967197973212467366e+00,0.000000000000000000e+00,-2.971384872771975494e-01,2.024272414341195259e-01,0.000000000000000000e+00
8.651694876900306141e+00,1.799127179169146107e+00,0.000000000000000000e+00,-3.584234648016578206e-01,-1.495611743474000443e-01,0.000000000000000000e+00
8.734932901633024827e+00,1.954808609232107530e+00,0.000000000000000000e+00,-3.690486621362183972e-01,-3.439128777594064462e-02,0.000000000000000000e+00
8.477346101849629889e+00,1.793900179689667862e+00,0.000000000000000000e+00,-3.487098514953179129e-01,-4.406954056894540339e-01,0.000000000000000000e+00
8.565687731525127191e+00,1.942419245251747917e+00,0.000000000000000000e+00,-3.762373543541795984e-01,-3.308859991791125998e-01,0.000000000000000000e+00
7.562499999994469313e+00,0.000000000000000000e+00,0.000000000000000000e+00,0.000000000000000000e+00,0.000000000000000000e+00,0.000000000000000000e+00
7.466849168039074947e+00,1.195896132711424809e-01,0.000000000000000000e+00,5.439309410578037352e-02,-2.378222831554568928e-01,0.000000000000000000e+00
7.374999999996312283e+00,5.567846405960037255e-18,0.000000000000000000e+00,0.000000000000000000e+00,0.000000000000000000e+00,0.000000000000000000e+00
9.355322001381193076e+00,2.094979741835147458e+00,0.000000000000000000e+00,-3.981725222991210900e-01,4.106537686789956676e-01,0.000000000000000000e+00
9.534673492059591027e+00,2.166157260379055316e+00,0.000000000000000000e+00,-4.351733675189203288e-01,7.044375841905319291e-01,0.000000000000000000e+00
9.239565736126227335e+00,2.248604595661763739e+00,0.000000000000000000e+00,-5.448278629427039110e-01,3.214985043613413640e-01,0.000000000000000000e+00
9.196276858645386909e+00,2.097280105681958773e+00,0.000000000000000000e+00,-4.184627409757156191e-01,2.927029039637472074e-01,0.000000000000000000e+00
8.992349332565673592e+00,2.109051466360521321e+00,0.000000000000000000e+00,-3.913358144904486302e-01,2.712984640123963787e-01,0.000000000000000000e+00
9.398610878862033502e+00,2.246304231814951979e+00,0.000000000000000000e+00,-5.458915992869681766e-01,4.391487817026337726e-01,0.000000000000000000e+00
9.080520593390421169e+00,2.250904959508575054e+00,0.000000000000000000e+00,-4.937577674480593815e-01,3.318552227163288904e-01,0.000000000000000000e+00
9.659588272965297762e+00,2.267341425307440872e+00,0.000000000000000000e+00,-2.733266965286262340e-01,7.096266076100834486e-01,0.000000000000000000e+00
9.824220220336723486e+00,2.349336280837150071e+00,0.000000000000000000e+00,-5.297228254712672141e-02,3.936482439533243172e-01,0.000000000000000000e+00
9.523525659767740237e+00,2.347488396743337091e+00,0.000000000000000000e+00,-3.999963177779929935e-01,4.827762956199385114e-01,0.000000000000000000e+00
9.648440440673446972e+00,2.448672561671722647e+00,0.000000000000000000e+00,-2.113685621565314643e-01,4.642190218248929412e-01,0.000000000000000000e+00
1.000000000000000000e+01,2.437500000002194245e+00,0.000000000000000000e+00,0.000000000000000000e+00,0.000000000000000000e+00,0.000000000000000000e+00
9.824220220336723486e+00,2.536836280836766377e+00,0.000000000000000000e+00,-6.457508118285079646e-02,2.890730029115259891e-01,0.000000000000000000e+00
1.000000000000000178e+01,2.625000000001810552e+00,0.000000000000000000e+00,0.000000000000000000e+00,0.000000000000000000e+00,0.000000000000000000e+00
7.972136058135616210e+00,1.183416675175681831e+00,0.000000000000000000e+00,-3.474272147928768040e-01,-6.919686167982107561e-01,0.000000000000000000e+00
8.053924843343317264e+00,1.343486468196114503e+00,0.000000000000000000e+00,-3.356713928961819748e-01,-7.573637317210401010e-01,0.000000000000000000e+00
7.886189252985524867e+00,1.343055136473001676e+00,0.000000000000000000e+00,-4.397282024474499784e-01,-9.027582651868714114e-01,0.000000000000000000e+00
7.890881868002534105e+00,1.037215618873841505e+00,0.000000000000000000e+00,-1.833618265837050343e-01,-1.360776112449674224e+00,0.000000000000000000e+00
7.806559581640957646e+00,8.872617511728420059e-01,0.000000000000000000e+00,2.935880671976689449e-01,-1.667223758213651319e+00,0.000000000000000000e+00
7.804935062852443650e+00,1.196854080171161350e+00,0.000000000000000000e+00,-8.755795962725516912e-02,-1.520923626889528979e+00,0.000000000000000000e+00
7.723680872719359769e+00,1.050653023869320801e+00,0.000000000000000000e+00,-1.050535005444886150e-01,-1.931087966223840269e+00,0.000000000000000000e+00
8.134100357805440495e+00,1.491332254971426297e+00,0.000000000000000000e+00,4.444788793375058222e-02,-6.655227257650676576e-01,0.000000000000000000e+00
8.217772377041953291e+00,1.642063912075606424e+00,0.000000000000000000e+00,-1.232567568766765737e-01,-6.215824555866481527e-01,0.000000000000000000e+00
7.966364767447648987e+00,1.490900923248313470e+00,0.000000000000000000e+00,2.099339901202702530e-01,-8.354206336038138003e-01,0.000000000000000000e+00
8.046540281909772219e+00,1.638746710023624820e+00,0.000000000000000000e+00,-1.405332437128302137e-01,-6.194061933877851311e-01,0.000000000000000000e+00
7.627311600038090056e+00,6.264566760210344976e-01,0.000000000000000000e+00,-1.668285818407617971e-01,-1.261174190263620876e+00,0.000000000000000000e+00
7.727469110987243539e+00,7.408517864955921350e-01,0.000000000000000000e+00,4.421820815308177832e-01,-1.565314727898922120e+00,0.000000000000000000e+00
7.644590402065646551e+00,9.042430591920712635e-01,0.000000000000000000e+00,1.202963226303734173e-01,-1.891031487241114473e+00,0.000000000000000000e+00
7.565499931411933332e+00,7.578330945148217257e-01,0.000000000000000000e+00,1.643773111788619790e-01,-1.858122327910175065e+00,0.000000000000000000e+00
8.387664524811635047e+00,1.935130353952873250e+00,0.000000000000000000e+00,-3.791066542889908186e-01,-4.183983501794842352e-01,0.000000000000000000e+00
8.299322895136135969e+00,1.786611288390792973e+00,0.000000000000000000e+00,-2.318591665055660389e-01,-4.504835667909730113e-01,0.000000000000000000e+00
8.128090800003956673e+00,1.783294086338811368e+00,0.000000000000000000e+00,1.576198564838234700e-02,-5.897219033463982907e-01,0.000000000000000000e+00
8.209641318098141127e+00,1.927841462653997917e+00,0.000000000000000000e+00,-4.486556866917414954e-01,-2.654425957647206791e-01,0.000000000000000000e+00
7.471372336628460786e+00,3.733824479529120888e-01,0.000000000000000000e+00,4.956260533881522157e-02,-1.434366654129503260e+00,0.000000000000000000e+00
7.536584802919664483e+00,5.013329634453933537e-01,0.000000000000000000e+00,-2.140348265956992513e-01,-1.361684313883649855e+00,0.000000000000000000e+00
7.384046337175083963e+00,5.075856693635393269e-01,0.000000000000000000e+00,-2.634668164345457808e-01,-1.927806452109981361e+00,0.000000000000000000e+00
7.474773134293507759e+00,6.327093819391803597e-01,0.000000000000000000e+00,-4.601748120120984220e-01,-1.820171209849245075e+00,0.000000000000000000e+00
7.384608614579761365e+00,2.488202755075337724e-01,0.000000000000000000e+00,-2.658437969989971283e-01,-9.996148154696371524e-01,0.000000000000000000e+00
7.292759446536997814e+00,1.292306622363912916e-01,0.000000000000000000e+00,-6.888267739074573903e-01,-4.564150649182229236e-01,0.000000000000000000e+00
7.297282615126384542e+00,3.830234969181609550e-01,0.000000000000000000e+00,-6.259148429376721889e-01,-1.564180343830460895e+00,0.000000000000000000e+00
7.210518893077684233e+00,2.584613244727825832e-01,0.000000000000000000e+00,-1.015385266275840470e+00,-9.520504404465187642e-01,0.000000000000000000e+00
8.819504673927523797e+00,2.098081035034162767e+00,0.000000000000000000e+00,-3.635004680176515124e-01,7.849257047333892123e-02,0.000000000000000000e+00
8.907675934752273150e+00,2.239934528182216944e+00,0.000000000000000000e+00,-4.353763362543341398e-01,2.195141072256721892e-01,0.000000000000000000e+00
8.650259503819626161e+00,2.085691671053803375e+00,0.000000000000000000e+00,-3.212727172702050660e-01,-1.616150688775655764e-01,0.000000000000000000e+00
8.734831276114123355e+00,2.228964096855857946e+00,0.000000000000000000e+00,-3.225154458673668567e-01,5.836419652730713559e-02,0.000000000000000000e+00
8.470849350580680337e+00,2.074537983604835212e+00,0.000000000000000000e+00,-2.634681384296660434e-01,-3.905696859394841014e-01,0.000000000000000000e+00
8.555421122875179307e+00,2.217810409406890226e+00,0.000000000000000000e+00,-2.421938925131228160e-01,-2.657070736980254866e-01,0.000000000000000000e+00
8.292826143867188193e+00,2.067249092305960101e+00,0.000000000000000000e+00,-2.428434874834300983e-01,-4.073502865595995392e-01,0.000000000000000000e+00
8.376010969636235259e+00,2.206656721957922507e+00,0.000000000000000000e+00,-2.106287633740413223e-01,-4.134724938666901051e-01,0.000000000000000000e+00
7.187499999998157030e+00,0.000000000000000000e+00,0.000000000000000000e+00,0.000000000000000000e+00,0.000000000000000000e+00,0.000000000000000000e+00
7.105259446538843449e+00,1.292306622363913193e-01,0.000000000000000000e+00,-1.057929889629905418e+00,-4.670048336078894136e-01,0.000000000000000000e+00
7.000000000000000000e+00,5.665253239786528793e-18,0.000000000000000000e+00,0.000000000000000000e+00,0.000000000000000000e+00,0.000000000000000000e+00
9.339967504975417611e+00,2.374291164455456737e+00,0.000000000000000000e+00,-5.126552632415694033e-01,3.669446115164189393e-01,0.000000000000000000e+00
9.180922362239611445e+00,2.376591528302268053e+00,0.000000000000000000e+00,-5.191630735606516112e-01,3.177296290524276867e-01,0.000000000000000000e+00
9.281324131088799945e+00,2.502278097095960607e+00,0.000000000000000000e+00,-5.230469086619583541e-01,3.016132044395735678e-01,0.000000000000000000e+00
9.464882285881124346e+00,2.475475329383841405e+00,0.000000000000000000e+00,-4.117977905820999207e-01,3.445296128305728178e-01,0.000000000000000000e+00
9.097606840219800262e+00,2.493896271362111783e+00,0.000000000000000000e+00,-6.165409522628568784e-01,2.509175440603879093e-01,0.000000000000000000e+00
8.997205071370608209e+00,2.368209702568418784e+00,0.000000000000000000e+00,-5.896603034673079113e-01,3.078484683523775023e-01,0.000000000000000000e+00
8.824360412732460190e+00,2.357239271242060674e+00,0.000000000000000000e+00,-5.260646415763859940e-01,2.102012602695851329e-01,0.000000000000000000e+00
8.913889549350795249e+00,2.485514445628262514e+00,0.000000000000000000e+00,-6.670695512745892231e-01,3.109377488795381783e-01,0.000000000000000000e+00
9.692989969413737583e+00,2.593162369076275731e+00,0.000000000000000000e+00,-1.913814557519849802e-01,2.976320253757372414e-01,0.000000000000000000e+00
9.868769749077015874e+00,2.681326088241319461e+00,0.000000000000000000e+00,-3.491719020854774230e-02,1.480517303293603093e-01,0.000000000000000000e+00
9.592713923852512536e+00,2.736489117658932990e+00,0.000000000000000000e+00,-2.663535466438075039e-01,1.348285861126137797e-01,0.000000000000000000e+00
9.548164395112220149e+00,2.591999310254379907e+00,0.000000000000000000e+00,-3.468307526926476259e-01,2.685543501278108702e-01,0.000000000000000000e+00
9.364606240319897523e+00,2.618802077966499109e+00,0.000000000000000000e+00,-4.611769519270333961e-01,2.361492464441743433e-01,0.000000000000000000e+00
9.737539498154029971e+00,2.737652176480828370e+00,0.000000000000000000e+00,-1.336092227457048032e-01,1.467593667545436242e-01,0.000000000000000000e+00
9.447888349550991549e+00,2.735326058837036722e+00,0.000000000000000000e+00,-3.791686211533454864e-01,1.560867017751738361e-01,0.000000000000000000e+00
1.000000000000000000e+01,2.812500000000905498e+00,0.000000000000000000e+00,0.000000000000000000e+00,0.000000000000000000e+00,0.000000000000000000e+00
1.000000000000000178e+01,3.000000000000000444e+00,0.000000000000000000e+00,0.000000000000000000e+00,0.000000000000000000e+00,0.000000000000000000e+00
9.868769749077015874e+00,2.868826088240414407e+00,0.000000000000000000e+00,-3.520594046746979011e-02,4.346825662571805055e-02,0.000000000000000000e+00
7.719453154956563701e+00,1.342303397366261919e+00,0.000000000000000000e+00,-7.152966384692981405e-01,-2.861032077690369935e+00,0.000000000000000000e+00
7.638198964823480708e+00,1.196102341064421370e+00,0.000000000000000000e+00,-5.629896202868488464e-01,-3.160322250766670393e+00,0.000000000000000000e+00
7.800484504897230664e+00,1.487256925148329856e+00,0.000000000000000000e+00,-2.146184296782958079e-01,-2.024826914240008158e+00,0.000000000000000000e+00
7.880660019359353896e+00,1.635102711923641650e+00,0.000000000000000000e+00,-3.798063966345886500e-01,-1.948685878429358587e+00,0.000000000000000000e+00
7.633748406868267722e+00,1.486505186041589877e+00,0.000000000000000000e+00,-4.712664151580662208e-01,-3.503113132319416678e+00,0.000000000000000000e+00
7.552717056927602535e+00,1.341551658259522162e+00,0.000000000000000000e+00,-8.235896804656720471e-01,-4.015393255213368207e+00,0.000000000000000000e+00
7.714779756808935574e+00,1.631458713823658258e+00,0.000000000000000000e+00,-5.193532644344164284e-01,-2.755224993110271470e+00,0.000000000000000000e+00
7.476215095392355181e+00,9.029881115926838842e-01,0.000000000000000000e+00,-4.282028759599723622e-01,-3.142713391545988166e+00,0.000000000000000000e+00
7.555305566046068400e+00,1.049398076269933533e+00,0.000000000000000000e+00,-7.079864808352515082e-01,-3.119086110366336317e+00,0.000000000000000000e+00
7.469823658150188450e+00,1.194847393465034102e+00,0.000000000000000000e+00,-1.118273113563692300e+00,-3.947978068518756434e+00,0.000000000000000000e+00
7.386930259372777030e+00,1.048143128670546265e+00,0.000000000000000000e+00,-1.154108830367419625e+00,-3.923217962280147741e+00,0.000000000000000000e+00
8.038145038076608628e+00,1.921304159404233713e+00,0.000000000000000000e+00,-4.335270486666432666e-01,-1.304792055325972200e+00,0.000000000000000000e+00
7.956594519982424174e+00,1.776756783089047165e+00,0.000000000000000000e+00,-3.388050517663789285e-01,-1.415565973539861355e+00,0.000000000000000000e+00
7.790714257432004963e+00,1.773112784989063551e+00,0.000000000000000000e+00,-3.027953479235226397e-01,-2.396797841640524673e+00,0.000000000000000000e+00
7.866648758055074353e+00,1.914766856154468844e+00,0.000000000000000000e+00,-3.924154876710169160e-01,-1.914693329138027256e+00,0.000000000000000000e+00
7.306018734192988973e+00,6.392411460999040118e-01,0.000000000000000000e+00,-8.221732015946271455e-01,-2.475225276300561550e+00,0.000000000000000000e+00
7.396745531311413657e+00,7.643648586755451557e-01,0.000000000000000000e+00,-5.835062254320136921e-01,-2.516141063775592102e+00,0.000000000000000000e+00
7.307460695291835506e+00,9.095198757534074252e-01,0.000000000000000000e+00,-1.183438613823960539e+00,-3.460741322388353858e+00,0.000000000000000000e+00
7.227991131210894871e+00,7.708966228362688078e-01,0.000000000000000000e+00,-1.211925197868859216e+00,-2.905417817338626918e+00,0.000000000000000000e+00
8.120269754838151499e+00,2.061373463861668309e+00,0.000000000000000000e+00,-3.775014525827732892e-01,-5.189542786178287237e-01,0.000000000000000000e+00
8.203454580607198565e+00,2.200781093513630715e+00,0.000000000000000000e+00,-2.540027197135513171e-01,-5.480413643380146471e-01,0.000000000000000000e+00
7.948773474816619000e+00,2.054836160611904106e+00,0.000000000000000000e+00,4.671315262350434622e-02,-1.448393787117287612e+00,0.000000000000000000e+00
8.030898191578163647e+00,2.194905465069338479e+00,0.000000000000000000e+00,-3.352488304596204505e-01,-5.765725579018305957e-01,0.000000000000000000e+00
7.122353954889120153e+00,3.858814214594414316e-01,0.000000000000000000e+00,-1.221040688888177517e+00,-1.229949768619656547e+00,0.000000000000000000e+00
7.209117676937819574e+00,5.104435939048197479e-01,0.000000000000000000e+00,-7.731307883846914031e-01,-1.842229460891450010e+00,0.000000000000000000e+00
7.131090073955725472e+00,6.420990706411844329e-01,0.000000000000000000e+00,-1.378341981672104088e+00,-2.261301075467854194e+00,0.000000000000000000e+00
7.034189016700556962e+00,5.133015184461003910e-01,0.000000000000000000e+00,-1.407159228675395779e+00,-1.478661162308111843e+00,0.000000000000000000e+00
6.924186324794371572e+00,1.314914914195154938e-01,0.000000000000000000e+00,-1.119792311742784818e+00,-4.437176380319126645e-01,0.000000000000000000e+00
7.029445771333215021e+00,2.607221536559067854e-01,0.000000000000000000e+00,-1.373796304209143671e+00,-6.990126502720407364e-01,0.000000000000000000e+00
6.941280833144650941e+00,3.881422506425656893e-01,0.000000000000000000e+00,-1.613353276470682607e+00,-9.035269418474231040e-01,0.000000000000000000e+00
6.848372649588744032e+00,2.629829828390309876e-01,0.000000000000000000e+00,-1.520825462303788012e+00,-6.609149846018450569e-01,0.000000000000000000e+00
8.734478146281750455e+00,2.481002954087127677e+00,0.000000000000000000e+00,-6.766490721610521897e-01,9.669573864109531902e-02,0.000000000000000000e+00
8.644949009663413619e+00,2.352727779700924948e+00,0.000000000000000000e+00,-4.962687228681184060e-01,-3.620946301159876785e-02,0.000000000000000000e+00
8.465538856424469571e+00,2.341574092251956785e+00,0.000000000000000000e+00,-3.637310596438842469e-01,-3.515397022882454925e-01,0.000000000000000000e+00
8.555066743212702107e+00,2.476491462545991507e+00,0.000000000000000000e+00,-6.320052001668259312e-01,-8.527959150632918872e-02,0.000000000000000000e+00
8.377506355959390305e+00,2.471391380235844260e+00,0.000000000000000000e+00,-5.051889046433761798e-01,-4.556640888401202183e-01,0.000000000000000000e+00
8.287978469171155993e+00,2.336474009941809982e+00,0.000000000000000000e+00,-3.568177630863071381e-01,-4.818492679804975420e-01,0.000000000000000000e+00
8.115422080142121075e+00,2.330598381497518190e+00,0.000000000000000000e+00,-2.880578081690271519e-01,-6.188339323043384743e-01,0.000000000000000000e+00
8.199945968706078503e+00,2.466291297925697457e+00,0.000000000000000000e+00,-5.315450019219478683e-01,-5.007165773863647695e-01,0.000000000000000000e+00
6.833333333333333925e+00,0.000000000000000000e+00,0.000000000000000000e+00,5.348703366210447868e-02,-8.581283030299544645e-01,0.000000000000000000e+00
6.757519658127705497e+00,1.314914914195154938e-01,0.000000000000000000e+00,-8.265478974456107464e-01,-1.032577824130193944e+00,0.000000000000000000e+00
6.666666666666666963e+00,5.956508508056608246e-18,0.000000000000000000e+00,2.857340265564678114e-02,-9.428287794509845332e-01,0.000000000000000000e+00
9.188201317452342920e+00,2.617064742475180950e+00,0.000000000000000000e+00,-5.930076620746308480e-01,1.993051445051467752e-01,0.000000000000000000e+00
9.271483426683438722e+00,2.733588723345719007e+00,0.000000000000000000e+00,-5.323398121917710668e-01,1.275054804988242640e-01,0.000000000000000000e+00
9.004484026583339684e+00,2.608682916741331681e+00,0.000000000000000000e+00,-6.757497264003490267e-01,2.251123208269591169e-01,0.000000000000000000e+00
9.095078503815880566e+00,2.731851387854400404e+00,0.000000000000000000e+00,-6.599024494588630052e-01,1.202183621012898884e-01,0.000000000000000000e+00
8.825202798916823355e+00,2.604055557768529816e+00,0.000000000000000000e+00,-8.235539456121711011e-01,1.922439664612725085e-01,0.000000000000000000e+00
8.915797276149366013e+00,2.727224028881598983e+00,0.000000000000000000e+00,-8.139503815901596440e-01,1.275492836934018770e-01,0.000000000000000000e+00
8.645791395847776784e+00,2.599544066227394534e+00,0.000000000000000000e+00,-8.271571324032965800e-01,1.599314261560124545e-02,0.000000000000000000e+00
8.736516048482851460e+00,2.722596669908797562e+00,0.000000000000000000e+00,-9.548850662300552017e-01,7.255370853256713770e-02,0.000000000000000000e+00
9.690198320506851815e+00,2.868826088240414407e+00,0.000000000000000000e+00,-1.355356775333765862e-01,3.885388766377653041e-02,0.000000000000000000e+00
9.545372746205330827e+00,2.867663029418518583e+00,0.000000000000000000e+00,-2.126383118401767858e-01,4.867623451829860420e-02,0.000000000000000000e+00
9.642857142859671882e+00,3.000000000000000444e+00,0.000000000000000000e+00,0.000000000000000000e+00,0.000000000000000000e+00,0.000000000000000000e+00
9.821428571429835941e+00,3.000000000000000444e+00,0.000000000000000000e+00,0.000000000000000000e+00,0.000000000000000000e+00,0.000000000000000000e+00
9.464285714289506046e+00,3.000000000000000444e+00,0.000000000000000000e+00,0.000000000000000000e+00,0.000000000000000000e+00,0.000000000000000000e+00
9.366801317635166768e+00,2.867663029418518583e+00,0.000000000000000000e+00,-3.086547914890359623e-01,4.088904467132974119e-02,0.000000000000000000e+00
9.190396394767610388e+00,2.865925693927200424e+00,0.000000000000000000e+00,-4.146328172912804311e-01,3.961678698392333275e-02,0.000000000000000000e+00
9.285714285719341987e+00,3.000000000000000444e+00,0.000000000000000000e+00,0.000000000000000000e+00,0.000000000000000000e+00,0.000000000000000000e+00
7.469137771298809625e+00,1.485059885352276732e+00,0.000000000000000000e+00,-2.605446119246900283e-01,-4.046601225534378621e+00,0.000000000000000000e+00
7.550169121239474812e+00,1.630013413134344447e+00,0.000000000000000000e+00,-2.352963332050404810e-01,-3.450094330855356883e+00,0.000000000000000000e+00
7.385558485670014939e+00,1.628568112445031080e+00,0.000000000000000000e+00,-6.976729727518054570e-03,-4.001966681277322913e+00,0.000000000000000000e+00
7.302437950007695022e+00,1.193887516119425118e+00,0.000000000000000000e+00,-1.093252435602602324e+00,-3.751344581443831316e+00,0.000000000000000000e+00
7.385331348785107330e+00,1.340591780913912956e+00,0.000000000000000000e+00,-8.410416589520784969e-01,-3.818023670592421315e+00,0.000000000000000000e+00
7.301752063156314421e+00,1.484100008006667748e+00,0.000000000000000000e+00,-4.300216726447253501e-01,-3.829593520239122473e+00,0.000000000000000000e+00
7.217945640642613903e+00,1.339631903568304194e+00,0.000000000000000000e+00,-8.760714253569573673e-01,-3.594777407037306194e+00,0.000000000000000000e+00
7.631692472519311821e+00,1.772759427908113139e+00,0.000000000000000000e+00,-2.772107045434545891e-01,-3.022210835441124566e+00,0.000000000000000000e+00
7.707626973142382099e+00,1.914413499073518432e+00,0.000000000000000000e+00,-3.141111110146645458e-01,-2.669028409098151311e+00,0.000000000000000000e+00
7.467081836949851947e+00,1.771314127218799772e+00,0.000000000000000000e+00,-1.843067019264808259e-01,-3.643944219644688953e+00,0.000000000000000000e+00
7.548605188229688956e+00,1.914060141992568465e+00,0.000000000000000000e+00,-2.572540901647480394e-01,-3.249558364666856658e+00,0.000000000000000000e+00
7.139675838346640546e+00,9.096419157776274300e-01,0.000000000000000000e+00,-1.465222287906301490e+00,-2.914626582507762187e+00,0.000000000000000000e+00
7.219145402427581182e+00,1.048265168694765936e+00,0.000000000000000000e+00,-1.304104633999678464e+00,-3.527178035233461184e+00,0.000000000000000000e+00
7.134653093062500062e+00,1.194009556143645012e+00,0.000000000000000000e+00,-1.186360965667605738e+00,-3.338921549102018549e+00,0.000000000000000000e+00
7.051360545482385334e+00,1.048387208718985830e+00,0.000000000000000000e+00,-1.643921893230584574e+00,-2.934108201470586597e+00,0.000000000000000000e+00
7.864062717808841363e+00,2.192928176627089165e+00,0.000000000000000000e+00,1.430246694460118595e-01,-1.897634184274189062e+00,0.000000000000000000e+00
7.781938001047297604e+00,2.052858872169653903e+00,0.000000000000000000e+00,6.344565471647453658e-02,-2.347018742790476953e+00,0.000000000000000000e+00
7.622916216134603573e+00,2.052505515088703270e+00,0.000000000000000000e+00,1.081485491187505199e-01,-2.979974945245567053e+00,0.000000000000000000e+00
7.697227244039518190e+00,2.190950888184838519e+00,0.000000000000000000e+00,4.422791044516891090e-01,-2.655955646570743678e+00,0.000000000000000000e+00
6.952929903379287069e+00,6.454193644383671158e-01,0.000000000000000000e+00,-1.711802704596186109e+00,-1.509381576090187860e+00,0.000000000000000000e+00
7.049830960634455579e+00,7.742169166334511576e-01,0.000000000000000000e+00,-1.611010059682087769e+00,-2.330586686965617993e+00,0.000000000000000000e+00
6.961515667770202143e+00,9.129622095748098909e-01,0.000000000000000000e+00,-1.802113798646912901e+00,-2.341261840482847578e+00,0.000000000000000000e+00
6.871670790058016287e+00,7.775372104306336185e-01,0.000000000000000000e+00,-1.975309423252924912e+00,-1.545311412633352921e+00,0.000000000000000000e+00
7.933406541256053934e+00,2.328915514304226164e+00,0.000000000000000000e+00,-2.959904500870870758e-01,-7.106221552850552348e-01,0.000000000000000000e+00
8.017930429820010474e+00,2.464608430732404987e+00,0.000000000000000000e+00,-3.631874856608141022e-01,-6.497006978327830584e-01,0.000000000000000000e+00
7.766571067486731650e+00,2.326938225861975962e+00,0.000000000000000000e+00,2.718261549513278919e-01,-1.981928358635608012e+00,0.000000000000000000e+00
7.835914890933943333e+00,2.462925563539112517e+00,0.000000000000000000e+00,-2.255095180449158132e-01,-9.144900024953019901e-01,0.000000000000000000e+00
6.760942401765499099e+00,3.857697652760996854e-01,0.000000000000000000e+00,-1.683997668272511516e+00,-8.591624905543180368e-01,0.000000000000000000e+00
6.853850585321405120e+00,5.109290330796343316e-01,0.000000000000000000e+00,-1.782162794950590046e+00,-1.032395932004803063e+00,0.000000000000000000e+00
6.772591472000135226e+00,6.430468790719010563e-01,0.000000000000000000e+00,-1.988180862667772164e+00,-1.150571241881715112e+00,0.000000000000000000e+00
6.673512153942252390e+00,5.085565477131682721e-01,0.000000000000000000e+00,-1.817774056427120533e+00,-1.048941728547824859e+00,0.000000000000000000e+00
6.673456472958759989e+00,2.697430671614163833e-01,0.000000000000000000e+00,-1.251324386455219262e+00,-9.795057513156592011e-01,0.000000000000000000e+00
6.582603481497720566e+00,1.382515757419008617e-01,0.000000000000000000e+00,-7.324378699665867742e-01,-9.488683263697496040e-01,0.000000000000000000e+00
6.586026225135513279e+00,3.925298495984850256e-01,0.000000000000000000e+00,-1.556437196584798954e+00,-9.498914053759435205e-01,0.000000000000000000e+00
6.498540296328773280e+00,2.765031514838017235e-01,0.000000000000000000e+00,-1.189563350527936381e+00,-8.680321742625312087e-01,0.000000000000000000e+00
8.466827358603264742e+00,2.598359689380896675e+00,0.000000000000000000e+00,-8.205482149519613966e-01,-1.666945825741383003e-01,0.000000000000000000e+00
8.557552011238339418e+00,2.721412293062299703e+00,0.000000000000000000e+00,-9.884360074062616963e-01,-7.001931057218994947e-02,0.000000000000000000e+00
8.289266971349952939e+00,2.593259607070749428e+00,0.000000000000000000e+00,-6.401994018072845183e-01,-5.500663740701438043e-01,0.000000000000000000e+00
8.378587973993825599e+00,2.720227916215801400e+00,0.000000000000000000e+00,-9.355950432903499259e-01,-2.230296746905462701e-01,0.000000000000000000e+00
8.110195081946439899e+00,2.588582832545347934e+00,0.000000000000000000e+00,-5.107976465675467814e-01,-3.614927159987795235e-01,0.000000000000000000e+00
8.199516084590314335e+00,2.715551141690399906e+00,0.000000000000000000e+00,-6.396978481187785004e-01,-3.477995555603374811e-01,0.000000000000000000e+00
7.928179543060373646e+00,2.586899965352055464e+00,0.000000000000000000e+00,-2.246980511458252505e-01,-6.203977496484486265e-01,0.000000000000000000e+00
8.020444195186803071e+00,2.710874367164997523e+00,0.000000000000000000e+00,-4.342290636716447105e-01,-1.913364410142444627e-01,0.000000000000000000e+00
6.500000000000000888e+00,0.000000000000000000e+00,0.000000000000000000e+00,3.070001480436200178e-02,-9.011740391321924060e-01,0.000000000000000000e+00
6.415936814831054491e+00,1.382515757419008895e-01,0.000000000000000000e+00,-6.448871106426541377e-01,-9.935163173406260650e-01,0.000000000000000000e+00
6.333333333333333037e+00,5.182267320918111547e-18,0.000000000000000000e+00,-9.396147038768136450e-02,-8.272338384483004514e-01,0.000000000000000000e+00
9.107142857149177928e+00,3.000000000000000444e+00,0.000000000000000000e+00,0.000000000000000000e+00,0.000000000000000000e+00,0.000000000000000000e+00
9.011824966197448106e+00,2.865925693927200424e+00,0.000000000000000000e+00,-4.806205055913579938e-01,3.241824656566767021e-02,0.000000000000000000e+00
8.832543738530930000e+00,2.861298334954398559e+00,0.000000000000000000e+00,-6.210647600987208028e-01,2.698447413909918838e-02,0.000000000000000000e+00
8.928571428579013869e+00,3.000000000000000444e+00,0.000000000000000000e+00,0.000000000000000000e+00,0.000000000000000000e+00,0.000000000000000000e+00
8.750000000008848033e+00,3.000000000000000444e+00,0.000000000000000000e+00,0.000000000000000000e+00,0.000000000000000000e+00,0.000000000000000000e+00
8.653972309960767717e+00,2.861298334954399003e+00,0.000000000000000000e+00,-6.663869546212559669e-01,1.317283400333633036e-03,0.000000000000000000e+00
8.475008272716255675e+00,2.860113958107900700e+00,0.000000000000000000e+00,-6.580684893936615820e-01,-6.427410175181730301e-02,0.000000000000000000e+00
8.571428571438683974e+00,3.000000000000000444e+00,0.000000000000000000e+00,0.000000000000000000e+00,0.000000000000000000e+00,0.000000000000000000e+00
7.137726755065566309e+00,1.483435529228873229e+00,0.000000000000000000e+00,-2.612370403844655464e-01,-3.054124604859479675e+00,0.000000000000000000e+00
7.221533177579267715e+00,1.627903633667236782e+00,0.000000000000000000e+00,1.502167003517730637e-01,-3.245751497836722343e+00,0.000000000000000000e+00
7.307878236105106673e+00,1.770229236555999508e+00,0.000000000000000000e+00,2.796492889043658558e-01,-3.519191684082048521e+00,0.000000000000000000e+00
7.389401587384943682e+00,1.912975251329767978e+00,0.000000000000000000e+00,1.390077440997166403e-01,-3.124188402518567109e+00,0.000000000000000000e+00
7.143852928014359449e+00,1.769564757778205211e+00,0.000000000000000000e+00,4.518914304372014801e-01,-2.610875306695310538e+00,0.000000000000000000e+00
7.057507869488517827e+00,1.627239154889442041e+00,0.000000000000000000e+00,3.567842242352918247e-01,-2.243282550413042031e+00,0.000000000000000000e+00
7.230197986540199295e+00,1.911890360666968380e+00,0.000000000000000000e+00,5.980463457974414254e-01,-2.923801364850044049e+00,0.000000000000000000e+00
6.966317857805607971e+00,1.194037127529659070e+00,0.000000000000000000e+00,-1.150704900751740034e+00,-2.310442853012673048e+00,0.000000000000000000e+00
7.049610405385720924e+00,1.339659474954318030e+00,0.000000000000000000e+00,-6.613904220399017264e-01,-2.723607544209359688e+00,0.000000000000000000e+00
6.969391519808674218e+00,1.483463100614887287e+00,0.000000000000000000e+00,1.019982662816712113e-02,-1.895292746450208954e+00,0.000000000000000000e+00
6.881275170128829721e+00,1.339687046340332310e+00,0.000000000000000000e+00,-4.067694219819077417e-01,-1.406207586453086744e+00,0.000000000000000000e+00
7.468613644581131084e+00,2.052850627087588808e+00,0.000000000000000000e+00,4.905623378114386535e-01,-2.924440708467664685e+00,0.000000000000000000e+00
7.542924672486044813e+00,2.191296000183724058e+00,0.000000000000000000e+00,7.389579266681574055e-01,-2.565936052087264052e+00,0.000000000000000000e+00
7.309410043736385809e+00,2.051765736424788766e+00,0.000000000000000000e+00,8.806081950452068208e-01,-2.675586074404920467e+00,0.000000000000000000e+00
7.388622100932572323e+00,2.191641112182609596e+00,0.000000000000000000e+00,1.094730334657431525e+00,-2.413642142908535515e+00,0.000000000000000000e+00
6.792521191302311578e+00,9.099225172422948926e-01,0.000000000000000000e+00,-1.786424336147480307e+00,-1.128741120997806213e+00,0.000000000000000000e+00
6.882366069014495658e+00,1.045347516386470943e+00,0.000000000000000000e+00,-1.782363376871025640e+00,-1.926154583506004547e+00,0.000000000000000000e+00
6.797323381337717407e+00,1.190997435197143961e+00,0.000000000000000000e+00,-9.896145201834626315e-01,-1.123466371306417244e+00,0.000000000000000000e+00
6.713371592546605982e+00,1.042307824053956278e+00,0.000000000000000000e+00,-1.543392060530732968e+00,-5.679141660638614697e-01,0.000000000000000000e+00
7.686278216915031436e+00,2.462636355918981224e+00,0.000000000000000000e+00,4.724951990002853597e-01,-1.590926698236176051e+00,0.000000000000000000e+00
7.616934393467818865e+00,2.326649018241844225e+00,0.000000000000000000e+00,8.143857701213621514e-01,-2.306906864785963851e+00,0.000000000000000000e+00
7.462631821914344599e+00,2.326994130240729319e+00,0.000000000000000000e+00,1.124787071611989875e+00,-2.147294885685325116e+00,0.000000000000000000e+00
7.536641542896119539e+00,2.462347148298850374e+00,0.000000000000000000e+00,1.030660281149206714e+00,-1.902564766675616692e+00,0.000000000000000000e+00
6.598151791795568322e+00,6.346273668050790295e-01,0.000000000000000000e+00,-1.623773460492684118e+00,-9.836478684228301406e-01,0.000000000000000000e+00
6.697231109853450270e+00,7.691176981638115917e-01,0.000000000000000000e+00,-1.923099447599922351e+00,-8.844493669979771600e-01,0.000000000000000000e+00
6.618081511097743785e+00,9.015030049754728658e-01,0.000000000000000000e+00,-1.576106668939780686e+00,-5.140076232664426703e-01,0.000000000000000000e+00
6.522791429648884254e+00,7.606981858969897869e-01,0.000000000000000000e+00,-1.412780290920321757e+00,-8.752563542117357542e-01,0.000000000000000000e+00
7.760554218115490954e+00,2.596407766018837382e+00,0.000000000000000000e+00,1.207367455151084484e-01,-6.769709776871805085e-01,0.000000000000000000e+00
7.852818870241920379e+00,2.720382167831779885e+00,0.000000000000000000e+00,-9.841979897172278835e-02,-3.795126234198212822e-01,0.000000000000000000e+00
7.610917544096578169e+00,2.596118558398705645e+00,0.000000000000000000e+00,7.555512166902703663e-01,-1.333354037377249224e+00,0.000000000000000000e+00
7.685193545297037687e+00,2.729889968498562247e+00,0.000000000000000000e+00,2.104846756229743210e-01,-4.412237282169829133e-01,0.000000000000000000e+00
6.501126669601501540e+00,5.023247837468184374e-01,0.000000000000000000e+00,-1.716093337691431797e+00,-7.823300356126621224e-01,0.000000000000000000e+00
6.413640740794761541e+00,3.862980856321351908e-01,0.000000000000000000e+00,-1.380156937664976047e+00,-7.081598649535412182e-01,0.000000000000000000e+00
6.425766307454816584e+00,6.283956028387290838e-01,0.000000000000000000e+00,-1.540241197607580492e+00,-5.742046400851938959e-01,0.000000000000000000e+00
6.328741185260750690e+00,4.960930197804687136e-01,0.000000000000000000e+00,-1.524698920207300690e+00,-5.314694935690079669e-01,0.000000000000000000e+00
6.250000000000000000e+00,1.202813060811763479e-01,0.000000000000000000e+00,-5.030935929693522990e-01,-6.973714544603348831e-01,0.000000000000000000e+00
6.332603481497720566e+00,2.585328818230772097e-01,0.000000000000000000e+00,-9.150295483438481980e-01,-8.153493732013200601e-01,0.000000000000000000e+00
6.247703925963708826e+00,3.683278159714107325e-01,0.000000000000000000e+00,-1.137179925342465481e+00,-6.457194363859679598e-01,0.000000000000000000e+00
6.166666666666666075e+00,2.405626121623526958e-01,0.000000000000000000e+00,-7.518194026898600280e-01,-5.476806390356078191e-01,0.000000000000000000e+00
8.392857142868518139e+00,3.000000000000000444e+00,0.000000000000000000e+00,0.000000000000000000e+00,0.000000000000000000e+00,0.000000000000000000e+00
8.296436844146089840e+00,2.860113958107900700e+00,0.000000000000000000e+00,-5.813354811382939191e-01,-9.169541769457727198e-02,0.000000000000000000e+00
8.117364954742576799e+00,2.855437183582498761e+00,0.000000000000000000e+00,-3.548474191153727086e-01,-9.683843336069601626e-02,0.000000000000000000e+00
8.214285714298354080e+00,3.000000000000000444e+00,0.000000000000000000e+00,0.000000000000000000e+00,0.000000000000000000e+00,0.000000000000000000e+00
8.035714285725685357e+00,3.000000000000000444e+00,0.000000000000000000e+00,0.000000000000000000e+00,0.000000000000000000e+00,0.000000000000000000e+00
7.938793526169910741e+00,2.855437183582498761e+00,0.000000000000000000e+00,-2.600531272946190464e-01,-5.602525788747664270e-02,0.000000000000000000e+00
7.771168201225027161e+00,2.864944984249280679e+00,0.000000000000000000e+00,-5.057181257401410085e-02,-1.587954913096333021e-01,0.000000000000000000e+00
7.857142857153019300e+00,3.000000000000000444e+00,0.000000000000000000e+00,0.000000000000000000e+00,0.000000000000000000e+00,0.000000000000000000e+00
6.166666666666667851e+00,0.000000000000000000e+00,0.000000000000000000e+00,1.240499329272253676e-01,-7.059432091583413005e-01,0.000000000000000000e+00
6.083333333333333037e+00,1.202813060811763479e-01,0.000000000000000000e+00,-3.662528431656641437e-01,-5.371908226647823525e-01,0.000000000000000000e+00
6.000000000000000000e+00,5.328391400176496816e-18,0.000000000000000000e+00,0.000000000000000000e+00,0.000000000000000000e+00,0.000000000000000000e+00
6.988609994209250331e+00,1.769485899399119599e+00,0.000000000000000000e+00,4.193806365762832167e-01,-1.947025209372629684e+00,0.000000000000000000e+00
7.074955052735090177e+00,1.911811502287882547e+00,0.000000000000000000e+00,6.490971242094745186e-01,-2.322233577476602306e+00,0.000000000000000000e+00
6.919712118929983724e+00,1.911732643908797380e+00,0.000000000000000000e+00,7.002437326208423851e-01,-1.513954556640934923e+00,0.000000000000000000e+00
6.805475397362460654e+00,1.484061096832717919e+00,0.000000000000000000e+00,-9.425322906757679919e-02,-1.089696873683036138e+00,0.000000000000000000e+00
6.893591747042306039e+00,1.627837151107272895e+00,0.000000000000000000e+00,3.339471363569086471e-01,-1.609610856466069828e+00,0.000000000000000000e+00
6.824693871763038544e+00,1.770083895616950231e+00,0.000000000000000000e+00,5.145403102173981003e-01,-1.141008432309615905e+00,0.000000000000000000e+00
6.729675624596091588e+00,1.628435147325103083e+00,0.000000000000000000e+00,3.172398343848619739e-01,-5.657556012905691212e-01,0.000000000000000000e+00
7.153740050658811356e+00,2.049468419086256432e+00,0.000000000000000000e+00,1.166574717235264291e+00,-2.603141654924949755e+00,0.000000000000000000e+00
7.232952107854996981e+00,2.189343794844076818e+00,0.000000000000000000e+00,1.296414301264934732e+00,-2.352445845655604995e+00,0.000000000000000000e+00
6.998497116853703126e+00,2.049389560707170599e+00,0.000000000000000000e+00,1.192868792456603044e+00,-1.908646555226448216e+00,0.000000000000000000e+00
7.077282114777422528e+00,2.187046477505543596e+00,0.000000000000000000e+00,1.554307875297718189e+00,-2.227592540866266013e+00,0.000000000000000000e+00
6.628557371184877312e+00,1.189713073292055778e+00,0.000000000000000000e+00,-1.108970493280648784e+00,-3.193704426599667801e-01,0.000000000000000000e+00
6.712509159975988737e+00,1.338402684435243462e+00,0.000000000000000000e+00,-4.667611650926334343e-01,-8.436065650161183038e-01,0.000000000000000000e+00
6.636709387209620559e+00,1.482776734927629292e+00,0.000000000000000000e+00,7.143911332727281849e-02,-3.109007738943181387e-01,0.000000000000000000e+00
6.543743149823148642e+00,1.337118322530155279e+00,0.000000000000000000e+00,-4.079583242275077182e-01,1.700991630499346374e-01,0.000000000000000000e+00
7.310753106823790759e+00,2.327925707926865151e+00,0.000000000000000000e+00,1.388838250252845352e+00,-2.185297971913747972e+00,0.000000000000000000e+00
7.384762827805563035e+00,2.463278725984985762e+00,0.000000000000000000e+00,1.372423501716796279e+00,-1.906249991236643515e+00,0.000000000000000000e+00
7.155083113746215417e+00,2.325628390588332373e+00,0.000000000000000000e+00,1.625583282668401797e+00,-2.059481765755933225e+00,0.000000000000000000e+00
7.232884112715008307e+00,2.464210303671121594e+00,0.000000000000000000e+00,1.675882961826766993e+00,-1.890490448879581953e+00,0.000000000000000000e+00
6.451405998383151541e+00,9.030297228989794256e-01,0.000000000000000000e+00,-1.300069295763449873e+00,-4.031846063803431468e-01,0.000000000000000000e+00
6.546696079832011073e+00,1.043834541977462393e+00,0.000000000000000000e+00,-1.358326424597952720e+00,-2.806436740913614281e-01,0.000000000000000000e+00
6.461881858470283291e+00,1.191239791215562116e+00,0.000000000000000000e+00,-7.739297921299297389e-01,2.511663820918418888e-01,0.000000000000000000e+00
6.380020567117417940e+00,1.045361259900969175e+00,0.000000000000000000e+00,-1.004755248013138536e+00,2.673308530894027979e-01,0.000000000000000000e+00
7.455714648486616802e+00,2.595429451613409988e+00,0.000000000000000000e+00,1.240607154103001930e+00,-1.594316544405900649e+00,0.000000000000000000e+00
7.529990649687075432e+00,2.729200861713265702e+00,0.000000000000000000e+00,8.514473973994945988e-01,-1.031989468724637149e+00,0.000000000000000000e+00
7.303835933396061186e+00,2.596361029299545375e+00,0.000000000000000000e+00,1.484874488781496638e+00,-1.652938674330278523e+00,0.000000000000000000e+00
7.374787754077113178e+00,2.728511754927969157e+00,0.000000000000000000e+00,1.185634600813323170e+00,-1.434285321789618983e+00,0.000000000000000000e+00
6.233816957145592141e+00,6.287436096702291310e-01,0.000000000000000000e+00,-1.254782345236878704e+00,-1.693096292585645479e-01,0.000000000000000000e+00
6.330842079339658923e+00,7.610461927284895012e-01,0.000000000000000000e+00,-1.279029341001170605e+00,-1.728264270341439146e-01,0.000000000000000000e+00
6.259456648073926210e+00,9.033777297304792508e-01,0.000000000000000000e+00,-8.528634991994212822e-01,3.846075521323593649e-01,0.000000000000000000e+00
6.138892729030433593e+00,7.613941995599894375e-01,0.000000000000000000e+00,-7.648754004548234953e-01,3.805693872890669738e-01,0.000000000000000000e+00
7.678571428576510094e+00,3.000000000000000444e+00,0.000000000000000000e+00,0.000000000000000000e+00,0.000000000000000000e+00,0.000000000000000000e+00
7.592596772648519732e+00,2.864944984249281568e+00,0.000000000000000000e+00,2.116327227012498591e-01,-1.504039959863110731e-01,0.000000000000000000e+00
7.437393877038557477e+00,2.864255877463985023e+00,0.000000000000000000e+00,8.625231653138349941e-01,-9.127707531740164582e-01,0.000000000000000000e+00
7.500000000000000888e+00,3.000000000000000444e+00,0.000000000000000000e+00,0.000000000000000000e+00,0.000000000000000000e+00,0.000000000000000000e+00
6.116701120374845146e+00,3.481203139052501117e-01,0.000000000000000000e+00,-9.087322136314677223e-01,-3.484548247678029287e-01,0.000000000000000000e+00
6.197738379671886122e+00,4.758855177143080928e-01,0.000000000000000000e+00,-1.274831408267384170e+00,-4.198038991174897205e-01,0.000000000000000000e+00
6.102814151556728461e+00,6.085361076040685102e-01,0.000000000000000000e+00,-9.260857368105402943e-01,8.072612434755643829e-02,0.000000000000000000e+00
6.066735574083022442e+00,4.556780156481475275e-01,0.000000000000000000e+00,-1.012211322826305215e+00,-1.118381282280447725e-01,0.000000000000000000e+00
6.035868830228574566e+00,2.439541768993092052e-01,0.000000000000000000e+00,-5.784808730686669120e-01,-3.381290842294173427e-01,0.000000000000000000e+00
5.952535496895240641e+00,1.236728708181328434e-01,0.000000000000000000e+00,-4.119608321946826579e-01,-3.668333827246139656e-02,0.000000000000000000e+00
5.985903283936752750e+00,3.515118786422066210e-01,0.000000000000000000e+00,-7.387595549790197946e-01,-8.288861702321299874e-02,0.000000000000000000e+00
5.905070993790483058e+00,2.473457416362657701e-01,0.000000000000000000e+00,-4.513861722405369536e-01,5.032453851165591407e-02,0.000000000000000000e+00
5.875000000000000888e+00,0.000000000000000000e+00,0.000000000000000000e+00,0.000000000000000000e+00,0.000000000000000000e+00,0.000000000000000000e+00
5.827535496895241529e+00,1.236728708181328712e-01,0.000000000000000000e+00,-3.137100617946476100e-01,2.048341292894410165e-02,0.000000000000000000e+00
5.750000000000000000e+00,4.977732783493497817e-18,0.000000000000000000e+00,0.000000000000000000e+00,0.000000000000000000e+00,0.000000000000000000e+00
6.650875927461831871e+00,1.772272174840622494e+00,0.000000000000000000e+00,2.683348870798128449e-01,-3.371362636349725661e-01,0.000000000000000000e+00
6.745894174628777051e+00,1.913920923132469643e+00,0.000000000000000000e+00,5.302685553314765432e-01,-1.024651201040431836e+00,0.000000000000000000e+00
6.844196781188268019e+00,2.047293026715662823e+00,0.000000000000000000e+00,9.866869779021577580e-01,-1.418861029608064817e+00,0.000000000000000000e+00
6.922981779111987422e+00,2.184949943514036264e+00,0.000000000000000000e+00,1.390111344363571089e+00,-1.832423850939012722e+00,0.000000000000000000e+00
6.670378836887062235e+00,2.049481305939334863e+00,0.000000000000000000e+00,7.764561643209069164e-01,-9.826964736062340222e-01,0.000000000000000000e+00
6.572076230327571267e+00,1.916109202356141683e+00,0.000000000000000000e+00,1.219007796672037930e-01,-2.847041307900357032e-01,0.000000000000000000e+00
6.768681443446552315e+00,2.182853409522528487e+00,0.000000000000000000e+00,1.153760385331104255e+00,-1.370122794872804306e+00,0.000000000000000000e+00
6.466622885746212468e+00,1.482954026929854230e+00,0.000000000000000000e+00,5.308438484630924326e-03,4.316543866449429334e-01,0.000000000000000000e+00
6.559589123132684385e+00,1.628612439327328243e+00,0.000000000000000000e+00,3.632511371246602283e-01,6.004558608531996612e-03,0.000000000000000000e+00
6.480789425998423781e+00,1.772449466842847432e+00,0.000000000000000000e+00,1.097936694051799694e-01,1.537522226421703386e-01,0.000000000000000000e+00
6.389502621669276294e+00,1.628789731329553181e+00,0.000000000000000000e+00,1.910678443209416211e-01,5.102757635334095321e-01,0.000000000000000000e+00
7.000438520438828860e+00,2.323498756293393086e+00,0.000000000000000000e+00,1.710955629395649380e+00,-2.154134239277967655e+00,0.000000000000000000e+00
7.078239519407620861e+00,2.462080669376181419e+00,0.000000000000000000e+00,1.736644849656985956e+00,-2.016825222417138797e+00,0.000000000000000000e+00
6.846138184773392865e+00,2.321402222301885310e+00,0.000000000000000000e+00,1.516249164957508055e+00,-1.783400032023368720e+00,0.000000000000000000e+00
6.923594926100234304e+00,2.459951035081242576e+00,0.000000000000000000e+00,1.786335857732542554e+00,-2.131080892603494092e+00,0.000000000000000000e+00
6.302023656912206562e+00,1.189660054366949105e+00,0.000000000000000000e+00,-5.990686710802758386e-01,7.958956443054646668e-01,0.000000000000000000e+00
6.383884948265070136e+00,1.335538585681542045e+00,0.000000000000000000e+00,-3.133683859370956504e-01,6.766054644245074190e-01,0.000000000000000000e+00
6.306764684188134851e+00,1.481374290081241218e+00,0.000000000000000000e+00,-8.511897594972574199e-02,8.200093515280508782e-01,0.000000000000000000e+00
6.224026746706993407e+00,1.333958848832929034e+00,0.000000000000000000e+00,-2.603351968720002962e-01,9.929510970475029508e-01,0.000000000000000000e+00
7.156074367560322003e+00,2.596135705842491426e+00,0.000000000000000000e+00,1.476998597460598139e+00,-1.942644697864901016e+00,0.000000000000000000e+00
7.227026188241374882e+00,2.728286431470915208e+00,0.000000000000000000e+00,1.050339533815776827e+00,-1.846612495903025897e+00,0.000000000000000000e+00
7.001429774252935445e+00,2.594006071547551695e+00,0.000000000000000000e+00,1.405829854169952764e+00,-2.150344101681198605e+00,0.000000000000000000e+00
7.079264622405634810e+00,2.728061108013860814e+00,0.000000000000000000e+00,9.308482580730640388e-01,-2.156018684300402999e+00,0.000000000000000000e+00
6.111583974154509491e+00,9.200976904408546542e-01,0.000000000000000000e+00,-5.765390932923019074e-01,7.208998741605190386e-01,0.000000000000000000e+00
6.232147893198002109e+00,1.062081220611344357e+00,0.000000000000000000e+00,-6.934058104394454913e-01,7.451368045910813365e-01,0.000000000000000000e+00
6.154150982992789842e+00,1.206380015077324508e+00,0.000000000000000000e+00,-4.036869528390937822e-01,9.617642722177421888e-01,0.000000000000000000e+00
6.084275219278585389e+00,1.078801181321719760e+00,0.000000000000000000e+00,-4.716263433097512281e-01,9.369381404093825028e-01,0.000000000000000000e+00
7.294211385764353572e+00,2.848205491139722767e+00,0.000000000000000000e+00,9.350064384765850445e-01,-1.862526224969723643e+00,0.000000000000000000e+00
7.356817508725797872e+00,2.983949613675738632e+00,0.000000000000000000e+00,3.028921548111516149e-01,-1.502561895974466433e+00,0.000000000000000000e+00
7.146449819928614389e+00,2.847980167682668817e+00,0.000000000000000000e+00,7.281570056610411346e-01,-2.190854770046882116e+00,0.000000000000000000e+00
7.213635017451593967e+00,2.967899227351476821e+00,0.000000000000000000e+00,4.948435716680772978e-01,-2.210708604046220938e+00,0.000000000000000000e+00
5.930520934874904171e+00,4.943362603749046347e-01,0.000000000000000000e+00,-7.389485481190632976e-01,3.046136334301834392e-01,0.000000000000000000e+00
5.966599512348610190e+00,6.471943523308255619e-01,0.000000000000000000e+00,-5.008104211015756979e-01,5.454746263113989801e-01,0.000000000000000000e+00
5.807204415989538404e+00,7.307318941896048248e-01,0.000000000000000000e+00,-2.395016567176474764e-01,8.069110701802031382e-01,0.000000000000000000e+00
5.979497632671363583e+00,8.449317414187687003e-01,0.000000000000000000e+00,-4.156290485229386933e-01,7.941597767868016078e-01,0.000000000000000000e+00
5.952188877795439481e+00,1.003635232299633806e+00,0.000000000000000000e+00,-3.295678933297768731e-01,9.731136215296635195e-01,0.000000000000000000e+00
5.820102536312291797e+00,9.284692832775478522e-01,0.000000000000000000e+00,-1.761046024580487923e-01,9.674473167584644040e-01,0.000000000000000000e+00
5.794306295666785012e+00,5.329945051016615754e-01,0.000000000000000000e+00,-2.909359607196358999e-01,6.011942716996570013e-01,0.000000000000000000e+00
7.500000000000000888e+00,3.125000000000000444e+00,0.000000000000000000e+00,0.000000000000000000e+00,0.000000000000000000e+00,0.000000000000000000e+00
7.260990334498515608e+00,3.067972079168338695e+00,0.000000000000000000e+00,7.471444635746617990e-01,-1.692844795003503489e+00,0.000000000000000000e+00
7.404172825772718625e+00,3.084022465492600507e+00,0.000000000000000000e+00,1.044375306396946729e-01,-8.343064860596790533e-01,0.000000000000000000e+00
7.404172825772718625e+00,3.209022465492600507e+00,0.000000000000000000e+00,3.519054990992588894e-01,-6.485184814894695560e-01,0.000000000000000000e+00
7.500000000000000888e+00,3.250000000000000444e+00,0.000000000000000000e+00,0.000000000000000000e+00,0.000000000000000000e+00,0.000000000000000000e+00
7.308345651545437249e+00,3.168044930985200569e+00,0.000000000000000000e+00,7.190399182207324325e-01,-1.009303258929872715e+00,0.000000000000000000e+00
5.849688644728634479e+00,3.901701233689637283e-01,0.000000000000000000e+00,-5.292275666118052557e-01,2.328678714247066628e-01,0.000000000000000000e+00
5.719937728945726718e+00,1.155340246738977977e-01,0.000000000000000000e+00,-1.996547475303674102e-01,2.169805392563183694e-02,0.000000000000000000e+00
5.797473225840967359e+00,2.392068954920306689e-01,0.000000000000000000e+00,-3.427889439073664168e-01,1.145647591722119274e-01,0.000000000000000000e+00
5.742090876779119668e+00,3.820312772247286270e-01,0.000000000000000000e+00,-3.143361156186235128e-01,3.558262065666714102e-01,0.000000000000000000e+00
5.689875457891452548e+00,2.310680493477955399e-01,0.000000000000000000e+00,-1.888792971877031879e-01,1.409263826848513590e-01,0.000000000000000000e+00
5.625000000000000000e+00,0.000000000000000000e+00,0.000000000000000000e+00,0.000000000000000000e+00,0.000000000000000000e+00,0.000000000000000000e+00
5.500000000000000000e+00,4.977732783493497817e-18,0.000000000000000000e+00,0.000000000000000000e+00,0.000000000000000000e+00,0.000000000000000000e+00
5.594937728945726718e+00,1.155340246738977839e-01,0.000000000000000000e+00,-6.979694602671053516e-02,2.665718232680609756e-02,0.000000000000000000e+00
6.505736235770498865e+00,2.067693392584665446e+00,0.000000000000000000e+00,6.072506760315423691e-01,-9.995761182614956719e-02,0.000000000000000000e+00
6.604038842329988057e+00,2.201065496167858626e+00,0.000000000000000000e+00,1.139077381516255594e+00,-8.149511274998295640e-01,0.000000000000000000e+00
6.439396241213424688e+00,2.219277582813189209e+00,0.000000000000000000e+00,9.308308302570954540e-01,3.094490049595851472e-02,0.000000000000000000e+00
6.378782781218844455e+00,1.920837950796911331e+00,0.000000000000000000e+00,4.396394124559298983e-02,5.507533329321737670e-01,0.000000000000000000e+00
6.287495976889696969e+00,1.777178215283617302e+00,0.000000000000000000e+00,7.769100849769623729e-02,7.942489313250362670e-01,0.000000000000000000e+00
6.312442786661771166e+00,2.072422141025435316e+00,0.000000000000000000e+00,4.688820524950227386e-01,7.006244353613593212e-01,0.000000000000000000e+00
6.185489332110115868e+00,1.925566699237680757e+00,0.000000000000000000e+00,-5.461097954130470639e-02,1.014159711285153032e+00,0.000000000000000000e+00
6.692624734532534703e+00,2.322042554884018450e+00,0.000000000000000000e+00,1.411398355027210227e+00,-1.201497710694100496e+00,0.000000000000000000e+00
6.770081475859374365e+00,2.460591367663375273e+00,0.000000000000000000e+00,1.757940255128245477e+00,-1.614203573916586532e+00,0.000000000000000000e+00
6.527982133415971333e+00,2.340254641529349477e+00,0.000000000000000000e+00,1.389430012160767225e+00,-5.542700280273428204e-01,0.000000000000000000e+00
6.616568025618517090e+00,2.461231700245509302e+00,0.000000000000000000e+00,1.691763812897139285e+00,-9.231244647376752877e-01,0.000000000000000000e+00
6.159430955286948617e+00,1.459849533242281616e+00,0.000000000000000000e+00,-1.094911713198801068e-01,1.152188252629011922e+00,0.000000000000000000e+00
6.242168892768089172e+00,1.607264974490593357e+00,0.000000000000000000e+00,8.687700877820155043e-02,9.766851908047720077e-01,0.000000000000000000e+00
6.140162247988509847e+00,1.755653458444657478e+00,0.000000000000000000e+00,1.670054596082454906e-02,1.152527335939585562e+00,0.000000000000000000e+00
6.094835163866902050e+00,1.585740217651633754e+00,0.000000000000000000e+00,1.268868769158954316e-02,1.268580000981011535e+00,0.000000000000000000e+00
6.847032751955786978e+00,2.593764905129384957e+00,0.000000000000000000e+00,1.532569593968696964e+00,-1.908237911732999725e+00,0.000000000000000000e+00
6.924867600108487231e+00,2.727819941595694075e+00,0.000000000000000000e+00,1.141683004043507754e+00,-1.888228337241102395e+00,0.000000000000000000e+00
6.693519301714927927e+00,2.594405237711518097e+00,0.000000000000000000e+00,1.556369191743592006e+00,-1.254455823824799587e+00,0.000000000000000000e+00
6.770470577811337876e+00,2.727578775177526893e+00,0.000000000000000000e+00,1.429840897718831272e+00,-1.491577670477655326e+00,0.000000000000000000e+00
5.971304368252191352e+00,1.201811748179441475e+00,0.000000000000000000e+00,-2.631335524015050442e-01,1.149477897216927502e+00,0.000000000000000000e+00
6.041180131966395805e+00,1.329390581935046001e+00,0.000000000000000000e+00,-1.298496569744015394e-01,1.164399078515180763e+00,0.000000000000000000e+00
5.976584340546349239e+00,1.455281266344398361e+00,0.000000000000000000e+00,-2.171686780788814955e-02,1.282494022685579216e+00,0.000000000000000000e+00
5.858333517225795539e+00,1.324822315037162745e+00,0.000000000000000000e+00,-4.137372604513146063e-02,1.285646572708054824e+00,0.000000000000000000e+00
7.076628964358429030e+00,2.970752496447713220e+00,0.000000000000000000e+00,6.955871163949314262e-01,-1.874038695646736086e+00,0.000000000000000000e+00
7.009443766835447676e+00,2.850833436778905217e+00,0.000000000000000000e+00,8.708557105707127599e-01,-1.841857603605510540e+00,0.000000000000000000e+00
6.855046744538300985e+00,2.850592270360738034e+00,0.000000000000000000e+00,1.235951073382904219e+00,-1.413191249687528739e+00,0.000000000000000000e+00
6.939622911265261429e+00,2.973605765543949175e+00,0.000000000000000000e+00,1.040778155916817660e+00,-1.306905218851690753e+00,0.000000000000000000e+00
5.839218026769044556e+00,1.126645799157355299e+00,0.000000000000000000e+00,-1.865667693916005787e-01,1.138792271211237273e+00,0.000000000000000000e+00
7.199734153933182057e+00,3.182248486261803677e+00,0.000000000000000000e+00,1.545374322602183881e+00,-1.409107277372139588e+00,0.000000000000000000e+00
7.152378836886260416e+00,3.082175634444941359e+00,0.000000000000000000e+00,1.424566242832297824e+00,-2.049717312729019802e+00,0.000000000000000000e+00
7.015372783793095479e+00,3.085028903541178202e+00,0.000000000000000000e+00,1.788537696046599068e+00,-1.343305850008815749e+00,0.000000000000000000e+00
7.091122656320927753e+00,3.196452041538406341e+00,0.000000000000000000e+00,2.389230718027537392e+00,-1.301539078454091669e+00,0.000000000000000000e+00
5.647153147833392950e+00,6.414972525518813917e-01,0.000000000000000000e+00,-8.254642861031637191e-02,4.829837182582784605e-01,0.000000000000000000e+00
5.660051268156145454e+00,8.392346416398244191e-01,0.000000000000000000e+00,-7.840690492400222145e-02,6.449302123509692564e-01,0.000000000000000000e+00
5.500000000000000000e+00,7.500000000021009861e-01,0.000000000000000000e+00,0.000000000000000000e+00,0.000000000000000000e+00,0.000000000000000000e+00
5.500000000000000000e+00,9.375000000026261215e-01,0.000000000000000000e+00,0.000000000000000000e+00,0.000000000000000000e+00,0.000000000000000000e+00
5.660051268156146342e+00,1.026734641640349555e+00,0.000000000000000000e+00,-5.465774747919056181e-02,6.822838426766013598e-01,0.000000000000000000e+00
5.679166758612898214e+00,1.224911157520157001e+00,0.000000000000000000e+00,-2.951392899162101971e-02,8.660238254539743830e-01,0.000000000000000000e+00
5.500000000000000000e+00,1.125000000003151035e+00,0.000000000000000000e+00,0.000000000000000000e+00,0.000000000000000000e+00,0.000000000000000000e+00
5.500000000000000000e+00,5.625000000015758506e-01,0.000000000000000000e+00,0.000000000000000000e+00,0.000000000000000000e+00,0.000000000000000000e+00
5.594937728945726718e+00,3.030340246744231414e-01,0.000000000000000000e+00,-7.000779268782475473e-02,1.610763755814618448e-01,0.000000000000000000e+00
5.647153147833392950e+00,4.539972525513561452e-01,0.000000000000000000e+00,-1.189948988971913091e-01,3.893007049079696968e-01,0.000000000000000000e+00
5.500000000000000000e+00,3.750000000010507151e-01,0.000000000000000000e+00,0.000000000000000000e+00,0.000000000000000000e+00,0.000000000000000000e+00
7.286077818132991268e+00,3.269132205633366262e+00,0.000000000000000000e+00,1.059372554308428693e+00,-5.378604694421657006e-01,0.000000000000000000e+00
7.381904992360272644e+00,3.310109740140766199e+00,0.000000000000000000e+00,5.623407937123473532e-01,-2.989566992494520625e-01,0.000000000000000000e+00
7.263809984720544399e+00,3.370219480281531954e+00,0.000000000000000000e+00,1.217211447287572135e+00,3.498555810908884206e-02,0.000000000000000000e+00
7.500000000000000888e+00,3.375000000000000444e+00,0.000000000000000000e+00,0.000000000000000000e+00,0.000000000000000000e+00,0.000000000000000000e+00
7.381904992360272644e+00,3.435109740140766199e+00,0.000000000000000000e+00,8.628447169730565358e-01,2.788109851214502499e-01,0.000000000000000000e+00
7.500000000000000888e+00,3.500000000000000444e+00,0.000000000000000000e+00,0.000000000000000000e+00,0.000000000000000000e+00,0.000000000000000000e+00
7.177466320520736076e+00,3.283335760909968926e+00,0.000000000000000000e+00,1.912793025572825378e+00,-7.774440689848202135e-01,0.000000000000000000e+00
5.500000000000000000e+00,1.875000000005253575e-01,0.000000000000000000e+00,0.000000000000000000e+00,0.000000000000000000e+00,0.000000000000000000e+00
6.157903860358551640e+00,2.118609658598337830e+00,0.000000000000000000e+00,6.675955091794723018e-01,1.347268002839858703e+00,0.000000000000000000e+00
6.284857314910206938e+00,2.265465100386092168e+00,0.000000000000000000e+00,1.184112891481604590e+00,8.808186725680438034e-01,0.000000000000000000e+00
6.392625883310190993e+00,2.351494283158554133e+00,0.000000000000000000e+00,1.477694188568622780e+00,3.318049348002329868e-01,0.000000000000000000e+00
6.481211775512736750e+00,2.472471341874713957e+00,0.000000000000000000e+00,1.922272164914969217e+00,-1.974638659489787451e-01,0.000000000000000000e+00
6.238086957006972355e+00,2.397681800731457091e+00,0.000000000000000000e+00,1.631141100121798804e+00,1.037339127358634538e+00,0.000000000000000000e+00
6.345855525406956410e+00,2.483710983503918612e+00,0.000000000000000000e+00,1.876007176713888613e+00,5.414253273300183578e-01,0.000000000000000000e+00
6.130318388606986524e+00,2.311652617958994682e+00,0.000000000000000000e+00,1.293586007959701023e+00,1.412872403178102587e+00,0.000000000000000000e+00
5.955829382744617817e+00,1.650651855736239071e+00,0.000000000000000000e+00,-4.123109006054408165e-02,1.292019484588096345e+00,0.000000000000000000e+00
6.001156466866225614e+00,1.820565096529262350e+00,0.000000000000000000e+00,-1.491243691905368707e-01,1.177795824244686207e+00,0.000000000000000000e+00
6.004098134583450985e+00,2.006681497597482711e+00,0.000000000000000000e+00,3.408436785084252296e-01,1.271787343112754876e+00,0.000000000000000000e+00
5.819765269339558955e+00,1.901679894889063860e+00,0.000000000000000000e+00,2.787984729442454304e-02,1.434431485081414159e+00,0.000000000000000000e+00
5.976512662831885869e+00,2.199724456958139562e+00,0.000000000000000000e+00,9.311472117436173646e-01,1.509449738635895377e+00,0.000000000000000000e+00
5.816823601622333584e+00,1.715563493820843943e+00,0.000000000000000000e+00,-1.038470945313188371e-01,1.316966564596963929e+00,0.000000000000000000e+00
5.822706937056784327e+00,2.087796295957283998e+00,0.000000000000000000e+00,6.048865867373085514e-01,1.394482142890693499e+00,0.000000000000000000e+00
6.544402707801951991e+00,2.586460865106847695e+00,0.000000000000000000e+00,1.653326798755356153e+00,-3.942796163368481599e-01,0.000000000000000000e+00
6.621353983898362827e+00,2.719634402572856935e+00,0.000000000000000000e+00,1.562898820754955675e+00,-8.290228269251789239e-01,0.000000000000000000e+00
6.409046457696171650e+00,2.597700506736052795e+00,0.000000000000000000e+00,1.704086898487018109e+00,2.209781145334507313e-01,0.000000000000000000e+00
6.472237389985386002e+00,2.711690029968186089e+00,0.000000000000000000e+00,1.453476828803019316e+00,-2.873768976942690095e-02,0.000000000000000000e+00
5.837578559424065006e+00,1.520192904429003455e+00,0.000000000000000000e+00,-2.974364181817296462e-02,1.305094630411453016e+00,0.000000000000000000e+00
6.699325892727061138e+00,2.868716134896058367e+00,0.000000000000000000e+00,1.482968349322159707e+00,-1.132156047375826091e+00,0.000000000000000000e+00
6.783902059454023359e+00,2.991729630079269953e+00,0.000000000000000000e+00,1.255234852974094428e+00,-1.091458420069413071e+00,0.000000000000000000e+00
6.550209298814086090e+00,2.860771762291388409e+00,0.000000000000000000e+00,1.473757246336744098e+00,-4.969781328203198290e-01,0.000000000000000000e+00
6.628181207642783512e+00,3.009853494614589398e+00,0.000000000000000000e+00,1.451633677225214969e+00,-8.002562298839138721e-01,0.000000000000000000e+00
5.500000000000000000e+00,1.312500000003655076e+00,0.000000000000000000e+00,0.000000000000000000e+00,0.000000000000000000e+00,0.000000000000000000e+00
5.679166758612898214e+00,1.412411157520661042e+00,0.000000000000000000e+00,-2.804779317303462884e-03,8.762838753442514506e-01,0.000000000000000000e+00
5.658411800811166792e+00,1.607781746912501308e+00,0.000000000000000000e+00,-2.720247623346487217e-02,8.619381227047391292e-01,0.000000000000000000e+00
5.500000000000000000e+00,1.500000000004158895e+00,0.000000000000000000e+00,0.000000000000000000e+00,0.000000000000000000e+00,0.000000000000000000e+00
6.897682099596918803e+00,3.088298201576287649e+00,0.000000000000000000e+00,1.708783663346497894e+00,-1.204267055945531295e+00,0.000000000000000000e+00
6.973431972124751965e+00,3.199721339573516232e+00,0.000000000000000000e+00,2.185307675397798466e+00,-1.378865138749895802e+00,0.000000000000000000e+00
6.741961247785679845e+00,3.106422066111607982e+00,0.000000000000000000e+00,1.828605437097525543e+00,-9.923376587680725613e-01,0.000000000000000000e+00
6.855741287928575289e+00,3.202990637608625679e+00,0.000000000000000000e+00,2.149752263505456007e+00,-1.157330840953265438e+00,0.000000000000000000e+00
7.025648818879972168e+00,3.344971872762589893e+00,0.000000000000000000e+00,1.743499614098542816e+00,-1.512000351181283175e+00,0.000000000000000000e+00
7.111992483079781380e+00,3.431855592134152921e+00,0.000000000000000000e+00,1.145933907300607624e+00,-1.008359098092687756e+00,0.000000000000000000e+00
6.907958134683795492e+00,3.348241170797699340e+00,0.000000000000000000e+00,1.779303114146309595e+00,-1.201725952801632413e+00,0.000000000000000000e+00
6.960174981439015696e+00,3.493491703986773000e+00,0.000000000000000000e+00,1.334452216128360291e+00,-1.187514810805840648e+00,0.000000000000000000e+00
7.251696410292464812e+00,3.483729768699717066e+00,0.000000000000000000e+00,9.122723534212709984e-01,-9.385092061464067603e-03,0.000000000000000000e+00
7.369791417932193056e+00,3.548620028558951311e+00,0.000000000000000000e+00,3.076614709071006648e-01,5.378541539964102336e-01,0.000000000000000000e+00
7.099878908651700016e+00,3.545365880552337590e+00,0.000000000000000000e+00,1.076471088429266754e+00,-8.246676514672662828e-01,0.000000000000000000e+00
7.239582835864384336e+00,3.597240057117901735e+00,0.000000000000000000e+00,5.900146702999510273e-01,1.372441446279918376e-01,0.000000000000000000e+00
7.678571428576509206e+00,3.500000000000000444e+00,0.000000000000000000e+00,0.000000000000000000e+00,0.000000000000000000e+00,0.000000000000000000e+00
7.314348776034474753e+00,3.682326805887417898e+00,0.000000000000000000e+00,7.060941673745825264e-01,4.747634596281350428e-01,0.000000000000000000e+00
7.444557358102281697e+00,3.633706777328467030e+00,0.000000000000000000e+00,5.614263395908289933e-01,4.521226164199020903e-01,0.000000000000000000e+00
7.539117392233275261e+00,3.769443359286466233e+00,0.000000000000000000e+00,4.723605206136107237e-01,5.982238843738285627e-01,0.000000000000000000e+00
7.594560034130992676e+00,3.635736581957998759e+00,0.000000000000000000e+00,2.124615623716466783e-01,1.215407550049801971e-01,0.000000000000000000e+00
7.773131462707501882e+00,3.635736581957999647e+00,0.000000000000000000e+00,8.332077396580574169e-03,1.141798829195974502e-01,0.000000000000000000e+00
7.857142857153018412e+00,3.500000000000000444e+00,0.000000000000000000e+00,0.000000000000000000e+00,0.000000000000000000e+00,0.000000000000000000e+00
7.389114716204564282e+00,3.767413554656934949e+00,0.000000000000000000e+00,7.620401131158088814e-01,6.887434787739916686e-01,0.000000000000000000e+00
7.689120068261987129e+00,3.771473163915998406e+00,0.000000000000000000e+00,7.611463711836415069e-02,3.456917829804611597e-01,0.000000000000000000e+00
6.242597828591174292e+00,2.577488665759062769e+00,0.000000000000000000e+00,1.542066161084276965e+00,5.516304075567109999e-01,0.000000000000000000e+00
6.134829260191189348e+00,2.491459482986600804e+00,0.000000000000000000e+00,1.337585665072420493e+00,9.187756205905528439e-01,0.000000000000000000e+00
6.139340131775391285e+00,2.671266348014205594e+00,0.000000000000000000e+00,1.165725858742583831e+00,4.394533509922083359e-01,0.000000000000000000e+00
6.305788760880389532e+00,2.691478188991196063e+00,0.000000000000000000e+00,1.324121717090350092e+00,3.171619670210236719e-01,0.000000000000000000e+00
5.973738861724416260e+00,2.385006392823440180e+00,0.000000000000000000e+00,9.091794283544969435e-01,1.089549111793465253e+00,0.000000000000000000e+00
5.819933135949314718e+00,2.273078231822584172e+00,0.000000000000000000e+00,5.883841645374083829e-01,1.006050741975751173e+00,0.000000000000000000e+00
5.978249733308619085e+00,2.564813257851045414e+00,0.000000000000000000e+00,8.349978188728518491e-01,4.999554182389744361e-01,0.000000000000000000e+00
5.817159334841844220e+00,2.458360167687884346e+00,0.000000000000000000e+00,3.710532032130802182e-01,5.133468342377804916e-01,0.000000000000000000e+00
5.658411800811167680e+00,1.795281746911661536e+00,0.000000000000000000e+00,-1.770415408740585311e-02,9.182187051492434193e-01,0.000000000000000000e+00
5.661353468528392163e+00,1.981398147979881230e+00,0.000000000000000000e+00,1.221047746526159189e-01,1.033944705513379025e+00,0.000000000000000000e+00
5.500000000000000000e+00,1.875000000002478906e+00,0.000000000000000000e+00,0.000000000000000000e+00,0.000000000000000000e+00,0.000000000000000000e+00
5.500000000000000000e+00,1.687500000003319123e+00,0.000000000000000000e+00,0.000000000000000000e+00,0.000000000000000000e+00,0.000000000000000000e+00
5.500000000000000000e+00,2.062500000002528644e+00,0.000000000000000000e+00,0.000000000000000000e+00,0.000000000000000000e+00,0.000000000000000000e+00
5.661353468528393051e+00,2.168898147979930968e+00,0.000000000000000000e+00,3.049163113392129865e-01,9.037121005235285720e-01,0.000000000000000000e+00
5.658579667420922554e+00,2.354180083845231586e+00,0.000000000000000000e+00,9.401143879699254413e-02,4.547132732403228461e-01,0.000000000000000000e+00
5.500000000000000000e+00,2.250000000002577938e+00,0.000000000000000000e+00,0.000000000000000000e+00,0.000000000000000000e+00,0.000000000000000000e+00
6.403734366282601620e+00,2.819719459349216528e+00,0.000000000000000000e+00,1.277182582514896358e+00,4.964870404204384247e-02,0.000000000000000000e+00
6.481706275111300819e+00,2.968801191672418405e+00,0.000000000000000000e+00,1.331062730014586526e+00,-4.264088520570881169e-01,0.000000000000000000e+00
6.237285737177604261e+00,2.799507618372226503e+00,0.000000000000000000e+00,1.144679657851267907e+00,2.782383832156997139e-01,0.000000000000000000e+00
6.335231342579816349e+00,2.927748888730246524e+00,0.000000000000000000e+00,1.076507832166360590e+00,6.964411107216184060e-02,0.000000000000000000e+00
6.752266881876595406e+00,3.269809906511137676e+00,0.000000000000000000e+00,1.980144314543800022e+00,-1.248097232840057247e+00,0.000000000000000000e+00
6.638486841733699961e+00,3.173241335014119535e+00,0.000000000000000000e+00,1.734386428982328088e+00,-9.399823453531962469e-01,0.000000000000000000e+00
6.354184450891029456e+00,3.053555090736641997e+00,0.000000000000000000e+00,1.298870131934462657e+00,-1.870287972470880689e-01,0.000000000000000000e+00
6.500659383422513926e+00,3.094607393678813434e+00,0.000000000000000000e+00,1.491977633316221796e+00,-5.629023075641804708e-01,0.000000000000000000e+00
6.510965017513428599e+00,3.257995234078342683e+00,0.000000000000000000e+00,1.765019112172974358e+00,-7.397447514637203181e-01,0.000000000000000000e+00
6.648792475824614634e+00,3.336629175413648785e+00,0.000000000000000000e+00,1.978264223716564851e+00,-1.048316043349395876e+00,0.000000000000000000e+00
6.373137559202242564e+00,3.179361292743037026e+00,0.000000000000000000e+00,1.473102407717647777e+00,-3.927196079355775860e-01,0.000000000000000000e+00
6.804483728631815609e+00,3.415060439700210893e+00,0.000000000000000000e+00,1.672455890423352187e+00,-1.146383413442316535e+00,0.000000000000000000e+00
7.169719666507395672e+00,3.692906604765046730e+00,0.000000000000000000e+00,7.136333071051972343e-01,-4.990530534535963375e-02,0.000000000000000000e+00
7.030015739294711352e+00,3.641032428199482140e+00,0.000000000000000000e+00,1.069005319486920680e+00,-8.889906058586702908e-01,0.000000000000000000e+00
6.799849423551647121e+00,3.581386469168211129e+00,0.000000000000000000e+00,1.320666634717264865e+00,-9.407177341261145909e-01,0.000000000000000000e+00
6.644158170744445258e+00,3.502955204881648577e+00,0.000000000000000000e+00,1.634120588281683828e+00,-9.200354960192416165e-01,0.000000000000000000e+00
6.910166475872385305e+00,3.643654161222936061e+00,0.000000000000000000e+00,1.232522695619963526e+00,-1.032774507090006288e+00,0.000000000000000000e+00
6.980007233728080962e+00,3.791194885435645201e+00,0.000000000000000000e+00,8.849499563350007314e-01,-6.972957214004988913e-01,0.000000000000000000e+00
6.749840917985015842e+00,3.731548926404373745e+00,0.000000000000000000e+00,1.097589250027073859e+00,-8.825539938328803569e-01,0.000000000000000000e+00
6.860157970305754027e+00,3.793816618459098677e+00,0.000000000000000000e+00,1.005408827116282433e+00,-9.582446298326757761e-01,0.000000000000000000e+00
7.099856497150405232e+00,3.788573152412190392e+00,0.000000000000000000e+00,6.821000570707490551e-01,-3.650584845674849643e-01,0.000000000000000000e+00
6.639523865664276769e+00,3.669281234349648813e+00,0.000000000000000000e+00,1.176798534413085351e+00,-8.051014425313093303e-01,0.000000000000000000e+00
7.244485606677484313e+00,3.777993353534562893e+00,0.000000000000000000e+00,8.306935885931145958e-01,2.387800074336504652e-01,0.000000000000000000e+00
7.463922034108206205e+00,3.903188274557508386e+00,0.000000000000000000e+00,6.483592193269834825e-01,9.529371124076932986e-01,0.000000000000000000e+00
7.613924710136917184e+00,3.905218079187040559e+00,0.000000000000000000e+00,3.831221433359863759e-01,8.371146067340498043e-01,0.000000000000000000e+00
7.538729352011847240e+00,4.038962994458081823e+00,0.000000000000000000e+00,6.111843766483210372e-01,1.136810775523057204e+00,0.000000000000000000e+00
7.861474332240399043e+00,3.777587092882823683e+00,0.000000000000000000e+00,-1.123551851959660869e-01,2.299199327438411489e-01,0.000000000000000000e+00
7.945485726685914685e+00,3.641850510924824480e+00,0.000000000000000000e+00,-1.140550750685074138e-01,5.947508183189049308e-02,0.000000000000000000e+00
8.033828596218812734e+00,3.783701021849649404e+00,0.000000000000000000e+00,-2.795994050633935357e-01,1.508478855889282266e-01,0.000000000000000000e+00
8.035714285725685357e+00,3.500000000000000444e+00,0.000000000000000000e+00,0.000000000000000000e+00,0.000000000000000000e+00,0.000000000000000000e+00
8.124057155258583407e+00,3.641850510924824924e+00,0.000000000000000000e+00,-1.821020061554154412e-01,4.069998697361879025e-02,0.000000000000000000e+00
8.214285714298354080e+00,3.500000000000000444e+00,0.000000000000000000e+00,-6.316909388557928606e-01,9.234535739240769259e-02,0.000000000000000000e+00
7.162288222496841605e+00,3.912442904648250952e+00,0.000000000000000000e+00,6.183481253986775616e-01,-1.560661502990648430e-01,0.000000000000000000e+00
7.306917332023919798e+00,3.901863105770623008e+00,0.000000000000000000e+00,6.474004055925450807e-01,4.907287613100472234e-01,0.000000000000000000e+00
7.381724649927562609e+00,4.037637825671197334e+00,0.000000000000000000e+00,5.682561075225293079e-01,7.636199025707353094e-01,0.000000000000000000e+00
7.224719947843277978e+00,4.036312656884311956e+00,0.000000000000000000e+00,4.994245372861723653e-01,1.397601854963236578e-01,0.000000000000000000e+00
7.702354752028199414e+00,4.039242549765917900e+00,0.000000000000000000e+00,3.322705701399731315e-01,9.329836838828696743e-01,0.000000000000000000e+00
7.777550110153269358e+00,3.905497634494875747e+00,0.000000000000000000e+00,2.618142571546951125e-02,4.516124007476343682e-01,0.000000000000000000e+00
7.949904374131682161e+00,3.911611563461701468e+00,0.000000000000000000e+00,-1.916392930340148071e-01,3.604249936036851287e-01,0.000000000000000000e+00
7.865980152044551588e+00,4.039522105073753089e+00,0.000000000000000000e+00,-4.467334692913031008e-02,5.786435020351290426e-01,0.000000000000000000e+00
5.811141397919693752e+00,2.631775119904598448e+00,0.000000000000000000e+00,5.101472594797276106e-01,9.162684515291354137e-02,0.000000000000000000e+00
5.972231796386466840e+00,2.738228210067759072e+00,0.000000000000000000e+00,9.162195424353345441e-01,1.024724646945077838e-01,0.000000000000000000e+00
6.213944292210303644e+00,2.967036127232761000e+00,0.000000000000000000e+00,7.817608018786672552e-01,1.340787791651827134e-02,0.000000000000000000e+00
6.115998686808091556e+00,2.838794856874740535e+00,0.000000000000000000e+00,8.984904300251381759e-01,2.117263526663376028e-01,0.000000000000000000e+00
5.948890351419166223e+00,2.905756718928293569e+00,0.000000000000000000e+00,3.609100928190729363e-01,-3.157083611756128505e-01,0.000000000000000000e+00
5.805123460997542395e+00,2.805190072121312106e+00,0.000000000000000000e+00,3.585479473159254304e-01,-4.152669349864615556e-01,0.000000000000000000e+00
6.092657241840790938e+00,3.006323365735275033e+00,0.000000000000000000e+00,3.516894580151889715e-01,-1.786014632978085159e-01,0.000000000000000000e+00
5.500000000000000000e+00,2.437500000002194245e+00,0.000000000000000000e+00,0.000000000000000000e+00,0.000000000000000000e+00,0.000000000000000000e+00
5.658579667420922554e+00,2.541680083844847449e+00,0.000000000000000000e+00,1.483193151104857110e-01,2.408589302965474244e-01,0.000000000000000000e+00
5.652561730498771198e+00,2.715095036061561107e+00,0.000000000000000000e+00,1.179312034661860464e-01,-8.400041533853225273e-02,0.000000000000000000e+00
5.500000000000000000e+00,2.625000000001810108e+00,0.000000000000000000e+00,0.000000000000000000e+00,0.000000000000000000e+00,0.000000000000000000e+00
6.232897400521516751e+00,3.092842329239156030e+00,0.000000000000000000e+00,1.004100597148288143e+00,-3.897410488179515187e-01,0.000000000000000000e+00
6.520913114949864919e+00,3.415217198717367175e+00,0.000000000000000000e+00,1.890149414376097070e+00,-9.333251147626061561e-01,0.000000000000000000e+00
6.383085656638678884e+00,3.336583257382061074e+00,0.000000000000000000e+00,1.642257063894114077e+00,-6.329478080902207759e-01,0.000000000000000000e+00
6.393033754075114317e+00,3.493805222021085122e+00,0.000000000000000000e+00,1.781604173410007430e+00,-8.371210531565499435e-01,0.000000000000000000e+00
6.516278809869695543e+00,3.581543228185366967e+00,0.000000000000000000e+00,1.508218796646029869e+00,-8.255640275880673506e-01,0.000000000000000000e+00
6.239563048661485922e+00,3.251255860774679540e+00,0.000000000000000000e+00,1.359168851189633820e+00,-7.323217775894920178e-01,0.000000000000000000e+00
6.099322889980758333e+00,3.164736897270798099e+00,0.000000000000000000e+00,8.480415858276997287e-01,-6.388707850225896490e-01,0.000000000000000000e+00
6.249511146097921355e+00,3.408477825413703588e+00,0.000000000000000000e+00,1.560472103618742556e+00,-8.699049957940728772e-01,0.000000000000000000e+00
6.105988538120727505e+00,3.323150428806321610e+00,0.000000000000000000e+00,1.368365651904726921e+00,-8.149689329524605341e-01,0.000000000000000000e+00
6.892773250775601213e+00,3.918490470913614132e+00,0.000000000000000000e+00,7.979223925351890401e-01,-8.021276998190479679e-01,0.000000000000000000e+00
7.012622514197927259e+00,3.915868737890160212e+00,0.000000000000000000e+00,6.816154260682460997e-01,-4.159970698506640918e-01,0.000000000000000000e+00
6.925388531245449286e+00,4.043164323368130475e+00,0.000000000000000000e+00,5.354908540515478377e-01,-6.221516819293788636e-01,0.000000000000000000e+00
6.748225961891173519e+00,3.897403380774743908e+00,0.000000000000000000e+00,9.342552616911462549e-01,-8.645348508216698091e-01,0.000000000000000000e+00
6.637908909570434446e+00,3.835135688720018976e+00,0.000000000000000000e+00,9.766571607516548736e-01,-8.441329799570527204e-01,0.000000000000000000e+00
6.636293953476591234e+00,4.000990143090388251e+00,0.000000000000000000e+00,7.054533241081429873e-01,-9.143249274133675719e-01,0.000000000000000000e+00
6.780841242361020704e+00,4.022077233229259363e+00,0.000000000000000000e+00,6.405984584895053624e-01,-7.788685616180999194e-01,0.000000000000000000e+00
7.075054239544362744e+00,4.039738490126220327e+00,0.000000000000000000e+00,5.967273697274644295e-01,-2.720558956775715465e-01,0.000000000000000000e+00
6.507511288423149409e+00,3.761481478291242020e+00,0.000000000000000000e+00,1.000184501450616992e+00,-6.575295596368814222e-01,0.000000000000000000e+00
6.384266232628567295e+00,3.673743472126959730e+00,0.000000000000000000e+00,1.368954136372904307e+00,-7.067919866596492628e-01,0.000000000000000000e+00
6.505896332329305309e+00,3.927335932661611739e+00,0.000000000000000000e+00,7.524417985635232231e-01,-7.284925703504404604e-01,0.000000000000000000e+00
6.375498711182020273e+00,3.853681722232835671e+00,0.000000000000000000e+00,7.899947123460637766e-01,-4.863305521466540493e-01,0.000000000000000000e+00
7.792696609721716960e+00,4.175647865532386760e+00,0.000000000000000000e+00,1.529346379005584733e-01,1.055597728496360466e+00,0.000000000000000000e+00
7.629071209705365675e+00,4.175368310224550683e+00,0.000000000000000000e+00,4.167155074794305358e-01,1.270558249020155905e+00,0.000000000000000000e+00
7.303679540595966913e+00,4.177190452771801787e+00,0.000000000000000000e+00,1.925170593302349131e-01,4.435742959070575475e-01,0.000000000000000000e+00
7.460684242680252432e+00,4.178515621558686277e+00,0.000000000000000000e+00,3.307951728516418943e-01,9.213640872223424205e-01,0.000000000000000000e+00
7.551026100373769978e+00,4.314920937325156025e+00,0.000000000000000000e+00,1.982833029044905881e-01,1.061859920375341160e+00,0.000000000000000000e+00
7.719413067398884110e+00,4.311773625991021319e+00,0.000000000000000000e+00,2.620570879473396175e-01,1.372115601563560050e+00,0.000000000000000000e+00
7.382639133348655847e+00,4.318068248659290731e+00,0.000000000000000000e+00,1.176994946293355160e-01,5.856791510511676346e-01,0.000000000000000000e+00
8.210433336367213286e+00,3.788060527925070531e+00,0.000000000000000000e+00,-3.829016399785098446e-01,1.189129704274231730e-01,0.000000000000000000e+00
8.300661895406983959e+00,3.646210017000245607e+00,0.000000000000000000e+00,-2.495292375471048207e-01,6.768888140600672065e-02,0.000000000000000000e+00
8.039567000750723835e+00,4.032403076603818803e+00,0.000000000000000000e+00,-2.755557382642730979e-01,4.668598862798342686e-01,0.000000000000000000e+00
8.123491222837852632e+00,3.904492534991766295e+00,0.000000000000000000e+00,-3.935633033975706185e-01,2.256445317326375988e-01,0.000000000000000000e+00
8.300095962986256737e+00,3.908852041067187866e+00,0.000000000000000000e+00,-5.109960218249297581e-01,1.948036625838314440e-01,0.000000000000000000e+00
8.387038076515617391e+00,3.792420034000491658e+00,0.000000000000000000e+00,-4.524637264355305111e-01,1.748290960282618545e-01,0.000000000000000000e+00
8.213153849456896083e+00,4.025284048133883630e+00,0.000000000000000000e+00,-5.054572289185778056e-01,3.083110236702226725e-01,0.000000000000000000e+00
8.392857142868518139e+00,3.500000000000000444e+00,0.000000000000000000e+00,0.000000000000000000e+00,0.000000000000000000e+00,0.000000000000000000e+00
8.479233323977148018e+00,3.646210017000245607e+00,0.000000000000000000e+00,-3.389205904456452645e-01,4.300484164717986724e-02,0.000000000000000000e+00
8.571428571438683974e+00,3.500000000000000444e+00,0.000000000000000000e+00,0.000000000000000000e+00,0.000000000000000000e+00,0.000000000000000000e+00
6.989400439561126888e+00,4.178915345840964690e+00,0.000000000000000000e+00,3.282104055810031173e-01,-4.801184638155495676e-01,0.000000000000000000e+00
7.139066147860040346e+00,4.175489512599055431e+00,0.000000000000000000e+00,2.855521862216510165e-01,1.034104772907429824e-02,0.000000000000000000e+00
7.218025740612730168e+00,4.316367308486546150e+00,0.000000000000000000e+00,8.214926229228380894e-02,2.780953591737909125e-01,0.000000000000000000e+00
7.053412347876803601e+00,4.314666368313800682e+00,0.000000000000000000e+00,3.223255766322010579e-02,-2.310936384423781798e-01,0.000000000000000000e+00
7.964933788621907595e+00,4.172831076552967033e+00,0.000000000000000000e+00,-2.183599265333275863e-01,6.743906441629575754e-01,0.000000000000000000e+00
7.891650246299073856e+00,4.308956837011600705e+00,0.000000000000000000e+00,1.214119493671832022e-02,1.140530326022201058e+00,0.000000000000000000e+00
8.138520637328078067e+00,4.165712048083031860e+00,0.000000000000000000e+00,-3.970358754682948299e-01,5.618268525736821450e-01,0.000000000000000000e+00
8.063887425199260051e+00,4.306140048032179202e+00,0.000000000000000000e+00,-3.515556919761509969e-01,7.450911121498574596e-01,0.000000000000000000e+00
5.955190609713944205e+00,3.086666289534028884e+00,0.000000000000000000e+00,2.497480844639901609e-01,-5.050640666669576895e-01,0.000000000000000000e+00
5.811423719292319490e+00,2.986099642727046977e+00,0.000000000000000000e+00,1.743672502799092361e-01,-6.588314350544426379e-01,0.000000000000000000e+00
5.817723977587096584e+00,3.167009213332782291e+00,0.000000000000000000e+00,2.410027339691485915e-01,-7.799340544326820446e-01,0.000000000000000000e+00
5.500000000000000000e+00,2.812500000000905054e+00,0.000000000000000000e+00,0.000000000000000000e+00,0.000000000000000000e+00,0.000000000000000000e+00
5.652561730498771198e+00,2.902595036060656497e+00,0.000000000000000000e+00,5.691235581404582855e-02,-3.289132962499957125e-01,0.000000000000000000e+00
5.658861988793548292e+00,3.083504606666391368e+00,0.000000000000000000e+00,1.742055387046590742e-01,-4.896780449898819887e-01,0.000000000000000000e+00
5.500000000000000000e+00,3.000000000000000000e+00,0.000000000000000000e+00,0.000000000000000000e+00,0.000000000000000000e+00,0.000000000000000000e+00
5.961856257853911600e+00,3.245079821069551951e+00,0.000000000000000000e+00,8.904949474967517320e-01,-8.714782687652857796e-01,0.000000000000000000e+00
6.113693841243776461e+00,3.490104490452569763e+00,0.000000000000000000e+00,1.617735299197153198e+00,-7.100231565812029633e-01,0.000000000000000000e+00
6.257216449220971199e+00,3.575431887059951741e+00,0.000000000000000000e+00,1.700161665364238406e+00,-9.402747564175928385e-01,0.000000000000000000e+00
6.248448927774423289e+00,3.755370137165826350e+00,0.000000000000000000e+00,1.332046009071923054e+00,-6.957237259668818119e-01,0.000000000000000000e+00
6.121399144366826306e+00,3.657058552098817916e+00,0.000000000000000000e+00,1.781488191691890544e+00,-6.548156677897036815e-01,0.000000000000000000e+00
5.835677958727532477e+00,3.341663844824347862e+00,0.000000000000000000e+00,1.320356394768530839e+00,-1.157023681503105639e+00,0.000000000000000000e+00
5.979810238994347493e+00,3.419734452561117077e+00,0.000000000000000000e+00,1.720223644192662382e+00,-1.083831202201471333e+00,0.000000000000000000e+00
5.987515542117398226e+00,3.586688514207365230e+00,0.000000000000000000e+00,1.947118926522867000e+00,-9.144202142545010403e-01,0.000000000000000000e+00
5.853631939867968370e+00,3.516318476315912989e+00,0.000000000000000000e+00,2.062186902280699119e+00,-1.232764448954038361e+00,0.000000000000000000e+00
6.678610342804939926e+00,4.154080870032984762e+00,0.000000000000000000e+00,4.796968157938235611e-01,-8.436189281279116159e-01,0.000000000000000000e+00
6.823157631689367619e+00,4.175167960171854986e+00,0.000000000000000000e+00,4.066212287911585843e-01,-6.714929201000320313e-01,0.000000000000000000e+00
6.887169540005045221e+00,4.310918982644690090e+00,0.000000000000000000e+00,1.561037974699866215e-01,-5.304707717157290947e-01,0.000000000000000000e+00
6.720926732133286841e+00,4.307171596975579497e+00,0.000000000000000000e+00,2.205281117126314250e-01,-7.342493469903448311e-01,0.000000000000000000e+00
6.504412043553584155e+00,4.122022430004554039e+00,0.000000000000000000e+00,6.228155558059141894e-01,-7.343561526732613753e-01,0.000000000000000000e+00
6.374014422406299119e+00,4.048368219575777971e+00,0.000000000000000000e+00,6.514305440490540944e-01,-5.153875824482170298e-01,0.000000000000000000e+00
6.546728432881931958e+00,4.275113156947149662e+00,0.000000000000000000e+00,4.115863852980720661e-01,-6.384166096247232414e-01,0.000000000000000000e+00
6.372530133630577076e+00,4.243054716918720715e+00,0.000000000000000000e+00,6.115091124554800084e-01,-4.364606812050971785e-01,0.000000000000000000e+00
6.115215512334849279e+00,3.836885724017908395e+00,0.000000000000000000e+00,1.392150833693706513e+00,-4.037759665982703083e-01,0.000000000000000000e+00
6.242265295742445375e+00,3.935197309084916828e+00,0.000000000000000000e+00,7.043487720684554754e-01,-4.235367596712932836e-01,0.000000000000000000e+00
6.240781006966725108e+00,4.129883806427859128e+00,0.000000000000000000e+00,7.468042387500813950e-01,-2.302184149450672845e-01,0.000000000000000000e+00
6.109031880302872253e+00,4.016712895936998429e+00,0.000000000000000000e+00,8.591375178153459746e-01,1.472105671605927479e-01,0.000000000000000000e+00
7.468749921374694623e+00,4.462729879266044364e+00,0.000000000000000000e+00,3.110471574783597593e-01,8.526295557302810968e-01,0.000000000000000000e+00
7.637136888399808754e+00,4.459582567931909658e+00,0.000000000000000000e+00,3.344018072669265318e-01,1.242399381700693528e+00,0.000000000000000000e+00
7.554860709400733398e+00,4.607391509872797997e+00,0.000000000000000000e+00,4.607888184057543079e-01,1.072015007028092048e+00,0.000000000000000000e+00
7.813245402497281944e+00,4.455432689509933653e+00,0.000000000000000000e+00,3.649551265242401143e-01,1.466447660209947434e+00,0.000000000000000000e+00
7.985482581397470803e+00,4.452615900530513038e+00,0.000000000000000000e+00,1.131176862950638989e-01,1.263387956902917608e+00,0.000000000000000000e+00
7.730969223498206588e+00,4.603241631450822879e+00,0.000000000000000000e+00,4.908669823980787439e-01,1.353885255355585127e+00,0.000000000000000000e+00
7.907077737595678890e+00,4.599091753028845098e+00,0.000000000000000000e+00,4.940949095491026233e-01,1.536377070731988814e+00,0.000000000000000000e+00
7.135731552383363763e+00,4.460522225168496391e+00,0.000000000000000000e+00,1.446613614299901707e-01,-4.550831328888881727e-02,0.000000000000000000e+00
7.300344945119290330e+00,4.462223165341242748e+00,0.000000000000000000e+00,3.112423399476887398e-01,3.647735074221501450e-01,0.000000000000000000e+00
7.386455733145329106e+00,4.606884795947996381e+00,0.000000000000000000e+00,4.528852325739300966e-01,6.601709097437254981e-01,0.000000000000000000e+00
7.218050756889923036e+00,4.606378082023192988e+00,0.000000000000000000e+00,3.473374223401334282e-01,-1.135055361338812262e-02,0.000000000000000000e+00
8.392888894388832455e+00,4.026061835331560701e+00,0.000000000000000000e+00,-5.445529709669996166e-01,1.505436956192103548e-01,0.000000000000000000e+00
8.479831007918191332e+00,3.909629828264864493e+00,0.000000000000000000e+00,-4.764579519280999764e-01,1.485531983887910246e-01,0.000000000000000000e+00
8.572623939320767050e+00,4.026839622529237772e+00,0.000000000000000000e+00,-4.972069841238995203e-01,8.263413014419292157e-02,0.000000000000000000e+00
8.568194678372883288e+00,3.796382459039969959e+00,0.000000000000000000e+00,-5.146238336807852365e-01,3.815949494558128208e-02,0.000000000000000000e+00
8.660389925834415692e+00,3.650172442039723908e+00,0.000000000000000000e+00,-3.638808494080104095e-01,-7.241155897778702930e-03,0.000000000000000000e+00
8.660987609775457230e+00,3.913592253304343238e+00,0.000000000000000000e+00,-5.168731573153707570e-01,-5.591574456510782498e-03,0.000000000000000000e+00
8.749351280230149186e+00,3.800344884079448260e+00,0.000000000000000000e+00,-5.197662670663799611e-01,-4.379360931708849158e-02,0.000000000000000000e+00
8.319771005335743652e+00,4.156806159137943268e+00,0.000000000000000000e+00,-5.019403710854709599e-01,2.326934236422452396e-01,0.000000000000000000e+00
8.245137793206925636e+00,4.297234159087091498e+00,0.000000000000000000e+00,-4.275162022212964374e-01,4.547835060496654425e-01,0.000000000000000000e+00
8.499506050267678248e+00,4.157583946335620340e+00,0.000000000000000000e+00,-4.927503352000064396e-01,6.445051772673499046e-02,0.000000000000000000e+00
8.426388161214589445e+00,4.288328270142002907e+00,0.000000000000000000e+00,-4.649018013259940685e-01,9.567602997022423006e-02,0.000000000000000000e+00
8.750000000008848033e+00,3.500000000000000444e+00,0.000000000000000000e+00,0.000000000000000000e+00,0.000000000000000000e+00,0.000000000000000000e+00
8.838961354404581527e+00,3.650172442039724352e+00,0.000000000000000000e+00,-3.385736736751324139e-01,-1.752433426782806433e-02,0.000000000000000000e+00
8.928571428579013869e+00,3.500000000000000444e+00,0.000000000000000000e+00,0.000000000000000000e+00,0.000000000000000000e+00,0.000000000000000000e+00
6.799138287082095999e+00,4.455336756900704742e+00,0.000000000000000000e+00,1.618086693244923380e-01,-5.963958708074686976e-01,0.000000000000000000e+00
6.965381094953853491e+00,4.459084142569814446e+00,0.000000000000000000e+00,1.106494067665471370e-01,-3.134748908602347783e-01,0.000000000000000000e+00
7.047700299460414541e+00,4.604939999424511043e+00,0.000000000000000000e+00,1.494977757803881702e-01,-2.791500985108060773e-01,0.000000000000000000e+00
6.877349842030905158e+00,4.603501916825829987e+00,0.000000000000000000e+00,1.296861782210793554e-02,-4.431765034888822119e-01,0.000000000000000000e+00
8.088310044496424212e+00,4.589820924033913840e+00,0.000000000000000000e+00,4.021061957747767424e-01,1.088311510725360476e+00,0.000000000000000000e+00
8.166714888298216124e+00,4.443345071535581781e+00,0.000000000000000000e+00,-1.699964804027853660e-01,6.200403858587453243e-01,0.000000000000000000e+00
8.347965256305879933e+00,4.434439182590493189e+00,0.000000000000000000e+00,-1.960499594567030046e-01,2.693253040534765996e-01,0.000000000000000000e+00
8.269542351397170421e+00,4.580550095038982583e+00,0.000000000000000000e+00,2.161011919739610210e-01,3.909135783271463493e-01,0.000000000000000000e+00
5.536180932027198409e+00,3.193186100252034976e+00,0.000000000000000000e+00,4.952120123712122624e-01,-2.533655921772589026e-01,0.000000000000000000e+00
5.695042920820746701e+00,3.276690706918425899e+00,0.000000000000000000e+00,7.019106857096685248e-01,-4.910829321974438111e-01,0.000000000000000000e+00
5.712996901961183482e+00,3.451345338409991470e+00,0.000000000000000000e+00,1.591640524715702609e+00,-9.439409322238510036e-01,0.000000000000000000e+00
5.572361864054396818e+00,3.386372200504069507e+00,0.000000000000000000e+00,9.694863897002639064e-01,-3.564497601031443308e-01,0.000000000000000000e+00
5.333333333333333925e+00,3.000000000000000444e+00,0.000000000000000000e+00,0.000000000000000000e+00,0.000000000000000000e+00,0.000000000000000000e+00
5.442582153313652249e+00,3.342631785040137693e+00,0.000000000000000000e+00,8.025903911895720944e-01,-2.248876216589574262e-01,0.000000000000000000e+00
5.406401221286452952e+00,3.149445684788102717e+00,0.000000000000000000e+00,2.074998910868780244e-01,-2.718161499968026543e-02,0.000000000000000000e+00
5.239734554619786877e+00,3.149445684788102717e+00,0.000000000000000000e+00,-9.610251404494891958e-02,-9.575894106800011962e-02,0.000000000000000000e+00
5.166666666666666963e+00,3.000000000000000000e+00,0.000000000000000000e+00,0.000000000000000000e+00,0.000000000000000000e+00,0.000000000000000000e+00
5.312802442572906791e+00,3.298891369576204990e+00,0.000000000000000000e+00,3.787537860794368272e-01,-4.207115240434585179e-01,0.000000000000000000e+00
5.872895641423328428e+00,3.676850449623333184e+00,0.000000000000000000e+00,2.145911649645978247e+00,-6.329716295417555649e-01,0.000000000000000000e+00
6.006779243672756508e+00,3.747220487514785425e+00,0.000000000000000000e+00,1.832873275107643751e+00,-6.469114598537447636e-01,0.000000000000000000e+00
6.000595611640779481e+00,3.927047659433875459e+00,0.000000000000000000e+00,1.547615348159655735e+00,-1.275711645915222070e-01,0.000000000000000000e+00
5.892159342978686709e+00,3.837382422930752490e+00,0.000000000000000000e+00,1.998499238138737866e+00,-9.474726567170661806e-02,0.000000000000000000e+00
5.597634572780187057e+00,3.531334896487732244e+00,0.000000000000000000e+00,2.518479110196431225e+00,-5.166369069940898173e-01,0.000000000000000000e+00
5.738269610686973721e+00,3.596308034393654651e+00,0.000000000000000000e+00,2.881490369913050298e+00,-9.560045602927367270e-01,0.000000000000000000e+00
5.757533312242332002e+00,3.756840007701073958e+00,0.000000000000000000e+00,2.870651525557733841e+00,-1.505584916746462443e-01,0.000000000000000000e+00
5.622907281505976407e+00,3.676297592471394537e+00,0.000000000000000000e+00,3.513056204434734209e+00,-5.727401215021757919e-01,0.000000000000000000e+00
6.622965305396878222e+00,4.450375824602481600e+00,0.000000000000000000e+00,3.261256316025255564e-01,-5.280099367464317073e-01,0.000000000000000000e+00
6.448767006145523339e+00,4.418317384574050877e+00,0.000000000000000000e+00,4.759760756077803801e-01,-3.782507712973371961e-01,0.000000000000000000e+00
6.701176860345686492e+00,4.598540984527605957e+00,0.000000000000000000e+00,1.447953460955593852e-01,-4.334300623582340029e-01,0.000000000000000000e+00
6.525003878660470491e+00,4.593580052229382815e+00,0.000000000000000000e+00,2.729661176610662654e-01,-3.455489974332450198e-01,0.000000000000000000e+00
6.094331161933133068e+00,4.166382981671789665e+00,0.000000000000000000e+00,6.812590738659906053e-01,1.815926046034400942e-01,0.000000000000000000e+00
6.226080288596985035e+00,4.279553892162649475e+00,0.000000000000000000e+00,5.732260897641400232e-01,-1.824098118850636385e-01,0.000000000000000000e+00
6.284872640542191746e+00,4.414105421806988616e+00,0.000000000000000000e+00,5.149437123425054663e-01,-3.308352038082343904e-01,0.000000000000000000e+00
6.361109513057137121e+00,4.589368089462319666e+00,0.000000000000000000e+00,2.782985202063157359e-01,-3.346658645655282704e-01,0.000000000000000000e+00
6.138422795508599705e+00,4.450604597050919153e+00,0.000000000000000000e+00,3.589835550877717441e-01,-2.009319917761676899e-01,0.000000000000000000e+00
6.079630443563392994e+00,4.316053067406579125e+00,0.000000000000000000e+00,3.908247561395584713e-01,4.721256476184951256e-02,0.000000000000000000e+00
6.197215147453804640e+00,4.585156126695257406e+00,0.000000000000000000e+00,2.420774268713230815e-01,-3.561467936983735427e-01,0.000000000000000000e+00
5.852566424537209322e+00,4.015214658482518573e+00,0.000000000000000000e+00,1.421607099166842358e+00,-3.486801909364166674e-01,0.000000000000000000e+00
5.961002693199302982e+00,4.104879894985641542e+00,0.000000000000000000e+00,7.464492995486550209e-01,8.176642170288404843e-02,0.000000000000000000e+00
5.946301974829562909e+00,4.254549980720431890e+00,0.000000000000000000e+00,2.948699801967346046e-01,-2.396822600415534910e-01,0.000000000000000000e+00
5.812973506095731047e+00,4.193046894034283767e+00,0.000000000000000000e+00,2.062071114603882815e-01,-6.697381984142415368e-01,0.000000000000000000e+00
7.473287023288463615e+00,4.755320950396326296e+00,0.000000000000000000e+00,1.562767143212557830e-01,8.387815932555633403e-01,0.000000000000000000e+00
7.304882047033057546e+00,4.754814236471522904e+00,0.000000000000000000e+00,-1.725248954071978728e-03,2.429726566588931713e-01,0.000000000000000000e+00
7.648067232923313696e+00,4.752607293711180958e+00,0.000000000000000000e+00,2.357129345413053745e-01,1.222756006140036877e+00,0.000000000000000000e+00
7.824175747020786886e+00,4.748457415289204953e+00,0.000000000000000000e+00,2.578130285124588528e-01,1.453794474931007663e+00,0.000000000000000000e+00
7.566493546811043025e+00,4.900536734234708369e+00,0.000000000000000000e+00,-4.708781867169765240e-02,9.686929358939890822e-01,0.000000000000000000e+00
7.391713337176192056e+00,4.903250390919852819e+00,0.000000000000000000e+00,-2.451390974807490519e-01,3.890035666200232778e-01,0.000000000000000000e+00
7.741273756445893994e+00,4.897823077549563919e+00,0.000000000000000000e+00,6.612622827038155959e-02,1.317376727694511196e+00,0.000000000000000000e+00
8.001192642494512342e+00,4.744748406980235700e+00,0.000000000000000000e+00,4.088913756765792940e-01,1.352181276261202658e+00,0.000000000000000000e+00
8.182424949395258551e+00,4.735477577985303554e+00,0.000000000000000000e+00,3.575355260567739113e-01,8.220493599534233198e-01,0.000000000000000000e+00
7.918290651919619449e+00,4.894114069240594667e+00,0.000000000000000000e+00,2.293086066969313441e-01,1.237404060356532165e+00,0.000000000000000000e+00
8.095307547393344905e+00,4.890405060931625414e+00,0.000000000000000000e+00,4.031900704629883259e-01,1.102146051025194806e+00,0.000000000000000000e+00
6.961778360493559248e+00,4.753184368584904007e+00,0.000000000000000000e+00,-3.804115071218976130e-02,-4.162838293269484624e-01,0.000000000000000000e+00
7.132128817923069519e+00,4.754622451183585952e+00,0.000000000000000000e+00,-1.032444746388793029e-02,-2.632864205920988909e-01,0.000000000000000000e+00
7.218960108066204029e+00,4.903058605631915867e+00,0.000000000000000000e+00,-3.020351877693068787e-01,-1.184750821192809278e-02,0.000000000000000000e+00
7.046206878956214226e+00,4.902866820343978915e+00,0.000000000000000000e+00,-1.894737826965505190e-01,-3.155240121922702756e-01,0.000000000000000000e+00
8.753698420855101858e+00,4.027292768801893352e+00,0.000000000000000000e+00,-5.137814303622593171e-01,-5.112677976076640540e-02,0.000000000000000000e+00
8.842062091309792038e+00,3.914045399576998374e+00,0.000000000000000000e+00,-5.162861324705171340e-01,-7.372151821533982907e-02,0.000000000000000000e+00
8.674950329755134248e+00,4.157683822277450147e+00,0.000000000000000000e+00,-4.636737001323542051e-01,7.572266416935214892e-03,0.000000000000000000e+00
8.601832440702043669e+00,4.288428146083832715e+00,0.000000000000000000e+00,-4.543643958328277832e-01,9.250971440591487099e-03,0.000000000000000000e+00
8.856024811289467280e+00,4.158136968550104839e+00,0.000000000000000000e+00,-4.699447175309118263e-01,-8.910031265899558128e-02,0.000000000000000000e+00
8.934772902389436666e+00,4.027745915074548932e+00,0.000000000000000000e+00,-5.105300968247641347e-01,-8.468622051897962966e-02,0.000000000000000000e+00
8.777276720189496118e+00,4.288528022025660746e+00,0.000000000000000000e+00,-4.201830954391377326e-01,-6.332587372837554518e-02,0.000000000000000000e+00
8.927614126203355482e+00,3.797830253418963409e+00,0.000000000000000000e+00,-4.843799993486386790e-01,-3.425282759521886683e-02,0.000000000000000000e+00
9.017224200377786048e+00,3.647657811379239057e+00,0.000000000000000000e+00,-3.145342905583082826e-01,1.368663978176808474e-02,0.000000000000000000e+00
9.020324937283000111e+00,3.911530768916513967e+00,0.000000000000000000e+00,-4.822893522458388538e-01,-1.664125926464567889e-02,0.000000000000000000e+00
9.105876972176563555e+00,3.795315622758478558e+00,0.000000000000000000e+00,-4.606772341001627025e-01,5.578261156593804226e-02,0.000000000000000000e+00
8.526210390491481661e+00,4.430381215697708264e+00,0.000000000000000000e+00,-3.040539241118075942e-01,4.156949539372917918e-02,0.000000000000000000e+00
8.447787485582770373e+00,4.576492128146197658e+00,0.000000000000000000e+00,7.536150411589707943e-02,2.398194836895265469e-01,0.000000000000000000e+00
8.701654669978934109e+00,4.430481091639537183e+00,0.000000000000000000e+00,-2.903869847039858842e-01,-6.312561125559656983e-02,0.000000000000000000e+00
8.626032619768370324e+00,4.572434161253412732e+00,0.000000000000000000e+00,-4.510507576076248221e-02,-3.408137640684069658e-02,0.000000000000000000e+00
9.107142857149177928e+00,3.500000000000000444e+00,0.000000000000000000e+00,0.000000000000000000e+00,0.000000000000000000e+00,0.000000000000000000e+00
9.195795628947951883e+00,3.647657811379239501e+00,0.000000000000000000e+00,-3.514566609156515309e-01,1.608028128635358850e-02,0.000000000000000000e+00
9.285714285719341987e+00,3.500000000000000444e+00,0.000000000000000000e+00,0.000000000000000000e+00,0.000000000000000000e+00,0.000000000000000000e+00
6.610709745205838317e+00,4.747956226246902389e+00,0.000000000000000000e+00,1.422520917272837304e-01,-2.848417048033512478e-01,0.000000000000000000e+00
6.786882726891054318e+00,4.752917158545125531e+00,0.000000000000000000e+00,2.909747803724375623e-02,-3.447138774055660271e-01,0.000000000000000000e+00
6.871311245353709296e+00,4.902599610304200439e+00,0.000000000000000000e+00,-6.084945938925947345e-02,-3.087904483932281119e-01,0.000000000000000000e+00
6.696415611751204366e+00,4.902332400264421963e+00,0.000000000000000000e+00,3.255608629660600856e-02,-2.206729161049036103e-01,0.000000000000000000e+00
8.361662495705848741e+00,4.732862080344478528e+00,0.000000000000000000e+00,1.428877767487335970e-01,3.889847510104331718e-01,0.000000000000000000e+00
8.274545093703935095e+00,4.887789563290799499e+00,0.000000000000000000e+00,3.808171688578950165e-01,7.473127775584529342e-01,0.000000000000000000e+00
8.539907629891448693e+00,4.728804113451693603e+00,0.000000000000000000e+00,1.695120677638404516e-01,1.288707963810323542e-01,0.000000000000000000e+00
8.453782640014527061e+00,4.885174065649974473e+00,0.000000000000000000e+00,3.408650926897529021e-01,1.858064423987816349e-01,0.000000000000000000e+00
5.449733703423419229e+00,3.523044375916099646e+00,0.000000000000000000e+00,2.371797059959110499e+00,8.567504520123420120e-02,0.000000000000000000e+00
5.319953992682674659e+00,3.479303960452167832e+00,0.000000000000000000e+00,2.149938510094058230e+00,-6.788211084796911265e-01,0.000000000000000000e+00
5.475006412149209467e+00,3.668007071899761939e+00,0.000000000000000000e+00,3.384922371003446173e+00,6.041552701074463100e-02,0.000000000000000000e+00
5.327105542792440751e+00,3.659716551328129341e+00,0.000000000000000000e+00,3.108355262249685502e+00,-6.684278765593972826e-01,0.000000000000000000e+00
5.076227742118372355e+00,3.129787158562312488e+00,0.000000000000000000e+00,-2.213943546362856230e-01,1.967369877960645497e-01,0.000000000000000000e+00
5.149295630071492269e+00,3.279232843350415649e+00,0.000000000000000000e+00,-2.091799118135232935e-02,-3.658936068174178935e-02,0.000000000000000000e+00
4.985788817570077747e+00,3.259574317124624976e+00,0.000000000000000000e+00,-3.969361931778241370e-01,4.250448011832270168e-01,0.000000000000000000e+00
5.000000000000000000e+00,3.000000000000000444e+00,0.000000000000000000e+00,0.000000000000000000e+00,0.000000000000000000e+00,0.000000000000000000e+00
4.909561075451705392e+00,3.129787158562312488e+00,0.000000000000000000e+00,-5.019331662989459653e-02,1.562856070139469755e-01,0.000000000000000000e+00
4.833333333333333037e+00,3.000000000000000000e+00,0.000000000000000000e+00,0.000000000000000000e+00,0.000000000000000000e+00,0.000000000000000000e+00
5.215814055804727012e+00,3.392682305324922432e+00,0.000000000000000000e+00,9.856522476380192854e-01,-2.836194576501138709e-01,0.000000000000000000e+00
5.222965605914493992e+00,3.573094896200884829e+00,0.000000000000000000e+00,2.344363034520769329e+00,-8.869259302241842002e-01,0.000000000000000000e+00
5.052307243303312490e+00,3.373023779099132646e+00,0.000000000000000000e+00,5.447781127130140177e-01,2.073826278157727687e-01,0.000000000000000000e+00
5.118825669036546344e+00,3.486473241073639429e+00,0.000000000000000000e+00,1.321502512135842800e+00,-4.782350146111037925e-01,0.000000000000000000e+00
5.696079671489343355e+00,3.918691211465376245e+00,0.000000000000000000e+00,1.278189870682136187e+00,8.703437539278810475e-02,0.000000000000000000e+00
5.561453640752988647e+00,3.838148796235697269e+00,0.000000000000000000e+00,2.351042552965106669e+00,-1.277531380669483241e-01,0.000000000000000000e+00
5.656486753047865079e+00,4.096523447017141883e+00,0.000000000000000000e+00,1.872741163321281765e-01,-4.350159752445197925e-01,0.000000000000000000e+00
5.500000000000000888e+00,4.000000000000000888e+00,0.000000000000000000e+00,0.000000000000000000e+00,0.000000000000000000e+00,0.000000000000000000e+00
5.413552771396220820e+00,3.829858275664064671e+00,0.000000000000000000e+00,2.122655197649303549e+00,-2.707654824150610429e-01,0.000000000000000000e+00
6.275422260077393233e+00,4.738042110343454461e+00,0.000000000000000000e+00,1.582830619201971434e-01,-3.609047398093871983e-01,0.000000000000000000e+00
6.439316625680724826e+00,4.742254073110515833e+00,0.000000000000000000e+00,1.593223880605419973e-01,-3.241429069567697274e-01,0.000000000000000000e+00
6.525022492226092652e+00,4.896630247128037183e+00,0.000000000000000000e+00,1.383161230497531244e-02,-3.005203176555393263e-01,0.000000000000000000e+00
6.353629372700980049e+00,4.890928093991651515e+00,0.000000000000000000e+00,1.814437671450659737e-03,-3.183378578880693421e-01,0.000000000000000000e+00
5.965992782198750177e+00,4.454008043862488719e+00,0.000000000000000000e+00,4.046629856482503174e-02,-4.620965080092984123e-01,0.000000000000000000e+00
6.024785134143956000e+00,4.588559573506827860e+00,0.000000000000000000e+00,8.667781657813264373e-02,-5.333522054927740674e-01,0.000000000000000000e+00
5.852355120834104696e+00,4.591963020318396538e+00,0.000000000000000000e+00,2.860236534622187521e-02,-6.395108948730163778e-01,0.000000000000000000e+00
5.832664313464918315e+00,4.392504957176340596e+00,0.000000000000000000e+00,-2.380196317919573007e-02,-6.773175648408505944e-01,0.000000000000000000e+00
6.133549210339430680e+00,4.720399438856173191e+00,0.000000000000000000e+00,1.186219617617223221e-01,-4.942831652061136505e-01,0.000000000000000000e+00
6.211756322963017496e+00,4.873285422504370246e+00,0.000000000000000000e+00,4.345789139771236848e-02,-4.254391977839728223e-01,0.000000000000000000e+00
5.961119197029581152e+00,4.723802885667743645e+00,0.000000000000000000e+00,9.514212708339636615e-02,-5.914579691666995709e-01,0.000000000000000000e+00
6.069883273225055831e+00,4.855642751017088976e+00,0.000000000000000000e+00,8.801060746229261156e-02,-5.302188001382226457e-01,0.000000000000000000e+00
5.500000000000000000e+00,4.199999999999999289e+00,0.000000000000000000e+00,0.000000000000000000e+00,0.000000000000000000e+00,0.000000000000000000e+00
5.656486753047865967e+00,4.296523447017142061e+00,0.000000000000000000e+00,2.789945339107947203e-02,-4.996541697562146278e-01,0.000000000000000000e+00
5.676177560417052348e+00,4.495981510159198002e+00,0.000000000000000000e+00,5.181783258769926195e-03,-4.736947754304581815e-01,0.000000000000000000e+00
5.500000000000000000e+00,4.399999999999998579e+00,0.000000000000000000e+00,0.000000000000000000e+00,0.000000000000000000e+00,0.000000000000000000e+00
7.652185216651620436e+00,5.048166391216276416e+00,0.000000000000000000e+00,-1.619927292565590260e-01,1.049765269570229087e+00,0.000000000000000000e+00
7.477405007016768579e+00,5.050880047901420866e+00,0.000000000000000000e+00,-3.593711653335103784e-01,5.020710986317392654e-01,0.000000000000000000e+00
7.563096676857345990e+00,5.198509704882988025e+00,0.000000000000000000e+00,-4.725311858576982105e-01,5.964756173084246882e-01,0.000000000000000000e+00
7.135633250333961897e+00,5.052390273925214004e+00,0.000000000000000000e+00,-4.021245407527230253e-01,-9.205996771257134170e-02,0.000000000000000000e+00
7.308386479443950812e+00,5.052582059213150956e+00,0.000000000000000000e+00,-4.269856314905476347e-01,1.468613992153577907e-01,0.000000000000000000e+00
7.394078149284528223e+00,5.200211716194719003e+00,0.000000000000000000e+00,-5.463453003514265882e-01,2.842095834729495007e-01,0.000000000000000000e+00
7.225059621711708679e+00,5.201913727506449980e+00,0.000000000000000000e+00,-5.085929375813902364e-01,4.389488121930395365e-02,0.000000000000000000e+00
8.004382208236620500e+00,5.036640821233831389e+00,0.000000000000000000e+00,1.809394360773802501e-01,1.103238997170159497e+00,0.000000000000000000e+00
7.827365312762894156e+00,5.040349829542800641e+00,0.000000000000000000e+00,8.559735829284956243e-02,1.195748399516104232e+00,0.000000000000000000e+00
7.738276772968621486e+00,5.190693143209513138e+00,0.000000000000000000e+00,-1.555352364079860272e-01,9.136557590909617499e-01,0.000000000000000000e+00
7.913456869079894318e+00,5.182876581536037364e+00,0.000000000000000000e+00,6.438976477419126876e-02,1.088924788560016843e+00,0.000000000000000000e+00
8.365851047450684419e+00,5.037459347643268082e+00,0.000000000000000000e+00,3.880436244717286320e-01,4.232504933635877764e-01,0.000000000000000000e+00
8.186613501140094229e+00,5.040074845284093996e+00,0.000000000000000000e+00,3.042773122806763930e-01,9.048389593800588715e-01,0.000000000000000000e+00
8.095688161983368047e+00,5.186310605586299971e+00,0.000000000000000000e+00,2.058763918275105242e-01,8.781237800760327561e-01,0.000000000000000000e+00
8.277919454886841777e+00,5.189744629636561690e+00,0.000000000000000000e+00,4.133169305240673719e-01,5.585203793253233906e-01,0.000000000000000000e+00
6.786741475041221605e+00,5.045685666439389649e+00,0.000000000000000000e+00,-5.318560472551592949e-02,-1.755852568194245511e-01,0.000000000000000000e+00
6.961637108643725647e+00,5.045952876479168125e+00,0.000000000000000000e+00,-2.332014917080831029e-01,-1.903187191259645139e-01,0.000000000000000000e+00
7.051063480021474206e+00,5.195476330060404102e+00,0.000000000000000000e+00,-4.287421042252780312e-01,-4.705974602880530488e-02,0.000000000000000000e+00
6.877067338331238844e+00,5.189038932614359112e+00,0.000000000000000000e+00,-3.032545485618349246e-01,-3.342961955409014946e-02,0.000000000000000000e+00
9.035064928737748247e+00,4.149450087310215807e+00,0.000000000000000000e+00,-4.786512739177684050e-01,-6.997794040472246624e-02,0.000000000000000000e+00
8.956316837637778860e+00,4.279841140785771714e+00,0.000000000000000000e+00,-4.460423243314521335e-01,-8.023825768714060169e-02,0.000000000000000000e+00
9.135356955086058051e+00,4.271154259545882681e+00,0.000000000000000000e+00,-4.556246721296403623e-01,-5.899432938338215054e-02,0.000000000000000000e+00
9.108903993434008584e+00,4.018061139437506313e+00,0.000000000000000000e+00,-4.761128143120438860e-01,6.938508024815038394e-03,0.000000000000000000e+00
9.194456028327572028e+00,3.901845993279471347e+00,0.000000000000000000e+00,-4.431058167718903706e-01,7.463397480047515020e-02,0.000000000000000000e+00
9.209196019782318388e+00,4.139765311673173187e+00,0.000000000000000000e+00,-4.287080564563985341e-01,2.328189956340297531e-02,0.000000000000000000e+00
9.283035084478578725e+00,4.008376363800463693e+00,0.000000000000000000e+00,-4.422295668997878182e-01,7.638443068894724963e-02,0.000000000000000000e+00
8.879978138840403545e+00,4.426091634587484336e+00,0.000000000000000000e+00,-2.860915950507295080e-01,-6.955079662629226611e-02,0.000000000000000000e+00
8.804356088629839761e+00,4.568044704201360773e+00,0.000000000000000000e+00,-5.152070956656937262e-02,-9.008210278023781603e-02,0.000000000000000000e+00
9.059018256288684512e+00,4.417404753347595303e+00,0.000000000000000000e+00,-2.916862981410647815e-01,-9.502990084613779920e-02,0.000000000000000000e+00
8.982679557491309197e+00,4.563655247149307925e+00,0.000000000000000000e+00,-1.630703224145337721e-02,-1.009837186601399706e-01,0.000000000000000000e+00
9.279155223747528325e+00,3.781033391549406542e+00,0.000000000000000000e+00,-4.966367682727007571e-01,2.975400653141431484e-02,0.000000000000000000e+00
9.369073880518916653e+00,3.633375580170167041e+00,0.000000000000000000e+00,-3.635589130616155296e-01,-4.704383811636466718e-03,0.000000000000000000e+00
9.367734279898536798e+00,3.887563762070399775e+00,0.000000000000000000e+00,-4.701120131597888996e-01,-1.778289263152173574e-02,0.000000000000000000e+00
9.452433475318493095e+00,3.766751160340334081e+00,0.000000000000000000e+00,-4.984307458651631717e-01,-5.386249434697125416e-02,0.000000000000000000e+00
8.632546330027018655e+00,4.881548853827073486e+00,0.000000000000000000e+00,3.247687485586313594e-01,6.565503395149727139e-02,0.000000000000000000e+00
8.718671319903940287e+00,4.725178901628792616e+00,0.000000000000000000e+00,1.022101836185333457e-01,-5.717109083157335264e-02,0.000000000000000000e+00
8.896994788765411499e+00,4.720789444576739768e+00,0.000000000000000000e+00,8.199965888779964240e-02,-1.275179098923633902e-01,0.000000000000000000e+00
8.811310020039512025e+00,4.877923642004172500e+00,0.000000000000000000e+00,2.750580352118558447e-01,-7.877892641217376646e-02,0.000000000000000000e+00
9.464285714289506046e+00,3.500000000000000444e+00,0.000000000000000000e+00,0.000000000000000000e+00,0.000000000000000000e+00,0.000000000000000000e+00
9.547645309089082488e+00,3.633375580170167485e+00,0.000000000000000000e+00,-3.629514714947761345e-01,-4.921320704436894095e-02,0.000000000000000000e+00
9.642857142859671882e+00,3.500000000000000444e+00,0.000000000000000000e+00,0.000000000000000000e+00,0.000000000000000000e+00,0.000000000000000000e+00
6.435740063199379080e+00,5.053119267046935370e+00,0.000000000000000000e+00,-1.347102030455893384e-01,-3.332989315603402947e-01,0.000000000000000000e+00
6.607133182724492571e+00,5.058821420183321038e+00,0.000000000000000000e+00,-9.223268474413102991e-02,-3.055173953177289237e-01,0.000000000000000000e+00
6.697459046014508921e+00,5.202174686358288724e+00,0.000000000000000000e+00,-2.668519239979113000e-01,-2.282814920395009051e-01,0.000000000000000000e+00
6.517850753697778998e+00,5.215310440102220113e+00,0.000000000000000000e+00,-2.474967336745135249e-01,-3.604881621209093945e-01,0.000000000000000000e+00
8.462720897469013792e+00,5.177595159093119292e+00,0.000000000000000000e+00,4.255699023199325248e-01,2.959842383952947520e-01,0.000000000000000000e+00
8.550652490032854658e+00,5.025309877099823908e+00,0.000000000000000000e+00,3.168479348515884086e-01,1.218548766057352961e-01,0.000000000000000000e+00
8.729416180045348028e+00,5.021684665276923809e+00,0.000000000000000000e+00,3.198579557849418054e-01,1.235894066682713139e-03,0.000000000000000000e+00
8.647522340051185807e+00,5.165445688549676007e+00,0.000000000000000000e+00,3.640944836960513520e-01,4.501251020414488713e-02,0.000000000000000000e+00
5.321428571428572063e+00,4.000000000000000000e+00,0.000000000000000000e+00,0.000000000000000000e+00,0.000000000000000000e+00,0.000000000000000000e+00
5.041873769481329148e+00,3.594977481256490748e+00,0.000000000000000000e+00,3.167062775953912279e+00,-3.669765634381842029e-02,0.000000000000000000e+00
5.146013706359276796e+00,3.681599136383735704e+00,0.000000000000000000e+00,3.804802215674675914e+00,-4.960917063646232972e-01,0.000000000000000000e+00
5.234981342824791994e+00,3.829858275664064671e+00,0.000000000000000000e+00,2.245723514291960932e+00,-7.332825504819202866e-02,0.000000000000000000e+00
5.053889506391627151e+00,3.851740860719670589e+00,0.000000000000000000e+00,3.120426734986047723e+00,2.089185258101586562e-01,0.000000000000000000e+00
5.142857142857144126e+00,4.000000000000000888e+00,0.000000000000000000e+00,0.000000000000000000e+00,0.000000000000000000e+00,0.000000000000000000e+00
4.964921869926111953e+00,3.703481721439342067e+00,0.000000000000000000e+00,4.237612195776200963e+00,4.019265518012565819e-01,0.000000000000000000e+00
4.828120144477571429e+00,3.253386625552232125e+00,0.000000000000000000e+00,-8.419186850049169279e-02,3.957572297432472852e-01,0.000000000000000000e+00
4.751892402359198186e+00,3.123599466989919193e+00,0.000000000000000000e+00,1.267978557573234688e-01,1.526696137547336185e-01,0.000000000000000000e+00
4.962375478753304314e+00,3.482304659309011008e+00,0.000000000000000000e+00,1.279589870825558640e+00,6.302971486484356678e-01,0.000000000000000000e+00
4.895857053020069571e+00,3.368855197334503337e+00,0.000000000000000000e+00,4.780966351779724066e-01,9.975295383566838980e-01,0.000000000000000000e+00
4.738188379927562366e+00,3.362667505762110487e+00,0.000000000000000000e+00,9.572773158783659531e-01,4.935190840436954329e-01,0.000000000000000000e+00
4.670451471385063336e+00,3.247198933979837943e+00,0.000000000000000000e+00,-1.361022640167617037e-01,9.083660105153854025e-02,0.000000000000000000e+00
4.805925288470062284e+00,3.478136077544382587e+00,0.000000000000000000e+00,1.057789057669056287e+00,1.333066286336781037e+00,0.000000000000000000e+00
4.666666666666666963e+00,3.000000000000000444e+00,0.000000000000000000e+00,0.000000000000000000e+00,0.000000000000000000e+00,0.000000000000000000e+00
4.585225735692532112e+00,3.123599466989919193e+00,0.000000000000000000e+00,1.295172631395612173e-01,-9.961230564965001602e-03,0.000000000000000000e+00
4.500000000000000000e+00,3.000000000000000000e+00,0.000000000000000000e+00,0.000000000000000000e+00,0.000000000000000000e+00,0.000000000000000000e+00
4.885423579198086230e+00,3.590808899491861439e+00,0.000000000000000000e+00,3.029983637699561694e+00,1.136324506119285926e+00,0.000000000000000000e+00
6.105170382086232195e+00,5.028437032099460247e+00,0.000000000000000000e+00,-9.325580408263128840e-02,-4.580424541158230056e-01,0.000000000000000000e+00
6.247043431824193860e+00,5.046079703586740628e+00,0.000000000000000000e+00,-1.522609939028943260e-01,-3.417303132682583677e-01,0.000000000000000000e+00
6.329154122322593778e+00,5.208270876642025371e+00,0.000000000000000000e+00,-2.643263897851576560e-01,-3.333642047998777724e-01,0.000000000000000000e+00
6.140457490947409447e+00,5.201231313181831517e+00,0.000000000000000000e+00,-2.720674780062701803e-01,-3.553650622315172036e-01,0.000000000000000000e+00
5.500000000000000000e+00,4.599999999999999645e+00,0.000000000000000000e+00,0.000000000000000000e+00,0.000000000000000000e+00,0.000000000000000000e+00
5.676177560417052348e+00,4.695981510159198180e+00,0.000000000000000000e+00,2.185122092494321336e-02,-4.718251948700307175e-01,0.000000000000000000e+00
5.937821253707020297e+00,4.932288975957698440e+00,0.000000000000000000e+00,3.742868606911841506e-02,-6.106842325314703057e-01,0.000000000000000000e+00
5.829057177511544729e+00,4.800449110608351333e+00,0.000000000000000000e+00,8.106083480583865797e-02,-6.699164760922934336e-01,0.000000000000000000e+00
5.652879617094491493e+00,4.904467600449152087e+00,0.000000000000000000e+00,2.388917131795298757e-02,-4.831669402972150751e-01,0.000000000000000000e+00
5.500000000000000000e+00,4.799999999999998934e+00,0.000000000000000000e+00,0.000000000000000000e+00,0.000000000000000000e+00,0.000000000000000000e+00
5.805759234188983875e+00,5.008935200898306128e+00,0.000000000000000000e+00,-1.570732485288761637e-02,-6.755596565762356231e-01,0.000000000000000000e+00
5.973108362568197549e+00,5.105083257040068823e+00,0.000000000000000000e+00,-1.397373928627737572e-01,-5.430011991870843380e-01,0.000000000000000000e+00
7.309085476396129266e+00,5.340298649037706014e+00,0.000000000000000000e+00,-6.080319317740567886e-01,1.571615365148568144e-01,0.000000000000000000e+00
7.478104003968947922e+00,5.338596637725975924e+00,0.000000000000000000e+00,-6.006569839256385990e-01,3.793548740151659326e-01,0.000000000000000000e+00
7.654296209722555311e+00,5.330067021291752916e+00,0.000000000000000000e+00,-4.322121702034614210e-01,5.435875317361847925e-01,0.000000000000000000e+00
7.829476305833830807e+00,5.322250459618278029e+00,0.000000000000000000e+00,-1.790596552510574091e-01,8.573809498715631028e-01,0.000000000000000000e+00
7.569303536834157242e+00,5.470153954134740815e+00,0.000000000000000000e+00,-5.542964638138995204e-01,3.368123566050039708e-01,0.000000000000000000e+00
7.393111331080549853e+00,5.478683570568962935e+00,0.000000000000000000e+00,-6.618204792139569248e-01,2.334066745011078858e-01,0.000000000000000000e+00
7.745495742587765520e+00,5.461624337700518694e+00,0.000000000000000000e+00,-3.780442524731194576e-01,5.096860773359407348e-01,0.000000000000000000e+00
6.960237807484039863e+00,5.324669760113107664e+00,0.000000000000000000e+00,-5.269361910403912441e-01,1.879629619963145079e-02,0.000000000000000000e+00
7.134233949174273448e+00,5.331107157559152654e+00,0.000000000000000000e+00,-5.943510948332004773e-01,2.146803421948063548e-02,0.000000000000000000e+00
7.218259803858694923e+00,5.469492079090409575e+00,0.000000000000000000e+00,-6.885556829275116808e-01,6.539015377620865932e-02,0.000000000000000000e+00
7.043408276636839105e+00,5.460300587611856216e+00,0.000000000000000000e+00,-6.763327047597003094e-01,3.816391991489697516e-02,0.000000000000000000e+00
8.008187363968771066e+00,5.311842630475147153e+00,0.000000000000000000e+00,1.248417870407714098e-01,8.592790428203989084e-01,0.000000000000000000e+00
8.190418656872246572e+00,5.315276654525409761e+00,0.000000000000000000e+00,3.466956691880150876e-01,5.525524197055192710e-01,0.000000000000000000e+00
7.924206800722705779e+00,5.451216508557386931e+00,0.000000000000000000e+00,-3.893111534171838500e-02,6.241979747805600498e-01,0.000000000000000000e+00
8.102917858857646038e+00,5.440808679414256055e+00,0.000000000000000000e+00,2.765329345382820381e-01,5.344356258856129971e-01,0.000000000000000000e+00
8.379525824879282325e+00,5.317051216965506200e+00,0.000000000000000000e+00,4.786803166865991055e-01,3.926130831820178191e-01,0.000000000000000000e+00
8.564327267461454340e+00,5.304901746422062914e+00,0.000000000000000000e+00,4.831816163013956666e-01,1.548726482146423611e-01,0.000000000000000000e+00
8.292025026864685344e+00,5.442583241854353382e+00,0.000000000000000000e+00,4.294037481134296286e-01,3.721461459376602665e-01,0.000000000000000000e+00
8.481132194871721097e+00,5.444357804294448933e+00,0.000000000000000000e+00,5.524892462397438253e-01,2.208973401333841069e-01,0.000000000000000000e+00
6.599564536741512555e+00,5.333202395402333096e+00,0.000000000000000000e+00,-4.729463121364609335e-01,-2.646988720975405607e-01,0.000000000000000000e+00
6.779172829058241589e+00,5.320066641658401707e+00,0.000000000000000000e+00,-5.103306525919460990e-01,-9.739599400239080940e-02,0.000000000000000000e+00
6.862343298211042608e+00,5.455697469157151147e+00,0.000000000000000000e+00,-6.738117249908575079e-01,-2.990398899909191277e-02,0.000000000000000000e+00
6.681278319785245223e+00,5.451094350702444302e+00,0.000000000000000000e+00,-6.457919829722471583e-01,-1.459354572391219074e-01,0.000000000000000000e+00
9.355737302306412317e+00,4.131118872961413224e+00,0.000000000000000000e+00,-2.697225093736573820e-01,-8.600126940493341143e-02,0.000000000000000000e+00
9.281898237610150204e+00,4.262507820834121830e+00,0.000000000000000000e+00,-2.099064852661801928e-01,-2.224313404303866759e-01,0.000000000000000000e+00
9.252300843418534981e+00,4.417541297981307125e+00,0.000000000000000000e+00,-1.412730095504878547e-01,-4.167188319776714001e-01,0.000000000000000000e+00
9.175962144621159666e+00,4.563791791783018859e+00,0.000000000000000000e+00,6.554069978006653308e-02,-3.742416687725353963e-01,0.000000000000000000e+00
9.398842125942625358e+00,4.408894859269546274e+00,0.000000000000000000e+00,9.065332431497239579e-03,-4.254270096323916617e-01,0.000000000000000000e+00
9.428439520134240581e+00,4.253861382122360979e+00,0.000000000000000000e+00,1.125788645591967348e-02,-2.531098993212705928e-01,0.000000000000000000e+00
9.369244731751010136e+00,4.563928336416730680e+00,0.000000000000000000e+00,8.857707540333514817e-02,-5.463733848580867303e-01,0.000000000000000000e+00
9.470799584072016941e+00,4.021872311147114409e+00,0.000000000000000000e+00,-4.260287668961319496e-01,-2.883747588742432422e-01,0.000000000000000000e+00
9.555498779491973238e+00,3.901059709417049604e+00,0.000000000000000000e+00,-3.385041974300882495e-01,-3.741173560043895008e-01,0.000000000000000000e+00
9.543501801899846981e+00,4.144614820308063052e+00,0.000000000000000000e+00,-2.025670447418480569e-01,-4.225397601953697624e-01,0.000000000000000000e+00
9.658564083665455158e+00,4.035368258493765126e+00,0.000000000000000000e+00,-4.044848902974575999e-01,-5.307065048151941022e-01,0.000000000000000000e+00
8.984191518009424726e+00,4.877580136581122439e+00,0.000000000000000000e+00,2.520642956111162070e-01,-1.979392778848433343e-01,0.000000000000000000e+00
9.069876286735325976e+00,4.720445939153690595e+00,0.000000000000000000e+00,1.218028728582718073e-01,-2.360450527207317295e-01,0.000000000000000000e+00
9.263158873865174670e+00,4.720582483787401529e+00,0.000000000000000000e+00,4.475612691598798709e-02,-4.471955540619006464e-01,0.000000000000000000e+00
9.157073015979339203e+00,4.877236631158072377e+00,0.000000000000000000e+00,2.175628402126391359e-01,-2.461920503248602454e-01,0.000000000000000000e+00
9.595493379164931724e+00,3.764098938664816707e+00,0.000000000000000000e+00,-3.375327150680588195e-01,-2.785076851130569020e-01,0.000000000000000000e+00
9.690705212935519341e+00,3.630723358494650110e+00,0.000000000000000000e+00,-2.363810501827890154e-01,-1.336579561785460057e-01,0.000000000000000000e+00
9.698558683338411868e+00,3.898407487741532229e+00,0.000000000000000000e+00,-3.038233429693540932e-01,-5.572475928906106546e-01,0.000000000000000000e+00
9.738553283011366801e+00,3.761446716989299777e+00,0.000000000000000000e+00,-1.315160600827613435e-01,-3.954227087748767300e-01,0.000000000000000000e+00
8.825792114598431937e+00,5.164823262772435086e+00,0.000000000000000000e+00,3.434088972560589426e-01,-5.119729937828308708e-02,0.000000000000000000e+00
8.907685954592594157e+00,5.021062239499682889e+00,0.000000000000000000e+00,2.917098222971188926e-01,-1.276053548700115947e-01,0.000000000000000000e+00
9.080567452562510411e+00,5.020718734076632828e+00,0.000000000000000000e+00,2.443050266881307553e-01,-2.047054538817810743e-01,0.000000000000000000e+00
9.004061889145681619e+00,5.164200836995194166e+00,0.000000000000000000e+00,2.782040576341972549e-01,-1.239884142791757571e-01,0.000000000000000000e+00
9.821428571429835941e+00,3.500000000000000444e+00,0.000000000000000000e+00,0.000000000000000000e+00,0.000000000000000000e+00,0.000000000000000000e+00
1.000000000000000178e+01,3.500000000000000444e+00,0.000000000000000000e+00,0.000000000000000000e+00,0.000000000000000000e+00,0.000000000000000000e+00
9.869276641505685177e+00,3.630723358494650110e+00,0.000000000000000000e+00,-2.123014860046700328e-02,-1.414707832097977236e-01,0.000000000000000000e+00
6.245209855014238087e+00,5.314233564704122337e+00,0.000000000000000000e+00,-3.425947072994780518e-01,-3.307778420109911410e-01,0.000000000000000000e+00
6.433906486389423307e+00,5.321273128164316191e+00,0.000000000000000000e+00,-3.521750961752648790e-01,-3.305495727910437997e-01,0.000000000000000000e+00
6.515620269433156864e+00,5.439165083464429173e+00,0.000000000000000000e+00,-5.405678871807844121e-01,-2.282111158071321033e-01,0.000000000000000000e+00
6.349962219081066728e+00,5.427235816226413156e+00,0.000000000000000000e+00,-4.261083007824533753e-01,-2.914311562657409538e-01,0.000000000000000000e+00
8.663734097278332769e+00,5.442210344008049816e+00,0.000000000000000000e+00,5.903473935642220560e-01,3.987278322138951975e-02,0.000000000000000000e+00
8.746929169868064236e+00,5.302754286135662909e+00,0.000000000000000000e+00,4.817374927262182971e-01,-2.055065511861007763e-02,0.000000000000000000e+00
8.925198944415310365e+00,5.302131860358421989e+00,0.000000000000000000e+00,4.834257895487288348e-01,-7.069639512341316379e-02,0.000000000000000000e+00
8.846335999684940887e+00,5.440062883721648923e+00,0.000000000000000000e+00,5.849989594938722615e-01,-6.721428505049252544e-02,0.000000000000000000e+00
4.964285714285715301e+00,4.000000000000000000e+00,0.000000000000000000e+00,0.000000000000000000e+00,0.000000000000000000e+00,0.000000000000000000e+00
4.875318077820198326e+00,3.851740860719671034e+00,0.000000000000000000e+00,2.943035549572052822e+00,1.029711653621539491e-01,0.000000000000000000e+00
4.785714285714286476e+00,4.000000000000000888e+00,0.000000000000000000e+00,0.000000000000000000e+00,0.000000000000000000e+00,0.000000000000000000e+00
4.690472407483142092e+00,3.592314167064663000e+00,0.000000000000000000e+00,1.864521701437080958e+00,9.157981112159908621e-01,0.000000000000000000e+00
4.769970698211166926e+00,3.704986989012142296e+00,0.000000000000000000e+00,3.435221672387958503e+00,6.877389578428384498e-01,0.000000000000000000e+00
4.680366906105254188e+00,3.853246128292471262e+00,0.000000000000000000e+00,1.615160504748798465e+00,-3.710857657530417658e-02,0.000000000000000000e+00
4.575019526496222788e+00,3.706492256584942968e+00,0.000000000000000000e+00,2.395785031334376924e+00,2.387227249394863193e-01,0.000000000000000000e+00
4.604940697706882524e+00,3.343949056785492147e+00,0.000000000000000000e+00,9.099659779392589298e-01,4.957561562729114746e-01,0.000000000000000000e+00
4.672677606249381554e+00,3.459417628567764247e+00,0.000000000000000000e+00,1.485646823090211344e+00,5.646370380190647298e-01,0.000000000000000000e+00
4.539429924028700825e+00,3.440699179591146351e+00,0.000000000000000000e+00,1.383357766356246188e+00,6.576399543150920346e-01,0.000000000000000000e+00
4.442415591699932165e+00,3.128073773051045059e+00,0.000000000000000000e+00,5.355972421824386487e-01,5.943926291102233916e-01,0.000000000000000000e+00
4.527641327392464277e+00,3.251673240040963808e+00,0.000000000000000000e+00,3.681526595234146937e-01,6.480659117859419727e-01,0.000000000000000000e+00
4.462130553714283465e+00,3.348423362846618012e+00,0.000000000000000000e+00,9.861500669556142462e-01,9.320602008592410170e-01,0.000000000000000000e+00
4.384831183399864329e+00,3.256147546102088786e+00,0.000000000000000000e+00,6.508158782225449412e-01,9.783243255782041459e-01,0.000000000000000000e+00
4.557224725262462250e+00,3.573595718088045103e+00,0.000000000000000000e+00,1.959874247623946797e+00,4.305521241236771601e-01,0.000000000000000000e+00
4.500000000000000000e+00,2.875000000000000444e+00,0.000000000000000000e+00,0.000000000000000000e+00,0.000000000000000000e+00,0.000000000000000000e+00
4.358840003652717954e+00,3.010759827642945474e+00,0.000000000000000000e+00,1.260819534378979645e-01,1.318557422983203997e+00,0.000000000000000000e+00
4.301255595352650118e+00,3.138833600693989645e+00,0.000000000000000000e+00,4.728319871240925787e-01,1.556050418747793929e+00,0.000000000000000000e+00
4.406920138930201958e+00,2.915635730526217273e+00,0.000000000000000000e+00,2.972132172106137921e-02,8.708425116642650732e-01,0.000000000000000000e+00
4.265760142582918135e+00,2.926395558169162747e+00,0.000000000000000000e+00,2.656643636411835097e-01,1.674912860210626020e+00,0.000000000000000000e+00
4.406920138930201958e+00,2.790635730526217273e+00,0.000000000000000000e+00,1.005261802398350751e-01,8.879518415535989639e-01,0.000000000000000000e+00
4.500000000000000000e+00,2.750000000000000000e+00,0.000000000000000000e+00,0.000000000000000000e+00,0.000000000000000000e+00,0.000000000000000000e+00
4.313840277860402139e+00,2.831271461052434546e+00,0.000000000000000000e+00,1.792380876100576059e-01,1.330799023089104027e+00,0.000000000000000000e+00
4.217680007305434131e+00,3.021519655285890060e+00,0.000000000000000000e+00,1.839325806700075616e-01,1.954228835131937458e+00,0.000000000000000000e+00
5.803353457442058883e+00,5.201630483465335075e+00,0.000000000000000000e+00,-1.242089551961872707e-01,-5.978339663862217712e-01,0.000000000000000000e+00
5.970702585821270780e+00,5.297778539607096882e+00,0.000000000000000000e+00,-2.152497296935392546e-01,-4.325955184759652794e-01,0.000000000000000000e+00
6.219786958068089788e+00,5.530117103223020081e+00,0.000000000000000000e+00,-3.841035083455542343e-01,-2.206714522637703568e-01,0.000000000000000000e+00
6.115034594001262036e+00,5.417114851700729261e+00,0.000000000000000000e+00,-3.220044725880638614e-01,-2.554027517745318665e-01,0.000000000000000000e+00
5.945279688875123369e+00,5.513662078125994626e+00,0.000000000000000000e+00,-2.561449352759460063e-01,-3.046461452951187421e-01,0.000000000000000000e+00
5.800947680695133002e+00,5.394325766032363134e+00,0.000000000000000000e+00,-1.218543405717851524e-01,-4.725041663253911617e-01,0.000000000000000000e+00
6.089611697055111961e+00,5.632998390219625229e+00,0.000000000000000000e+00,-3.380628511289673899e-01,-1.495786496522555908e-01,0.000000000000000000e+00
5.500000000000000000e+00,5.000000000000000000e+00,0.000000000000000000e+00,0.000000000000000000e+00,0.000000000000000000e+00,0.000000000000000000e+00
5.652879617094492382e+00,5.104467600449153153e+00,0.000000000000000000e+00,-5.891165967243380819e-02,-5.105627861614362439e-01,0.000000000000000000e+00
5.500000000000000000e+00,5.199999999999999289e+00,0.000000000000000000e+00,0.000000000000000000e+00,0.000000000000000000e+00,0.000000000000000000e+00
5.650473840347566501e+00,5.297162883016181212e+00,0.000000000000000000e+00,-3.295888608983948281e-02,-3.773866628687650993e-01,0.000000000000000000e+00
7.482581509207630432e+00,5.612971462927855093e+00,0.000000000000000000e+00,-5.285512746820566488e-01,1.915358343761139615e-01,0.000000000000000000e+00
7.658773714961236934e+00,5.604441846493632085e+00,0.000000000000000000e+00,-4.220059384626033694e-01,2.787709952466420060e-01,0.000000000000000000e+00
7.572051687334709236e+00,5.747259355286746363e+00,0.000000000000000000e+00,-3.609538129447779076e-01,1.319628041612326275e-01,0.000000000000000000e+00
7.123940257496511386e+00,5.597544064137935038e+00,0.000000000000000000e+00,-6.186676418198880922e-01,4.309823929638106899e-02,0.000000000000000000e+00
7.298791784718366316e+00,5.606735555616487510e+00,0.000000000000000000e+00,-6.182033052188188327e-01,1.098053082358077248e-01,0.000000000000000000e+00
7.388261962845446895e+00,5.741023447975379668e+00,0.000000000000000000e+00,-4.668706784904274043e-01,8.187523387107698003e-02,0.000000000000000000e+00
7.204472238356182778e+00,5.734787540664012084e+00,0.000000000000000000e+00,-5.348558584725140452e-01,4.578275701656744218e-02,0.000000000000000000e+00
8.015335068375909700e+00,5.582262222607292657e+00,0.000000000000000000e+00,7.053903030821331854e-02,3.809458126516107601e-01,0.000000000000000000e+00
7.836624010240969440e+00,5.592670051750423532e+00,0.000000000000000000e+00,-2.193223000833306457e-01,3.556243979106334940e-01,0.000000000000000000e+00
7.749901982614441742e+00,5.735487560543537811e+00,0.000000000000000000e+00,-2.398235024490971701e-01,1.649645920123115894e-01,0.000000000000000000e+00
7.927752277894172472e+00,5.723715765800327482e+00,0.000000000000000000e+00,-6.945678323861696757e-02,1.824584437572259465e-01,0.000000000000000000e+00
6.762270227435129399e+00,5.586788040609479644e+00,0.000000000000000000e+00,-6.227467496113814338e-01,-6.671130232031630136e-02,0.000000000000000000e+00
6.943335205860926784e+00,5.591391159064185601e+00,0.000000000000000000e+00,-6.335172227180336790e-01,8.146401691687966615e-03,0.000000000000000000e+00
7.023867186720598177e+00,5.728634635590263535e+00,0.000000000000000000e+00,-5.590766957320044694e-01,1.215837917401422358e-02,0.000000000000000000e+00
6.843262135085011799e+00,5.722481730516513210e+00,0.000000000000000000e+00,-5.727268203364490606e-01,-1.507102478697486779e-02,0.000000000000000000e+00
8.390370887734000860e+00,5.579238432900107014e+00,0.000000000000000000e+00,4.271331319188172437e-01,1.928522926480540911e-01,0.000000000000000000e+00
8.201263719726963330e+00,5.577463870460009687e+00,0.000000000000000000e+00,2.921272804214531393e-01,3.282878374082003892e-01,0.000000000000000000e+00
8.113680929245225215e+00,5.718917413653045401e+00,0.000000000000000000e+00,1.238987483781340687e-01,1.964212562462711309e-01,0.000000000000000000e+00
8.299609580596275293e+00,5.714119061505762431e+00,0.000000000000000000e+00,2.846742246674016652e-01,1.462862325055297175e-01,0.000000000000000000e+00
8.764204599036238719e+00,5.572418126025404206e+00,0.000000000000000000e+00,5.146754342231226742e-01,-2.355574018535516040e-02,0.000000000000000000e+00
8.581602696629628824e+00,5.574565586311804211e+00,0.000000000000000000e+00,5.126735730139233560e-01,8.603515195449683295e-02,0.000000000000000000e+00
8.490841389491905034e+00,5.709446214917461404e+00,0.000000000000000000e+00,3.747781899571627773e-01,7.641538822353136085e-02,0.000000000000000000e+00
8.682073198387532997e+00,5.704773368329157712e+00,0.000000000000000000e+00,4.190382497252527205e-01,1.323266742432387816e-02,0.000000000000000000e+00
6.411817026260083985e+00,5.563386507864746200e+00,0.000000000000000000e+00,-4.906081514135103294e-01,-1.802921396491301009e-01,0.000000000000000000e+00
6.577475076612173233e+00,5.575315775102762217e+00,0.000000000000000000e+00,-5.762021473934910709e-01,-1.203012976589163119e-01,0.000000000000000000e+00
6.658466984262056521e+00,5.711009465009796671e+00,0.000000000000000000e+00,-5.446629765135202472e-01,-5.968892838588912841e-02,0.000000000000000000e+00
6.473671833439099466e+00,5.699537199503077467e+00,0.000000000000000000e+00,-5.022744782827359700e-01,-9.029787994644851434e-02,0.000000000000000000e+00
9.562218132912178703e+00,4.322170537238665844e+00,0.000000000000000000e+00,1.616234849564895937e-01,-5.146739545704813734e-01,0.000000000000000000e+00
9.532620738720559928e+00,4.477204014385850250e+00,0.000000000000000000e+00,1.302877762586802657e-01,-5.762606456786576459e-01,0.000000000000000000e+00
9.695996745690111496e+00,4.390479692354969821e+00,0.000000000000000000e+00,1.471522863409918946e-01,-6.518853992950061071e-01,0.000000000000000000e+00
9.677280414677783327e+00,4.212923975424367029e+00,0.000000000000000000e+00,2.873304178393490046e-02,-6.984704002857989869e-01,0.000000000000000000e+00
9.306615534281888813e+00,4.890087305207366342e+00,0.000000000000000000e+00,1.406235287100537079e-01,-4.152736728754832241e-01,0.000000000000000000e+00
9.412701392167722503e+00,4.733433157836695493e+00,0.000000000000000000e+00,-2.353867356354521784e-03,-5.613850920703461478e-01,0.000000000000000000e+00
9.696642752150074429e+00,4.567030625787141140e+00,0.000000000000000000e+00,4.888681956098439585e-02,-5.865651090541857959e-01,0.000000000000000000e+00
9.533266745180522861e+00,4.653754947818020682e+00,0.000000000000000000e+00,4.250574009084844701e-02,-5.435219769467094508e-01,0.000000000000000000e+00
9.576723405597237004e+00,4.823259769237986383e+00,0.000000000000000000e+00,2.599070594398966705e-02,-5.432303872347201690e-01,0.000000000000000000e+00
9.456158052584436646e+00,4.902937979256660306e+00,0.000000000000000000e+00,8.135374513325935308e-02,-5.441300780519434666e-01,0.000000000000000000e+00
9.697288758610037362e+00,4.743581559219312460e+00,0.000000000000000000e+00,1.068426389001249539e-02,-5.342563587335554809e-01,0.000000000000000000e+00
1.000000000000000000e+01,4.035714285714286476e+00,0.000000000000000000e+00,0.000000000000000000e+00,0.000000000000000000e+00,0.000000000000000000e+00
9.869276641505685177e+00,3.809294787066078936e+00,0.000000000000000000e+00,-1.464118613257281432e-02,-3.142242032570564114e-01,0.000000000000000000e+00
9.829282041832726691e+00,3.946255557818310944e+00,0.000000000000000000e+00,-3.966999463487647093e-01,-5.263609951851810909e-01,0.000000000000000000e+00
9.829282041832726691e+00,4.124826986389740213e+00,0.000000000000000000e+00,-2.622090943308572411e-02,-6.114687413751821454e-01,0.000000000000000000e+00
9.847998372845056636e+00,4.302382703320342117e+00,0.000000000000000000e+00,3.903261726073176119e-02,-5.055392066587844901e-01,0.000000000000000000e+00
1.000000000000000178e+01,3.857142857142858094e+00,0.000000000000000000e+00,0.000000000000000000e+00,0.000000000000000000e+00,0.000000000000000000e+00
1.000000000000000178e+01,4.214285714285715301e+00,0.000000000000000000e+00,0.000000000000000000e+00,0.000000000000000000e+00,0.000000000000000000e+00
9.188453728764077511e+00,5.192930157950369718e+00,0.000000000000000000e+00,1.848939744185143785e-01,-2.095237902459397006e-01,0.000000000000000000e+00
9.264959292180908079e+00,5.049448055031809268e+00,0.000000000000000000e+00,2.122050736488050593e-01,-2.809916036140053253e-01,0.000000000000000000e+00
9.414501810483455913e+00,5.062298729081103232e+00,0.000000000000000000e+00,1.428691235670198623e-01,-4.392876274029702821e-01,0.000000000000000000e+00
9.372845568382473402e+00,5.221659478905545271e+00,0.000000000000000000e+00,1.188715048868254076e-01,-3.228659693660264618e-01,0.000000000000000000e+00
1.000000000000000000e+01,3.678571428571428825e+00,0.000000000000000000e+00,0.000000000000000000e+00,0.000000000000000000e+00,0.000000000000000000e+00
8.994782151811630655e+00,5.437306309863356724e+00,0.000000000000000000e+00,5.887975929368101102e-01,-7.885748795605561356e-02,0.000000000000000000e+00
9.073645096541998356e+00,5.299375286500128013e+00,0.000000000000000000e+00,4.685062085156009304e-01,-8.599089214429848915e-02,0.000000000000000000e+00
9.258036936160396024e+00,5.328104607455304453e+00,0.000000000000000000e+00,4.520638618428812761e-01,-1.347586464064662315e-01,0.000000000000000000e+00
9.143228303938316870e+00,5.434549736005062748e+00,0.000000000000000000e+00,5.856534139899826075e-01,-7.521370547486151692e-02,0.000000000000000000e+00
6.281641765247107045e+00,5.666267794861352236e+00,0.000000000000000000e+00,-4.264031079324816509e-01,-1.381102769482677461e-01,0.000000000000000000e+00
8.946669351580990082e+00,5.570125358407435279e+00,0.000000000000000000e+00,4.809117113451334413e-01,-8.009800574248297778e-02,0.000000000000000000e+00
8.864537950932287913e+00,5.702480600711189673e+00,0.000000000000000000e+00,3.877556405331646916e-01,-3.129798500272608364e-02,0.000000000000000000e+00
9.095115503707678073e+00,5.567368784549142191e+00,0.000000000000000000e+00,4.783843075768581254e-01,-7.521706931948340946e-02,0.000000000000000000e+00
9.047002703477037500e+00,5.700187833093219858e+00,0.000000000000000000e+00,3.367941458672059074e-01,-7.313800198207090486e-02,0.000000000000000000e+00
4.607142857142857650e+00,4.000000000000000000e+00,0.000000000000000000e+00,0.000000000000000000e+00,0.000000000000000000e+00,0.000000000000000000e+00
4.501795477533827139e+00,3.853246128292472150e+00,0.000000000000000000e+00,1.624474688736603278e+00,1.121983655360298676e-01,0.000000000000000000e+00
4.428571428571430602e+00,4.000000000000000888e+00,0.000000000000000000e+00,0.000000000000000000e+00,0.000000000000000000e+00,0.000000000000000000e+00
4.400176037210497881e+00,3.478110131667813576e+00,0.000000000000000000e+00,1.324284932212469457e+00,9.620542595706411682e-01,0.000000000000000000e+00
4.417970838444259307e+00,3.611006670164712329e+00,0.000000000000000000e+00,1.924681225979631316e+00,8.281538742046538060e-01,0.000000000000000000e+00
4.412509763248112726e+00,3.748900213329142694e+00,0.000000000000000000e+00,1.839589543293790763e+00,4.424983640649238215e-01,0.000000000000000000e+00
4.339285714285716189e+00,3.895654085036671432e+00,0.000000000000000000e+00,7.944981473276619965e-01,1.479957720485311490e-02,0.000000000000000000e+00
4.255461075196148357e+00,3.653414626908912055e+00,0.000000000000000000e+00,1.343551319740076355e+00,5.982589988052378072e-01,0.000000000000000000e+00
4.250000000000001776e+00,3.791308170073342421e+00,0.000000000000000000e+00,1.164108315733186849e+00,1.195278369057414941e-01,0.000000000000000000e+00
4.260922150392295826e+00,3.515521083744481246e+00,0.000000000000000000e+00,1.349292877221018649e+00,1.056794869818967308e+00,0.000000000000000000e+00
4.322876666896079634e+00,3.385834314923284794e+00,0.000000000000000000e+00,1.066793735110801888e+00,1.021622853540851805e+00,0.000000000000000000e+00
4.165298465132774020e+00,3.132873570489404180e+00,0.000000000000000000e+00,2.220845402352668307e-01,1.867835753451930980e+00,0.000000000000000000e+00
4.248874053179989119e+00,3.250187515897503765e+00,0.000000000000000000e+00,3.915919668344056137e-01,1.473534139334186754e+00,0.000000000000000000e+00
4.186919536676204423e+00,3.379874284718699773e+00,0.000000000000000000e+00,8.476466178904337179e-01,1.539123028307157082e+00,0.000000000000000000e+00
4.112916922960113908e+00,3.244227485692918300e+00,0.000000000000000000e+00,2.193569080864202769e-01,1.778234261530575067e+00,0.000000000000000000e+00
4.190273852390571818e+00,2.798340001806629562e+00,0.000000000000000000e+00,5.286975700683728130e-01,1.637517060756358056e+00,0.000000000000000000e+00
4.142193717113087814e+00,2.893464098923357319e+00,0.000000000000000000e+00,5.846249731761814505e-01,1.915638884717830281e+00,0.000000000000000000e+00
4.066707426920740609e+00,2.765408542560824134e+00,0.000000000000000000e+00,9.049363817387339193e-01,1.814270450315931038e+00,0.000000000000000000e+00
4.299327116468123933e+00,2.725350284233948539e+00,0.000000000000000000e+00,3.667489351671757158e-01,1.209697883475413072e+00,0.000000000000000000e+00
4.392406977537921975e+00,2.684714553707730822e+00,0.000000000000000000e+00,1.641310454205648084e-01,8.382161760601443135e-01,0.000000000000000000e+00
4.284813955075843950e+00,2.619429107415462088e+00,0.000000000000000000e+00,6.634516983706121307e-01,9.749848707423295346e-01,0.000000000000000000e+00
4.500000000000000000e+00,2.625000000000000000e+00,0.000000000000000000e+00,0.000000000000000000e+00,0.000000000000000000e+00,0.000000000000000000e+00
4.392406977537921975e+00,2.559714553707731266e+00,0.000000000000000000e+00,3.263640393933347483e-01,6.540163088088570831e-01,0.000000000000000000e+00
4.500000000000000000e+00,2.500000000000000000e+00,0.000000000000000000e+00,0.000000000000000000e+00,0.000000000000000000e+00,0.000000000000000000e+00
4.175760690998291835e+00,2.692418824988143111e+00,0.000000000000000000e+00,7.992896736757335585e-01,1.458416579249866674e+00,0.000000000000000000e+00
4.080383066212744936e+00,3.011509867079364966e+00,0.000000000000000000e+00,1.628982553011143752e-01,1.675761529755905643e+00,0.000000000000000000e+00
4.028001524040084824e+00,3.122863782282879086e+00,0.000000000000000000e+00,2.252828427597158845e-01,1.554793718621397591e+00,0.000000000000000000e+00
4.004896776020398619e+00,2.883454310716832225e+00,0.000000000000000000e+00,6.194835340278982416e-01,1.594916728682465035e+00,0.000000000000000000e+00
3.943086125120055740e+00,3.001500078872839428e+00,0.000000000000000000e+00,1.560042509432012781e-01,1.305272653874656186e+00,0.000000000000000000e+00
5.785402671337214642e+00,5.558557728963386069e+00,0.000000000000000000e+00,-1.245805662316919887e-01,-3.122380221133717049e-01,0.000000000000000000e+00
5.929734679517205009e+00,5.677894041057017560e+00,0.000000000000000000e+00,-2.222546954585164491e-01,-1.692439310705387279e-01,0.000000000000000000e+00
5.769857661979295393e+00,5.722789691894409003e+00,0.000000000000000000e+00,-1.037943312174959831e-01,-1.662090941578810432e-01,0.000000000000000000e+00
5.500000000000000000e+00,5.400000000000000355e+00,0.000000000000000000e+00,0.000000000000000000e+00,0.000000000000000000e+00,0.000000000000000000e+00
5.650473840347567389e+00,5.497162883016182278e+00,0.000000000000000000e+00,-2.763273007973202425e-02,-2.782279834301108479e-01,0.000000000000000000e+00
5.634928830989648141e+00,5.661394845947205212e+00,0.000000000000000000e+00,-2.450068422561837989e-02,-1.597669223866937105e-01,0.000000000000000000e+00
5.500000000000000000e+00,5.599999999999999645e+00,0.000000000000000000e+00,0.000000000000000000e+00,0.000000000000000000e+00,0.000000000000000000e+00
6.062500000000000000e+00,6.000000000000000888e+00,0.000000000000000000e+00,0.000000000000000000e+00,0.000000000000000000e+00,0.000000000000000000e+00
6.361835916719550177e+00,5.849768599751539178e+00,0.000000000000000000e+00,-3.126018660766472501e-01,-3.697058648969620692e-02,0.000000000000000000e+00
6.169805848527555980e+00,5.816499195109813058e+00,0.000000000000000000e+00,-2.780887409582286640e-01,-5.472112012620712618e-02,0.000000000000000000e+00
5.822428830989648141e+00,5.861394845947204502e+00,0.000000000000000000e+00,-1.182883717554367720e-01,-5.148261548326250187e-02,0.000000000000000000e+00
5.982305848527555980e+00,5.816499195109813058e+00,0.000000000000000000e+00,-2.215152870033078314e-01,-5.300842424790932345e-02,0.000000000000000000e+00
6.250000000000000000e+00,6.000000000000000000e+00,0.000000000000000000e+00,0.000000000000000000e+00,0.000000000000000000e+00,0.000000000000000000e+00
5.875000000000000888e+00,6.000000000000000888e+00,0.000000000000000000e+00,0.000000000000000000e+00,0.000000000000000000e+00,0.000000000000000000e+00
7.562500000000000888e+00,6.000000000000000888e+00,0.000000000000000000e+00,0.000000000000000000e+00,0.000000000000000000e+00,0.000000000000000000e+00
7.289736119178091833e+00,5.867393770332006042e+00,0.000000000000000000e+00,-3.461273454932822236e-01,2.028001051537298496e-02,0.000000000000000000e+00
7.473525843667355062e+00,5.873629677643373626e+00,0.000000000000000000e+00,-2.787068677646180603e-01,3.340745637979323363e-02,0.000000000000000000e+00
7.661025843667355062e+00,5.873629677643373626e+00,0.000000000000000000e+00,-1.967822336306623010e-01,5.352396939531117032e-02,0.000000000000000000e+00
7.838876138947085792e+00,5.861857882900164185e+00,0.000000000000000000e+00,-1.002804925600324082e-01,5.448054634672531288e-02,0.000000000000000000e+00
7.375000000000000888e+00,6.000000000000000888e+00,0.000000000000000000e+00,0.000000000000000000e+00,0.000000000000000000e+00,0.000000000000000000e+00
7.750000000000000000e+00,6.000000000000000000e+00,0.000000000000000000e+00,0.000000000000000000e+00,0.000000000000000000e+00,0.000000000000000000e+00
7.187500000000000888e+00,6.000000000000000888e+00,0.000000000000000000e+00,0.000000000000000000e+00,0.000000000000000000e+00,0.000000000000000000e+00
7.102236119178091833e+00,5.867393770332006042e+00,0.000000000000000000e+00,-3.671354720168017449e-01,1.043061503388678125e-02,0.000000000000000000e+00
6.921631067542506344e+00,5.861240865258256605e+00,0.000000000000000000e+00,-3.849643144967843655e-01,-4.018940238826548307e-03,0.000000000000000000e+00
7.000000000000000888e+00,6.000000000000000888e+00,0.000000000000000000e+00,0.000000000000000000e+00,0.000000000000000000e+00,0.000000000000000000e+00
7.937500000000000888e+00,6.000000000000000888e+00,0.000000000000000000e+00,0.000000000000000000e+00,0.000000000000000000e+00,0.000000000000000000e+00
8.212304790298137647e+00,5.857059530752881216e+00,0.000000000000000000e+00,1.413942864643148167e-01,5.912346508407986811e-02,0.000000000000000000e+00
8.026376138947085792e+00,5.861857882900164185e+00,0.000000000000000000e+00,1.644164433579149709e-02,5.947678150448341278e-02,0.000000000000000000e+00
8.125000000000000000e+00,6.000000000000000000e+00,0.000000000000000000e+00,0.000000000000000000e+00,0.000000000000000000e+00,0.000000000000000000e+00
6.812500000000000888e+00,6.000000000000000888e+00,0.000000000000000000e+00,0.000000000000000000e+00,0.000000000000000000e+00,0.000000000000000000e+00
6.549335916719550177e+00,5.849768599751539178e+00,0.000000000000000000e+00,-3.561212584600045861e-01,-3.075098536062795956e-02,0.000000000000000000e+00
6.734131067542506344e+00,5.861240865258256605e+00,0.000000000000000000e+00,-3.760522746879745304e-01,-1.113911629393489131e-02,0.000000000000000000e+00
6.625000000000000000e+00,6.000000000000000000e+00,0.000000000000000000e+00,0.000000000000000000e+00,0.000000000000000000e+00,0.000000000000000000e+00
8.312500000000000000e+00,6.000000000000000888e+00,0.000000000000000000e+00,0.000000000000000000e+00,0.000000000000000000e+00,0.000000000000000000e+00
8.399804790298137647e+00,5.857059530752881216e+00,0.000000000000000000e+00,2.237009133499250624e-01,3.908910105735034085e-02,0.000000000000000000e+00
8.591036599193767387e+00,5.852386684164579300e+00,0.000000000000000000e+00,2.719593462898866609e-01,1.199945710693490000e-02,0.000000000000000000e+00
8.500000000000000000e+00,6.000000000000000000e+00,0.000000000000000000e+00,0.000000000000000000e+00,0.000000000000000000e+00,0.000000000000000000e+00
8.687500000000000000e+00,6.000000000000000888e+00,0.000000000000000000e+00,0.000000000000000000e+00,0.000000000000000000e+00,0.000000000000000000e+00
8.961001351738520526e+00,5.850093916546610373e+00,0.000000000000000000e+00,2.436994848891524401e-01,-1.915310026012526784e-02,0.000000000000000000e+00
8.778536599193767387e+00,5.852386684164579300e+00,0.000000000000000000e+00,2.712128095516820325e-01,3.439699495650707598e-03,0.000000000000000000e+00
8.875000000000000000e+00,6.000000000000000000e+00,0.000000000000000000e+00,0.000000000000000000e+00,0.000000000000000000e+00,0.000000000000000000e+00
6.437500000000000888e+00,6.000000000000000888e+00,0.000000000000000000e+00,0.000000000000000000e+00,0.000000000000000000e+00,0.000000000000000000e+00
1.000000000000000000e+01,4.392857142857142350e+00,0.000000000000000000e+00,0.000000000000000000e+00,0.000000000000000000e+00,0.000000000000000000e+00
9.847998372845056636e+00,4.480954131891770942e+00,0.000000000000000000e+00,4.126189651630698951e-02,-4.184315358006518992e-01,0.000000000000000000e+00
9.848644379305017793e+00,4.657505065323940485e+00,0.000000000000000000e+00,-2.206464096827588910e-03,-3.653823997844202198e-01,0.000000000000000000e+00
1.000000000000000178e+01,4.571428571428571175e+00,0.000000000000000000e+00,0.000000000000000000e+00,0.000000000000000000e+00,0.000000000000000000e+00
9.579805556987306403e+00,4.996257701924530004e+00,0.000000000000000000e+00,5.546741672037584781e-02,-4.980666006090028741e-01,0.000000000000000000e+00
9.700370910000104985e+00,4.916579491905855193e+00,0.000000000000000000e+00,2.084772122766754762e-02,-5.042794484192749671e-01,0.000000000000000000e+00
9.703453061390172607e+00,5.089577424592397925e+00,0.000000000000000000e+00,2.040406616816436286e-02,-4.634395710329826112e-01,0.000000000000000000e+00
9.538149314886325669e+00,5.155618451748972930e+00,0.000000000000000000e+00,5.883394911918389536e-02,-4.174156017328380930e-01,0.000000000000000000e+00
1.000000000000000000e+01,4.749999999999999112e+00,0.000000000000000000e+00,0.000000000000000000e+00,0.000000000000000000e+00,0.000000000000000000e+00
9.848644379305017793e+00,4.836076493895369310e+00,0.000000000000000000e+00,2.510325628244467182e-03,-3.513887766685874769e-01,0.000000000000000000e+00
9.851726530695087192e+00,5.009074426581912931e+00,0.000000000000000000e+00,1.358457464905972641e-03,-3.220642288363751438e-01,0.000000000000000000e+00
1.000000000000000178e+01,4.928571428571427937e+00,0.000000000000000000e+00,0.000000000000000000e+00,0.000000000000000000e+00,0.000000000000000000e+00
9.279354463086932014e+00,5.534997434352565193e+00,0.000000000000000000e+00,4.805972287256151110e-01,1.006306494377356628e-02,0.000000000000000000e+00
9.394163095309011169e+00,5.428552305802806011e+00,0.000000000000000000e+00,3.850322511291371930e-01,-9.578855838488645191e-02,0.000000000000000000e+00
9.537484076270725808e+00,5.330625426291726754e+00,0.000000000000000000e+00,1.171452722070227270e-01,-3.650568393798794831e-01,0.000000000000000000e+00
9.702787822774574522e+00,5.264584399135152637e+00,0.000000000000000000e+00,4.315156916281336075e-02,-4.259634032136321857e-01,0.000000000000000000e+00
9.558801603197263574e+00,5.537518253188986606e+00,0.000000000000000000e+00,3.043011059924025097e-01,-2.056724907405339531e-01,0.000000000000000000e+00
9.702122584158978214e+00,5.439591373677908237e+00,0.000000000000000000e+00,1.202418348477553994e-01,-3.682415175772422722e-01,0.000000000000000000e+00
9.415480622235547159e+00,5.635445132700065862e+00,0.000000000000000000e+00,3.648242981556071296e-01,1.869290553786384992e-02,0.000000000000000000e+00
9.231241662856293217e+00,5.667816482896643748e+00,0.000000000000000000e+00,3.409577721780245874e-01,5.625032469872249911e-03,0.000000000000000000e+00
9.062500000000000000e+00,6.000000000000000888e+00,0.000000000000000000e+00,0.000000000000000000e+00,0.000000000000000000e+00,0.000000000000000000e+00
9.148501351738520526e+00,5.850093916546610373e+00,0.000000000000000000e+00,1.941130935406251978e-01,-1.474470043384677742e-02,0.000000000000000000e+00
9.332740311117774468e+00,5.817722566350033375e+00,0.000000000000000000e+00,2.230022591946478616e-01,8.922788346054071756e-03,0.000000000000000000e+00
9.250000000000000000e+00,6.000000000000000000e+00,0.000000000000000000e+00,0.000000000000000000e+00,0.000000000000000000e+00,0.000000000000000000e+00
4.250000000000001776e+00,4.000000000000000000e+00,0.000000000000000000e+00,0.000000000000000000e+00,0.000000000000000000e+00,0.000000000000000000e+00
4.160714285714288252e+00,3.895654085036671432e+00,0.000000000000000000e+00,7.096665124563074079e-01,5.962569710236168691e-02,0.000000000000000000e+00
4.071428571428573839e+00,4.000000000000000888e+00,0.000000000000000000e+00,0.000000000000000000e+00,0.000000000000000000e+00,0.000000000000000000e+00
4.093661746168688609e+00,3.743922269390815849e+00,0.000000000000000000e+00,7.511381491468684946e-01,4.544823261442350049e-01,0.000000000000000000e+00
4.099122821364835190e+00,3.606028726226385039e+00,0.000000000000000000e+00,9.301424094170859247e-01,8.144668808549572203e-01,0.000000000000000000e+00
3.937323492337374109e+00,3.696536368708288833e+00,0.000000000000000000e+00,4.287910042650648901e-01,2.455169966303142881e-01,0.000000000000000000e+00
4.004376031882973308e+00,3.848268184354144417e+00,0.000000000000000000e+00,4.114530260189717681e-01,1.120357218103274488e-01,0.000000000000000000e+00
4.046082848861431991e+00,3.337101212249184101e+00,0.000000000000000000e+00,3.607596007133765936e-01,1.410197352847306407e+00,0.000000000000000000e+00
4.120085462577522506e+00,3.472748011274965130e+00,0.000000000000000000e+00,7.748298734552782063e-01,1.194795855215081248e+00,0.000000000000000000e+00
3.958286133550061869e+00,3.563255653756868924e+00,0.000000000000000000e+00,4.610213135655221728e-01,6.512836547603531034e-01,0.000000000000000000e+00
3.979248774762750518e+00,3.429974938805449458e+00,0.000000000000000000e+00,3.666825946653313739e-01,9.477446802034915629e-01,0.000000000000000000e+00
3.919074982815515362e+00,3.122656382301848055e+00,0.000000000000000000e+00,1.644480552633434123e-01,1.123934560831307827e+00,0.000000000000000000e+00
4.003990381735543558e+00,3.244020085711886825e+00,0.000000000000000000e+00,1.347601815671000403e-01,1.419444765432057887e+00,0.000000000000000000e+00
3.937156307636862085e+00,3.336893812268152182e+00,0.000000000000000000e+00,1.302620690123411362e-01,9.876965301267438546e-01,0.000000000000000000e+00
3.895063840510973652e+00,3.243812685730855350e+00,0.000000000000000000e+00,3.566436517177170445e-02,9.387712107238636028e-01,0.000000000000000000e+00
3.977727960925892425e+00,2.788754724953242281e+00,0.000000000000000000e+00,8.226512272663479841e-01,1.821874598301558734e+00,0.000000000000000000e+00
3.915917310025549991e+00,2.906800493109249928e+00,0.000000000000000000e+00,4.029608010589039724e-01,1.627927165776139384e+00,0.000000000000000000e+00
4.041091258403695541e+00,2.633057124227965229e+00,0.000000000000000000e+00,1.331246791986463229e+00,1.733648314418980041e+00,0.000000000000000000e+00
4.150144522481246767e+00,2.560067406655283762e+00,0.000000000000000000e+00,1.268425829935486249e+00,1.369467641040628125e+00,0.000000000000000000e+00
3.861506228865193346e+00,2.723437203438632714e+00,0.000000000000000000e+00,1.150803925088558444e+00,2.025563152846574067e+00,0.000000000000000000e+00
3.950485694860041974e+00,2.700091021046215012e+00,0.000000000000000000e+00,1.298797242674780250e+00,1.937538104590200483e+00,0.000000000000000000e+00
3.924869526342996906e+00,2.567739602713356106e+00,0.000000000000000000e+00,1.590602287810034099e+00,1.948287403224930436e+00,0.000000000000000000e+00
3.888748494931043354e+00,2.812100907345659540e+00,0.000000000000000000e+00,7.102314686204742600e-01,1.840453505639035203e+00,0.000000000000000000e+00
4.015475089886649585e+00,2.500705705895105879e+00,0.000000000000000000e+00,1.865344289637730579e+00,1.483255176524586050e+00,0.000000000000000000e+00
3.834263962799342895e+00,2.634773499531605889e+00,0.000000000000000000e+00,1.238506094034892868e+00,2.319736942337273788e+00,0.000000000000000000e+00
4.378254139181560589e+00,2.430215860972100739e+00,0.000000000000000000e+00,4.365140927134670834e-01,3.107770310506801636e-01,0.000000000000000000e+00
4.270661116719482564e+00,2.489930414679832005e+00,0.000000000000000000e+00,8.142964545346681460e-01,6.251653594233715916e-01,0.000000000000000000e+00
4.135991684124885381e+00,2.430568713919653678e+00,0.000000000000000000e+00,1.425711840926102925e+00,1.031205694888827296e+00,0.000000000000000000e+00
4.256508278363119402e+00,2.360431721944201033e+00,0.000000000000000000e+00,7.437307764230196572e-01,3.217673160642244290e-01,0.000000000000000000e+00
4.625000000000000000e+00,2.500000000000000000e+00,0.000000000000000000e+00,0.000000000000000000e+00,0.000000000000000000e+00,0.000000000000000000e+00
4.502815880240119029e+00,2.370122752356083495e+00,0.000000000000000000e+00,5.245538275474344037e-01,2.454672927565617474e-02,0.000000000000000000e+00
4.381070019421678730e+00,2.300338613328184234e+00,0.000000000000000000e+00,7.588837900235509970e-01,2.775964663957112277e-01,0.000000000000000000e+00
4.627815880240119029e+00,2.370122752356083495e+00,0.000000000000000000e+00,4.895783842402740005e-01,4.406448020002661642e-02,0.000000000000000000e+00
4.750000000000000000e+00,2.500000000000000000e+00,0.000000000000000000e+00,0.000000000000000000e+00,0.000000000000000000e+00,0.000000000000000000e+00
4.505631760480238057e+00,2.240245504712167435e+00,0.000000000000000000e+00,7.572629594833500954e-01,5.708157172857948602e-02,0.000000000000000000e+00
3.805150903223368353e+00,3.182514758002795485e+00,0.000000000000000000e+00,4.321259170860640431e-02,6.327845962150057124e-01,0.000000000000000000e+00
3.829162045527909619e+00,3.061358454573787746e+00,0.000000000000000000e+00,1.258672357986018731e-01,7.961210779623756340e-01,0.000000000000000000e+00
3.802796645479471938e+00,2.840203178020411556e+00,0.000000000000000000e+00,3.018165684479446331e-01,1.356298490007329383e+00,0.000000000000000000e+00
3.829965460573978131e+00,2.934902763784001500e+00,0.000000000000000000e+00,-1.001338173373176182e-01,9.762617462069602681e-01,0.000000000000000000e+00
3.716041380981831566e+00,2.994761139484949375e+00,0.000000000000000000e+00,-9.584326851949298565e-02,3.473717521684763221e-01,0.000000000000000000e+00
3.715237965935763054e+00,3.121216830274735177e+00,0.000000000000000000e+00,5.841317528339697029e-02,1.411744240136713902e-01,0.000000000000000000e+00
3.716844796027900522e+00,2.868305448695163573e+00,0.000000000000000000e+00,-3.124551017874780401e-01,5.231926745880303153e-01,0.000000000000000000e+00
5.500000000000000000e+00,5.800000000000000711e+00,0.000000000000000000e+00,0.000000000000000000e+00,0.000000000000000000e+00,0.000000000000000000e+00
5.687500000000000000e+00,6.000000000000000888e+00,0.000000000000000000e+00,1.686525901325493793e-01,-3.345916947988378243e-02,0.000000000000000000e+00
5.500000000000000000e+00,6.000000000000000000e+00,0.000000000000000000e+00,0.000000000000000000e+00,0.000000000000000000e+00,0.000000000000000000e+00
5.634928830989648141e+00,5.861394845947204502e+00,0.000000000000000000e+00,-2.080938509794600516e-02,-5.534813087884531135e-02,0.000000000000000000e+00
1.000000000000000000e+01,5.107142857142855874e+00,0.000000000000000000e+00,0.000000000000000000e+00,0.000000000000000000e+00,0.000000000000000000e+00
9.851061292079489107e+00,5.362652829696095580e+00,0.000000000000000000e+00,3.215552059089141212e-02,-2.736903150600910051e-01,0.000000000000000000e+00
9.851726530695087192e+00,5.187645855153341756e+00,0.000000000000000000e+00,5.493892388345640587e-03,-3.064854214840862512e-01,0.000000000000000000e+00
1.000000000000000178e+01,5.285714285714284699e+00,0.000000000000000000e+00,0.000000000000000000e+00,0.000000000000000000e+00,0.000000000000000000e+00
9.572675633766737135e+00,5.685056440845731807e+00,0.000000000000000000e+00,2.468633610932679245e-01,-1.096469458088578097e-01,0.000000000000000000e+00
9.715996614728451775e+00,5.587129561334652550e+00,0.000000000000000000e+00,1.612575016847337395e-01,-2.180161104553288709e-01,0.000000000000000000e+00
9.729870645297925336e+00,5.734667748991396863e+00,0.000000000000000000e+00,1.212285587309325369e-01,-9.763839672250011759e-02,0.000000000000000000e+00
1.000000000000000000e+01,5.464285714285713524e+00,0.000000000000000000e+00,0.000000000000000000e+00,0.000000000000000000e+00,0.000000000000000000e+00
9.851061292079489107e+00,5.541224258267525293e+00,0.000000000000000000e+00,3.815914700933240034e-02,-2.057648088777039586e-01,0.000000000000000000e+00
9.864935322648964444e+00,5.688762445924270494e+00,0.000000000000000000e+00,3.939302117025094557e-02,-1.085956242808499145e-01,0.000000000000000000e+00
1.000000000000000178e+01,5.642857142857143238e+00,0.000000000000000000e+00,0.000000000000000000e+00,0.000000000000000000e+00,0.000000000000000000e+00
9.437500000000000000e+00,6.000000000000000888e+00,0.000000000000000000e+00,0.000000000000000000e+00,0.000000000000000000e+00,0.000000000000000000e+00
9.520240311117774468e+00,5.817722566350033375e+00,0.000000000000000000e+00,2.232719328054617314e-01,2.860124007077329304e-04,0.000000000000000000e+00
9.677435322648964444e+00,5.867333874495699320e+00,0.000000000000000000e+00,1.165557278582853712e-01,-2.350235436386015342e-02,0.000000000000000000e+00
9.625000000000000000e+00,6.000000000000000000e+00,0.000000000000000000e+00,0.000000000000000000e+00,0.000000000000000000e+00,0.000000000000000000e+00
3.892857142857145014e+00,4.000000000000000000e+00,0.000000000000000000e+00,0.000000000000000000e+00,0.000000000000000000e+00,0.000000000000000000e+00
3.825804603311545371e+00,3.848268184354144861e+00,0.000000000000000000e+00,2.275931162145259090e-01,6.733670874458144717e-02,0.000000000000000000e+00
3.714285714285716633e+00,4.000000000000000888e+00,0.000000000000000000e+00,0.000000000000000000e+00,0.000000000000000000e+00,0.000000000000000000e+00
3.852039094269469111e+00,3.426059516906893698e+00,0.000000000000000000e+00,1.937633677955422351e-01,8.330142592627145515e-01,0.000000000000000000e+00
3.831076453056780906e+00,3.559340231858313608e+00,0.000000000000000000e+00,1.251670344907814258e-01,5.671195820288754685e-01,0.000000000000000000e+00
3.759191451477756019e+00,3.704459315259415408e+00,0.000000000000000000e+00,3.015717867660594464e-02,3.503941407205301006e-01,0.000000000000000000e+00
3.647672562451926837e+00,3.856191130905270992e+00,0.000000000000000000e+00,-4.575582950039028263e-02,6.829593154064902971e-02,0.000000000000000000e+00
3.652944412197162816e+00,3.567263178409439739e+00,0.000000000000000000e+00,-1.162884978505472344e-01,5.049076358977342416e-01,0.000000000000000000e+00
3.581059410618138372e+00,3.712382261810542428e+00,0.000000000000000000e+00,-3.305611099098088590e-01,2.086804603406345326e-01,0.000000000000000000e+00
3.724829413776186815e+00,3.422144095008337050e+00,0.000000000000000000e+00,6.379625512805262022e-02,6.490431145063202401e-01,0.000000000000000000e+00
3.809946627143580677e+00,3.332978390369596422e+00,0.000000000000000000e+00,8.664628678170885334e-02,8.148979027493132854e-01,0.000000000000000000e+00
3.720033689855974934e+00,3.271680462641536113e+00,0.000000000000000000e+00,2.125292537848643415e-01,4.070740361933637974e-01,0.000000000000000000e+00
3.775554379413621930e+00,2.751539474113384731e+00,0.000000000000000000e+00,7.569650903538960307e-01,1.694118363456468046e+00,0.000000000000000000e+00
3.874588115653628151e+00,2.465013986020105019e+00,0.000000000000000000e+00,2.467492891108889363e+00,2.101545771203395141e+00,0.000000000000000000e+00
3.783982552109975472e+00,2.532047882838355246e+00,0.000000000000000000e+00,2.242340343020654991e+00,2.483493458451681679e+00,0.000000000000000000e+00
3.733701141420606717e+00,2.429322266145103715e+00,0.000000000000000000e+00,3.066282439464030674e+00,2.374611549238665020e+00,0.000000000000000000e+00
4.098739887233893597e+00,2.285718446507758017e+00,0.000000000000000000e+00,6.058989328559579723e-01,7.180408298026323966e-01,0.000000000000000000e+00
3.978223292995658689e+00,2.355855438483210662e+00,0.000000000000000000e+00,1.483614921734692338e+00,1.068049500010940678e+00,0.000000000000000000e+00
3.837336318762637255e+00,2.320163718608209358e+00,0.000000000000000000e+00,2.197230726137583634e+00,1.747089427565458042e+00,0.000000000000000000e+00
3.940971496104666461e+00,2.211005171071314557e+00,0.000000000000000000e+00,7.650895631893142035e-01,6.422082606340245858e-01,0.000000000000000000e+00
3.739083289965623447e+00,2.629886749765803167e+00,0.000000000000000000e+00,7.904516532140949403e-01,1.746515038099006434e+00,0.000000000000000000e+00
3.680373706579902038e+00,2.746652724347581565e+00,0.000000000000000000e+00,3.442563462753304715e-01,4.271466094954085024e-01,0.000000000000000000e+00
3.688801879276255580e+00,2.527161133072552079e+00,0.000000000000000000e+00,2.110000191869483288e+00,1.830316264689955119e+00,0.000000000000000000e+00
3.643902617131903554e+00,2.624999999999999556e+00,0.000000000000000000e+00,2.193576903148352908e-01,6.720768778340656668e-01,0.000000000000000000e+00
4.381404518325796360e+00,2.163956811170798744e+00,0.000000000000000000e+00,7.511249783431460658e-01,4.172974752798160880e-01,0.000000000000000000e+00
4.256842777267237032e+00,2.224049919786815543e+00,0.000000000000000000e+00,6.757078738405190022e-01,6.080657806713571922e-01,0.000000000000000000e+00
4.099074386138010340e+00,2.149336644350372971e+00,0.000000000000000000e+00,6.122414607452308921e-01,7.630442936401108378e-01,0.000000000000000000e+00
4.257177276171353775e+00,2.087668117629430053e+00,0.000000000000000000e+00,5.360415417725450382e-01,8.833212119291680153e-01,0.000000000000000000e+00
4.756474870110871223e+00,2.371496694791819237e+00,0.000000000000000000e+00,3.184627375082029199e-01,-5.192996804500184249e-02,0.000000000000000000e+00
4.634290750350990251e+00,2.241619447147902733e+00,0.000000000000000000e+00,6.170488337559012493e-01,-5.183159546506856119e-02,0.000000000000000000e+00
4.762949740221743333e+00,2.242993389583638919e+00,0.000000000000000000e+00,3.916977071981438963e-01,-2.276648876766462770e-01,0.000000000000000000e+00
4.875000000000000000e+00,2.500000000000000000e+00,0.000000000000000000e+00,0.000000000000000000e+00,0.000000000000000000e+00,0.000000000000000000e+00
5.000000000000000000e+00,2.500000000000000000e+00,0.000000000000000000e+00,0.000000000000000000e+00,0.000000000000000000e+00,0.000000000000000000e+00
4.881474870110871223e+00,2.371496694791819237e+00,0.000000000000000000e+00,1.466765376113273456e-01,-3.707673456442544396e-02,0.000000000000000000e+00
4.517904631879812172e+00,2.098863265041629678e+00,0.000000000000000000e+00,5.775341120503435510e-01,2.518540356296806830e-03,0.000000000000000000e+00
4.393677389725370475e+00,2.022574571500260987e+00,0.000000000000000000e+00,4.757944003016708057e-01,4.648151482973789661e-01,0.000000000000000000e+00
4.646563621750564366e+00,2.100237207477365864e+00,0.000000000000000000e+00,4.118339492694583770e-01,-2.079980538359360587e-01,0.000000000000000000e+00
4.530177503279386286e+00,1.957481025371092143e+00,0.000000000000000000e+00,3.449701560707993386e-01,-4.188167459252518238e-02,0.000000000000000000e+00
3.607618982967881749e+00,3.060608415137368254e+00,0.000000000000000000e+00,-4.478309502414583310e-02,9.312402951999208811e-02,0.000000000000000000e+00
3.608422398013949817e+00,2.934152724347581565e+00,0.000000000000000000e+00,-1.796470287241268560e-01,4.089995923152466017e-02,0.000000000000000000e+00
3.500000000000000000e+00,3.000000000000000000e+00,0.000000000000000000e+00,0.000000000000000000e+00,0.000000000000000000e+00,0.000000000000000000e+00
3.610231874380782635e+00,3.339852824311243751e+00,0.000000000000000000e+00,3.716108290122504543e-01,4.854545874149598372e-01,0.000000000000000000e+00
3.605436150460570310e+00,3.189389191944442814e+00,0.000000000000000000e+00,3.703795123800528999e-01,1.731159123973172731e-01,0.000000000000000000e+00
3.497817167492689006e+00,3.128780776807075004e+00,0.000000000000000000e+00,2.268270530839902321e-01,7.906200779282704372e-02,0.000000000000000000e+00
3.495634334985378011e+00,3.257561553614150007e+00,0.000000000000000000e+00,6.639023757954989335e-01,1.129789273973082347e-01,0.000000000000000000e+00
3.500000000000000444e+00,2.875000000000000000e+00,0.000000000000000000e+00,0.000000000000000000e+00,0.000000000000000000e+00,0.000000000000000000e+00
3.608422398013950705e+00,2.809152724347582009e+00,0.000000000000000000e+00,-2.762614865112817189e-02,-1.675531369364019196e-01,0.000000000000000000e+00
3.571951308565951777e+00,2.687500000000000000e+00,0.000000000000000000e+00,-3.373573654329357907e-02,-1.430884848398809028e-01,0.000000000000000000e+00
3.500000000000000444e+00,2.750000000000000444e+00,0.000000000000000000e+00,0.000000000000000000e+00,0.000000000000000000e+00,0.000000000000000000e+00
9.812500000000000000e+00,6.000000000000000888e+00,0.000000000000000000e+00,0.000000000000000000e+00,0.000000000000000000e+00,0.000000000000000000e+00
1.000000000000000000e+01,5.821428571428572063e+00,0.000000000000000000e+00,0.000000000000000000e+00,0.000000000000000000e+00,0.000000000000000000e+00
1.000000000000000000e+01,6.000000000000000000e+00,0.000000000000000000e+00,0.000000000000000000e+00,0.000000000000000000e+00,0.000000000000000000e+00
9.864935322648964444e+00,5.867333874495699320e+00,0.000000000000000000e+00,3.560813367805704122e-02,-2.839966555112806434e-02,0.000000000000000000e+00
3.535714285714287364e+00,4.000000000000000000e+00,0.000000000000000000e+00,0.000000000000000000e+00,0.000000000000000000e+00,0.000000000000000000e+00
3.469101133880498011e+00,3.856191130905270992e+00,0.000000000000000000e+00,-2.223025397974082995e-01,2.410352665086771054e-02,0.000000000000000000e+00
3.357142857142858539e+00,4.000000000000000888e+00,0.000000000000000000e+00,0.000000000000000000e+00,0.000000000000000000e+00,0.000000000000000000e+00
3.597826060779876656e+00,3.453691598387055972e+00,0.000000000000000000e+00,-4.540072974748540074e-02,4.794225065270677488e-01,0.000000000000000000e+00
3.525941059200852656e+00,3.598810681788158661e+00,0.000000000000000000e+00,-2.866384518948829618e-01,1.494717603377595239e-01,0.000000000000000000e+00
3.470822707783566496e+00,3.485239101765774450e+00,0.000000000000000000e+00,-2.112679473712825440e-01,6.754168548225779334e-02,0.000000000000000000e+00
3.424702755083791406e+00,3.686480692327054332e+00,0.000000000000000000e+00,-4.104772166500875730e-01,-2.373549275039555165e-02,0.000000000000000000e+00
3.312744478346151489e+00,3.830289561421783340e+00,0.000000000000000000e+00,-2.754567635673758619e-01,-6.864711648112799269e-02,0.000000000000000000e+00
3.369584403666505246e+00,3.572909112304670565e+00,0.000000000000000000e+00,-3.388474860331704419e-01,-7.743818294382584511e-02,0.000000000000000000e+00
3.268346099549443551e+00,3.660579122843565347e+00,0.000000000000000000e+00,-4.345571175405825159e-01,-1.533262989882077099e-01,0.000000000000000000e+00
3.483228521384472476e+00,3.371400327689962673e+00,0.000000000000000000e+00,2.786870599889123001e-01,1.136514333804786864e-01,0.000000000000000000e+00
3.674081720162539089e+00,2.315262864534073373e+00,0.000000000000000000e+00,2.338424714053103148e+00,2.404518968367766352e+00,0.000000000000000000e+00
3.777716897504569182e+00,2.206104316997178572e+00,0.000000000000000000e+00,1.119693522441332467e+00,1.659740624915709617e+00,0.000000000000000000e+00
3.571951308565951777e+00,2.562500000000000000e+00,0.000000000000000000e+00,5.544450749645357668e-01,-2.394732212267246252e-01,0.000000000000000000e+00
3.616850570710303359e+00,2.464661133072552079e+00,0.000000000000000000e+00,2.714136905403769173e+00,8.220893011976635467e-01,0.000000000000000000e+00
3.557231149452235286e+00,2.350601731461520849e+00,0.000000000000000000e+00,1.526517453038801708e+00,1.147050058416615670e+00,0.000000000000000000e+00
3.500000000000000444e+00,2.500000000000000444e+00,0.000000000000000000e+00,0.000000000000000000e+00,0.000000000000000000e+00,0.000000000000000000e+00
3.614462298904471460e+00,2.201203462923042586e+00,0.000000000000000000e+00,1.951777403420157375e+00,1.735467566128743311e+00,0.000000000000000000e+00
4.150170280334359418e+00,2.007973247550783658e+00,0.000000000000000000e+00,9.278887165492399891e-01,6.555654883039403469e-01,0.000000000000000000e+00
3.992067390301015983e+00,2.069641774271726131e+00,0.000000000000000000e+00,9.976189196781940494e-01,5.282110162563540268e-01,0.000000000000000000e+00
3.904308282454176826e+00,1.930215785860859068e+00,0.000000000000000000e+00,1.225170074383742591e+00,7.323794376824249719e-01,0.000000000000000000e+00
3.853212388257827747e+00,2.071579182660447938e+00,0.000000000000000000e+00,9.937610199951660839e-01,8.546040004330882622e-01,0.000000000000000000e+00
3.689957789657729581e+00,2.066678328586311508e+00,0.000000000000000000e+00,1.600386260824742335e+00,1.381752638768494190e+00,0.000000000000000000e+00
4.043163284497365062e+00,1.928278377472136818e+00,0.000000000000000000e+00,1.196561625059475054e+00,4.304408563000740595e-01,0.000000000000000000e+00
3.765453280410988590e+00,1.932153194249581318e+00,0.000000000000000000e+00,1.193105353425898851e+00,9.351431806904521027e-01,0.000000000000000000e+00
3.500000000000000444e+00,2.625000000000000000e+00,0.000000000000000000e+00,0.000000000000000000e+00,0.000000000000000000e+00,0.000000000000000000e+00
4.402692178487246366e+00,1.868997446453810607e+00,0.000000000000000000e+00,5.493071042338920629e-01,2.503602786191392315e-01,0.000000000000000000e+00
4.266192064933231443e+00,1.934090992582979673e+00,0.000000000000000000e+00,7.308856457023430453e-01,5.605810716110435354e-01,0.000000000000000000e+00
4.159185069096237086e+00,1.854396122504333055e+00,0.000000000000000000e+00,1.000695463179919198e+00,3.545257305654659352e-01,0.000000000000000000e+00
4.275206853695108222e+00,1.780513867536529071e+00,0.000000000000000000e+00,7.669394910696163414e-01,2.870274991014582500e-01,0.000000000000000000e+00
5.000000000000000000e+00,2.321428571428300280e+00,0.000000000000000000e+00,0.000000000000000000e+00,0.000000000000000000e+00,0.000000000000000000e+00
4.881474870110872111e+00,2.192925266220119518e+00,0.000000000000000000e+00,1.326440259543609501e-01,-2.548300215869597762e-01,0.000000000000000000e+00
4.776621388328086582e+00,2.107238273119238947e+00,0.000000000000000000e+00,2.288611815639744751e-01,-4.026860999767135074e-01,0.000000000000000000e+00
4.660235269856906726e+00,1.964482091012965448e+00,0.000000000000000000e+00,2.208941997719057193e-01,-3.555152505040758415e-01,0.000000000000000000e+00
4.895146518217214471e+00,2.057170149755719546e+00,0.000000000000000000e+00,5.971915096993526961e-02,-3.206904580199919641e-01,0.000000000000000000e+00
5.000000000000000000e+00,2.142857142856600117e+00,0.000000000000000000e+00,0.000000000000000000e+00,0.000000000000000000e+00,0.000000000000000000e+00
4.790293036434428053e+00,1.971483156654838753e+00,0.000000000000000000e+00,1.004163941167704188e-01,-4.859000418153757161e-01,0.000000000000000000e+00
4.467311546345660744e+00,1.716010923784053288e+00,0.000000000000000000e+00,5.422490298878105408e-01,-1.629310717179128509e-01,0.000000000000000000e+00
4.594796871137798888e+00,1.804494502701334824e+00,0.000000000000000000e+00,2.965921325964900879e-01,-3.268597139526729922e-01,0.000000000000000000e+00
4.724854637715321104e+00,1.811495568343207907e+00,0.000000000000000000e+00,1.256126689210314562e-01,-5.615713078742737840e-01,0.000000000000000000e+00
4.659416238996212378e+00,1.651507980031577061e+00,0.000000000000000000e+00,1.162038312977767829e-01,-6.478704006409669036e-01,0.000000000000000000e+00
3.305555555555647729e+00,3.000000000000000444e+00,0.000000000000000000e+00,0.000000000000000000e+00,0.000000000000000000e+00,0.000000000000000000e+00
3.303372723048336290e+00,3.128780776807075448e+00,0.000000000000000000e+00,2.444671658109625612e-01,5.905836729232621929e-02,0.000000000000000000e+00
3.111111111111294125e+00,3.000000000000000000e+00,0.000000000000000000e+00,0.000000000000000000e+00,0.000000000000000000e+00,0.000000000000000000e+00
3.363927315052440470e+00,3.419588906121743932e+00,0.000000000000000000e+00,1.323172946908390520e-03,-1.490862597805119039e-01,0.000000000000000000e+00
3.376333128653346005e+00,3.305750132045931267e+00,0.000000000000000000e+00,4.360023568226934487e-01,-8.125680227889910123e-02,0.000000000000000000e+00
3.184071516716303840e+00,3.176969355238856707e+00,0.000000000000000000e+00,1.711914053396124680e-01,8.318766393665041545e-03,0.000000000000000000e+00
3.257031922321313555e+00,3.353938710477712526e+00,0.000000000000000000e+00,1.594320080009948570e-01,-1.747000117275176179e-01,0.000000000000000000e+00
3.178571428571429713e+00,4.000000000000000000e+00,0.000000000000000000e+00,0.000000000000000000e+00,0.000000000000000000e+00,0.000000000000000000e+00
3.213074752415172597e+00,3.754710028262830512e+00,0.000000000000000000e+00,-3.447930776320672352e-01,-1.209143812695539361e-01,0.000000000000000000e+00
3.257473131211879647e+00,3.924420466841047173e+00,0.000000000000000000e+00,-1.254276011921021672e-01,-3.401919209895364754e-02,0.000000000000000000e+00
3.078901702640450821e+00,3.924420466841047173e+00,0.000000000000000000e+00,-8.405457901718477176e-02,-2.015942277236331889e-02,0.000000000000000000e+00
3.157803405280900755e+00,3.848840933682094345e+00,0.000000000000000000e+00,-2.074306038781545125e-01,-9.101561231795883555e-02,0.000000000000000000e+00
3.000000000000000444e+00,4.000000000000000888e+00,0.000000000000000000e+00,0.000000000000000000e+00,0.000000000000000000e+00,0.000000000000000000e+00
3.262689010935378775e+00,3.507258916660639159e+00,0.000000000000000000e+00,-2.321914862871725105e-01,-1.770464473697122842e-01,0.000000000000000000e+00
3.081764034856102619e+00,3.791812772783455188e+00,0.000000000000000000e+00,-5.198686621489495563e-01,2.275604703922710637e-01,0.000000000000000000e+00
3.137035381990374017e+00,3.697681867364190911e+00,0.000000000000000000e+00,-5.879628622063249876e-01,1.828060672927708519e-01,0.000000000000000000e+00
3.138044910909916219e+00,3.402897959235609449e+00,0.000000000000000000e+00,1.935491153552805488e-02,3.104088989684881256e-02,0.000000000000000000e+00
3.143701999523980994e+00,3.556218165418536081e+00,0.000000000000000000e+00,-3.043421399608166045e-01,1.244819369742681120e-01,0.000000000000000000e+00
3.012391281964911016e+00,3.593320909939160757e+00,0.000000000000000000e+00,-3.335701553831734723e-01,4.061068273332410494e-01,0.000000000000000000e+00
3.005724664431304483e+00,3.734784611884816474e+00,0.000000000000000000e+00,-6.943225980898727334e-01,4.752761708541987651e-01,0.000000000000000000e+00
3.019057899498518438e+00,3.451857207993506371e+00,0.000000000000000000e+00,-3.559657955981326144e-02,1.907372969393314466e-01,0.000000000000000000e+00
3.456739074118171828e+00,2.208192717736205957e+00,0.000000000000000000e+00,2.149663962464942735e+00,5.134660905832237887e-01,0.000000000000000000e+00
3.399507924665936098e+00,2.357590986274684219e+00,0.000000000000000000e+00,1.157647482672537809e+00,-5.469790552535907374e-02,0.000000000000000000e+00
3.299015849331872641e+00,2.215181972549369327e+00,0.000000000000000000e+00,1.707837834879304850e+00,6.559177416146053617e-03,0.000000000000000000e+00
3.305555555555650837e+00,2.500000000000000000e+00,0.000000000000000000e+00,0.000000000000000000e+00,0.000000000000000000e+00,0.000000000000000000e+00
3.205063480221586936e+00,2.357590986274684663e+00,0.000000000000000000e+00,1.133823012742391168e+00,1.595667074431294380e-02,0.000000000000000000e+00
3.111111111111301231e+00,2.500000000000000444e+00,0.000000000000000000e+00,0.000000000000000000e+00,0.000000000000000000e+00,0.000000000000000000e+00
3.607976599373891702e+00,1.930744209607772266e+00,0.000000000000000000e+00,1.366414086039738240e+00,7.127808613224837497e-01,0.000000000000000000e+00
3.532481108620632249e+00,2.065269343944502456e+00,0.000000000000000000e+00,1.998954477618071213e+00,6.787488157834398184e-01,0.000000000000000000e+00
3.374757883834333505e+00,2.072258598757666270e+00,0.000000000000000000e+00,1.593356084361299052e+00,4.144118556887417260e-01,0.000000000000000000e+00
3.450499918336793925e+00,1.929335224965962992e+00,0.000000000000000000e+00,1.367987426662139905e+00,6.461133960354836780e-01,0.000000000000000000e+00
4.010085400301036884e+00,1.779164957172983508e+00,0.000000000000000000e+00,9.069698139197910347e-01,4.713491298581647393e-01,0.000000000000000000e+00
3.871230398257848648e+00,1.781102365561705536e+00,0.000000000000000000e+00,9.114113711367445303e-01,7.864093071231675891e-01,0.000000000000000000e+00
3.977007516104709595e+00,1.630051536873830198e+00,0.000000000000000000e+00,4.968122861793264344e-01,5.415312412137829323e-01,0.000000000000000000e+00
4.126107184899908908e+00,1.705282702205179524e+00,0.000000000000000000e+00,6.975151758462679874e-01,3.043469622244862061e-01,0.000000000000000000e+00
3.796818421076052275e+00,1.631813440519680469e+00,0.000000000000000000e+00,7.231577874886098156e-01,5.701589538782739774e-01,0.000000000000000000e+00
3.691041303229191328e+00,1.782864269207556029e+00,0.000000000000000000e+00,1.119178303900659976e+00,6.949294035986011142e-01,0.000000000000000000e+00
3.533564622192094884e+00,1.781455284565747199e+00,0.000000000000000000e+00,1.193190948383505479e+00,5.784696689341368714e-01,0.000000000000000000e+00
3.616629326047395399e+00,1.633575344165531185e+00,0.000000000000000000e+00,9.649511978736488027e-01,4.736969816088441032e-01,0.000000000000000000e+00
4.500609202429584954e+00,1.548176911137163270e+00,0.000000000000000000e+00,6.447336711319295866e-02,-4.160544347250156871e-01,0.000000000000000000e+00
4.308504509779032432e+00,1.612679854889639275e+00,0.000000000000000000e+00,4.545807773216586356e-01,1.206117646088502166e-01,0.000000000000000000e+00
4.159404840983833118e+00,1.537448689558289727e+00,0.000000000000000000e+00,3.819855184122334935e-01,2.614700558940782904e-01,0.000000000000000000e+00
4.341802165862956642e+00,1.444845842242749034e+00,0.000000000000000000e+00,6.580447260967450460e-03,-1.280274516076312097e-01,0.000000000000000000e+00
5.000000000000000000e+00,1.964285714284900397e+00,0.000000000000000000e+00,0.000000000000000000e+00,0.000000000000000000e+00,0.000000000000000000e+00
4.895146518217214471e+00,1.878598721184019382e+00,0.000000000000000000e+00,4.203168123834259695e-02,-3.267055667072505387e-01,0.000000000000000000e+00
5.000000000000000000e+00,1.785714285713200011e+00,0.000000000000000000e+00,0.000000000000000000e+00,0.000000000000000000e+00,0.000000000000000000e+00
4.829708119498105745e+00,1.718611132872388536e+00,0.000000000000000000e+00,4.621179841385723852e-02,-4.678096254031850476e-01,0.000000000000000000e+00
5.000000000000000000e+00,1.607142857141500736e+00,0.000000000000000000e+00,0.000000000000000000e+00,0.000000000000000000e+00,0.000000000000000000e+00
4.671541060414118540e+00,1.455194168445221425e+00,0.000000000000000000e+00,-4.000400000281680371e-03,-6.353457673096885028e-01,0.000000000000000000e+00
4.512734023847491116e+00,1.351863099550807634e+00,0.000000000000000000e+00,-6.995314724354037561e-02,-4.349527998263876261e-01,0.000000000000000000e+00
4.829708119498106633e+00,1.540039704300689261e+00,0.000000000000000000e+00,2.995663530325768861e-02,-4.796231701243831580e-01,0.000000000000000000e+00
4.841832940916011907e+00,1.343725892714333625e+00,0.000000000000000000e+00,-1.621875084119924273e-02,-4.268457522514023106e-01,0.000000000000000000e+00
5.000000000000000000e+00,1.428571428569801016e+00,0.000000000000000000e+00,0.000000000000000000e+00,0.000000000000000000e+00,0.000000000000000000e+00
4.683665881832023814e+00,1.258880356858866012e+00,0.000000000000000000e+00,-7.005264498374752513e-02,-5.876810705825709080e-01,0.000000000000000000e+00
2.916666666666941410e+00,3.000000000000000444e+00,0.000000000000000000e+00,0.000000000000000000e+00,0.000000000000000000e+00,0.000000000000000000e+00
3.065084505304906504e+00,3.225928603996753630e+00,0.000000000000000000e+00,1.381210519239094159e-01,3.592402648264862025e-02,0.000000000000000000e+00
2.958025864856001608e+00,3.134544060044564429e+00,0.000000000000000000e+00,1.038932379896031905e-01,9.420391658288809755e-02,0.000000000000000000e+00
2.911999259049613542e+00,3.360472664041317614e+00,0.000000000000000000e+00,1.018525141363835901e-01,2.545030449175955667e-01,0.000000000000000000e+00
2.763581420411648448e+00,3.134544060044564429e+00,0.000000000000000000e+00,2.301364949482331834e-01,9.376497391052665553e-02,0.000000000000000000e+00
2.722222222222587806e+00,3.000000000000000000e+00,0.000000000000000000e+00,0.000000000000000000e+00,0.000000000000000000e+00,0.000000000000000000e+00
2.804940618600708646e+00,3.269088120089128413e+00,0.000000000000000000e+00,1.823019806810403098e-01,2.692165375425529250e-01,0.000000000000000000e+00
3.002862332215651797e+00,3.867392305942408015e+00,0.000000000000000000e+00,-4.575263201386220446e-01,3.136353620292585132e-01,0.000000000000000000e+00
3.000000000000000444e+00,4.125000000000000000e+00,0.000000000000000000e+00,0.000000000000000000e+00,0.000000000000000000e+00,0.000000000000000000e+00
2.897923380433415907e+00,3.802364162232676037e+00,0.000000000000000000e+00,-7.107746730550414949e-01,1.045047175648910365e+00,0.000000000000000000e+00
2.895061048217763222e+00,3.934971856290267578e+00,0.000000000000000000e+00,-4.977279474331137155e-01,9.674030931996067117e-01,0.000000000000000000e+00
2.786807872744708980e+00,3.997471856290268022e+00,0.000000000000000000e+00,-6.465097170222153800e-01,1.192771658947722191e+00,0.000000000000000000e+00
2.891746824526944870e+00,4.062500000000000000e+00,0.000000000000000000e+00,-1.756511595072394460e-01,6.957859158400002686e-01,0.000000000000000000e+00
2.891746824526945758e+00,4.187500000000000000e+00,0.000000000000000000e+00,-3.332445077103148856e-01,4.701685412788368379e-01,0.000000000000000000e+00
3.000000000000000444e+00,4.250000000000000888e+00,0.000000000000000000e+00,0.000000000000000000e+00,0.000000000000000000e+00,0.000000000000000000e+00
2.790122096435526888e+00,3.869943712580535156e+00,0.000000000000000000e+00,-7.450132779281428697e-01,1.410557464566390751e+00,0.000000000000000000e+00
2.783493649053890628e+00,4.125000000000000888e+00,0.000000000000000000e+00,-7.032585967414556327e-01,7.623748679081612245e-01,0.000000000000000000e+00
2.877260224616722706e+00,3.506760491891505183e+00,0.000000000000000000e+00,6.133875853887860163e-02,5.291202605245139967e-01,0.000000000000000000e+00
2.870593607083115728e+00,3.648224193837160012e+00,0.000000000000000000e+00,-3.514156245806212553e-01,7.603074901190832735e-01,0.000000000000000000e+00
2.735462549734927418e+00,3.561663775789504438e+00,0.000000000000000000e+00,1.583975520566490158e-01,7.821263104067310845e-01,0.000000000000000000e+00
2.762792323085227153e+00,3.715803744185020019e+00,0.000000000000000000e+00,-2.605354695450935454e-01,1.225090853563561399e+00,0.000000000000000000e+00
2.770201584167818254e+00,3.415375947939316426e+00,0.000000000000000000e+00,2.535793606687508084e-01,5.276140653437323413e-01,0.000000000000000000e+00
3.280889862707014437e+00,1.926004459353060527e+00,0.000000000000000000e+00,1.401709399000733436e+00,2.819180449802415334e-01,0.000000000000000000e+00
3.205147828204553573e+00,2.068927833144763362e+00,0.000000000000000000e+00,1.511447772632152908e+00,1.487097945684324185e-01,0.000000000000000000e+00
3.111513697887570373e+00,2.210703959990405920e+00,0.000000000000000000e+00,1.582700252329727553e+00,1.403080289624832888e-01,0.000000000000000000e+00
3.017561328777284224e+00,2.353112973715721701e+00,0.000000000000000000e+00,9.850632222475064204e-01,3.752350826364301423e-02,0.000000000000000000e+00
3.017645676760251749e+00,2.064449820585800843e+00,0.000000000000000000e+00,1.388681534507322013e+00,2.151724652468380572e-01,0.000000000000000000e+00
3.111279807077234949e+00,1.922673693740158063e+00,0.000000000000000000e+00,1.307736994671220288e+00,2.760277777954676659e-01,0.000000000000000000e+00
2.924011546443268550e+00,2.206225947431443402e+00,0.000000000000000000e+00,1.467558601985896383e+00,8.927801384714686983e-02,0.000000000000000000e+00
2.916666666666951624e+00,2.500000000000000000e+00,0.000000000000000000e+00,0.000000000000000000e+00,0.000000000000000000e+00,0.000000000000000000e+00
2.823116884332935062e+00,2.353112973715721701e+00,0.000000000000000000e+00,9.156041862056432112e-01,1.068821245264316849e-02,0.000000000000000000e+00
2.722222222222602461e+00,2.500000000000000444e+00,0.000000000000000000e+00,9.931650626822426942e-01,5.937157465939575662e-02,0.000000000000000000e+00
3.445485148547898113e+00,1.632718792814939146e+00,0.000000000000000000e+00,1.185427483787344194e+00,3.038730269412492913e-01,0.000000000000000000e+00
3.362420444692597599e+00,1.780598733215155161e+00,0.000000000000000000e+00,1.379674194849551894e+00,4.056933075479040585e-01,0.000000000000000000e+00
3.192810389062817222e+00,1.777267967602252696e+00,0.000000000000000000e+00,1.304943503704953711e+00,3.214992558511374776e-01,0.000000000000000000e+00
3.274340971048399940e+00,1.631862241464347107e+00,0.000000000000000000e+00,1.307394598227927363e+00,3.506075674046589263e-01,0.000000000000000000e+00
4.217436339819822244e+00,1.362066518184474884e+00,0.000000000000000000e+00,1.547890822146474610e-01,-7.105264407019676320e-02,0.000000000000000000e+00
4.035039014940698721e+00,1.454669365500015576e+00,0.000000000000000000e+00,4.524406849476649839e-01,3.519375760341956760e-01,0.000000000000000000e+00
3.886165526361566869e+00,1.480257738079567176e+00,0.000000000000000000e+00,6.112268210508017274e-01,3.968696379168716315e-01,0.000000000000000000e+00
3.705976431332909549e+00,1.482019641725417447e+00,0.000000000000000000e+00,8.455130097429847114e-01,3.185840712091591587e-01,0.000000000000000000e+00
3.944197025197555995e+00,1.304875566705752554e+00,0.000000000000000000e+00,5.230213684251981965e-01,2.095400310655998743e-01,0.000000000000000000e+00
4.093070513776687847e+00,1.279287194126200733e+00,0.000000000000000000e+00,3.065154888774528352e-01,3.526260457017110078e-02,0.000000000000000000e+00
3.795323536618424143e+00,1.330463939285303931e+00,0.000000000000000000e+00,7.182302560100013444e-01,1.785712289511446893e-01,0.000000000000000000e+00
3.619164087948668396e+00,1.329302928004421069e+00,0.000000000000000000e+00,8.964047400974453073e-01,4.212844755119913437e-02,0.000000000000000000e+00
3.529816982663153802e+00,1.480858630444534363e+00,0.000000000000000000e+00,1.049332512434302478e+00,1.717590040548175878e-01,0.000000000000000000e+00
3.358672805163656516e+00,1.480002079093942768e+00,0.000000000000000000e+00,1.190418134138446993e+00,2.020062244752194036e-01,0.000000000000000000e+00
3.443004639278912649e+00,1.328141916723538207e+00,0.000000000000000000e+00,1.037668916685034137e+00,3.458697984000540931e-02,0.000000000000000000e+00
4.520523593362424819e+00,1.147917908002817455e+00,0.000000000000000000e+00,-7.253248252208724378e-02,-5.008109173593106034e-01,0.000000000000000000e+00
4.349591735377892121e+00,1.240900650694759078e+00,0.000000000000000000e+00,2.569503757465280841e-02,-2.951536314513774073e-01,0.000000000000000000e+00
4.225225909334756835e+00,1.158121326636484927e+00,0.000000000000000000e+00,1.144851604317958654e-01,-2.963422921062573989e-01,0.000000000000000000e+00
4.357381304892826712e+00,1.036955459146769121e+00,0.000000000000000000e+00,-5.344909379672758282e-02,-4.310114826709668945e-01,0.000000000000000000e+00
5.000000000000000000e+00,1.249999999998101075e+00,0.000000000000000000e+00,0.000000000000000000e+00,0.000000000000000000e+00,0.000000000000000000e+00
4.841832940916011907e+00,1.165154464142633461e+00,0.000000000000000000e+00,-1.803290133189464420e-02,-3.850788632209386497e-01,0.000000000000000000e+00
5.000000000000000000e+00,1.071428571426400911e+00,0.000000000000000000e+00,0.000000000000000000e+00,0.000000000000000000e+00,0.000000000000000000e+00
4.533182299938887994e+00,9.638946479003301926e-01,0.000000000000000000e+00,-3.716055408781803598e-02,-4.749859726355827871e-01,0.000000000000000000e+00
4.696324588408486989e+00,1.074857096756378638e+00,0.000000000000000000e+00,-2.560673066680232979e-02,-5.388302798712583108e-01,0.000000000000000000e+00
4.854491647492475082e+00,9.811312040401460877e-01,0.000000000000000000e+00,1.513109892632625263e-03,-3.369643140951946725e-01,0.000000000000000000e+00
4.708983294984950163e+00,8.908338366538912645e-01,0.000000000000000000e+00,-7.476536464666206326e-03,-4.975845788038296691e-01,0.000000000000000000e+00
2.663439474497097059e+00,3.273811083798382704e+00,0.000000000000000000e+00,3.674242840816914768e-01,2.952869628953377346e-01,0.000000000000000000e+00
2.622080276308036417e+00,3.139267023753817831e+00,0.000000000000000000e+00,3.531871473925733973e-01,9.004739848727413842e-02,0.000000000000000000e+00
2.521938330393485028e+00,3.278534047507636107e+00,0.000000000000000000e+00,5.577052642173148111e-01,2.180050412367064705e-01,0.000000000000000000e+00
2.527777777778235091e+00,3.000000000000000444e+00,0.000000000000000000e+00,0.000000000000000000e+00,0.000000000000000000e+00,0.000000000000000000e+00
2.427635831863683702e+00,3.139267023753818719e+00,0.000000000000000000e+00,4.296699667335326933e-01,6.843118642438404675e-02,0.000000000000000000e+00
2.333333333333881932e+00,3.000000000000000000e+00,0.000000000000000000e+00,0.000000000000000000e+00,0.000000000000000000e+00,0.000000000000000000e+00
2.628700440064206223e+00,3.420098911648570272e+00,0.000000000000000000e+00,4.365772984362651932e-01,5.274821413219024091e-01,0.000000000000000000e+00
2.713901113826192368e+00,3.934971856290267578e+00,0.000000000000000000e+00,-8.800779741102394693e-01,1.476494816407461608e+00,0.000000000000000000e+00
2.710586890135374016e+00,4.062500000000000000e+00,0.000000000000000000e+00,-9.310624697461641341e-01,1.175747404084302561e+00,0.000000000000000000e+00
2.637680131216857404e+00,3.999999999999999556e+00,0.000000000000000000e+00,-1.092751823675296441e+00,1.468982501119293405e+00,0.000000000000000000e+00
2.784538955981475272e+00,4.244726258596918100e+00,0.000000000000000000e+00,-6.748386983318727106e-01,3.301073151458764898e-01,0.000000000000000000e+00
2.892792131454529958e+00,4.307226258596918100e+00,0.000000000000000000e+00,-1.068613183360437313e-01,1.423031557674161451e-01,0.000000000000000000e+00
2.785584262909060360e+00,4.364452517193836201e+00,0.000000000000000000e+00,-2.905381254143806768e-01,-1.181525995122022915e-01,0.000000000000000000e+00
3.000000000000000444e+00,4.375000000000000000e+00,0.000000000000000000e+00,0.000000000000000000e+00,0.000000000000000000e+00,0.000000000000000000e+00
2.892792131454529958e+00,4.432226258596918100e+00,0.000000000000000000e+00,-1.298020932522381821e-01,3.326179208456565839e-02,0.000000000000000000e+00
3.000000000000000444e+00,4.500000000000000888e+00,0.000000000000000000e+00,0.000000000000000000e+00,0.000000000000000000e+00,0.000000000000000000e+00
2.629320544926310177e+00,3.664033227291689343e+00,0.000000000000000000e+00,1.545381838471679981e-01,8.654686500148823791e-01,0.000000000000000000e+00
2.656650318276610356e+00,3.818173195687204924e+00,0.000000000000000000e+00,-4.354461629209238072e-01,1.254825928114733147e+00,0.000000000000000000e+00
2.580429335667275392e+00,3.883201339396936902e+00,0.000000000000000000e+00,-6.450719506139187542e-01,1.297926174964344481e+00,0.000000000000000000e+00
2.523178540117692492e+00,3.766402678793873360e+00,0.000000000000000000e+00,4.485876867713636112e-02,9.779414364143166338e-01,0.000000000000000000e+00
2.627530918117432002e+00,4.115788186588182462e+00,0.000000000000000000e+00,-1.235944601798937725e+00,1.331413359242390237e+00,0.000000000000000000e+00
2.700437677035948170e+00,4.178288186588182462e+00,0.000000000000000000e+00,-1.054124324785708389e+00,9.911577594173270889e-01,0.000000000000000000e+00
2.701482983963533258e+00,4.298014445185099675e+00,0.000000000000000000e+00,-9.825732482897406861e-01,6.630999264047340302e-01,0.000000000000000000e+00
2.617381705018005711e+00,4.231576373176364037e+00,0.000000000000000000e+00,-1.385590358884738915e+00,1.075151922970049689e+00,0.000000000000000000e+00
2.488669514693651497e+00,3.408021043957000451e+00,0.000000000000000000e+00,5.671521277996758315e-01,3.440043058311064161e-01,0.000000000000000000e+00
2.595431624364372247e+00,3.549585908097934173e+00,0.000000000000000000e+00,3.305765383752756748e-01,6.626579959669343101e-01,0.000000000000000000e+00
2.489289619555755451e+00,3.651955359600119522e+00,0.000000000000000000e+00,3.893510101050079997e-01,7.100399550294398399e-01,0.000000000000000000e+00
2.455400698993817521e+00,3.537508040406364351e+00,0.000000000000000000e+00,4.992216845486701637e-01,4.958860320852654380e-01,0.000000000000000000e+00
2.919098879594360429e+00,1.922221308660431394e+00,0.000000000000000000e+00,1.456576139755064947e+00,-8.925433481192467100e-02,0.000000000000000000e+00
2.825464749277377230e+00,2.063997435506073952e+00,0.000000000000000000e+00,1.504412574084728060e+00,-2.405749819668998313e-01,0.000000000000000000e+00
2.726917952111485910e+00,1.921768923580704946e+00,0.000000000000000000e+00,1.509031954973517164e+00,-4.640962688027445715e-01,0.000000000000000000e+00
3.015349220924908202e+00,1.778312305665486370e+00,0.000000000000000000e+00,1.326585184231251713e+00,1.748491357310035313e-02,0.000000000000000000e+00
3.096879802910490476e+00,1.632906579527580559e+00,0.000000000000000000e+00,1.321218909480087245e+00,1.755803262783370011e-01,0.000000000000000000e+00
2.823168293442033239e+00,1.777859920585759479e+00,0.000000000000000000e+00,1.414996018435088043e+00,-3.273661388998173050e-01,0.000000000000000000e+00
2.919418634772580567e+00,1.633950917590813789e+00,0.000000000000000000e+00,1.299241277094647762e+00,-1.991416835979676059e-01,0.000000000000000000e+00
2.727169104706978153e+00,2.191467786267505158e+00,0.000000000000000000e+00,1.672879553540730369e+00,-1.872682931007828844e-01,0.000000000000000000e+00
2.626274442596645109e+00,2.338354812551783457e+00,0.000000000000000000e+00,1.219397716397374376e+00,-3.608022093879857672e-02,0.000000000000000000e+00
2.628622307541087277e+00,2.049239274342136152e+00,0.000000000000000000e+00,1.708271439808897396e+00,-2.515346514190855975e-01,0.000000000000000000e+00
2.530326662970688645e+00,2.176709625103567358e+00,0.000000000000000000e+00,1.865094423605470064e+00,-5.142703795002526689e-03,0.000000000000000000e+00
2.527777777778252855e+00,2.500000000000000000e+00,0.000000000000000000e+00,0.000000000000000000e+00,0.000000000000000000e+00,0.000000000000000000e+00
2.431829998152295502e+00,2.338354812551783901e+00,0.000000000000000000e+00,1.333629499723433476e+00,9.659500164515594234e-02,0.000000000000000000e+00
2.333333333333903248e+00,2.500000000000000444e+00,0.000000000000000000e+00,0.000000000000000000e+00,0.000000000000000000e+00,0.000000000000000000e+00
3.265110896353306646e+00,1.330061188819143592e+00,0.000000000000000000e+00,1.054577247995381439e+00,2.906997228602489214e-01,0.000000000000000000e+00
3.180779062238050514e+00,1.481921351189548375e+00,0.000000000000000000e+00,1.210329736189551086e+00,2.973761696347270722e-01,0.000000000000000000e+00
3.003317894100140606e+00,1.482965689252781605e+00,0.000000000000000000e+00,1.215445849432475800e+00,-5.868424986144947508e-03,0.000000000000000000e+00
3.087217153427700200e+00,1.331980460914748976e+00,0.000000000000000000e+00,1.098663725729514429e+00,1.641184299409947367e-01,0.000000000000000000e+00
4.050525878617248665e+00,1.134345707890749733e+00,0.000000000000000000e+00,2.423111885899955353e-01,-7.917236004523933723e-02,0.000000000000000000e+00
3.901652390038116813e+00,1.159934080470301332e+00,0.000000000000000000e+00,4.482489883374822792e-01,4.901221570900662211e-02,0.000000000000000000e+00
4.007981243457808596e+00,9.894042216552987323e-01,0.000000000000000000e+00,8.071752850540275109e-03,-1.623449127894861788e-01,0.000000000000000000e+00
4.182681274175317654e+00,1.013179840401033704e+00,0.000000000000000000e+00,-4.123048280543736843e-02,-3.235878159592421865e-01,0.000000000000000000e+00
3.712372814299129242e+00,1.168469130706884851e+00,0.000000000000000000e+00,5.747702662676942298e-01,-4.416144909360745358e-02,0.000000000000000000e+00
3.536213365629373495e+00,1.167308119426001989e+00,0.000000000000000000e+00,7.377672155888036487e-01,-9.916215575227994850e-02,0.000000000000000000e+00
3.818701667718821469e+00,9.979392718918823624e-01,0.000000000000000000e+00,1.551911064096374027e-01,-5.949173894696963005e-02,0.000000000000000000e+00
3.629422091979834342e+00,1.006474322128465992e+00,0.000000000000000000e+00,2.433029680588923993e-01,-2.146822921833547448e-01,0.000000000000000000e+00
3.446125300509061518e+00,1.012495225059438120e+00,0.000000000000000000e+00,2.394543347040348769e-01,5.524781043108926287e-02,0.000000000000000000e+00
3.352916574158600227e+00,1.173329022356973894e+00,0.000000000000000000e+00,7.385657316402747252e-01,1.765888768607475623e-01,0.000000000000000000e+00
3.175022831232994669e+00,1.175248294452579501e+00,0.000000000000000000e+00,7.821789682940395450e-01,2.253094908793673579e-01,0.000000000000000000e+00
3.262828509038288249e+00,1.018516127990410247e+00,0.000000000000000000e+00,2.742776447874785140e-01,2.148804139949476999e-01,0.000000000000000000e+00
4.594527671227801591e+00,7.969168324376585399e-01,0.000000000000000000e+00,-5.084272255165466631e-02,-4.446272827427814045e-01,0.000000000000000000e+00
4.418726676181739421e+00,8.699776436840973570e-01,0.000000000000000000e+00,-9.080793716876497945e-02,-4.113985085443900291e-01,0.000000000000000000e+00
4.273725359997498252e+00,8.624561276825376543e-01,0.000000000000000000e+00,-1.283308257787620088e-01,-4.031390789757577364e-01,0.000000000000000000e+00
4.099025329279989194e+00,8.386805089368025712e-01,0.000000000000000000e+00,-1.261432637252566658e-01,-2.884186680926424939e-01,0.000000000000000000e+00
4.335070731286411849e+00,6.954783122198660017e-01,0.000000000000000000e+00,-1.638678377884546233e-01,-3.482311614153668633e-01,0.000000000000000000e+00
4.480072047470653018e+00,7.029998282214255934e-01,0.000000000000000000e+00,-1.000189247729143666e-01,-3.780252182560396856e-01,0.000000000000000000e+00
4.190069415102168904e+00,6.879567962183062990e-01,0.000000000000000000e+00,-2.288284773979405717e-01,-3.583897385831735782e-01,0.000000000000000000e+00
5.000000000000000000e+00,8.928571428553481182e-01,0.000000000000000000e+00,0.000000000000000000e+00,0.000000000000000000e+00,0.000000000000000000e+00
4.854491647492475082e+00,8.025597754690932950e-01,0.000000000000000000e+00,-2.165233402764192572e-03,-3.323539652621942952e-01,0.000000000000000000e+00
5.000000000000000000e+00,7.142857142842951035e-01,0.000000000000000000e+00,0.000000000000000000e+00,0.000000000000000000e+00,0.000000000000000000e+00
4.601815569122234884e+00,6.246003317621355855e-01,0.000000000000000000e+00,-8.795910206258010511e-02,-3.980219587294590577e-01,0.000000000000000000e+00
4.716271192879382568e+00,7.185173359783683100e-01,0.000000000000000000e+00,-3.516258812370096770e-02,-4.561439362535036346e-01,0.000000000000000000e+00
4.861779545386907486e+00,6.302432747935702295e-01,0.000000000000000000e+00,-1.158693642473681076e-02,-2.980500190439427377e-01,0.000000000000000000e+00
4.723559090773815861e+00,5.462008353028453556e-01,0.000000000000000000e+00,-5.783678129975357296e-02,-3.990179486034730605e-01,0.000000000000000000e+00
2.237403802804329267e+00,3.157449659235981976e+00,0.000000000000000000e+00,5.007768072985687713e-01,5.457392338813167772e-03,0.000000000000000000e+00
2.331706301334131481e+00,3.296716682989800695e+00,0.000000000000000000e+00,6.625302143352375106e-01,1.185368141402259740e-01,0.000000000000000000e+00
2.298437485634297506e+00,3.426203679439164596e+00,0.000000000000000000e+00,7.033168412309038775e-01,1.773734127774329872e-01,0.000000000000000000e+00
2.141474272274777046e+00,3.314899318471963952e+00,0.000000000000000000e+00,7.033021109844131979e-01,-5.121693181545996371e-02,0.000000000000000000e+00
2.138888888889529216e+00,3.000000000000000444e+00,0.000000000000000000e+00,0.000000000000000000e+00,0.000000000000000000e+00,0.000000000000000000e+00
2.042959358359976552e+00,3.157449659235981976e+00,0.000000000000000000e+00,4.460602945699203570e-01,-1.590961033873295946e-02,0.000000000000000000e+00
1.944444444445176057e+00,3.000000000000000000e+00,0.000000000000000000e+00,0.000000000000000000e+00,0.000000000000000000e+00,0.000000000000000000e+00
2.543144032543689814e+00,4.010461565351291391e+00,0.000000000000000000e+00,-1.259252788072365625e+00,1.273450155013719165e+00,0.000000000000000000e+00
2.532994819444263968e+00,4.126249751939473853e+00,0.000000000000000000e+00,-1.551014472129526034e+00,9.677159637762706712e-01,0.000000000000000000e+00
2.485893236994107358e+00,3.893662904748228293e+00,0.000000000000000000e+00,-7.097571579139526632e-01,1.190324925400999545e+00,0.000000000000000000e+00
2.448607933870521336e+00,4.020923130702582782e+00,0.000000000000000000e+00,-1.487322359396524574e+00,9.133664515802938366e-01,0.000000000000000000e+00
2.783388750899004727e+00,4.472537912983820974e+00,0.000000000000000000e+00,-6.582429231972040939e-02,1.528805500728147582e-01,0.000000000000000000e+00
2.890596619444474769e+00,4.540311654386902873e+00,0.000000000000000000e+00,-2.902945543332372536e-01,3.279502566577158218e-02,0.000000000000000000e+00
2.585143224521340155e+00,4.370128002213526486e+00,0.000000000000000000e+00,-5.482963347483753580e-01,1.313310549530541271e+00,0.000000000000000000e+00
2.669244503466867258e+00,4.436566074222261236e+00,0.000000000000000000e+00,5.033085446661892531e-02,6.977525491529997792e-01,0.000000000000000000e+00
2.667048991456812068e+00,4.544651470012246897e+00,0.000000000000000000e+00,-5.375583836752607925e-02,7.861410575306779780e-01,0.000000000000000000e+00
2.781193238888949093e+00,4.580623308773804858e+00,0.000000000000000000e+00,-3.430415865944820841e-01,4.161222811628953466e-01,0.000000000000000000e+00
2.552904744024673711e+00,4.508679631250687159e+00,0.000000000000000000e+00,9.311323912343949516e-02,1.035382144170409191e+00,0.000000000000000000e+00
3.200000000000000178e+00,4.500000000000000000e+00,0.000000000000000000e+00,0.000000000000000000e+00,0.000000000000000000e+00,0.000000000000000000e+00
2.847349524267875243e+00,4.676936200599908666e+00,0.000000000000000000e+00,-3.781284241936530566e-01,2.483245061015089405e-01,0.000000000000000000e+00
2.956752904823400474e+00,4.636624546213005793e+00,0.000000000000000000e+00,-4.167758101510737889e-01,-8.824843619279941487e-02,0.000000000000000000e+00
3.055150884812154022e+00,4.771342684186176797e+00,0.000000000000000000e+00,-5.834599039203891557e-01,-2.206807928312385855e-02,0.000000000000000000e+00
3.098397979988753104e+00,4.634718137973170116e+00,0.000000000000000000e+00,-4.226872432195573071e-01,-1.364115671466916736e-02,0.000000000000000000e+00
3.298397979988752837e+00,4.634718137973170116e+00,0.000000000000000000e+00,-4.399827573762218336e-01,-1.277717747656009761e-02,0.000000000000000000e+00
3.399999999999999467e+00,4.500000000000000888e+00,0.000000000000000000e+00,0.000000000000000000e+00,0.000000000000000000e+00,0.000000000000000000e+00
2.913505809646801392e+00,4.773249092426012474e+00,0.000000000000000000e+00,-4.262677116159571122e-01,1.194226826955671200e-01,0.000000000000000000e+00
3.196795959977506207e+00,4.769436275946340231e+00,0.000000000000000000e+00,-6.312429827764385326e-01,-1.061217262811055620e-02,0.000000000000000000e+00
2.331637745710720022e+00,3.576943976577902085e+00,0.000000000000000000e+00,5.271705406255291493e-01,2.945529492789803472e-01,0.000000000000000000e+00
2.365526666272657508e+00,3.691391295771656367e+00,0.000000000000000000e+00,4.810596710527084152e-01,4.755305900170698208e-01,0.000000000000000000e+00
2.381100603441155705e+00,3.817291720729530269e+00,0.000000000000000000e+00,-4.156281431462988118e-02,5.937115123899675551e-01,0.000000000000000000e+00
2.343815300317570127e+00,3.944551946683884758e+00,0.000000000000000000e+00,-1.115312477557802717e+00,4.366090625963566785e-01,0.000000000000000000e+00
2.223448729596119833e+00,3.742280337707312832e+00,0.000000000000000000e+00,1.906379259901391510e-01,-2.812280002405203594e-01,0.000000000000000000e+00
2.207874792427622523e+00,3.616379912749439374e+00,0.000000000000000000e+00,4.503744720037237692e-01,-1.319038357728601896e-01,0.000000000000000000e+00
2.239022666764618474e+00,3.868180762665187622e+00,0.000000000000000000e+00,-3.662711079268500813e-01,-3.759601065868009573e-01,0.000000000000000000e+00
2.513909128154079298e+00,4.254647406067325832e+00,0.000000000000000000e+00,-1.080409784395980122e+00,1.288022772269239669e+00,0.000000000000000000e+00
2.429522242580336666e+00,4.149320784830434761e+00,0.000000000000000000e+00,-1.223249297041296701e+00,1.185977061844751601e+00,0.000000000000000000e+00
2.481670647657413298e+00,4.393199035104487393e+00,0.000000000000000000e+00,-4.793997929215904064e-01,1.263143924712400779e+00,0.000000000000000000e+00
2.410436551290152440e+00,4.277718438958287628e+00,0.000000000000000000e+00,-8.611704703654254889e-01,1.356546087998683703e+00,0.000000000000000000e+00
2.174674532351200007e+00,3.465639615610701885e+00,0.000000000000000000e+00,6.001100349219565810e-01,-1.104634737598831490e-01,0.000000000000000000e+00
2.533224255138897263e+00,1.919388498338614468e+00,0.000000000000000000e+00,1.610941503071505077e+00,-5.675274227710629116e-02,0.000000000000000000e+00
2.434928610568498630e+00,2.046858849100045674e+00,0.000000000000000000e+00,1.754131705790003215e+00,2.126452021697318728e-01,0.000000000000000000e+00
2.637660917782767456e+00,1.789117446155375823e+00,0.000000000000000000e+00,1.308687784146499888e+00,-3.525222403503298629e-01,0.000000000000000000e+00
2.733911259113314784e+00,1.645208443160429912e+00,0.000000000000000000e+00,1.183755400871576713e+00,-2.641532280217353534e-01,0.000000000000000000e+00
2.443967220810178809e+00,1.786737020913284901e+00,0.000000000000000000e+00,1.389059598924312189e+00,1.363899569942259582e-01,0.000000000000000000e+00
2.339530558166308616e+00,1.917008073096523768e+00,0.000000000000000000e+00,1.617866141769594979e+00,4.050215062670610711e-01,0.000000000000000000e+00
2.548403883454049002e+00,1.656465968730046034e+00,0.000000000000000000e+00,1.073672020917246561e+00,-1.960898692586674208e-01,0.000000000000000000e+00
2.822287501227386919e+00,1.485941832545417007e+00,0.000000000000000000e+00,1.133357510692087233e+00,-1.554886797426499601e-01,0.000000000000000000e+00
2.906186760554946513e+00,1.334956604207384601e+00,0.000000000000000000e+00,1.033596673130505739e+00,-5.244588525861842987e-02,0.000000000000000000e+00
2.636780125568121136e+00,1.497199358115032908e+00,0.000000000000000000e+00,1.013144378393656453e+00,-1.431883908861355248e-01,0.000000000000000000e+00
2.725156367682192826e+00,1.337932747500020003e+00,0.000000000000000000e+00,9.438929582131815321e-01,-4.931740800953068882e-02,0.000000000000000000e+00
2.330536459414167538e+00,2.180276806209226592e+00,0.000000000000000000e+00,1.693466966436371735e+00,2.284765665417359259e-01,0.000000000000000000e+00
2.232039794595774840e+00,2.341921993657442691e+00,0.000000000000000000e+00,1.040236708131267784e+00,5.001926596806979819e-02,0.000000000000000000e+00
2.235138407011977968e+00,2.050426030205704908e+00,0.000000000000000000e+00,1.553409460696958844e+00,3.564239685482924469e-01,0.000000000000000000e+00
2.130746255857647320e+00,2.183843987314886270e+00,0.000000000000000000e+00,1.464210166982174544e+00,2.388890908676164493e-01,0.000000000000000000e+00
2.138888888889346696e+00,2.500000000000000000e+00,0.000000000000000000e+00,0.000000000000000000e+00,0.000000000000000000e+00,0.000000000000000000e+00
2.037595350151218287e+00,2.341921993657442691e+00,0.000000000000000000e+00,9.747937982808703161e-01,1.104207882380272288e-01,0.000000000000000000e+00
1.944444444444790143e+00,2.500000000000000444e+00,0.000000000000000000e+00,0.000000000000000000e+00,0.000000000000000000e+00,0.000000000000000000e+00
3.082093859676744430e+00,1.017085152529012104e+00,0.000000000000000000e+00,3.288553844276110860e-01,1.164146903259548615e-01,0.000000000000000000e+00
2.994288181871450405e+00,1.173817318991181580e+00,0.000000000000000000e+00,8.021085918688444227e-01,7.981597906511191109e-02,0.000000000000000000e+00
2.813257788998696718e+00,1.176793462283816982e+00,0.000000000000000000e+00,7.250803460343007156e-01,-7.786103954329654311e-03,0.000000000000000000e+00
2.901359210315200610e+00,1.015654177067614183e+00,0.000000000000000000e+00,3.424314386290719381e-01,3.506626383880676739e-02,0.000000000000000000e+00
3.915164875785694498e+00,8.306980931887206765e-01,0.000000000000000000e+00,-8.253484765119996347e-02,-1.867563689986235786e-01,0.000000000000000000e+00
4.006208961607875096e+00,6.799743804702242933e-01,0.000000000000000000e+00,-2.442275030170124872e-01,-2.501488817009331900e-01,0.000000000000000000e+00
3.725885300046707371e+00,8.392331434253041955e-01,0.000000000000000000e+00,8.695913211425968306e-03,-1.663008392131098967e-01,0.000000000000000000e+00
3.822348508113579513e+00,6.719919647221422876e-01,0.000000000000000000e+00,-2.410231644282509744e-01,-2.042270575546825118e-01,0.000000000000000000e+00
3.537234103675916952e+00,8.534010422612829938e-01,0.000000000000000000e+00,-6.863489612964589204e-02,-7.360902552153322786e-02,0.000000000000000000e+00
3.353937312205143684e+00,8.594219451922551212e-01,0.000000000000000000e+00,-3.149512899586353470e-03,1.028684987704344272e-01,0.000000000000000000e+00
3.633697311742789537e+00,6.861598635581211969e-01,0.000000000000000000e+00,-2.648428657233896089e-01,-3.637868080289501788e-02,0.000000000000000000e+00
3.445046115371999118e+00,7.003277623941001062e-01,0.000000000000000000e+00,-2.850566266294183304e-01,-3.317058615768904428e-02,0.000000000000000000e+00
3.262617645194182181e+00,7.033736301045869777e-01,0.000000000000000000e+00,-1.728323987357269220e-01,1.357741858789986264e-04,0.000000000000000000e+00
3.171508842027325858e+00,8.624678129027418816e-01,0.000000000000000000e+00,1.254823998166099686e-01,9.494020991039883728e-02,0.000000000000000000e+00
2.990774192665782039e+00,8.610368374413439607e-01,0.000000000000000000e+00,2.050935798202939420e-01,3.888406090445834656e-02,0.000000000000000000e+00
3.080189175016363912e+00,7.064194978150737381e-01,0.000000000000000000e+00,-5.641741882747428743e-02,-2.242837103753156716e-02,0.000000000000000000e+00
4.450219589535080900e+00,5.280260210033708157e-01,0.000000000000000000e+00,-2.529302177056079182e-01,-2.714469055801493336e-01,0.000000000000000000e+00
4.305218273350838842e+00,5.205045050018111130e-01,0.000000000000000000e+00,-3.653695982525896890e-01,-2.400441887135811303e-01,0.000000000000000000e+00
4.420367131599507893e+00,3.530522137853159270e-01,0.000000000000000000e+00,-4.325534737452085277e-01,-9.941065825131442657e-02,0.000000000000000000e+00
4.571963111186662765e+00,4.496265245440806968e-01,0.000000000000000000e+00,-2.274311800665051175e-01,-2.820037806372195366e-01,0.000000000000000000e+00
4.105949406081535358e+00,5.138373624322682964e-01,0.000000000000000000e+00,-4.946724175017019887e-01,-2.880200228846913624e-01,0.000000000000000000e+00
3.922088952587239774e+00,5.058549466841864017e-01,0.000000000000000000e+00,-5.336640430202039820e-01,-2.082507386236859548e-01,0.000000000000000000e+00
4.221098264330204408e+00,3.463850712157731659e-01,0.000000000000000000e+00,-5.692482305180888158e-01,-1.606812678245360393e-01,0.000000000000000000e+00
4.021829397060899147e+00,3.397179286462304049e-01,0.000000000000000000e+00,-7.087341370729238754e-01,-1.819062428791236863e-01,0.000000000000000000e+00
5.000000000000000000e+00,5.357142857133878611e-01,0.000000000000000000e+00,0.000000000000000000e+00,0.000000000000000000e+00,0.000000000000000000e+00
4.861779545386908374e+00,4.516718462226629316e-01,0.000000000000000000e+00,-2.458822633546606240e-02,-2.726820665417849510e-01,0.000000000000000000e+00
5.000000000000000000e+00,3.571428571424803966e-01,0.000000000000000000e+00,0.000000000000000000e+00,0.000000000000000000e+00,0.000000000000000000e+00
4.737283278735739955e+00,3.987400082744868568e-01,0.000000000000000000e+00,-1.293336519877065494e-01,-3.226381758896095242e-01,0.000000000000000000e+00
4.585687299148586860e+00,3.021656975157220870e-01,0.000000000000000000e+00,-2.882756889125399624e-01,-1.531582615730344710e-01,0.000000000000000000e+00
4.875503733348832469e+00,3.042110191943043773e-01,0.000000000000000000e+00,-1.096707583722016099e-01,-1.789299264230734821e-01,0.000000000000000000e+00
4.751007466697664050e+00,2.512791812461283025e-01,0.000000000000000000e+00,-1.541404406331420007e-01,-2.652705530080339269e-01,0.000000000000000000e+00
1.953263960989399362e+00,3.309873512641452908e+00,0.000000000000000000e+00,5.684360596381078379e-01,-1.063020935269817918e-01,0.000000000000000000e+00
1.854749047074598423e+00,3.152423853405470489e+00,0.000000000000000000e+00,3.264610867897771440e-01,-1.088771728550816213e-02,0.000000000000000000e+00
2.040742380244581877e+00,3.409628252387583380e+00,0.000000000000000000e+00,5.716519902632456462e-01,-1.559810683334952042e-01,0.000000000000000000e+00
2.073942640321004394e+00,3.560368549526320869e+00,0.000000000000000000e+00,4.320894408498142103e-01,-2.179028541009060127e-01,0.000000000000000000e+00
1.852532068959203970e+00,3.404602446557071893e+00,0.000000000000000000e+00,4.428277841406242921e-01,-1.374541595407034189e-01,0.000000000000000000e+00
1.940010488214386708e+00,3.504357186303202365e+00,0.000000000000000000e+00,4.242059506602512409e-01,-2.090177389780401296e-01,0.000000000000000000e+00
1.765053649704021010e+00,3.304847706810940977e+00,0.000000000000000000e+00,4.388258719441452405e-01,-4.349424620973955935e-02,0.000000000000000000e+00
1.750000000000206724e+00,3.000000000000000444e+00,0.000000000000000000e+00,0.000000000000000000e+00,0.000000000000000000e+00,0.000000000000000000e+00
1.660304602629629311e+00,3.152423853405470933e+00,0.000000000000000000e+00,2.755801602245699367e-01,-4.320923643020184793e-03,0.000000000000000000e+00
1.555555555555236946e+00,3.000000000000000000e+00,0.000000000000000000e+00,0.000000000000000000e+00,0.000000000000000000e+00,0.000000000000000000e+00
2.313677237774951934e+00,4.199882797792422906e+00,0.000000000000000000e+00,-8.122114012176139264e-01,9.790466444787599976e-01,0.000000000000000000e+00
2.332762929065136603e+00,4.071485143664570927e+00,0.000000000000000000e+00,-1.095326078653329871e+00,7.912037338285845545e-01,0.000000000000000000e+00
2.227970295512184951e+00,3.995113959645872903e+00,0.000000000000000000e+00,-6.429068404331104158e-01,4.768177519664065778e-02,0.000000000000000000e+00
2.216917924259751871e+00,4.122047156626558184e+00,0.000000000000000000e+00,-6.692267233863301579e-01,4.337774334214437033e-01,0.000000000000000000e+00
2.729588583070535091e+00,4.688507410299038725e+00,0.000000000000000000e+00,-1.714823002036930666e-01,7.617753845801501500e-01,0.000000000000000000e+00
2.615444335638397622e+00,4.652535571537479875e+00,0.000000000000000000e+00,-5.505998775139276519e-02,9.943179815069389527e-01,0.000000000000000000e+00
2.677983927252121088e+00,4.796391511824271703e+00,0.000000000000000000e+00,-1.058614665310044917e-01,9.520552752665996099e-01,0.000000000000000000e+00
2.795744868449460796e+00,4.784820302125141644e+00,0.000000000000000000e+00,-2.180298925316391245e-01,6.715742109505861146e-01,0.000000000000000000e+00
2.421050798343459487e+00,4.532387102834977810e+00,0.000000000000000000e+00,9.113075129914369188e-02,1.243250948866721162e+00,0.000000000000000000e+00
2.349816701976198630e+00,4.416906506688777156e+00,0.000000000000000000e+00,-3.881503811566529571e-01,1.461712431045418148e+00,0.000000000000000000e+00
2.536697499193107497e+00,4.802457953568479709e+00,0.000000000000000000e+00,4.217800847570880862e-02,1.225644949737622058e+00,0.000000000000000000e+00
2.474157907579383586e+00,4.658602013281686993e+00,0.000000000000000000e+00,5.258141618818963636e-02,1.243755904668581103e+00,0.000000000000000000e+00
2.342303961898168918e+00,4.682309484865976756e+00,0.000000000000000000e+00,1.685733196651799104e-01,1.397157609264484845e+00,0.000000000000000000e+00
2.289196852662244375e+00,4.556094574419266685e+00,0.000000000000000000e+00,6.840568558623733031e-02,1.395875933659905588e+00,0.000000000000000000e+00
2.395411071134092573e+00,4.808524395312685051e+00,0.000000000000000000e+00,1.726877085827455693e-01,1.433140471155779139e+00,0.000000000000000000e+00
2.981694945437904032e+00,4.895160001218934909e+00,0.000000000000000000e+00,-3.662013188396602281e-01,1.495358372739725716e-01,0.000000000000000000e+00
3.123340020603256662e+00,4.893253592979100119e+00,0.000000000000000000e+00,-4.676469598814089745e-01,-8.302644104338754300e-03,0.000000000000000000e+00
3.049884081229006227e+00,5.017070910011859119e+00,0.000000000000000000e+00,-2.167002209402117685e-01,9.163304915007208784e-02,0.000000000000000000e+00
3.339091562545493552e+00,4.780999394261389313e+00,0.000000000000000000e+00,-7.097711564773373505e-01,2.493393419382831933e-02,0.000000000000000000e+00
3.440693582556740182e+00,4.646281256288219197e+00,0.000000000000000000e+00,-5.177958124878589974e-01,-1.056070954477598099e-02,0.000000000000000000e+00
3.481387165113480897e+00,4.792562512576438394e+00,0.000000000000000000e+00,-7.864755335219020260e-01,-1.666468874454899926e-02,0.000000000000000000e+00
3.599999999999999645e+00,4.500000000000000000e+00,0.000000000000000000e+00,0.000000000000000000e+00,0.000000000000000000e+00,0.000000000000000000e+00
3.640693582556740360e+00,4.646281256288219197e+00,0.000000000000000000e+00,-5.162431073915280111e-01,-3.926878615318777493e-02,0.000000000000000000e+00
3.799999999999999822e+00,4.500000000000000888e+00,0.000000000000000000e+00,0.000000000000000000e+00,0.000000000000000000e+00,0.000000000000000000e+00
2.732029065056686967e+00,4.919410672536962181e+00,0.000000000000000000e+00,-9.644022848657164693e-02,8.521875479775753437e-01,0.000000000000000000e+00
2.849790006254026231e+00,4.907839462837831235e+00,0.000000000000000000e+00,-1.412954285884668593e-01,5.742482020019546995e-01,0.000000000000000000e+00
2.917979142045129315e+00,5.029750371630755446e+00,0.000000000000000000e+00,-1.115806540799971769e-01,5.003295000806151638e-01,0.000000000000000000e+00
2.786074202861251958e+00,5.042429833249651772e+00,0.000000000000000000e+00,-8.758088156247204048e-02,7.355235798366693833e-01,0.000000000000000000e+00
3.191739670938050111e+00,5.025421191341409966e+00,0.000000000000000000e+00,-2.495025356270178518e-01,2.239775667586907729e-02,0.000000000000000000e+00
3.265195610312300101e+00,4.901603874308650077e+00,0.000000000000000000e+00,-4.903939818955321828e-01,5.952360819770032008e-02,0.000000000000000000e+00
3.407491212880287001e+00,4.913166992623699159e+00,0.000000000000000000e+00,-5.512530243136343211e-01,7.364281923797703910e-02,0.000000000000000000e+00
3.333595260647093106e+00,5.033771472670959923e+00,0.000000000000000000e+00,-2.387766144390811862e-01,1.050020219837712460e-01,0.000000000000000000e+00
2.100785238444355052e+00,3.677730258964548860e+00,0.000000000000000000e+00,2.335655921236318711e-01,-2.671043652981624494e-01,0.000000000000000000e+00
2.116359175612853250e+00,3.803630683922422762e+00,0.000000000000000000e+00,-1.222496013815645988e-01,-3.244633703418807191e-01,0.000000000000000000e+00
1.993695684461088247e+00,3.739080605179658789e+00,0.000000000000000000e+00,9.171934935318568072e-02,-1.992679003161142437e-01,0.000000000000000000e+00
1.966853086337737366e+00,3.621718895741430355e+00,0.000000000000000000e+00,3.068474873082278620e-01,-2.125653420578255404e-01,0.000000000000000000e+00
2.119511333382309459e+00,3.934090381332594255e+00,0.000000000000000000e+00,-2.001471489257935221e-01,-1.870732201609520695e-01,0.000000000000000000e+00
2.108458962129875935e+00,4.061023578313279536e+00,0.000000000000000000e+00,-3.081102132183895503e-01,1.564079898236102606e-01,0.000000000000000000e+00
1.996847842230544012e+00,3.869540302589828951e+00,0.000000000000000000e+00,-8.770341447287431647e-02,-8.388745039178803486e-02,0.000000000000000000e+00
2.000000000000000444e+00,4.000000000000000888e+00,0.000000000000000000e+00,0.000000000000000000e+00,0.000000000000000000e+00,0.000000000000000000e+00
2.200114094951090671e+00,4.231609595313690519e+00,0.000000000000000000e+00,-3.841219606388709407e-01,7.540103283671195644e-01,0.000000000000000000e+00
2.296873408466290734e+00,4.309445236479554353e+00,0.000000000000000000e+00,-5.197077099291328439e-01,1.206526037114353578e+00,0.000000000000000000e+00
2.236253559152337367e+00,4.448633304210044770e+00,0.000000000000000000e+00,-1.758007262021800132e-01,1.198285079148039056e+00,0.000000000000000000e+00
2.183310265642429471e+00,4.341172034000821967e+00,0.000000000000000000e+00,-2.214807165253092347e-01,9.142755860192114392e-01,0.000000000000000000e+00
2.250043504282517759e+00,1.778155479749875978e+00,0.000000000000000000e+00,1.449393047717937533e+00,3.632705626886746364e-01,0.000000000000000000e+00
2.354480166926387508e+00,1.647884427566637111e+00,0.000000000000000000e+00,1.179141204463401538e+00,1.995314089452888684e-01,0.000000000000000000e+00
2.160556450398726014e+00,1.639302886403227744e+00,0.000000000000000000e+00,1.220042679763447380e+00,4.207517519980792930e-01,0.000000000000000000e+00
2.139881351185784375e+00,1.920482560271621342e+00,0.000000000000000000e+00,1.640577097994681433e+00,3.991834049390468597e-01,0.000000000000000000e+00
2.035489200031452839e+00,2.053900517380802260e+00,0.000000000000000000e+00,1.521543155917897350e+00,4.732591372925367135e-01,0.000000000000000000e+00
2.050394297301992630e+00,1.781629966924973552e+00,0.000000000000000000e+00,1.388780565514573073e+00,6.049098457026143016e-01,0.000000000000000000e+00
1.940232144205258802e+00,1.923957047446718693e+00,0.000000000000000000e+00,1.514711781807175139e+00,7.976711011178347910e-01,0.000000000000000000e+00
2.453852474550958007e+00,1.501325607902505688e+00,0.000000000000000000e+00,9.234945928082490818e-01,-7.162043261814422801e-02,0.000000000000000000e+00
2.542228716665030142e+00,1.342058997287492339e+00,0.000000000000000000e+00,8.364012181931690382e-01,-3.674606885002406481e-02,0.000000000000000000e+00
2.259928758023296513e+00,1.492744066739096542e+00,0.000000000000000000e+00,9.970482139091961793e-01,2.882383021544263069e-01,0.000000000000000000e+00
2.359301065647867013e+00,1.346185247074964897e+00,0.000000000000000000e+00,7.134470386741770254e-01,8.635879063882895279e-02,0.000000000000000000e+00
2.718956854450989891e+00,1.017902700375421521e+00,0.000000000000000000e+00,3.389259889376214918e-01,3.173071557706087092e-02,0.000000000000000000e+00
2.630855433134485999e+00,1.179041985591624542e+00,0.000000000000000000e+00,6.943148804578311850e-01,4.587931637686267633e-02,0.000000000000000000e+00
2.447927782117323314e+00,1.183168235379097100e+00,0.000000000000000000e+00,5.421178100508760034e-01,1.375593253656082482e-01,0.000000000000000000e+00
2.536554498586779616e+00,1.020151223683229302e+00,0.000000000000000000e+00,2.574000252886672890e-01,2.311533661684054552e-01,0.000000000000000000e+00
1.935157610018536145e+00,2.184583096570531957e+00,0.000000000000000000e+00,1.190329857531657431e+00,3.699825374288285285e-01,0.000000000000000000e+00
1.842006704312107335e+00,2.342661102913088378e+00,0.000000000000000000e+00,6.768922953323414093e-01,9.911270888761022912e-02,0.000000000000000000e+00
1.839900554192341886e+00,2.054639626636447947e+00,0.000000000000000000e+00,1.207354058066669733e+00,6.771871541610009482e-01,0.000000000000000000e+00
1.739568964179425192e+00,2.185322205826177644e+00,0.000000000000000000e+00,8.273059987759265876e-01,4.220496063944831344e-01,0.000000000000000000e+00
1.749999999999824141e+00,2.500000000000000000e+00,0.000000000000000000e+00,0.000000000000000000e+00,0.000000000000000000e+00,0.000000000000000000e+00
1.647562259867141332e+00,2.342661102913088378e+00,0.000000000000000000e+00,5.154231464370904181e-01,1.877870428432822925e-01,0.000000000000000000e+00
1.555555555554858138e+00,2.500000000000000444e+00,0.000000000000000000e+00,0.000000000000000000e+00,0.000000000000000000e+00,0.000000000000000000e+00
2.890205068390305776e+00,6.976614759121402276e-01,0.000000000000000000e+00,-1.103781886951077235e-01,8.764134834674834618e-02,0.000000000000000000e+00
2.800790086039723903e+00,8.522788155384102282e-01,0.000000000000000000e+00,1.684130956871942308e-01,1.946059910281736777e-02,0.000000000000000000e+00
2.618387730175513184e+00,8.545273388462177877e-01,0.000000000000000000e+00,6.533237270035277544e-02,2.472100461757409939e-01,0.000000000000000000e+00
2.700220961764246752e+00,6.889034540092064951e-01,0.000000000000000000e+00,-2.681218981632972342e-01,2.366368373215548271e-01,0.000000000000000000e+00
3.829838570681086907e+00,3.409583116798224900e-01,0.000000000000000000e+00,-8.198831548974860883e-01,-5.762336093198592440e-02,0.000000000000000000e+00
3.730098126207426645e+00,5.070953297177784869e-01,0.000000000000000000e+00,-6.401798664014693996e-01,-4.369603836779530071e-02,0.000000000000000000e+00
3.541446929836636670e+00,5.212632285537573962e-01,0.000000000000000000e+00,-6.688845787601747084e-01,4.127769699906685963e-02,0.000000000000000000e+00
3.637847744301273778e+00,3.421986947134145751e-01,0.000000000000000000e+00,-9.016942846415844093e-01,1.068150464757047780e-01,0.000000000000000000e+00
3.350563537360561561e+00,5.299576563403438634e-01,0.000000000000000000e+00,-6.724975449912061753e-01,-7.402039561985539196e-02,0.000000000000000000e+00
3.168135067182744180e+00,5.330035240508306238e-01,0.000000000000000000e+00,-6.209872859695608760e-01,-9.014401236043979859e-02,0.000000000000000000e+00
3.446964351825198669e+00,3.508931225000010423e-01,0.000000000000000000e+00,-9.072138901510204967e-01,-5.516936563366498479e-03,0.000000000000000000e+00
3.256080959349123560e+00,3.595875502865875095e-01,0.000000000000000000e+00,-9.217370682213134048e-01,-9.301436157327030996e-02,0.000000000000000000e+00
3.060193645478563429e+00,3.499050274728897625e-01,0.000000000000000000e+00,-9.614306075939891283e-01,-3.425527898853865383e-02,0.000000000000000000e+00
2.972247753312183605e+00,5.233210012371329878e-01,0.000000000000000000e+00,-6.368413288100847058e-01,6.179757399465625467e-02,0.000000000000000000e+00
2.782263646686125025e+00,5.145629793341992553e-01,0.000000000000000000e+00,-6.760955941253823376e-01,2.650260013144344895e-01,0.000000000000000000e+00
2.864306331608002854e+00,3.402225046591920155e-01,0.000000000000000000e+00,-9.754562781160743823e-01,2.192841301175109392e-01,0.000000000000000000e+00
4.416666666672504959e+00,0.000000000000000000e+00,0.000000000000000000e+00,0.000000000000000000e+00,0.000000000000000000e+00,0.000000000000000000e+00
4.681059288906333826e+00,1.256395906230641513e-01,0.000000000000000000e+00,-1.886488533626293485e-01,-7.624075969535927533e-02,0.000000000000000000e+00
4.515739121357255748e+00,1.765261068926579635e-01,0.000000000000000000e+00,-3.102932789726449703e-01,-1.946118745908287720e-02,0.000000000000000000e+00
4.122025809645452732e+00,1.698589643231152024e-01,0.000000000000000000e+00,-4.603512683655441862e-01,-6.220970829870128838e-02,0.000000000000000000e+00
4.321294676914757105e+00,1.765261068926579635e-01,0.000000000000000000e+00,-3.534886580784565857e-01,-3.096473818399123751e-02,0.000000000000000000e+00
4.611111111115003602e+00,-5.413126660430650266e-18,0.000000000000000000e+00,0.000000000000000000e+00,0.000000000000000000e+00,0.000000000000000000e+00
4.222222222230005428e+00,7.318298983073916439e-18,0.000000000000000000e+00,0.000000000000000000e+00,0.000000000000000000e+00,0.000000000000000000e+00
4.027777777786438307e+00,0.000000000000000000e+00,0.000000000000000000e+00,0.000000000000000000e+00,0.000000000000000000e+00,0.000000000000000000e+00
3.927581365201885166e+00,1.698589643231152024e-01,0.000000000000000000e+00,-5.576903150653537145e-01,-4.870219488046997197e-02,0.000000000000000000e+00
3.735590538822071593e+00,1.710993473567072876e-01,0.000000000000000000e+00,-6.581493918941920818e-01,9.105992879650448568e-02,0.000000000000000000e+00
3.833333333342869853e+00,7.371740342083331167e-18,0.000000000000000000e+00,0.000000000000000000e+00,0.000000000000000000e+00,0.000000000000000000e+00
5.000000000000000000e+00,1.785714285712402261e-01,0.000000000000000000e+00,0.000000000000000000e+00,0.000000000000000000e+00,0.000000000000000000e+00
5.000000000000000000e+00,5.413126660430650266e-18,0.000000000000000000e+00,0.000000000000000000e+00,0.000000000000000000e+00,0.000000000000000000e+00
4.875503733348832469e+00,1.256395906230641513e-01,0.000000000000000000e+00,-8.314507425938101257e-03,-7.663233793095691748e-02,0.000000000000000000e+00
4.805555555557502245e+00,0.000000000000000000e+00,0.000000000000000000e+00,0.000000000000000000e+00,0.000000000000000000e+00,0.000000000000000000e+00
1.811202320774194519e+00,3.552873238207420403e+00,0.000000000000000000e+00,3.718987027455809558e-01,-1.443841580908290234e-01,0.000000000000000000e+00
1.723723901519011559e+00,3.453118498461289487e+00,0.000000000000000000e+00,3.744150685106596432e-01,-7.362306213198401006e-02,0.000000000000000000e+00
1.682394153334001885e+00,3.601389290111637553e+00,0.000000000000000000e+00,2.915135118194275288e-01,-1.174924597481561833e-01,0.000000000000000000e+00
1.838044918897545177e+00,3.670234947645647949e+00,0.000000000000000000e+00,2.265078459495683261e-01,-1.554532759073693482e-01,0.000000000000000000e+00
1.481488737980615866e+00,3.155025049407421456e+00,0.000000000000000000e+00,2.292362119627052164e-01,-8.361530701596536774e-03,0.000000000000000000e+00
1.586237785055008231e+00,3.307448902812892388e+00,0.000000000000000000e+00,3.781026843551238414e-01,-3.382591719928010332e-02,0.000000000000000000e+00
1.544908036869998558e+00,3.455719694463240454e+00,0.000000000000000000e+00,3.021204199109269739e-01,-7.488603536420233853e-02,0.000000000000000000e+00
1.407421920405994786e+00,3.310050098814842467e+00,0.000000000000000000e+00,3.132329260825867379e-01,-5.305321713036676573e-02,0.000000000000000000e+00
1.361111111110677285e+00,3.000000000000000444e+00,0.000000000000000000e+00,0.000000000000000000e+00,0.000000000000000000e+00,0.000000000000000000e+00
1.287044293536055983e+00,3.155025049407421456e+00,0.000000000000000000e+00,1.731442028730893756e-01,-1.010632322038393545e-02,0.000000000000000000e+00
1.166666666666116958e+00,3.000000000000000000e+00,0.000000000000000000e+00,0.000000000000000000e+00,0.000000000000000000e+00,0.000000000000000000e+00
2.000000000000000000e+00,4.125000000000000000e+00,0.000000000000000000e+00,0.000000000000000000e+00,0.000000000000000000e+00,0.000000000000000000e+00
2.091655132821214735e+00,4.295586017000411871e+00,0.000000000000000000e+00,-1.134510937795201319e-01,5.892515444410381109e-01,0.000000000000000000e+00
2.108458962129875935e+00,4.186023578313279536e+00,0.000000000000000000e+00,-1.765739125455785263e-01,4.806905243746396605e-01,0.000000000000000000e+00
2.000000000000000000e+00,4.250000000000000000e+00,0.000000000000000000e+00,0.000000000000000000e+00,0.000000000000000000e+00,0.000000000000000000e+00
2.603336106851125820e+00,4.951319018025758467e+00,0.000000000000000000e+00,1.142830595330946754e-02,1.251933291095791434e+00,0.000000000000000000e+00
2.657381244655691255e+00,5.074338178738448946e+00,0.000000000000000000e+00,4.369685235731344403e-02,1.174020946970790957e+00,0.000000000000000000e+00
2.462049678792111784e+00,4.957385459769965586e+00,0.000000000000000000e+00,1.468157302163562716e-01,1.455986288270070261e+00,0.000000000000000000e+00
2.528688286450129663e+00,5.106246524227244343e+00,0.000000000000000000e+00,1.410938431925383707e-01,1.481317347076057889e+00,0.000000000000000000e+00
2.253094976827824780e+00,4.799514912214609907e+00,0.000000000000000000e+00,1.689357834245658885e-01,1.156244545141841051e+00,0.000000000000000000e+00
2.199987867591900681e+00,4.673300001767900724e+00,0.000000000000000000e+00,1.075146299627432328e-01,1.120438313955693710e+00,0.000000000000000000e+00
2.110778882521556099e+00,4.790505429116533875e+00,0.000000000000000000e+00,1.614738502622331817e-01,7.720097814341020381e-01,0.000000000000000000e+00
2.091655132821214735e+00,4.420586017000411871e+00,0.000000000000000000e+00,-3.888360200363304847e-02,6.271478963810156460e-01,0.000000000000000000e+00
2.144598426331122187e+00,4.528047287209633787e+00,0.000000000000000000e+00,1.717727878674949610e-02,9.403668377945395562e-01,0.000000000000000000e+00
2.055389441260778050e+00,4.645252714558266938e+00,0.000000000000000000e+00,1.193676751625127874e-01,4.608377195682047400e-01,0.000000000000000000e+00
2.000000000000000000e+00,4.500000000000000000e+00,0.000000000000000000e+00,0.000000000000000000e+00,0.000000000000000000e+00,0.000000000000000000e+00
2.385574617846683232e+00,5.098288857800423735e+00,0.000000000000000000e+00,1.123585165180950862e-01,1.293386161099146170e+00,0.000000000000000000e+00
2.318936010188664465e+00,4.949427793343144089e+00,0.000000000000000000e+00,1.064816430689652232e-01,1.263144901189376723e+00,0.000000000000000000e+00
2.176619915882396228e+00,4.940418310245068056e+00,0.000000000000000000e+00,9.521165451435602278e-02,9.447121980274462150e-01,0.000000000000000000e+00
2.242460949243235913e+00,5.090331191373602238e+00,0.000000000000000000e+00,7.863536537999300802e-02,1.066251017670989620e+00,0.000000000000000000e+00
3.115157342816873509e+00,5.147379004274545089e+00,0.000000000000000000e+00,-9.210818591955484413e-02,3.669831718866952558e-02,0.000000000000000000e+00
3.257012932525917392e+00,5.155729285604095935e+00,0.000000000000000000e+00,-4.640877610000012504e-02,1.138983293065132935e-02,0.000000000000000000e+00
2.862913993322167006e+00,5.141114321675051002e+00,0.000000000000000000e+00,-5.885832202055270301e-02,5.954491824008047995e-01,0.000000000000000000e+00
2.994818932506043918e+00,5.128434860056154676e+00,0.000000000000000000e+00,-6.556882282570281051e-02,3.119314181533954233e-01,0.000000000000000000e+00
3.060092194093911644e+00,5.258742954318840646e+00,0.000000000000000000e+00,1.140346362751306214e-01,1.346061131895627538e-01,0.000000000000000000e+00
2.939753783783081609e+00,5.239798810100450233e+00,0.000000000000000000e+00,2.500599436911951287e-02,4.191970813895489756e-01,0.000000000000000000e+00
3.180430604404741235e+00,5.277687098537231947e+00,0.000000000000000000e+00,1.971008065833338152e-01,-7.180206873465530548e-02,0.000000000000000000e+00
3.615898552675095967e+00,4.817525336336341724e+00,0.000000000000000000e+00,-9.975098506098254436e-01,9.346606171383331496e-02,0.000000000000000000e+00
3.775204970118354986e+00,4.671244080048122527e+00,0.000000000000000000e+00,-7.852200532074269379e-01,1.515828364755770763e-01,0.000000000000000000e+00
3.551317291226711248e+00,4.921801939962998418e+00,0.000000000000000000e+00,-6.737059854513466339e-01,1.969020660110117615e-01,0.000000000000000000e+00
3.477421338993517352e+00,5.042406420010258294e+00,0.000000000000000000e+00,-3.027574887169429685e-01,2.177969540128709414e-01,0.000000000000000000e+00
3.685828678788326762e+00,4.946764763722900859e+00,0.000000000000000000e+00,-8.452798919344765016e-01,3.217024627542616755e-01,0.000000000000000000e+00
3.750409940236711037e+00,4.842488160096244165e+00,0.000000000000000000e+00,-1.157625896621986117e+00,2.554958513009967791e-01,0.000000000000000000e+00
3.621247417339941155e+00,5.051041367349556666e+00,0.000000000000000000e+00,-3.880697787887313344e-01,4.024018126651530691e-01,0.000000000000000000e+00
3.999999999999999556e+00,4.500000000000000000e+00,0.000000000000000000e+00,0.000000000000000000e+00,0.000000000000000000e+00,0.000000000000000000e+00
3.877857701589324968e+00,4.837945579345479530e+00,0.000000000000000000e+00,-1.257199788332058477e+00,1.675359754414861013e-01,0.000000000000000000e+00
3.902652731470968916e+00,4.666701499297357003e+00,0.000000000000000000e+00,-9.411181785059662408e-01,1.819663305278850299e-02,0.000000000000000000e+00
4.102652731470969094e+00,4.666701499297357891e+00,0.000000000000000000e+00,-1.097276895564628596e+00,3.058137267616040447e-02,0.000000000000000000e+00
4.200000000000000178e+00,4.500000000000000888e+00,0.000000000000000000e+00,0.000000000000000000e+00,0.000000000000000000e+00,0.000000000000000000e+00
4.005305462941938899e+00,4.833402998594715783e+00,0.000000000000000000e+00,-1.345966369199679269e+00,1.326473877597183770e-01,0.000000000000000000e+00
2.604977423862268715e+00,5.233375651913744875e+00,0.000000000000000000e+00,2.759385981813568534e-01,1.361456678211878879e+00,0.000000000000000000e+00
2.733670382067829863e+00,5.201467306424948589e+00,0.000000000000000000e+00,1.750147518896165988e-01,1.029634090043403560e+00,0.000000000000000000e+00
2.810510172528744466e+00,5.300151794850348708e+00,0.000000000000000000e+00,3.006554057014079739e-01,9.078307933488316550e-01,0.000000000000000000e+00
2.681266561274406879e+00,5.360504779600245406e+00,0.000000000000000000e+00,5.042677908073526227e-01,1.188420228864455641e+00,0.000000000000000000e+00
3.325934956420359967e+00,5.283398919463495602e+00,0.000000000000000000e+00,2.828769189453305133e-01,2.416632005519149182e-02,0.000000000000000000e+00
3.402517284541535680e+00,5.161441106530360479e+00,0.000000000000000000e+00,-1.947974184780778759e-02,1.812338075955161887e-01,0.000000000000000000e+00
3.546343362887959927e+00,5.170076053869658850e+00,0.000000000000000000e+00,-7.333898260914868683e-02,3.746887897641241749e-01,0.000000000000000000e+00
3.471439308435978255e+00,5.289110740389761034e+00,0.000000000000000000e+00,3.028925099075319705e-01,2.922793990292235633e-01,0.000000000000000000e+00
1.800000000000000266e+00,4.000000000000000000e+00,0.000000000000000000e+00,0.000000000000000000e+00,0.000000000000000000e+00,0.000000000000000000e+00
1.796847842230544279e+00,3.869540302589829395e+00,0.000000000000000000e+00,2.732529114989439012e-02,-5.323645749133668753e-02,0.000000000000000000e+00
1.641197076667001209e+00,3.800694645055818999e+00,0.000000000000000000e+00,1.483033392751283153e-01,-8.198773396451977669e-02,0.000000000000000000e+00
1.600000000000000311e+00,4.000000000000000888e+00,0.000000000000000000e+00,0.000000000000000000e+00,0.000000000000000000e+00,0.000000000000000000e+00
2.000000000000000000e+00,4.375000000000000000e+00,0.000000000000000000e+00,0.000000000000000000e+00,0.000000000000000000e+00,0.000000000000000000e+00
1.868208746788859509e+00,1.770669729547881932e+00,0.000000000000000000e+00,1.474192261714619701e+00,7.758935093654006909e-01,0.000000000000000000e+00
1.978370899885593115e+00,1.628342649026136346e+00,0.000000000000000000e+00,1.336887894984119640e+00,5.927028601510934136e-01,0.000000000000000000e+00
2.080281412036018907e+00,1.493706028193435564e+00,0.000000000000000000e+00,1.035741381795082905e+00,3.799585643241533695e-01,0.000000000000000000e+00
2.179653719660589406e+00,1.347147208529303919e+00,0.000000000000000000e+00,7.486694672594065292e-01,3.080772144879229124e-01,0.000000000000000000e+00
1.898095861522886008e+00,1.482745790816343945e+00,0.000000000000000000e+00,1.130011839868711121e+00,6.382893695799560785e-01,0.000000000000000000e+00
1.796185349372459994e+00,1.617382411649044949e+00,0.000000000000000000e+00,1.373042308406124734e+00,8.535251265873811111e-01,0.000000000000000000e+00
2.000006373673311799e+00,1.348109169983642941e+00,0.000000000000000000e+00,7.994287089356945097e-01,3.553642088095468887e-01,0.000000000000000000e+00
1.759591757120677169e+00,1.905861623150955975e+00,0.000000000000000000e+00,1.471132562962549795e+00,6.765696592179430979e-01,0.000000000000000000e+00
1.659260167107760031e+00,2.036544202340685228e+00,0.000000000000000000e+00,1.142246461447265604e+00,5.279923750039720032e-01,0.000000000000000000e+00
1.687568359704277654e+00,1.752574305252119213e+00,0.000000000000000000e+00,1.360480244249580695e+00,7.804697913557795408e-01,0.000000000000000000e+00
1.578951370036095314e+00,1.887766198855193256e+00,0.000000000000000000e+00,1.337126466656507473e+00,7.097189315350946881e-01,0.000000000000000000e+00
2.353108126002368294e+00,1.025435797628975632e+00,0.000000000000000000e+00,1.712137379467254805e-01,2.194216653041704823e-01,0.000000000000000000e+00
2.264481409532912437e+00,1.188452809324843429e+00,0.000000000000000000e+00,4.792409711249663862e-01,1.803016852624628186e-01,0.000000000000000000e+00
2.084834063545634386e+00,1.189414770779182451e+00,0.000000000000000000e+00,5.414654401485020641e-01,3.082014116705137363e-01,0.000000000000000000e+00
2.169661753417957417e+00,1.030720371574722183e+00,0.000000000000000000e+00,1.530336140958455660e-01,1.873021456857532907e-01,0.000000000000000000e+00
2.524877126710144637e+00,7.028934537847131292e-01,0.000000000000000000e+00,-2.135146449187265982e-01,2.947252781871027016e-01,0.000000000000000000e+00
2.443043895121410625e+00,8.685173386217243108e-01,0.000000000000000000e+00,4.612219840563118456e-02,3.249166458540318492e-01,0.000000000000000000e+00
2.259597522536999747e+00,8.738019125674708620e-01,0.000000000000000000e+00,-5.202087768029248910e-02,2.458696611883626759e-01,0.000000000000000000e+00
2.349533291656042522e+00,7.168834535602196523e-01,0.000000000000000000e+00,-1.838170180071006243e-01,3.839549359913767002e-01,0.000000000000000000e+00
1.547675422148004021e+00,2.178326457272384609e+00,0.000000000000000000e+00,6.405107633435853653e-01,3.389519522343579783e-01,0.000000000000000000e+00
1.455668717835720383e+00,2.335665354359296231e+00,0.000000000000000000e+00,3.071593591641528231e-01,8.122254871582242075e-02,0.000000000000000000e+00
1.467366625076339082e+00,2.029548453786892637e+00,0.000000000000000000e+00,9.610482086258631540e-01,5.398915525214257327e-01,0.000000000000000000e+00
1.355781880116583293e+00,2.171330708718592462e+00,0.000000000000000000e+00,3.840173607845560610e-01,2.865975549733684180e-01,0.000000000000000000e+00
1.361111111110508975e+00,2.500000000000000000e+00,0.000000000000000000e+00,0.000000000000000000e+00,0.000000000000000000e+00,0.000000000000000000e+00
1.261224273391371664e+00,2.335665354359296231e+00,0.000000000000000000e+00,1.483040601242403278e-01,1.203357784960280841e-01,0.000000000000000000e+00
1.166666666666160257e+00,2.500000000000000444e+00,0.000000000000000000e+00,0.000000000000000000e+00,0.000000000000000000e+00,0.000000000000000000e+00
2.567888903339063944e+00,5.299431910644044619e-01,0.000000000000000000e+00,-5.423367407376854521e-01,1.935958886344763263e-01,0.000000000000000000e+00
2.649931588260941773e+00,3.556027163893972221e-01,0.000000000000000000e+00,-8.328388785385920645e-01,1.476714904630480885e-01,0.000000000000000000e+00
2.392545068284961829e+00,5.439331908399109849e-01,0.000000000000000000e+00,-3.975216647428973515e-01,3.268155998725322253e-01,0.000000000000000000e+00
2.435556844913880692e+00,3.709829281196023731e-01,0.000000000000000000e+00,-6.714213372973686367e-01,1.013951535241747470e-01,0.000000000000000000e+00
3.638888888897491292e+00,0.000000000000000000e+00,0.000000000000000000e+00,0.000000000000000000e+00,0.000000000000000000e+00,0.000000000000000000e+00
3.541146094376693476e+00,1.710993473567073153e-01,0.000000000000000000e+00,-6.019047288935527318e-01,2.317599014431355464e-02,0.000000000000000000e+00
3.350262701900617923e+00,1.797937751432937548e-01,0.000000000000000000e+00,-6.312954201218596850e-01,-2.706722676040981129e-02,0.000000000000000000e+00
3.444444444452111842e+00,7.746335950166446649e-18,0.000000000000000000e+00,0.000000000000000000e+00,0.000000000000000000e+00,0.000000000000000000e+00
3.250000000005914380e+00,0.000000000000000000e+00,0.000000000000000000e+00,0.000000000000000000e+00,0.000000000000000000e+00,0.000000000000000000e+00
3.155818257454420017e+00,1.797937751432937548e-01,0.000000000000000000e+00,-6.948154348499356869e-01,-4.260991238805367926e-02,0.000000000000000000e+00
2.959930943583859442e+00,1.701112523295960077e-01,0.000000000000000000e+00,-7.712264462889029115e-01,1.185402482406831964e-01,0.000000000000000000e+00
3.055555555559716030e+00,7.329168701187574142e-18,0.000000000000000000e+00,0.000000000000000000e+00,0.000000000000000000e+00,0.000000000000000000e+00
2.861111111114752248e+00,0.000000000000000000e+00,0.000000000000000000e+00,0.000000000000000000e+00,0.000000000000000000e+00,0.000000000000000000e+00
2.765486499138895216e+00,1.701112523295960355e-01,0.000000000000000000e+00,-6.444413029801124848e-01,6.675554632517695375e-02,0.000000000000000000e+00
2.551111755791834135e+00,1.854914640598011866e-01,0.000000000000000000e+00,-5.135751720907165696e-01,1.478979967538813535e-02,0.000000000000000000e+00
2.666666666669787134e+00,7.991818378307411238e-18,0.000000000000000000e+00,0.000000000000000000e+00,0.000000000000000000e+00,0.000000000000000000e+00
1.511208616951390526e+00,3.632566968711517408e+00,0.000000000000000000e+00,2.632610171764596108e-01,-6.469587890720936152e-02,0.000000000000000000e+00
1.373722500487386977e+00,3.486897373063119865e+00,0.000000000000000000e+00,2.819160016778375910e-01,-3.779075342579365365e-02,0.000000000000000000e+00
1.470011540284389628e+00,3.831872323655698409e+00,0.000000000000000000e+00,1.504951762833577344e-01,-1.658163194029459164e-02,0.000000000000000000e+00
1.340023080568779168e+00,3.663744647311397706e+00,0.000000000000000000e+00,2.483663352616979070e-01,-2.013050015808337881e-02,0.000000000000000000e+00
1.195540375800774768e+00,3.334967292225448521e+00,0.000000000000000000e+00,2.924827295751833423e-01,-2.008942008013252581e-02,0.000000000000000000e+00
1.075162748930835743e+00,3.179942242818027065e+00,0.000000000000000000e+00,1.518497785358910723e-01,-1.741812490772115876e-02,0.000000000000000000e+00
1.161840955882166959e+00,3.511814566473725918e+00,0.000000000000000000e+00,2.622619935610287500e-01,-2.004103157041452893e-02,0.000000000000000000e+00
9.836588311955547503e-01,3.359884485636054130e+00,0.000000000000000000e+00,2.695954705414292940e-01,-6.541980709665302929e-02,0.000000000000000000e+00
9.722222222217644649e-01,3.000000000000000444e+00,0.000000000000000000e+00,0.000000000000000000e+00,0.000000000000000000e+00,0.000000000000000000e+00
8.807183044864833610e-01,3.179942242818027509e+00,0.000000000000000000e+00,9.078608844523788912e-02,-2.193619227482269084e-03,0.000000000000000000e+00
7.777777777774117496e-01,3.000000000000000000e+00,0.000000000000000000e+00,0.000000000000000000e+00,0.000000000000000000e+00,0.000000000000000000e+00
2.439288000578001547e+00,5.241691965895962646e+00,0.000000000000000000e+00,1.277759588872173502e-01,1.345186819236711795e+00,0.000000000000000000e+00
2.515577137990139711e+00,5.368821093582463178e+00,0.000000000000000000e+00,3.122849348608097153e-01,1.208904274151399338e+00,0.000000000000000000e+00
2.296174331974554672e+00,5.233734299469141149e+00,0.000000000000000000e+00,1.111937989203187482e-01,1.130496563508659680e+00,0.000000000000000000e+00
2.349887714705873432e+00,5.377137407564680949e+00,0.000000000000000000e+00,1.578199679013592149e-01,1.190501694490704532e+00,0.000000000000000000e+00
1.955389441260514616e+00,4.785981842673466602e+00,0.000000000000000000e+00,4.476058287126642998e-01,6.024459638791677119e-01,0.000000000000000000e+00
1.899999999999736566e+00,4.640729128115198776e+00,0.000000000000000000e+00,5.080582033883066506e-01,9.958093879757345945e-02,0.000000000000000000e+00
2.088645752182011428e+00,5.081976503799186418e+00,0.000000000000000000e+00,9.556642792176073264e-02,9.221122920222093455e-01,0.000000000000000000e+00
2.022804718821171299e+00,4.932063622670651348e+00,0.000000000000000000e+00,2.081297266518141176e-01,7.878340890706551081e-01,0.000000000000000000e+00
1.867415277560130260e+00,4.927540036227584075e+00,0.000000000000000000e+00,3.671516510568162417e-01,6.886934243568659797e-01,0.000000000000000000e+00
1.799999999999473133e+00,4.781458256230399329e+00,0.000000000000000000e+00,8.283569457562066640e-01,2.430391091713167140e-01,0.000000000000000000e+00
1.934830555120786943e+00,5.073621816224768821e+00,0.000000000000000000e+00,1.178098670219451388e-01,7.790942875222174324e-01,0.000000000000000000e+00
1.799999999999473577e+00,4.500000000000000000e+00,0.000000000000000000e+00,0.000000000000000000e+00,0.000000000000000000e+00,0.000000000000000000e+00
1.699999999999210143e+00,4.640729128115199664e+00,0.000000000000000000e+00,6.724737375363799563e-01,5.385144660785529114e-02,0.000000000000000000e+00
1.599999999998946931e+00,4.500000000000000000e+00,0.000000000000000000e+00,0.000000000000000000e+00,0.000000000000000000e+00,0.000000000000000000e+00
2.159768440214770102e+00,5.201907322656172283e+00,0.000000000000000000e+00,9.820584396905129854e-02,9.303092673853461392e-01,0.000000000000000000e+00
2.213481822946088418e+00,5.345310430751711195e+00,0.000000000000000000e+00,1.332672609787055873e-01,9.944676007187667199e-01,0.000000000000000000e+00
2.005953243153545174e+00,5.193552635081754687e+00,0.000000000000000000e+00,1.135855781111302226e-02,7.882731652865176963e-01,0.000000000000000000e+00
2.077075931186303848e+00,5.313483453938740553e+00,0.000000000000000000e+00,9.970427708079214468e-02,7.541780768595496287e-01,0.000000000000000000e+00
2.970433626464545007e+00,5.370550119601860573e+00,0.000000000000000000e+00,4.923198574203056510e-01,3.145984305915450197e-01,0.000000000000000000e+00
3.090772036775374154e+00,5.389494263820250097e+00,0.000000000000000000e+00,5.880089050561841946e-01,4.262372086502475704e-03,0.000000000000000000e+00
3.001113469146007962e+00,5.501301429103270024e+00,0.000000000000000000e+00,8.257140466524982569e-01,1.190696902811946151e-01,0.000000000000000000e+00
2.841190015210207864e+00,5.430903104351758159e+00,0.000000000000000000e+00,6.537613521355278845e-01,8.327528318653377726e-01,0.000000000000000000e+00
3.239115053509729059e+00,5.398896007746023074e+00,0.000000000000000000e+00,7.019382626496155630e-01,-1.636497116270367591e-01,0.000000000000000000e+00
3.384619405525347346e+00,5.404607828672288505e+00,0.000000000000000000e+00,7.736938279911562688e-01,9.724782962665272368e-02,0.000000000000000000e+00
3.149456485880362422e+00,5.510703173029043000e+00,0.000000000000000000e+00,9.306408554670562161e-01,-1.845355556068366820e-01,0.000000000000000000e+00
3.297799502614716438e+00,5.520104916954815977e+00,0.000000000000000000e+00,1.029557289258504982e+00,-2.031481231820703170e-01,0.000000000000000000e+00
3.801687660352276232e+00,4.946569398443289245e+00,0.000000000000000000e+00,-8.772956692364533016e-01,2.460602812575378717e-01,0.000000000000000000e+00
3.737106398903891069e+00,5.050846002069945051e+00,0.000000000000000000e+00,-4.324511399127273781e-01,2.847653640698832311e-01,0.000000000000000000e+00
3.852965380467840539e+00,5.050650636790332548e+00,0.000000000000000000e+00,-4.439913658264068586e-01,2.360172335851598302e-01,0.000000000000000000e+00
3.929135421704889275e+00,4.942026817692523721e+00,0.000000000000000000e+00,-9.943774608870830090e-01,1.926830076168318251e-01,0.000000000000000000e+00
3.621343766851545798e+00,5.293926625961294263e+00,0.000000000000000000e+00,2.871623461372242447e-01,3.522430021713748305e-01,0.000000000000000000e+00
3.696247821303527470e+00,5.174891939441192079e+00,0.000000000000000000e+00,-6.617961694487561886e-02,3.361260870102235621e-01,0.000000000000000000e+00
3.812106802867476496e+00,5.174696574161579576e+00,0.000000000000000000e+00,-4.796928314774099450e-02,1.858169428475165141e-01,0.000000000000000000e+00
3.771248225267112897e+00,5.298742511532826605e+00,0.000000000000000000e+00,3.438174309352645119e-01,1.317448719642254629e-01,0.000000000000000000e+00
4.191887839685506378e+00,4.837590491345077126e+00,0.000000000000000000e+00,-1.222121492967777501e+00,-1.505532362929909163e-01,0.000000000000000000e+00
4.289235108214537462e+00,4.670888992047720123e+00,0.000000000000000000e+00,-8.564868055626589927e-01,-5.045396892843138220e-02,0.000000000000000000e+00
4.378470216429075634e+00,4.841777984095440246e+00,0.000000000000000000e+00,-9.148089569816671984e-01,-4.181650343279654791e-01,0.000000000000000000e+00
4.400000000000000355e+00,4.500000000000000000e+00,0.000000000000000000e+00,0.000000000000000000e+00,0.000000000000000000e+00,0.000000000000000000e+00
4.489235108214537640e+00,4.670888992047720123e+00,0.000000000000000000e+00,-6.866999893994667481e-01,-2.396258953329696295e-01,0.000000000000000000e+00
4.600000000000000533e+00,4.500000000000000888e+00,0.000000000000000000e+00,0.000000000000000000e+00,0.000000000000000000e+00,0.000000000000000000e+00
3.974247502837991775e+00,5.108001206258453664e+00,0.000000000000000000e+00,-2.635435336980312404e-01,2.341077805911243592e-01,0.000000000000000000e+00
4.050417544075040510e+00,4.999377387160644837e+00,0.000000000000000000e+00,-8.592933350773067636e-01,1.873935038088386145e-03,0.000000000000000000e+00
4.236999920818608878e+00,5.003564879911007068e+00,0.000000000000000000e+00,-6.361683843196972443e-01,-3.649409174715397830e-01,0.000000000000000000e+00
4.095529625208141233e+00,5.165351775726573891e+00,0.000000000000000000e+00,-2.838450500716844030e-02,-1.554939034731713243e-01,0.000000000000000000e+00
2.590977123653016356e+00,5.525705465625955881e+00,0.000000000000000000e+00,7.602627737909453121e-01,9.233314743445004691e-01,0.000000000000000000e+00
2.425287700368749633e+00,5.534021779608172764e+00,0.000000000000000000e+00,4.907282342027539657e-01,9.955547730338915047e-01,0.000000000000000000e+00
2.752014984467021641e+00,5.541943959017396892e+00,0.000000000000000000e+00,9.514381938413225548e-01,1.111919089626421719e+00,0.000000000000000000e+00
2.911938438402822626e+00,5.612342283768910534e+00,0.000000000000000000e+00,1.205275907656370382e+00,4.380959899765718424e-01,0.000000000000000000e+00
2.661725546845631563e+00,5.707144645043106479e+00,0.000000000000000000e+00,1.126735615036000615e+00,8.967575922486143991e-01,0.000000000000000000e+00
2.500687686031625390e+00,5.690906151651663691e+00,0.000000000000000000e+00,8.570839761421789049e-01,5.985746406565563005e-01,0.000000000000000000e+00
2.822763407659636403e+00,5.723383138434548378e+00,0.000000000000000000e+00,1.478703233703412945e+00,6.541878763649605633e-01,0.000000000000000000e+00
3.461951689654393149e+00,5.545234203083391655e+00,0.000000000000000000e+00,1.064549566048434093e+00,2.756238254806036014e-01,0.000000000000000000e+00
3.548771592565023170e+00,5.429737114800863296e+00,0.000000000000000000e+00,8.003182685576661903e-01,3.685252232950005924e-01,0.000000000000000000e+00
3.698676050980591157e+00,5.434553000372396525e+00,0.000000000000000000e+00,8.183749340182729926e-01,2.545847948860650023e-01,0.000000000000000000e+00
3.626103876694068529e+00,5.570363489211966446e+00,0.000000000000000000e+00,1.092227287780050293e+00,3.479940914473681479e-01,0.000000000000000000e+00
1.400000000001387246e+00,4.000000000000000000e+00,0.000000000000000000e+00,0.000000000000000000e+00,0.000000000000000000e+00,0.000000000000000000e+00
1.270011540285776563e+00,3.831872323655698853e+00,0.000000000000000000e+00,1.422892760448452587e-01,-9.251241692961993668e-03,0.000000000000000000e+00
1.200000000002774181e+00,4.000000000000000888e+00,0.000000000000000000e+00,0.000000000000000000e+00,0.000000000000000000e+00,0.000000000000000000e+00
1.724007730061828614e+00,1.478359280789294239e+00,0.000000000000000000e+00,1.148971528376065976e+00,1.011595379160258323e+00,0.000000000000000000e+00
1.825918242212254405e+00,1.343722659956593013e+00,0.000000000000000000e+00,8.882643816118879210e-01,7.752809356660501638e-01,0.000000000000000000e+00
1.651830110751197012e+00,1.339336149929543085e+00,0.000000000000000000e+00,9.284597787281811954e-01,1.112253166764350931e+00,0.000000000000000000e+00
1.621010736379373984e+00,1.607154936094732367e+00,0.000000000000000000e+00,1.213576735271193474e+00,9.461621227050142080e-01,0.000000000000000000e+00
1.512393746711191422e+00,1.742346829697806410e+00,0.000000000000000000e+00,1.202832411474579200e+00,8.821724311947818364e-01,0.000000000000000000e+00
1.548833117068742382e+00,1.468131805234981435e+00,0.000000000000000000e+00,1.023227555204627048e+00,1.030537934530018296e+00,0.000000000000000000e+00
1.445836123386287753e+00,1.596927460540419785e+00,0.000000000000000000e+00,1.105864836985388511e+00,9.546044738705844468e-01,0.000000000000000000e+00
1.990896572966630806e+00,1.041463527899556096e+00,0.000000000000000000e+00,3.062908283017236610e-01,3.275941808449939763e-01,0.000000000000000000e+00
1.906068883094308219e+00,1.200157927104016586e+00,0.000000000000000000e+00,5.682060021462945754e-01,4.660339172850275213e-01,0.000000000000000000e+00
1.731980751633250826e+00,1.195771417076966658e+00,0.000000000000000000e+00,7.638655017934703473e-01,8.180625714855754849e-01,0.000000000000000000e+00
1.812131392515304196e+00,1.052206684224390232e+00,0.000000000000000000e+00,4.826612050484710426e-01,3.978090711808122126e-01,0.000000000000000000e+00
1.372878609253721738e+00,1.867601654702430114e+00,0.000000000000000000e+00,1.130044909611086501e+00,7.332697432943423577e-01,0.000000000000000000e+00
1.261293864293965505e+00,2.009383909634129495e+00,0.000000000000000000e+00,7.175196334778063401e-01,5.090980031486590507e-01,0.000000000000000000e+00
1.306320985928818068e+00,1.722182285545043490e+00,0.000000000000000000e+00,1.025849128949077649e+00,8.382298468623756715e-01,0.000000000000000000e+00
1.166805848471348162e+00,1.847437110549667194e+00,0.000000000000000000e+00,9.218360968727732363e-01,7.139045211249037681e-01,0.000000000000000000e+00
2.162127306514630920e+00,7.466798534049291503e-01,0.000000000000000000e+00,-1.962332187578779141e-01,1.519010735838168258e-01,0.000000000000000000e+00
2.072191537395588146e+00,9.035983124121802490e-01,0.000000000000000000e+00,-1.911982619240389168e-04,1.181002002898754871e-01,0.000000000000000000e+00
1.893426356944261535e+00,9.143414687370142735e-01,0.000000000000000000e+00,2.764635764571148346e-01,2.218095940663644405e-01,0.000000000000000000e+00
1.974721321373219318e+00,7.764762532496386482e-01,0.000000000000000000e+00,-7.402028885396529090e-02,-6.191696869514221740e-02,0.000000000000000000e+00
2.282813762835036009e+00,4.643171757810897748e-01,0.000000000000000000e+00,-3.567640122894454313e-01,2.079293168702996131e-01,0.000000000000000000e+00
2.239801986206116702e+00,6.372674385013983311e-01,0.000000000000000000e+00,-2.339978989233324203e-01,2.540342843701627329e-01,0.000000000000000000e+00
2.052396001064705100e+00,6.670638383461078291e-01,0.000000000000000000e+00,-1.984122716652515495e-01,-3.577580337076616962e-02,0.000000000000000000e+00
2.130070680756190882e+00,5.576514234425771210e-01,0.000000000000000000e+00,-2.343299873226831753e-01,6.093749309112390239e-02,0.000000000000000000e+00
1.166810490652617105e+00,2.177338808080182986e+00,0.000000000000000000e+00,1.332148284615255196e-01,3.284286065718775571e-01,0.000000000000000000e+00
1.072252883927405476e+00,2.341673453720886755e+00,0.000000000000000000e+00,-5.766872345248953702e-02,6.229846355853875528e-02,0.000000000000000000e+00
1.072322474829999539e+00,2.015392008995720907e+00,0.000000000000000000e+00,5.061391761392091126e-01,5.733097336115912102e-01,0.000000000000000000e+00
9.778391011886509165e-01,2.183346907441774398e+00,0.000000000000000000e+00,-1.823517836909266110e-01,2.129328505080040346e-01,0.000000000000000000e+00
9.722222222218104282e-01,2.500000000000000000e+00,0.000000000000000000e+00,0.000000000000000000e+00,0.000000000000000000e+00,0.000000000000000000e+00
8.778084394830556469e-01,2.341673453720886755e+00,0.000000000000000000e+00,-2.000369828382129733e-01,6.544190939332469870e-02,0.000000000000000000e+00
7.777777777774607104e-01,2.500000000000000444e+00,0.000000000000000000e+00,0.000000000000000000e+00,0.000000000000000000e+00,0.000000000000000000e+00
2.472222222224822907e+00,0.000000000000000000e+00,0.000000000000000000e+00,0.000000000000000000e+00,0.000000000000000000e+00,0.000000000000000000e+00
2.356667311346869464e+00,1.854914640598011866e-01,0.000000000000000000e+00,-4.697566637108303023e-01,3.556935690425037933e-02,0.000000000000000000e+00
2.085357199687414287e+00,4.202429380649934654e-01,0.000000000000000000e+00,-4.017687051220226180e-01,5.192785302355994170e-02,0.000000000000000000e+00
2.238100281766259414e+00,3.269086904035061192e-01,0.000000000000000000e+00,-5.627888075884295294e-01,1.064742614258099018e-01,0.000000000000000000e+00
2.159210748199248187e+00,1.414172263437049049e-01,0.000000000000000000e+00,-3.357641004627060499e-01,1.606318635635603162e-02,0.000000000000000000e+00
2.277777777779857793e+00,6.092899175880768022e-18,0.000000000000000000e+00,0.000000000000000000e+00,0.000000000000000000e+00,0.000000000000000000e+00
2.040643718618638136e+00,2.828344526874098097e-01,0.000000000000000000e+00,-4.926865206579054135e-01,9.895443223939193113e-05,0.000000000000000000e+00
9.847513742560356498e-01,3.550257269616821532e+00,0.000000000000000000e+00,2.924525140054443084e-01,2.877311717285289602e-02,0.000000000000000000e+00
1.162933498942647859e+00,3.702187350454492876e+00,0.000000000000000000e+00,2.126006556871784525e-01,4.886767205476893507e-03,0.000000000000000000e+00
1.092921958659645254e+00,3.870315026798794467e+00,0.000000000000000000e+00,9.154846436783461994e-02,7.465218920788233015e-03,0.000000000000000000e+00
9.858439173165164382e-01,3.740630053597588489e+00,0.000000000000000000e+00,1.594895066109447146e-01,5.189549274324369715e-02,0.000000000000000000e+00
6.630289348561990703e-01,3.148739156949484030e+00,0.000000000000000000e+00,5.846161195112252462e-02,2.921801847768351265e-02,0.000000000000000000e+00
7.659694615652707927e-01,3.328681399767511540e+00,0.000000000000000000e+00,2.007895208796656727e-01,3.898627453609788268e-02,0.000000000000000000e+00
5.769088833735664945e-01,3.488499724469731333e+00,0.000000000000000000e+00,2.187166578320195731e-01,9.762822415383355310e-03,0.000000000000000000e+00
7.945982530038506741e-01,3.519702810338275256e+00,0.000000000000000000e+00,3.512304985905030374e-01,-1.565400425100275071e-03,0.000000000000000000e+00
7.956907960643314626e-01,3.710075594319041770e+00,0.000000000000000000e+00,1.547622216421911945e-01,1.947082959411640737e-02,0.000000000000000000e+00
5.482800919349865021e-01,3.297478313898968505e+00,0.000000000000000000e+00,1.442980430270918157e-01,3.920798454888235057e-02,0.000000000000000000e+00
6.055376748121464869e-01,3.679521135040495494e+00,0.000000000000000000e+00,1.647591806566980344e-01,-9.362478899965956392e-02,0.000000000000000000e+00
5.833333333330587012e-01,3.000000000000000444e+00,0.000000000000000000e+00,0.000000000000000000e+00,0.000000000000000000e+00,0.000000000000000000e+00
4.685844904118460219e-01,3.148739156949484475e+00,0.000000000000000000e+00,5.138531165329542766e-02,2.149825551348188285e-02,0.000000000000000000e+00
3.888888888887053752e-01,3.000000000000000000e+00,0.000000000000000000e+00,0.000000000000000000e+00,0.000000000000000000e+00,0.000000000000000000e+00
2.223031886702717230e+00,5.512728113158944510e+00,0.000000000000000000e+00,1.104513281980988165e-01,8.964144070506251394e-01,0.000000000000000000e+00
2.298431872365593431e+00,5.669612485202435437e+00,0.000000000000000000e+00,3.445586772567636458e-01,6.469303678971813909e-01,0.000000000000000000e+00
2.086625994942932216e+00,5.480901136345973867e+00,0.000000000000000000e+00,-6.217735651494880889e-03,6.371318753674175550e-01,0.000000000000000000e+00
2.096176058699561473e+00,5.648318818753208070e+00,0.000000000000000000e+00,-1.750876690676788916e-01,4.159625044812286232e-01,0.000000000000000000e+00
1.701403189351718748e+00,4.922623427835498333e+00,0.000000000000000000e+00,5.997628349264001457e-01,3.632895578280413429e-01,0.000000000000000000e+00
1.768818466912375653e+00,5.068705207832683968e+00,0.000000000000000000e+00,1.188254386383474220e-01,6.049532351617433745e-01,0.000000000000000000e+00
1.602806378703964141e+00,5.063788599440599114e+00,0.000000000000000000e+00,1.786640245304499941e-01,3.957783162109628217e-01,0.000000000000000000e+00
1.520432308993960424e+00,4.641346707450043851e+00,0.000000000000000000e+00,9.397520526629361548e-01,8.516144380941832737e-02,0.000000000000000000e+00
1.620432308994223414e+00,4.782075835565243516e+00,0.000000000000000000e+00,1.044134168144641217e+00,2.198886861735376286e-01,0.000000000000000000e+00
1.521835498346468807e+00,4.923241007170343408e+00,0.000000000000000000e+00,8.019118090010257660e-01,2.339499208456840285e-01,0.000000000000000000e+00
1.440864617988973695e+00,4.782693414900087703e+00,0.000000000000000000e+00,1.178218632682406231e+00,8.198410756704714239e-03,0.000000000000000000e+00
1.919550154674184217e+00,5.345745744858096060e+00,0.000000000000000000e+00,2.541870168174794817e-02,6.683399404005544442e-01,0.000000000000000000e+00
1.848427466641425987e+00,5.225814926001110194e+00,0.000000000000000000e+00,-4.178708529971337376e-02,6.958986853261633909e-01,0.000000000000000000e+00
1.682415378433014697e+00,5.220898317609025341e+00,0.000000000000000000e+00,-2.984091719329046502e-02,5.019748691800163254e-01,0.000000000000000000e+00
1.762024378162065030e+00,5.378008035777450679e+00,0.000000000000000000e+00,-5.452151908005971326e-02,5.950965585944675285e-01,0.000000000000000000e+00
1.399999999998420730e+00,4.500000000000000000e+00,0.000000000000000000e+00,0.000000000000000000e+00,0.000000000000000000e+00,0.000000000000000000e+00
1.320432308993434001e+00,4.641346707450043851e+00,0.000000000000000000e+00,8.061569545672444548e-01,-3.788788737147898850e-02,0.000000000000000000e+00
1.199999999997894085e+00,4.500000000000000000e+00,0.000000000000000000e+00,0.000000000000000000e+00,0.000000000000000000e+00,0.000000000000000000e+00
1.929100218430813252e+00,5.513163427265329375e+00,0.000000000000000000e+00,-2.028495855803530701e-01,5.331177352407587833e-01,0.000000000000000000e+00
3.062228631641255028e+00,5.602258917867818155e+00,0.000000000000000000e+00,1.225989237574652613e+00,-1.149650642650925925e-01,0.000000000000000000e+00
3.210571648375609044e+00,5.611660661793591132e+00,0.000000000000000000e+00,1.280681308234585369e+00,-2.684762678750378662e-01,0.000000000000000000e+00
2.973053600898069249e+00,5.713299772533457777e+00,0.000000000000000000e+00,1.574782988751275425e+00,1.173400088897195020e-01,0.000000000000000000e+00
3.123343794136501650e+00,5.703216406632365398e+00,0.000000000000000000e+00,1.516189099809913454e+00,-2.519153263185294755e-01,0.000000000000000000e+00
3.340865491382782437e+00,5.645698732812006071e+00,0.000000000000000000e+00,1.102689951819844971e+00,-4.804879400820136898e-02,0.000000000000000000e+00
3.505017678422458260e+00,5.670828018940581750e+00,0.000000000000000000e+00,1.099782595895484105e+00,3.183446412088362099e-01,0.000000000000000000e+00
3.253637637143675043e+00,5.737254477650781226e+00,0.000000000000000000e+00,1.336337023112848410e+00,-3.653852108767804974e-02,0.000000000000000000e+00
3.383931480150847548e+00,5.771292548669195277e+00,0.000000000000000000e+00,1.120061602025666847e+00,1.208670481423732013e-01,0.000000000000000000e+00
3.933388925237627731e+00,5.232047143629700692e+00,0.000000000000000000e+00,1.483970854953517438e-01,2.362313797352968425e-01,0.000000000000000000e+00
3.797016069401423888e+00,5.534844298879413316e+00,0.000000000000000000e+00,8.965664515399399681e-01,3.712614826335857154e-01,0.000000000000000000e+00
3.869588243687946516e+00,5.399033810039843395e+00,0.000000000000000000e+00,5.546909967196956837e-01,2.464675411539694605e-01,0.000000000000000000e+00
4.031728943658460018e+00,5.332338442136716594e+00,0.000000000000000000e+00,4.049555665248874003e-01,8.726651389115042123e-02,0.000000000000000000e+00
3.967928262108778359e+00,5.499325108546858409e+00,0.000000000000000000e+00,7.104621327032668576e-01,2.567902261027202315e-01,0.000000000000000000e+00
4.550629954158793566e+00,4.805817823042071169e+00,0.000000000000000000e+00,-9.326368253741836867e-01,-3.035654467403240409e-01,0.000000000000000000e+00
4.661394845944256460e+00,4.634928830994351046e+00,0.000000000000000000e+00,-4.068394074796690685e-01,-6.176192843417664669e-02,0.000000000000000000e+00
4.255310761739114156e+00,5.170862543523035981e+00,0.000000000000000000e+00,-8.141926887352188280e-02,-3.640954076012833385e-01,0.000000000000000000e+00
4.396781057349580912e+00,5.009075647707469159e+00,0.000000000000000000e+00,-6.529000301331706613e-01,-4.992858030850933493e-01,0.000000000000000000e+00
4.701552249566606889e+00,4.914416895658257900e+00,0.000000000000000000e+00,-4.486254722557811436e-01,-5.806664754040461451e-01,0.000000000000000000e+00
4.529392511836888957e+00,4.950377056711626977e+00,0.000000000000000000e+00,-7.420135067624045178e-01,-5.485311077690250281e-01,0.000000000000000000e+00
4.547703352757394235e+00,5.117674720323655890e+00,0.000000000000000000e+00,-8.454764322958434331e-02,-7.544219718779250350e-01,0.000000000000000000e+00
4.722789691888511499e+00,4.769857661988701203e+00,0.000000000000000000e+00,-6.424819830399229881e-01,-2.242091199540862112e-01,0.000000000000000000e+00
4.415091898270086190e+00,5.176373311319497184e+00,0.000000000000000000e+00,-1.306836671836286018e-02,-6.244729730575276916e-01,0.000000000000000000e+00
4.680314807244702280e+00,5.058976129327814597e+00,0.000000000000000000e+00,-1.227315533886984139e-01,-8.784823779212568295e-01,0.000000000000000000e+00
4.800000000000000711e+00,4.500000000000000000e+00,0.000000000000000000e+00,0.000000000000000000e+00,0.000000000000000000e+00,0.000000000000000000e+00
5.000000000000000888e+00,4.500000000000000888e+00,0.000000000000000000e+00,0.000000000000000000e+00,0.000000000000000000e+00,0.000000000000000000e+00
4.861394845944255749e+00,4.634928830994351046e+00,0.000000000000000000e+00,-2.082370876780401669e-01,-3.084119519807466264e-02,0.000000000000000000e+00
4.357221550817779843e+00,5.315653552281368377e+00,0.000000000000000000e+00,1.057310762273025173e-01,-5.505103854288010412e-01,0.000000000000000000e+00
4.197440414286807808e+00,5.310142784484907175e+00,0.000000000000000000e+00,1.922869364518689228e-01,-2.074800572961711942e-01,0.000000000000000000e+00
4.133639732737125705e+00,5.477129450895048990e+00,0.000000000000000000e+00,5.720646521759981118e-01,5.949239045516976215e-02,0.000000000000000000e+00
4.299351203365471719e+00,5.454933793243238682e+00,0.000000000000000000e+00,3.943533180336117328e-01,-3.281720267147254511e-01,0.000000000000000000e+00
2.772492814941119654e+00,5.861691569217274633e+00,0.000000000000000000e+00,1.034947286864605909e+00,3.606484989837970279e-01,0.000000000000000000e+00
2.611454954127113925e+00,5.845453075825831846e+00,0.000000000000000000e+00,6.786267505338346995e-01,3.142993699647120831e-01,0.000000000000000000e+00
2.722222222222602017e+00,6.000000000000000000e+00,0.000000000000000000e+00,0.000000000000000000e+00,0.000000000000000000e+00,0.000000000000000000e+00
2.527777777778252855e+00,6.000000000000000888e+00,0.000000000000000000e+00,0.000000000000000000e+00,0.000000000000000000e+00,0.000000000000000000e+00
2.214754696016731916e+00,5.824159409376603591e+00,0.000000000000000000e+00,8.665038246463274696e-02,1.637968312789384040e-01,0.000000000000000000e+00
2.417010509682764319e+00,5.845453075825831846e+00,0.000000000000000000e+00,4.795693527076461682e-01,2.590609930958541196e-01,0.000000000000000000e+00
2.333333333333903248e+00,6.000000000000000888e+00,0.000000000000000000e+00,0.000000000000000000e+00,0.000000000000000000e+00,0.000000000000000000e+00
2.916666666666951624e+00,6.000000000000000888e+00,0.000000000000000000e+00,0.000000000000000000e+00,0.000000000000000000e+00,0.000000000000000000e+00
3.117227452623901662e+00,5.851608203316183143e+00,0.000000000000000000e+00,1.012309802096166944e+00,-1.422119920869416021e-01,0.000000000000000000e+00
2.966937259385468817e+00,5.861691569217274633e+00,0.000000000000000000e+00,1.115448888776586767e+00,8.761627078379624622e-02,0.000000000000000000e+00
3.111111111111300787e+00,6.000000000000000000e+00,0.000000000000000000e+00,0.000000000000000000e+00,0.000000000000000000e+00,0.000000000000000000e+00
3.503463629505857213e+00,5.794403285136656478e+00,0.000000000000000000e+00,1.162327042393203058e+00,2.574110748044556862e-01,0.000000000000000000e+00
3.624549827777467481e+00,5.693938755408042951e+00,0.000000000000000000e+00,1.166701706033261399e+00,2.799575355966874013e-01,0.000000000000000000e+00
3.750551938347034486e+00,5.676928569132932978e+00,0.000000000000000000e+00,1.271872169179565804e+00,4.215888720393435318e-01,0.000000000000000000e+00
3.921464131054388957e+00,5.641409378800378960e+00,0.000000000000000000e+00,1.181645622587951250e+00,2.822308101824454463e-01,0.000000000000000000e+00
3.748997889430432995e+00,5.800503835329007707e+00,0.000000000000000000e+00,1.355876015807268686e+00,2.757955439637579387e-01,0.000000000000000000e+00
3.622995778860865546e+00,5.817514021604116792e+00,0.000000000000000000e+00,1.215200206076558986e+00,2.041267866375231221e-01,0.000000000000000000e+00
3.874999999999999556e+00,5.783493649053896846e+00,0.000000000000000000e+00,1.518865159200115666e+00,2.423640209295253312e-01,0.000000000000000000e+00
1.000000000003051337e+00,4.000000000000000000e+00,0.000000000000000000e+00,0.000000000000000000e+00,0.000000000000000000e+00,0.000000000000000000e+00
8.929219586599226322e-01,3.870315026798794467e+00,0.000000000000000000e+00,2.505363006015612001e-02,1.561999926967324280e-02,0.000000000000000000e+00
8.000000000033288261e-01,4.000000000000000888e+00,0.000000000000000000e+00,0.000000000000000000e+00,0.000000000000000000e+00,0.000000000000000000e+00
1.382037349600204967e+00,1.470194097216339646e+00,0.000000000000000000e+00,9.745100555131810394e-01,8.346790812368770629e-01,0.000000000000000000e+00
1.485034343282659375e+00,1.341398441910901074e+00,0.000000000000000000e+00,7.905604047460280670e-01,1.003475990006128971e+00,0.000000000000000000e+00
1.646217892701134611e+00,1.057582432247746063e+00,0.000000000000000000e+00,7.673052909270388078e-01,8.706447818334158706e-01,0.000000000000000000e+00
1.566067251819081241e+00,1.201147165100322489e+00,0.000000000000000000e+00,9.269962291780807773e-01,1.173584943468777286e+00,0.000000000000000000e+00
1.399271484350543604e+00,1.203209457081680700e+00,0.000000000000000000e+00,8.001617927636036631e-01,1.036743492207974127e+00,0.000000000000000000e+00
1.318238575814121960e+00,1.343460733892259062e+00,0.000000000000000000e+00,6.769687460609451479e-01,7.984262639818701102e-01,0.000000000000000000e+00
1.480304392886965248e+00,1.062958180271102115e+00,0.000000000000000000e+00,9.217447938289164977e-01,1.229125145738299674e+00,0.000000000000000000e+00
1.304420804629395914e+00,1.571554809453618029e+00,0.000000000000000000e+00,1.131381435144884540e+00,7.972846605673366005e-01,0.000000000000000000e+00
1.164905667171926007e+00,1.696809634458241511e+00,0.000000000000000000e+00,1.072578886792481256e+00,6.351580176372846331e-01,0.000000000000000000e+00
1.240622030843312906e+00,1.444821446129537446e+00,0.000000000000000000e+00,9.459565899873378925e-01,6.905570650489837314e-01,0.000000000000000000e+00
1.163005485872503852e+00,1.546182158366815829e+00,0.000000000000000000e+00,1.158586815592651087e+00,5.750371540305001528e-01,0.000000000000000000e+00
1.786344505294487295e+00,7.634970310238691216e-01,0.000000000000000000e+00,6.250467299589425318e-02,2.573638582482704051e-01,0.000000000000000000e+00
1.705049540865529512e+00,9.013622465112447468e-01,0.000000000000000000e+00,3.431019930392226192e-01,4.214242548393851151e-01,0.000000000000000000e+00
1.539136041051360149e+00,9.067379945346007997e-01,0.000000000000000000e+00,6.393551911766331974e-01,9.311857208504148442e-01,0.000000000000000000e+00
1.597967689215755049e+00,7.505178087980995949e-01,0.000000000000000000e+00,1.152809589988946920e-01,4.708897067313244089e-01,0.000000000000000000e+00
9.953046016660490602e-01,1.885538480682205531e+00,0.000000000000000000e+00,6.074252919057072653e-01,6.829194045740689667e-01,0.000000000000000000e+00
9.008212280247005488e-01,2.053493379128259022e+00,0.000000000000000000e+00,1.208927199163825350e-01,2.813478241681060532e-01,0.000000000000000000e+00
8.349073539669493726e-01,1.774042727201019520e+00,0.000000000000000000e+00,9.582743111311028406e-01,6.300429651685091059e-01,0.000000000000000000e+00
1.006408600772248363e+00,1.735941357068481183e+00,0.000000000000000000e+00,1.163045404495745894e+00,8.000777662793862044e-01,0.000000000000000000e+00
1.004508419472826430e+00,1.585313880977055501e+00,0.000000000000000000e+00,1.280235428540644538e+00,6.563182177317983257e-01,0.000000000000000000e+00
8.238033548607500700e-01,1.923639850814743868e+00,0.000000000000000000e+00,1.988661817740945414e-01,4.577906442167716250e-01,0.000000000000000000e+00
8.460113530731486753e-01,1.624445603587294951e+00,0.000000000000000000e+00,1.419461660535743075e+00,6.715837178558098364e-01,0.000000000000000000e+00
1.976582507170334679e+00,5.375481653209372990e-01,0.000000000000000000e+00,-3.286774134552389870e-01,-1.607407513431096530e-02,0.000000000000000000e+00
1.898907827478848453e+00,6.469605802244680071e-01,0.000000000000000000e+00,-2.675364067305167071e-01,-2.902966156528232269e-02,0.000000000000000000e+00
1.710531011400116430e+00,6.339813579986984804e-01,0.000000000000000000e+00,-2.173724909265580818e-01,3.032369331659717226e-01,0.000000000000000000e+00
1.823094333584477811e+00,5.174449071992973659e-01,0.000000000000000000e+00,-4.108112951314783490e-01,5.577698147878019930e-02,0.000000000000000000e+00
1.931869026101558084e+00,4.001396799433535878e-01,0.000000000000000000e+00,-4.414720203824044065e-01,1.148480444785262775e-02,0.000000000000000000e+00
7.787664298274361574e-01,2.172373966378280841e+00,0.000000000000000000e+00,-2.707744340337478461e-01,8.414746384390990597e-02,0.000000000000000000e+00
6.787357681218408878e-01,2.330700512657393197e+00,0.000000000000000000e+00,-2.787818238871078713e-01,-2.286305509105847691e-02,0.000000000000000000e+00
7.017485566634857896e-01,2.042520438064765465e+00,0.000000000000000000e+00,-1.642198014975401466e-01,1.661291050999633423e-01,0.000000000000000000e+00
5.796937584662212872e-01,2.161401025314786839e+00,0.000000000000000000e+00,-3.689458769013487238e-01,-5.144224922019389329e-02,0.000000000000000000e+00
5.833333333331112147e-01,2.500000000000000000e+00,0.000000000000000000e+00,0.000000000000000000e+00,0.000000000000000000e+00,0.000000000000000000e+00
4.842913236774916141e-01,2.330700512657393642e+00,0.000000000000000000e+00,-2.785296190083164647e-01,-2.973736117047983199e-02,0.000000000000000000e+00
3.888888888887617745e-01,2.500000000000000444e+00,0.000000000000000000e+00,0.000000000000000000e+00,0.000000000000000000e+00,0.000000000000000000e+00
2.083333333334893567e+00,0.000000000000000000e+00,0.000000000000000000e+00,0.000000000000000000e+00,0.000000000000000000e+00,0.000000000000000000e+00
1.964766303754283738e+00,1.414172263437049326e-01,0.000000000000000000e+00,-3.528884354951445368e-01,1.987443458565216377e-03,0.000000000000000000e+00
1.888888888889928896e+00,5.449522544976205746e-18,0.000000000000000000e+00,0.000000000000000000e+00,0.000000000000000000e+00,0.000000000000000000e+00
1.753272147201735631e+00,3.852067988943694843e-01,0.000000000000000000e+00,-4.532937561411548577e-01,1.119750123571149059e-01,0.000000000000000000e+00
1.862046839718815683e+00,2.679015716384257062e-01,0.000000000000000000e+00,-4.967628793396254849e-01,2.363034582426585054e-02,0.000000000000000000e+00
1.786169424854461063e+00,1.264843452947208013e-01,0.000000000000000000e+00,-3.387557439977549323e-01,2.938623840011966859e-02,0.000000000000000000e+00
1.683449960818992786e+00,2.529686905894416027e-01,0.000000000000000000e+00,-4.641285212425256268e-01,1.279047008243267003e-01,0.000000000000000000e+00
7.027688374077375455e-01,3.839760567520247747e+00,0.000000000000000000e+00,1.159602926183684029e-03,-2.962127665598488294e-02,0.000000000000000000e+00
4.455798378081336497e-01,3.591062507864901221e+00,0.000000000000000000e+00,1.165695217795342936e-01,-2.903907082097065967e-02,0.000000000000000000e+00
4.169510463695537128e-01,3.400041097294137504e+00,0.000000000000000000e+00,1.517809570545140541e-01,8.933120000686899445e-03,0.000000000000000000e+00
2.856220008041208125e-01,3.502603880689305615e+00,0.000000000000000000e+00,9.575301080097044226e-02,-3.376991032436230805e-02,0.000000000000000000e+00
3.167235426071339233e-01,3.113341552792161071e+00,0.000000000000000000e+00,2.520520885900934260e-02,2.060735823699872196e-02,0.000000000000000000e+00
3.964191441302745145e-01,3.262080709741645101e+00,0.000000000000000000e+00,9.521804318314179560e-02,2.314229855152396056e-02,0.000000000000000000e+00
2.650900985648416697e-01,3.364643493136814101e+00,0.000000000000000000e+00,8.334769286082666095e-02,1.099679660786717118e-02,0.000000000000000000e+00
2.445581963255624713e-01,3.226683105584321698e+00,0.000000000000000000e+00,4.774211949456507592e-02,3.520106853585205919e-02,0.000000000000000000e+00
6.000000000024966473e-01,4.000000000000000000e+00,0.000000000000000000e+00,0.000000000000000000e+00,0.000000000000000000e+00,0.000000000000000000e+00
2.690025380948045663e-01,3.636538761780395479e+00,0.000000000000000000e+00,6.171019664618689754e-02,-4.482634055294844322e-02,0.000000000000000000e+00
4.289603750988173481e-01,3.724997388955990196e+00,0.000000000000000000e+00,9.651757004723718336e-02,-4.472520421330108270e-02,0.000000000000000000e+00
5.027688374069054777e-01,3.839760567520247747e+00,0.000000000000000000e+00,2.699694028304638199e-02,-4.362165025115678080e-02,0.000000000000000000e+00
3.261915376935763389e-01,3.885236821435742449e+00,0.000000000000000000e+00,8.931033637062768538e-03,-2.493099459948797114e-02,0.000000000000000000e+00
4.000000000016644131e-01,4.000000000000000888e+00,0.000000000000000000e+00,0.000000000000000000e+00,0.000000000000000000e+00,0.000000000000000000e+00
2.523830753854883202e-01,3.770473642871484454e+00,0.000000000000000000e+00,4.718810353411966030e-02,-5.301279550590362599e-02,0.000000000000000000e+00
1.944444444443527431e-01,3.000000000000000444e+00,0.000000000000000000e+00,0.000000000000000000e+00,0.000000000000000000e+00,0.000000000000000000e+00
5.268341316585425769e-18,3.000000000000000000e+00,0.000000000000000000e+00,0.000000000000000000e+00,0.000000000000000000e+00,0.000000000000000000e+00
1.222790981627812495e-01,3.113341552792161071e+00,0.000000000000000000e+00,2.123165363582934020e-02,1.877972715446055152e-02,0.000000000000000000e+00
2.138888888889346696e+00,6.000000000000000888e+00,0.000000000000000000e+00,0.000000000000000000e+00,0.000000000000000000e+00,0.000000000000000000e+00
2.020310251572175808e+00,5.824159409376604479e+00,0.000000000000000000e+00,-1.486819460486548672e-01,1.341870800159531141e-01,0.000000000000000000e+00
1.733916444352149089e+00,5.538113449351113715e+00,0.000000000000000000e+00,-4.235309687273220991e-01,5.163490843330688085e-01,0.000000000000000000e+00
1.900992284620897088e+00,5.673268840838992411e+00,0.000000000000000000e+00,-4.717065127269163827e-01,3.744004103360784597e-01,0.000000000000000000e+00
1.825126477493511423e+00,5.849109431462388820e+00,0.000000000000000000e+00,-3.637527501256901941e-01,1.022456211460947145e-01,0.000000000000000000e+00
1.944444444444790143e+00,6.000000000000000888e+00,0.000000000000000000e+00,-1.084782453380707556e+00,1.405329732568549594e-01,0.000000000000000000e+00
1.705808510542232703e+00,5.698218862924776751e+00,0.000000000000000000e+00,-7.688420072850032927e-01,2.831347233623745518e-01,0.000000000000000000e+00
1.339803801340791356e+00,4.909565872499191741e+00,0.000000000000000000e+00,8.579088199723113872e-01,-1.809696003597787706e-01,0.000000000000000000e+00
1.420774681698286468e+00,5.050113464769445670e+00,0.000000000000000000e+00,2.517775949840736494e-01,2.541147887504445133e-02,0.000000000000000000e+00
1.502112423854222056e+00,5.213535371881116376e+00,0.000000000000000000e+00,5.075296562823177794e-03,2.540590543601394247e-01,0.000000000000000000e+00
1.581721423583272834e+00,5.370645090049542603e+00,0.000000000000000000e+00,2.215384156776098457e-02,4.086818284989595651e-01,0.000000000000000000e+00
1.320080726848544606e+00,5.199860237209964708e+00,0.000000000000000000e+00,1.825411252799196138e-01,-1.549697022224902311e-03,0.000000000000000000e+00
1.238742984692609239e+00,5.036438330098294891e+00,0.000000000000000000e+00,3.468859622874625459e-01,-3.238905151982777175e-01,0.000000000000000000e+00
1.401418469004480194e+00,5.363282144321634526e+00,0.000000000000000000e+00,2.017684022679668843e-01,3.057890451692517053e-01,0.000000000000000000e+00
1.206367268725520248e+00,4.815864461735978708e+00,0.000000000000000000e+00,9.854302905351250974e-01,-2.440895911245849759e-01,0.000000000000000000e+00
1.085934959729980331e+00,4.674517754285933968e+00,0.000000000000000000e+00,5.606500715300000159e-01,-6.564346661352471468e-02,0.000000000000000000e+00
1.105306452077337909e+00,4.942736919335080970e+00,0.000000000000000000e+00,5.769372611826270036e-01,-3.177453174428860327e-01,0.000000000000000000e+00
9.718699194620664672e-01,4.849035508571867048e+00,0.000000000000000000e+00,7.365901204109110978e-01,-1.969134475109850513e-01,0.000000000000000000e+00
1.553613489773356449e+00,5.530750503623205638e+00,0.000000000000000000e+00,-4.784064309649211366e-01,3.858634606230083031e-01,0.000000000000000000e+00
9.999999999979221066e-01,4.500000000000000000e+00,0.000000000000000000e+00,0.000000000000000000e+00,0.000000000000000000e+00,0.000000000000000000e+00
8.859349597300082424e-01,4.674517754285933968e+00,0.000000000000000000e+00,4.237125178034396589e-01,-7.114342941718002078e-02,0.000000000000000000e+00
7.999999999979499066e-01,4.500000000000000000e+00,0.000000000000000000e+00,8.832493565987004080e-01,-1.929871024751857178e-02,0.000000000000000000e+00
3.247521295631074167e+00,5.885646274334598083e+00,0.000000000000000000e+00,7.173792630263189363e-01,4.327621505896347975e-02,0.000000000000000000e+00
3.305555555555650837e+00,6.000000000000000888e+00,0.000000000000000000e+00,0.000000000000000000e+00,0.000000000000000000e+00,0.000000000000000000e+00
3.441965740075423774e+00,5.885646274334598083e+00,0.000000000000000000e+00,7.909421334897418498e-01,5.983571401910959403e-02,0.000000000000000000e+00
3.561497889430432995e+00,5.908757010802059284e+00,0.000000000000000000e+00,8.196110076897688002e-01,1.903197437795184355e-01,0.000000000000000000e+00
3.500000000000000000e+00,6.000000000000000000e+00,0.000000000000000000e+00,0.000000000000000000e+00,0.000000000000000000e+00,0.000000000000000000e+00
4.067297464387722883e+00,5.623367182888198812e+00,0.000000000000000000e+00,1.134737283553099552e+00,1.874009678478603946e-01,0.000000000000000000e+00
4.020833333333333037e+00,5.765451453141718474e+00,0.000000000000000000e+00,1.519761460939796027e+00,2.887516608080565317e-01,0.000000000000000000e+00
4.233008935016069785e+00,5.601171525236389392e+00,0.000000000000000000e+00,1.036860281461741140e+00,-1.117746633930088718e-01,0.000000000000000000e+00
4.166666666666666075e+00,5.747409257229539215e+00,0.000000000000000000e+00,1.349211884630264091e+00,8.814455205688490058e-02,0.000000000000000000e+00
4.861394845944255749e+00,4.822428830999903049e+00,0.000000000000000000e+00,-1.941561086802041647e-01,-3.928463535551866004e-01,0.000000000000000000e+00
4.840157403622351140e+00,4.966988064669458858e+00,0.000000000000000000e+00,-6.239571600778544974e-02,-6.154069159604639294e-01,0.000000000000000000e+00
5.000000000000000888e+00,4.875000000011104895e+00,0.000000000000000000e+00,0.000000000000000000e+00,0.000000000000000000e+00,0.000000000000000000e+00
4.550639156752551706e+00,5.297457192124711334e+00,0.000000000000000000e+00,2.821090392270297897e-02,-7.805609820465354565e-01,0.000000000000000000e+00
4.683250611239858863e+00,5.238758601128869152e+00,0.000000000000000000e+00,1.141857853454220084e-02,-9.013227064927288312e-01,0.000000000000000000e+00
4.686186415235017222e+00,5.418541072929925484e+00,0.000000000000000000e+00,-5.747983830049592513e-02,-9.009098276444852393e-01,0.000000000000000000e+00
5.000000000000000000e+00,4.687500000005552891e+00,0.000000000000000000e+00,0.000000000000000000e+00,0.000000000000000000e+00,0.000000000000000000e+00
4.492768809300244470e+00,5.436737433086582527e+00,0.000000000000000000e+00,1.233461861674658711e-01,-6.638766786408865084e-01,0.000000000000000000e+00
5.000000000000000000e+00,5.062500000016568968e+00,0.000000000000000000e+00,0.000000000000000000e+00,0.000000000000000000e+00,0.000000000000000000e+00
4.840157403622351140e+00,5.154488064674923820e+00,0.000000000000000000e+00,-1.444730548229436647e-02,-6.367083850198738126e-01,0.000000000000000000e+00
4.843093207617508611e+00,5.334270536475978375e+00,0.000000000000000000e+00,-1.180547280570490125e-02,-6.465422735652703867e-01,0.000000000000000000e+00
5.000000000000000888e+00,5.250000000022033930e+00,0.000000000000000000e+00,0.000000000000000000e+00,0.000000000000000000e+00,0.000000000000000000e+00
4.587900140109612224e+00,5.567070776800804310e+00,0.000000000000000000e+00,5.890234842358685885e-01,-7.506711737781102123e-01,0.000000000000000000e+00
4.394482534174839472e+00,5.585267136957462242e+00,0.000000000000000000e+00,8.356490384973928043e-01,-3.265600541068243157e-01,0.000000000000000000e+00
4.328140265825435762e+00,5.731504868950612064e+00,0.000000000000000000e+00,1.300726724836217318e+00,-2.247327905197727960e-01,0.000000000000000000e+00
4.489613864984205449e+00,5.715600480671683137e+00,0.000000000000000000e+00,1.128388616844368642e+00,-2.541273874587453574e-01,0.000000000000000000e+00
3.812500000000000000e+00,5.891746824526949311e+00,0.000000000000000000e+00,1.099151744064053915e+00,1.664766708597452405e-01,0.000000000000000000e+00
3.686497889430432995e+00,5.908757010802059284e+00,0.000000000000000000e+00,8.978220318895873131e-01,1.665211712873425620e-01,0.000000000000000000e+00
3.750000000000000000e+00,6.000000000000000000e+00,0.000000000000000000e+00,4.482385395967642405e-01,6.913246631357501670e-02,0.000000000000000000e+00
3.625000000000000444e+00,6.000000000000000888e+00,0.000000000000000000e+00,2.819896967051293557e-01,8.056573549908073451e-02,0.000000000000000000e+00
3.875000000000000444e+00,6.000000000000000888e+00,0.000000000000000000e+00,2.285705014914785338e-01,3.508108170837606066e-01,0.000000000000000000e+00
3.937500000000000000e+00,5.891746824526949311e+00,0.000000000000000000e+00,1.044935532249930743e+00,1.683996207565104097e-01,0.000000000000000000e+00
4.083333333333333037e+00,5.873704628614769163e+00,0.000000000000000000e+00,1.324818987955630467e+00,2.859998689603316380e-01,0.000000000000000000e+00
4.000000000000000000e+00,6.000000000000000000e+00,0.000000000000000000e+00,0.000000000000000000e+00,0.000000000000000000e+00,0.000000000000000000e+00
1.317828053105202013e+00,1.069586487621061011e+00,0.000000000000000000e+00,7.403912635990889113e-01,1.042074629580250100e+00,0.000000000000000000e+00
1.236795144568780591e+00,1.209837764431639595e+00,0.000000000000000000e+00,6.302082932391637193e-01,7.637399916528803123e-01,0.000000000000000000e+00
1.155351713323439222e+00,1.076214794971020128e+00,0.000000000000000000e+00,5.054558883117244994e-01,7.850892870654488931e-01,0.000000000000000000e+00
1.081492906046611857e+00,1.444855938938732542e+00,0.000000000000000000e+00,8.799340788142676617e-01,5.688611897203635914e-01,0.000000000000000000e+00
1.159109451017420689e+00,1.343495226701453937e+00,0.000000000000000000e+00,6.231654289377493994e-01,6.587696794661702659e-01,0.000000000000000000e+00
1.077666019772079320e+00,1.209872257240834692e+00,0.000000000000000000e+00,5.292064907167556287e-01,6.556830729865610330e-01,0.000000000000000000e+00
9.999803262207193066e-01,1.343529719510649034e+00,0.000000000000000000e+00,5.473103718476169943e-01,5.241119469343968884e-01,0.000000000000000000e+00
1.438567847392269616e+00,7.836326019481709704e-01,0.000000000000000000e+00,4.668287581456281310e-01,9.896387121835479306e-01,0.000000000000000000e+00
1.379736199227874494e+00,9.398527876846720641e-01,0.000000000000000000e+00,8.726482007370247596e-01,1.261979473965624043e+00,0.000000000000000000e+00
1.217259859446111481e+00,9.464810950346309593e-01,0.000000000000000000e+00,6.200365877783390323e-01,1.082390474950915671e+00,0.000000000000000000e+00
1.279168005568783739e+00,8.167473950982420128e-01,0.000000000000000000e+00,6.755936025942176348e-01,1.328644720021192382e+00,0.000000000000000000e+00
9.229958396469339910e-01,1.483987661548971992e+00,0.000000000000000000e+00,1.060555897243226964e+00,6.125069355221862688e-01,0.000000000000000000e+00
1.664611409900660366e+00,4.879542022309660831e-01,0.000000000000000000e+00,-4.123887742098181208e-01,3.444031005570354909e-01,0.000000000000000000e+00
1.552048087716299207e+00,6.044906530303673087e-01,0.000000000000000000e+00,-2.732001100507649438e-01,5.037923076952175450e-01,0.000000000000000000e+00
1.474433534044080396e+00,6.781240937330647034e-01,0.000000000000000000e+00,-5.087760901831061416e-02,7.478482461028282957e-01,0.000000000000000000e+00
1.315033692220594963e+00,7.112388868831359678e-01,0.000000000000000000e+00,2.800703287904098837e-01,1.219656329663500793e+00,0.000000000000000000e+00
1.428513932544624332e+00,5.320969379653323061e-01,0.000000000000000000e+00,-3.527958073757278545e-01,7.633994260786544084e-01,0.000000000000000000e+00
1.350899378872405743e+00,6.057303786680297009e-01,0.000000000000000000e+00,-1.781386701329135680e-01,9.670255430930722040e-01,0.000000000000000000e+00
1.506128486216842921e+00,4.584634972626348004e-01,0.000000000000000000e+00,-4.338317372830143293e-01,5.427060189837183968e-01,0.000000000000000000e+00
6.897297132091833038e-01,1.866331479744617994e+00,0.000000000000000000e+00,3.447433886409497217e-01,1.428906266762066390e-01,0.000000000000000000e+00
7.008337123153824955e-01,1.716734356130893646e+00,0.000000000000000000e+00,1.076256797398811305e+00,3.332105618277707570e-01,0.000000000000000000e+00
5.556560715576163156e-01,1.809023108674492120e+00,0.000000000000000000e+00,4.297500520998837614e-01,-1.675182068462709173e-01,0.000000000000000000e+00
5.676749150119188014e-01,1.985212066994639368e+00,0.000000000000000000e+00,-1.100128627336329976e-02,-1.672304113826396654e-01,0.000000000000000000e+00
7.021606148124438507e-01,1.586314698778708898e+00,0.000000000000000000e+00,1.201465599694980346e+00,5.657977557695635928e-01,0.000000000000000000e+00
5.569829740546776708e-01,1.678603451322307372e+00,0.000000000000000000e+00,7.910558611797455786e-01,1.355506546009985491e-01,0.000000000000000000e+00
7.704856773962821537e-01,1.480194901530249130e+00,0.000000000000000000e+00,1.055075026949884753e+00,7.248097781408904261e-01,0.000000000000000000e+00
8.474701639700673583e-01,1.339736959491926171e+00,0.000000000000000000e+00,5.891290022271528093e-01,6.040049209662468055e-01,0.000000000000000000e+00
6.266349391355772180e-01,1.442063996721663077e+00,0.000000000000000000e+00,8.706170705592396475e-01,4.907770977347811758e-01,0.000000000000000000e+00
5.583098765517390261e-01,1.548183793970122846e+00,0.000000000000000000e+00,1.003880217748689185e+00,3.366968596328862029e-01,0.000000000000000000e+00
6.949600017194154100e-01,1.335944199473203087e+00,0.000000000000000000e+00,6.874595730297319296e-01,6.180886758965142835e-01,0.000000000000000000e+00
1.594789223517917964e+00,3.557160939260382015e-01,0.000000000000000000e+00,-3.858338515424619697e-01,4.251842615626176269e-01,0.000000000000000000e+00
4.145404754420697335e-01,2.210908661096293137e+00,0.000000000000000000e+00,-2.512205587831789488e-01,-1.891589226602783946e-01,0.000000000000000000e+00
3.191380406533400049e-01,2.380208148438899940e+00,0.000000000000000000e+00,-1.565871940540044527e-01,-7.052694050745970944e-02,0.000000000000000000e+00
4.170046931461120487e-01,1.891518450541020080e+00,0.000000000000000000e+00,1.824443196714218562e-01,-3.863483048263056108e-01,0.000000000000000000e+00
4.290235366004145900e-01,2.067707408861167551e+00,0.000000000000000000e+00,-1.581978771820986562e-01,-3.372706530485230503e-01,0.000000000000000000e+00
2.638702535762629808e-01,2.117215044642673849e+00,0.000000000000000000e+00,-6.033046415852511696e-02,-3.750505240776163540e-01,0.000000000000000000e+00
2.493871924179181798e-01,2.260416296877799436e+00,0.000000000000000000e+00,-1.132582002628647333e-01,-2.178107938563023649e-01,0.000000000000000000e+00
2.783533147346077818e-01,1.974013792407547818e+00,0.000000000000000000e+00,6.498754889641525194e-03,-5.111735340839238528e-01,0.000000000000000000e+00
1.944444444443808873e-01,2.500000000000000000e+00,0.000000000000000000e+00,0.000000000000000000e+00,0.000000000000000000e+00,0.000000000000000000e+00
-5.372368905982264367e-18,2.500000000000000444e+00,0.000000000000000000e+00,0.000000000000000000e+00,0.000000000000000000e+00,0.000000000000000000e+00
1.246935962089591038e-01,2.380208148438899940e+00,0.000000000000000000e+00,-1.890751214800075186e-02,-7.115600407079417100e-02,0.000000000000000000e+00
1.694444444444964670e+00,0.000000000000000000e+00,0.000000000000000000e+00,0.000000000000000000e+00,0.000000000000000000e+00,0.000000000000000000e+00
1.591724980409496393e+00,1.264843452947208013e-01,0.000000000000000000e+00,-2.871187243180960968e-01,6.347748963110458331e-02,0.000000000000000000e+00
1.500000000000000000e+00,4.969440751409550048e-18,0.000000000000000000e+00,0.000000000000000000e+00,0.000000000000000000e+00,0.000000000000000000e+00
1.444823007548016180e+00,3.445733138299777454e-01,0.000000000000000000e+00,-3.267611931925636926e-01,5.528251162520980699e-01,0.000000000000000000e+00
1.533483744849091002e+00,2.418259104933810910e-01,0.000000000000000000e+00,-2.490129588202000255e-01,4.007527803378452824e-01,0.000000000000000000e+00
1.441758764439594387e+00,1.153415651986603035e-01,0.000000000000000000e+00,-2.454846469373263979e-02,3.847099655983508559e-01,0.000000000000000000e+00
1.383517528879188996e+00,2.306831303973206071e-01,0.000000000000000000e+00,-1.192266294979868468e-01,5.852996195193863604e-01,0.000000000000000000e+00
0.000000000000000000e+00,3.500000000000000444e+00,0.000000000000000000e+00,0.000000000000000000e+00,0.000000000000000000e+00,0.000000000000000000e+00
1.222790981627812357e-01,3.280008219458827590e+00,0.000000000000000000e+00,2.444346758864052865e-02,1.788016298759899370e-02,0.000000000000000000e+00
1.428110004020604062e-01,3.417968607011319548e+00,0.000000000000000000e+00,3.650104707055871339e-02,2.136383221149236022e-03,0.000000000000000000e+00
1.261915376927441601e-01,3.718570154769075931e+00,0.000000000000000000e+00,2.230074972547101825e-02,-2.428515156761776664e-02,0.000000000000000000e+00
1.428110004020604062e-01,3.584635273677986511e+00,0.000000000000000000e+00,3.766795609305591958e-02,-2.258153144863729936e-02,0.000000000000000000e+00
6.152949319919647149e-18,3.333333333333333037e+00,0.000000000000000000e+00,0.000000000000000000e+00,0.000000000000000000e+00,0.000000000000000000e+00
5.436907057861226757e-18,3.666666666666666963e+00,0.000000000000000000e+00,0.000000000000000000e+00,0.000000000000000000e+00,0.000000000000000000e+00
0.000000000000000000e+00,3.166666666666666963e+00,0.000000000000000000e+00,0.000000000000000000e+00,0.000000000000000000e+00,0.000000000000000000e+00
2.000000000008322065e-01,4.000000000000000000e+00,0.000000000000000000e+00,0.000000000000000000e+00,0.000000000000000000e+00,0.000000000000000000e+00
5.436907057861226757e-18,4.000000000000000000e+00,0.000000000000000000e+00,0.000000000000000000e+00,0.000000000000000000e+00,0.000000000000000000e+00
1.261915376927441601e-01,3.885236821435742449e+00,0.000000000000000000e+00,2.134845222527514616e-02,-2.384801751293112726e-02,0.000000000000000000e+00
0.000000000000000000e+00,3.833333333333333925e+00,0.000000000000000000e+00,0.000000000000000000e+00,0.000000000000000000e+00,0.000000000000000000e+00
1.749999999999824141e+00,6.000000000000000888e+00,0.000000000000000000e+00,0.000000000000000000e+00,0.000000000000000000e+00,0.000000000000000000e+00
1.630682033048545421e+00,5.849109431462388820e+00,0.000000000000000000e+00,-5.152632167623025783e-01,8.921651065633127986e-02,0.000000000000000000e+00
1.555555555554858138e+00,6.000000000000000888e+00,0.000000000000000000e+00,-1.060263501886758997e+00,-1.160981204899043384e-01,0.000000000000000000e+00
1.537490546615829512e+00,5.723686978355569721e+00,0.000000000000000000e+00,-9.846345205339799289e-01,3.464444755888751448e-01,0.000000000000000000e+00
1.385295525846953035e+00,5.556218619053996832e+00,0.000000000000000000e+00,-5.970027751701164620e-01,4.833041337686252992e-01,0.000000000000000000e+00
1.462364069122142007e+00,5.874577546893180013e+00,0.000000000000000000e+00,-7.650005213821735595e-01,1.607990978071201782e-01,0.000000000000000000e+00
1.369172582689425877e+00,5.749155093786360027e+00,0.000000000000000000e+00,-1.201634909549777364e+00,3.541404341295923963e-01,0.000000000000000000e+00
1.130457191281716955e+00,5.150097859850026438e+00,0.000000000000000000e+00,4.280452306004398078e-01,-1.125687431609718459e-01,0.000000000000000000e+00
1.211794933437652322e+00,5.313519766961696256e+00,0.000000000000000000e+00,2.809078760327286539e-01,5.249161172673472847e-02,0.000000000000000000e+00
1.022171397870824894e+00,5.263757389601757986e+00,0.000000000000000000e+00,2.863601313203279486e-01,-2.120303081775866405e-01,0.000000000000000000e+00
9.970206586664457360e-01,5.056396449086813405e+00,0.000000000000000000e+00,5.679095702470136064e-01,-1.816123000758018691e-01,0.000000000000000000e+00
1.170697402455618263e+00,5.706183718379621794e+00,0.000000000000000000e+00,-1.099555203526991543e+00,-1.009851702124432843e-01,0.000000000000000000e+00
1.186820345613145422e+00,5.513247243647258600e+00,0.000000000000000000e+00,-2.188499371016156270e-01,8.233523006822009941e-04,0.000000000000000000e+00
9.971968100463177720e-01,5.463484866287320330e+00,0.000000000000000000e+00,-1.640491865391592863e-01,-3.555539431806776784e-01,0.000000000000000000e+00
9.722222222218106502e-01,5.663212342972883562e+00,0.000000000000000000e+00,-7.930538380923872754e-01,-4.002370517330713917e-01,0.000000000000000000e+00
7.683291279871123924e-01,4.831880296204285052e+00,0.000000000000000000e+00,5.512933529614580941e-01,-1.703431672874864133e-01,0.000000000000000000e+00
6.823941682550540566e-01,4.657362541918351084e+00,0.000000000000000000e+00,2.303323449811363055e-01,-1.489828154467195270e-02,0.000000000000000000e+00
8.098241023861201260e-01,5.042842441848104151e+00,0.000000000000000000e+00,5.175280471902168333e-01,-3.528964393775482211e-01,0.000000000000000000e+00
6.062833109111660512e-01,5.025687229480521268e+00,0.000000000000000000e+00,3.381577282300970433e-01,-2.607925926975920294e-01,0.000000000000000000e+00
8.349748415904993948e-01,5.250203382363049620e+00,0.000000000000000000e+00,1.922378714276116174e-01,-4.118846819477625099e-01,0.000000000000000000e+00
5.647883365121582067e-01,4.814725083836703057e+00,0.000000000000000000e+00,3.605843878671950997e-01,-5.375670165227912356e-02,0.000000000000000000e+00
6.477782853101737848e-01,5.236649375124340366e+00,0.000000000000000000e+00,1.028370636288962053e-01,-4.645746771797001351e-01,0.000000000000000000e+00
5.999999999985329291e-01,4.500000000000000000e+00,0.000000000000000000e+00,0.000000000000000000e+00,0.000000000000000000e+00,0.000000000000000000e+00
4.823941682556370791e-01,4.657362541918351084e+00,0.000000000000000000e+00,1.814638256425083473e-01,-8.433513733894634420e-03,0.000000000000000000e+00
3.999999999991157851e-01,4.500000000000000000e+00,0.000000000000000000e+00,0.000000000000000000e+00,0.000000000000000000e+00,0.000000000000000000e+00
4.166666666666666963e+00,6.000000000000000888e+00,0.000000000000000000e+00,0.000000000000000000e+00,0.000000000000000000e+00,0.000000000000000000e+00
4.250000000000000000e+00,5.873704628614770051e+00,0.000000000000000000e+00,1.068927925883890184e+00,-4.564681683186995464e-02,0.000000000000000000e+00
4.411473599158769687e+00,5.857800240335842012e+00,0.000000000000000000e+00,8.206538585941374198e-01,-7.094418427028358065e-02,0.000000000000000000e+00
4.333333333333333037e+00,6.000000000000000000e+00,0.000000000000000000e+00,0.000000000000000000e+00,0.000000000000000000e+00,0.000000000000000000e+00
5.000000000000000000e+00,5.437500000016568968e+00,0.000000000000000000e+00,0.000000000000000000e+00,0.000000000000000000e+00,0.000000000000000000e+00
4.843093207617508611e+00,5.521770536470514301e+00,0.000000000000000000e+00,-3.504763011379155579e-03,-7.376796274070632764e-01,0.000000000000000000e+00
4.623903397249409686e+00,5.730654505307087199e+00,0.000000000000000000e+00,8.584188763338775896e-01,-3.928312681229353398e-01,0.000000000000000000e+00
4.722189672374814684e+00,5.582124801436207484e+00,0.000000000000000000e+00,3.508255188329290064e-01,-7.059016951289825981e-01,0.000000000000000000e+00
4.879096464757306961e+00,5.685354264976797189e+00,0.000000000000000000e+00,3.338372256504474889e-01,-5.872678267349642489e-01,0.000000000000000000e+00
5.000000000000000888e+00,5.625000000011104895e+00,0.000000000000000000e+00,0.000000000000000000e+00,0.000000000000000000e+00,0.000000000000000000e+00
4.758192929514612146e+00,5.745708529942489484e+00,0.000000000000000000e+00,6.237674347339930980e-01,-4.677248142876728743e-01,0.000000000000000000e+00
4.500000000000000000e+00,6.000000000000000888e+00,0.000000000000000000e+00,0.000000000000000000e+00,0.000000000000000000e+00,0.000000000000000000e+00
4.712429798090639999e+00,5.872854264971245186e+00,0.000000000000000000e+00,4.684653975463841658e-01,-1.577020195138633951e-01,0.000000000000000000e+00
4.578140265825436650e+00,5.857800240335842012e+00,0.000000000000000000e+00,7.472735459266331981e-01,-9.998240704118022126e-02,0.000000000000000000e+00
4.666666666666666963e+00,6.000000000000000000e+00,0.000000000000000000e+00,0.000000000000000000e+00,0.000000000000000000e+00,0.000000000000000000e+00
9.215710124447150653e-01,1.214172085973820092e+00,0.000000000000000000e+00,4.399100088982527135e-01,4.941594116339922405e-01,0.000000000000000000e+00
9.992567059960750786e-01,1.080514623704005528e+00,0.000000000000000000e+00,4.240410897504476306e-01,6.284137560757778740e-01,0.000000000000000000e+00
1.134981652368583172e+00,8.190493690143919592e-01,0.000000000000000000e+00,5.878290602961009359e-01,1.010027948124866404e+00,0.000000000000000000e+00
1.073073506245910691e+00,9.487830689507807946e-01,0.000000000000000000e+00,4.311332692370531405e-01,7.316651224636878670e-01,0.000000000000000000e+00
9.169784989185467694e-01,9.530828976837664168e-01,0.000000000000000000e+00,4.287875027413744489e-01,4.897789168915076541e-01,0.000000000000000000e+00
8.431616986687109350e-01,1.084814452436990928e+00,0.000000000000000000e+00,3.777089216537440897e-01,3.933992710878991828e-01,0.000000000000000000e+00
9.907952991683824928e-01,8.213513429305419056e-01,0.000000000000000000e+00,4.917214293406760861e-01,5.673910522759214592e-01,0.000000000000000000e+00
7.690608501940632280e-01,1.210379325955097229e+00,0.000000000000000000e+00,5.393359274305363771e-01,5.118918361234119363e-01,0.000000000000000000e+00
1.233790911926833989e+00,6.030838250192036565e-01,0.000000000000000000e+00,4.049221028630214936e-02,9.800975713907636999e-01,0.000000000000000000e+00
1.197925225275022987e+00,7.085923332343098124e-01,0.000000000000000000e+00,4.220576044548688399e-01,1.177975386315630368e+00,0.000000000000000000e+00
1.053738872074822197e+00,7.108943071504596478e-01,0.000000000000000000e+00,3.924868966012486360e-01,7.778458566178173550e-01,0.000000000000000000e+00
1.116682444981262234e+00,6.004372713703777231e-01,0.000000000000000000e+00,2.340530603565926238e-01,9.384793530160964181e-01,0.000000000000000000e+00
1.302724823625894590e+00,5.041081497394123145e-01,0.000000000000000000e+00,-1.934879826884728926e-01,8.247064537775145032e-01,0.000000000000000000e+00
1.380339377298112957e+00,4.304747090367148088e-01,0.000000000000000000e+00,-3.026706982138746560e-01,6.573943206512724569e-01,0.000000000000000000e+00
1.254550268379382993e+00,4.024859208107948172e-01,0.000000000000000000e+00,-1.829055934782479742e-01,7.058100915341298798e-01,0.000000000000000000e+00
1.185616356680322614e+00,5.014615960905862702e-01,0.000000000000000000e+00,-6.096430301355817982e-02,8.307888218939449843e-01,0.000000000000000000e+00
1.319033898629285995e+00,3.165845256040576983e-01,0.000000000000000000e+00,-2.913269572628235937e-01,5.968549300984363759e-01,0.000000000000000000e+00
4.178212447645051064e-01,1.716773845761425221e+00,0.000000000000000000e+00,3.803139419637769358e-01,-2.284729876773892443e-01,0.000000000000000000e+00
2.791698663530008395e-01,1.799269187627952959e+00,0.000000000000000000e+00,1.397645495566320895e-01,-3.912637247332494961e-01,0.000000000000000000e+00
4.191481472615664616e-01,1.586354188409240695e+00,0.000000000000000000e+00,7.672367073968894280e-01,1.625536999780098461e-03,0.000000000000000000e+00
2.799864179713938972e-01,1.624524582848358323e+00,0.000000000000000000e+00,3.687980896662358954e-01,-1.962397890566658920e-01,0.000000000000000000e+00
4.866227074944300401e-01,1.447582634618695963e+00,0.000000000000000000e+00,8.557124824764478221e-01,3.092498361327817302e-01,0.000000000000000000e+00
5.549477700782682321e-01,1.341462837370236194e+00,0.000000000000000000e+00,7.484441423057535125e-01,3.757522509594054538e-01,0.000000000000000000e+00
4.149355384371211097e-01,1.346981475267269079e+00,0.000000000000000000e+00,7.297844754459238414e-01,2.935713243027292529e-01,0.000000000000000000e+00
3.474609782042575312e-01,1.485753029057813812e+00,0.000000000000000000e+00,6.374820400824227073e-01,1.023156027764982462e-01,0.000000000000000000e+00
6.953281897917431564e-01,1.085339241120987452e+00,0.000000000000000000e+00,4.699052166930960395e-01,3.588544879089000106e-01,0.000000000000000000e+00
6.212273413170954495e-01,1.210904114639093532e+00,0.000000000000000000e+00,6.499660512441159943e-01,4.194900381210600604e-01,0.000000000000000000e+00
4.812151096759482716e-01,1.216422752536126417e+00,0.000000000000000000e+00,6.399396806903401291e-01,3.068011057223838933e-01,0.000000000000000000e+00
5.474946809147754889e-01,1.085864029804984199e+00,0.000000000000000000e+00,5.331315746525961963e-01,3.105063793955777363e-01,0.000000000000000000e+00
1.246935962089591177e-01,2.213541481772233421e+00,0.000000000000000000e+00,-1.569074573762389499e-02,-1.875155349503749569e-01,0.000000000000000000e+00
1.391766573673038909e-01,2.070340229537107390e+00,0.000000000000000000e+00,2.118676765386467986e-02,-2.884537080513574492e-01,0.000000000000000000e+00
-5.996365244175457388e-18,2.166666666666667407e+00,0.000000000000000000e+00,0.000000000000000000e+00,0.000000000000000000e+00,0.000000000000000000e+00
0.000000000000000000e+00,2.333333333333333925e+00,0.000000000000000000e+00,0.000000000000000000e+00,0.000000000000000000e+00,0.000000000000000000e+00
0.000000000000000000e+00,2.000000000000000000e+00,0.000000000000000000e+00,0.000000000000000000e+00,0.000000000000000000e+00,0.000000000000000000e+00
1.391766573673038909e-01,1.903673562870440428e+00,0.000000000000000000e+00,-5.283370027364993858e-03,-3.177032578079543312e-01,0.000000000000000000e+00
1.399932089856969486e-01,1.728928958090845569e+00,0.000000000000000000e+00,8.568081939601479569e-02,-2.797050925961829804e-01,0.000000000000000000e+00
-6.031546012540120939e-18,1.833333333333333259e+00,0.000000000000000000e+00,0.000000000000000000e+00,0.000000000000000000e+00,0.000000000000000000e+00
1.375000000000000222e+00,0.000000000000000000e+00,0.000000000000000000e+00,8.396396804072175576e-03,7.160345488794631619e-01,0.000000000000000000e+00
1.316758764439594609e+00,1.153415651986603313e-01,0.000000000000000000e+00,-1.074745959704235809e-01,8.298880339105749737e-01,0.000000000000000000e+00
1.250000000000000000e+00,4.800465950604801529e-18,0.000000000000000000e+00,-8.339160282840821226e-02,1.047391919354523804e+00,0.000000000000000000e+00
1.182217538246122635e+00,3.126625917328423321e-01,0.000000000000000000e+00,-3.195746423502491274e-01,6.888667643326081835e-01,0.000000000000000000e+00
1.246701168496025414e+00,2.267611965261051576e-01,0.000000000000000000e+00,-2.788429448493495166e-01,6.884200881807723826e-01,0.000000000000000000e+00
1.179942404056431027e+00,1.114196313274448541e-01,0.000000000000000000e+00,-3.459757757023678160e-01,8.658661635481582630e-01,0.000000000000000000e+00
1.109884808112862054e+00,2.228392626548897082e-01,0.000000000000000000e+00,-4.351346181729949247e-01,6.907417552161343455e-01,0.000000000000000000e+00
1.361111111110508975e+00,6.000000000000000888e+00,0.000000000000000000e+00,0.000000000000000000e+00,0.000000000000000000e+00,0.000000000000000000e+00
1.267919624677793067e+00,5.874577546893180013e+00,0.000000000000000000e+00,-1.107930464865461540e+00,-5.277996937893864038e-02,0.000000000000000000e+00
1.166666666666160257e+00,6.000000000000000888e+00,0.000000000000000000e+00,0.000000000000000000e+00,0.000000000000000000e+00,0.000000000000000000e+00
1.069444444443985232e+00,5.831606171486441781e+00,0.000000000000000000e+00,-8.011519573737568845e-01,-5.750830596961669511e-02,0.000000000000000000e+00
8.100002537659922730e-01,5.449930859048611964e+00,0.000000000000000000e+00,-2.161636461042685531e-01,-5.417681111968832841e-01,0.000000000000000000e+00
9.722222222218104282e-01,6.000000000000000888e+00,0.000000000000000000e+00,0.000000000000000000e+00,0.000000000000000000e+00,0.000000000000000000e+00
8.749999999996356248e-01,5.831606171486441781e+00,0.000000000000000000e+00,-5.691043470077951083e-01,-1.542783426966335136e-01,0.000000000000000000e+00
6.061710249027358888e-01,5.457102298718389477e+00,0.000000000000000000e+00,-1.295112145314505359e-01,-3.873969182345766704e-01,0.000000000000000000e+00
7.683929933585542660e-01,5.670383782642661075e+00,0.000000000000000000e+00,-5.478637077297996427e-01,-3.105416389766212371e-01,0.000000000000000000e+00
6.711707711363792406e-01,5.838777611156219294e+00,0.000000000000000000e+00,-3.262862562497939045e-01,-5.963349906711309933e-02,0.000000000000000000e+00
7.777777777774607104e-01,6.000000000000000888e+00,0.000000000000000000e+00,0.000000000000000000e+00,0.000000000000000000e+00,0.000000000000000000e+00
5.645637644952979928e-01,5.677555222312439476e+00,0.000000000000000000e+00,-3.153789945566870534e-01,-1.765914302040600681e-01,0.000000000000000000e+00
4.768114894598394216e-01,5.149892074226317007e+00,0.000000000000000000e+00,9.427019176445824988e-02,-3.620141037760433722e-01,0.000000000000000000e+00
4.353165150608316325e-01,4.938929928582497908e+00,0.000000000000000000e+00,2.220280828373158710e-01,-2.078303634444983727e-01,0.000000000000000000e+00
3.058446936095050028e-01,5.063134773328292759e+00,0.000000000000000000e+00,7.800838800477835622e-02,-2.470806002465322226e-01,0.000000000000000000e+00
3.270633030116357753e-01,4.625285985715389181e+00,0.000000000000000000e+00,8.948199464497316735e-02,-1.051540550846660933e-02,0.000000000000000000e+00
4.094574712681570139e-01,4.782648527633740265e+00,0.000000000000000000e+00,2.194040909258151706e-01,-9.361992557439759166e-02,0.000000000000000000e+00
2.799856498168303842e-01,4.906853372379536005e+00,0.000000000000000000e+00,1.170066332317580560e-01,-1.484634343795362132e-01,0.000000000000000000e+00
2.541266060241558211e-01,4.750571971430777474e+00,0.000000000000000000e+00,9.891301963650872553e-02,-4.986417801162816577e-02,0.000000000000000000e+00
4.862689058646691986e-01,5.337074687553885255e+00,0.000000000000000000e+00,1.353063157371936151e-02,-3.926435970495411598e-01,0.000000000000000000e+00
3.153021100143347244e-01,5.250317386655861895e+00,0.000000000000000000e+00,2.615268292719468562e-02,-2.752190096030625588e-01,0.000000000000000000e+00
4.446616454572312471e-01,5.557527611147934365e+00,0.000000000000000000e+00,-1.108969824126353754e-01,-2.817112025002203035e-01,0.000000000000000000e+00
3.247595264191645015e-01,5.437499999983430143e+00,0.000000000000000000e+00,-1.408603767856806376e-02,-2.736431510070959083e-01,0.000000000000000000e+00
1.999999999995579480e-01,4.500000000000000000e+00,0.000000000000000000e+00,0.000000000000000000e+00,0.000000000000000000e+00,0.000000000000000000e+00
5.474466684315932070e-18,4.500000000000000000e+00,0.000000000000000000e+00,0.000000000000000000e+00,0.000000000000000000e+00,0.000000000000000000e+00
1.270633030120779106e-01,4.625285985715389181e+00,0.000000000000000000e+00,3.146889165928832416e-02,-8.801286524516376691e-03,0.000000000000000000e+00
5.000000000000000000e+00,5.812500000005552891e+00,0.000000000000000000e+00,0.000000000000000000e+00,0.000000000000000000e+00,0.000000000000000000e+00
5.000000000000000888e+00,6.000000000000000888e+00,0.000000000000000000e+00,0.000000000000000000e+00,0.000000000000000000e+00,0.000000000000000000e+00
4.879096464757306961e+00,5.872854264971245186e+00,0.000000000000000000e+00,1.610461178986835329e-01,-1.668881212465847808e-01,0.000000000000000000e+00
4.833333333333333925e+00,6.000000000000000888e+00,0.000000000000000000e+00,0.000000000000000000e+00,0.000000000000000000e+00,0.000000000000000000e+00
7.681355989147466978e-01,9.581460523904808957e-01,0.000000000000000000e+00,3.659850026909028387e-01,2.929545713294251508e-01,0.000000000000000000e+00
8.419523991645824212e-01,8.264144976372564955e-01,0.000000000000000000e+00,3.823115439381528646e-01,4.456536342352885871e-01,0.000000000000000000e+00
6.931094991607823497e-01,8.314776523439708633e-01,0.000000000000000000e+00,2.711496035511589131e-01,2.415698339264595318e-01,0.000000000000000000e+00
6.203020900377789193e-01,9.586708410744775311e-01,0.000000000000000000e+00,4.072913965199040365e-01,2.748631886925494983e-01,0.000000000000000000e+00
9.729331975258549425e-01,5.936932272348560691e-01,0.000000000000000000e+00,1.697899672222085987e-01,7.202825110808499520e-01,0.000000000000000000e+00
9.099896246194150162e-01,7.041502630149381048e-01,0.000000000000000000e+00,2.467435943555101041e-01,5.600833186387351725e-01,0.000000000000000000e+00
7.611467246156150557e-01,7.092134177216526947e-01,0.000000000000000000e+00,2.140545090322627242e-01,3.648866054739486331e-01,0.000000000000000000e+00
8.291839500704477617e-01,5.869491830993344150e-01,0.000000000000000000e+00,1.165502138943886046e-01,4.361313440429375743e-01,0.000000000000000000e+00
1.113401827810563738e+00,4.063463675733333114e-01,0.000000000000000000e+00,-9.512201291119384838e-02,7.222107836821092253e-01,0.000000000000000000e+00
1.044467916111503136e+00,5.053220428531246533e-01,0.000000000000000000e+00,7.155799059430185960e-02,8.310973452364349701e-01,0.000000000000000000e+00
9.007186686560960664e-01,4.985779987176031103e-01,0.000000000000000000e+00,4.598422051319229348e-02,5.878070223239582059e-01,0.000000000000000000e+00
9.722533872417442602e-01,4.102068143358718055e-01,0.000000000000000000e+00,-1.026597506560887434e-02,7.048418973446881619e-01,0.000000000000000000e+00
1.041069097677303157e+00,3.165230384953807707e-01,0.000000000000000000e+00,-3.115855107000670698e-01,6.831127594487385046e-01,0.000000000000000000e+00
0.000000000000000000e+00,1.666666666666666741e+00,0.000000000000000000e+00,0.000000000000000000e+00,0.000000000000000000e+00,0.000000000000000000e+00
1.399932089856969486e-01,1.562262291424179272e+00,0.000000000000000000e+00,1.388339272380717249e-01,-1.159644347788097302e-01,0.000000000000000000e+00
3.016968849052554802e-01,1.359877166459418696e+00,0.000000000000000000e+00,7.441105473434257433e-01,5.942004948038503293e-02,0.000000000000000000e+00
2.342223246723918462e-01,1.498648720249962984e+00,0.000000000000000000e+00,5.320303515365277791e-01,3.855351495718224719e-02,0.000000000000000000e+00
9.422911568669489757e-02,1.436386428825783934e+00,0.000000000000000000e+00,4.671775863218444735e-01,1.226809616076642989e-01,0.000000000000000000e+00
-4.059820123441375091e-18,1.500000000000000222e+00,0.000000000000000000e+00,0.000000000000000000e+00,0.000000000000000000e+00,0.000000000000000000e+00
1.884582313733897951e-01,1.372772857651567868e+00,0.000000000000000000e+00,7.235442179450765066e-01,1.677305050338504244e-01,0.000000000000000000e+00
3.320999578079124048e-01,1.228848233461484529e+00,0.000000000000000000e+00,7.199294325464616895e-01,5.376314227232834725e-02,0.000000000000000000e+00
3.983795290467395667e-01,1.098289510730342089e+00,0.000000000000000000e+00,6.324647148082949144e-01,8.361188483656521730e-02,0.000000000000000000e+00
2.188613042760466920e-01,1.241743924653634146e+00,0.000000000000000000e+00,7.388438281841648303e-01,3.677055835897589942e-02,0.000000000000000000e+00
2.492643771787035889e-01,1.110714991655700201e+00,0.000000000000000000e+00,6.672946204412731896e-01,-9.094052390382878492e-02,0.000000000000000000e+00
5.532988308904770447e-01,8.515159864083128305e-01,0.000000000000000000e+00,2.750732859628511884e-01,1.881651495310675548e-01,0.000000000000000000e+00
4.804914217674735033e-01,9.787091751388192762e-01,0.000000000000000000e+00,4.642099643198523973e-01,1.301649710570277618e-01,0.000000000000000000e+00
3.313762698994375810e-01,9.911346560641773884e-01,0.000000000000000000e+00,5.009954323814808097e-01,-3.180780082376121615e-02,0.000000000000000000e+00
4.134881626201716287e-01,8.715543204726545756e-01,0.000000000000000000e+00,2.709061367411400023e-01,2.823479080765792237e-02,0.000000000000000000e+00
1.125000000000000000e+00,0.000000000000000000e+00,0.000000000000000000e+00,-1.144106012141624662e-01,6.978786429234768995e-01,0.000000000000000000e+00
1.054942404056431027e+00,1.114196313274448541e-01,0.000000000000000000e+00,-3.422151207958359920e-01,4.488081249601341138e-01,0.000000000000000000e+00
1.000000000000000000e+00,5.109513429696411832e-18,0.000000000000000000e+00,0.000000000000000000e+00,0.000000000000000000e+00,0.000000000000000000e+00
9.013368133373552693e-01,3.236960830575915105e-01,0.000000000000000000e+00,-1.398525409839509182e-01,4.956897192257860851e-01,0.000000000000000000e+00
9.701525237729140549e-01,2.300123072171004202e-01,0.000000000000000000e+00,-3.243207887448453230e-01,4.682117431732708557e-01,0.000000000000000000e+00
9.152101197164830282e-01,1.185926758896555522e-01,0.000000000000000000e+00,-5.879464873730930186e-02,7.239463777381992260e-02,0.000000000000000000e+00
8.304202394329660564e-01,2.371853517793111044e-01,0.000000000000000000e+00,-7.440724748584441606e-02,1.672090396764146503e-01,0.000000000000000000e+00
5.833333333331112147e-01,6.000000000000000888e+00,0.000000000000000000e+00,0.000000000000000000e+00,0.000000000000000000e+00,0.000000000000000000e+00
4.767263266920298559e-01,5.838777611156220182e+00,0.000000000000000000e+00,-2.266268304601043726e-01,-5.140157885082172889e-02,0.000000000000000000e+00
3.888888888887617745e-01,6.000000000000000888e+00,0.000000000000000000e+00,0.000000000000000000e+00,0.000000000000000000e+00,0.000000000000000000e+00
3.003577063867903796e-01,5.582734807888704687e+00,0.000000000000000000e+00,-5.271674861765962561e-02,-2.205709583617898595e-01,0.000000000000000000e+00
4.202598254248570697e-01,5.702762419053208909e+00,0.000000000000000000e+00,-1.938430115163843059e-01,-1.634364077892740130e-01,0.000000000000000000e+00
3.324223876215889883e-01,5.863984807896989615e+00,0.000000000000000000e+00,-1.287603943857162370e-01,-4.371815625270306788e-02,0.000000000000000000e+00
2.759558863544162022e-01,5.727969615793978342e+00,0.000000000000000000e+00,-9.299495743263481995e-02,-1.401055009108340133e-01,0.000000000000000000e+00
0.000000000000000000e+00,5.062499999983431920e+00,0.000000000000000000e+00,0.000000000000000000e+00,0.000000000000000000e+00,0.000000000000000000e+00
1.270633030120779106e-01,4.812785985709837178e+00,0.000000000000000000e+00,3.105421841943429434e-02,-6.998668292155452164e-02,0.000000000000000000e+00
1.529223468047525014e-01,4.969067386658594820e+00,0.000000000000000000e+00,3.034567911297529272e-02,-1.399621692659274996e-01,0.000000000000000000e+00
1.529223468047525014e-01,5.156567386653129859e+00,0.000000000000000000e+00,2.194788818031537594e-02,-1.746580779576735465e-01,0.000000000000000000e+00
1.623797632095822507e-01,5.343749999980698107e+00,0.000000000000000000e+00,2.537623386117036483e-03,-1.876064517455302560e-01,0.000000000000000000e+00
6.588592245161831391e-18,4.874999999988895993e+00,0.000000000000000000e+00,0.000000000000000000e+00,0.000000000000000000e+00,0.000000000000000000e+00
6.996060883239199678e-18,5.249999999977966958e+00,0.000000000000000000e+00,0.000000000000000000e+00,0.000000000000000000e+00,0.000000000000000000e+00
0.000000000000000000e+00,4.687499999994448885e+00,0.000000000000000000e+00,0.000000000000000000e+00,0.000000000000000000e+00,0.000000000000000000e+00
0.000000000000000000e+00,5.437499999983431920e+00,0.000000000000000000e+00,0.000000000000000000e+00,0.000000000000000000e+00,0.000000000000000000e+00
1.623797632095822785e-01,5.531249999986163957e+00,0.000000000000000000e+00,-5.146029336292470314e-03,-1.698390681897558041e-01,0.000000000000000000e+00
1.379779431772081011e-01,5.676484807891437612e+00,0.000000000000000000e+00,-1.906485307647834068e-02,-1.153885430498501757e-01,0.000000000000000000e+00
5.944719169013438550e-18,5.624999999988895993e+00,0.000000000000000000e+00,0.000000000000000000e+00,0.000000000000000000e+00,0.000000000000000000e+00
6.146497532305801315e-01,7.122313127691466406e-01,0.000000000000000000e+00,1.508162762803640089e-01,2.043713904458717423e-01,0.000000000000000000e+00
4.748390849602747155e-01,7.322696468334884967e-01,0.000000000000000000e+00,1.752401579471644100e-01,8.290556038501663283e-02,0.000000000000000000e+00
6.826869786854128375e-01,5.899670781468283609e-01,0.000000000000000000e+00,1.007672772918234982e-01,2.915307505097756713e-01,0.000000000000000000e+00
5.361900073003778022e-01,5.929849731943223068e-01,0.000000000000000000e+00,9.587111763405593845e-02,9.576275472339376704e-02,0.000000000000000000e+00
8.383570658438059819e-01,4.119900529860371918e-01,0.000000000000000000e+00,8.445380161988176940e-03,4.747622536603891552e-01,0.000000000000000000e+00
7.668223472581576772e-01,5.003612373677683856e-01,0.000000000000000000e+00,1.435717212100691594e-03,3.474560914324469341e-01,0.000000000000000000e+00
6.203253758731227530e-01,5.033791324152624425e-01,0.000000000000000000e+00,8.301507229644235208e-02,1.644449198284230196e-01,0.000000000000000000e+00
7.044607444458675927e-01,4.137732916362025226e-01,0.000000000000000000e+00,6.020091698787072287e-02,1.789662015041540988e-01,0.000000000000000000e+00
7.674404919394168800e-01,3.254793217077568412e-01,0.000000000000000000e+00,5.088482287857322428e-02,2.104232034044105359e-01,0.000000000000000000e+00
0.000000000000000000e+00,1.375000000000000000e+00,0.000000000000000000e+00,7.488655680147870974e-01,7.499930280535024862e-02,0.000000000000000000e+00
9.422911568669489757e-02,1.311386428825783934e+00,0.000000000000000000e+00,9.300064700946009122e-01,6.426866130673140887e-02,0.000000000000000000e+00
-5.369723185622930283e-18,1.250000000000000222e+00,0.000000000000000000e+00,1.107938077747343542e+00,3.238013875825541954e-02,0.000000000000000000e+00
1.246321885893517944e-01,1.180357495827849990e+00,0.000000000000000000e+00,8.993036259888355088e-01,-1.803581892064592962e-01,0.000000000000000000e+00
0.000000000000000000e+00,1.125000000000000000e+00,0.000000000000000000e+00,7.540542236093896733e-01,-3.714203819101073029e-02,0.000000000000000000e+00
3.015429936833837754e-01,8.797535945167479499e-01,0.000000000000000000e+00,2.023753292468744858e-01,1.495903545924802923e-02,0.000000000000000000e+00
2.194311009626497277e-01,9.993339301082706516e-01,0.000000000000000000e+00,4.499183306098942237e-01,-6.692078459027979431e-02,0.000000000000000000e+00
1.246321885893517944e-01,1.055357495827850212e+00,0.000000000000000000e+00,4.240453372976493163e-01,-2.198359172900778979e-01,0.000000000000000000e+00
9.479891237329794718e-02,9.439764342804206620e-01,0.000000000000000000e+00,4.907122399654542666e-02,-1.033236288054141354e-02,0.000000000000000000e+00
-4.084369563788801829e-18,1.000000000000000000e+00,0.000000000000000000e+00,0.000000000000000000e+00,0.000000000000000000e+00,0.000000000000000000e+00
1.895978247465958944e-01,8.879528685608413241e-01,0.000000000000000000e+00,8.930615547172413016e-02,6.546995997015352120e-02,0.000000000000000000e+00
4.034321268325151699e-01,6.466208262482945335e-01,0.000000000000000000e+00,9.241004304327021801e-02,8.257028880084162081e-02,0.000000000000000000e+00
3.420812044924120277e-01,7.859054998874606124e-01,0.000000000000000000e+00,1.553935528687909184e-01,5.252668874777673136e-02,0.000000000000000000e+00
2.301360355556241744e-01,7.941047739315539866e-01,0.000000000000000000e+00,8.411944381025279749e-02,9.973057147977561210e-02,0.000000000000000000e+00
2.706742463646524821e-01,7.002566793022666491e-01,0.000000000000000000e+00,6.255128195600677399e-02,1.035770372520154747e-01,0.000000000000000000e+00
8.333333333328944992e-01,0.000000000000000000e+00,0.000000000000000000e+00,0.000000000000000000e+00,0.000000000000000000e+00,0.000000000000000000e+00
7.485434530493775274e-01,1.185926758896555799e-01,0.000000000000000000e+00,1.727164849854499057e-02,5.075423884816731429e-02,0.000000000000000000e+00
6.666666666657888873e-01,5.946897057986268771e-18,0.000000000000000000e+00,0.000000000000000000e+00,0.000000000000000000e+00,0.000000000000000000e+00
6.122062268462115098e-01,3.449151381688524420e-01,0.000000000000000000e+00,5.620958099894442922e-02,1.211537879082958125e-01,0.000000000000000000e+00
6.751859743397606861e-01,2.566211682404067607e-01,0.000000000000000000e+00,3.074224556052946450e-02,1.297910420128208231e-01,0.000000000000000000e+00
5.933091879561720461e-01,1.380284923507512085e-01,0.000000000000000000e+00,5.983470441357086750e-02,2.785761890666508742e-02,0.000000000000000000e+00
5.199517092465553159e-01,2.760569847015024725e-01,0.000000000000000000e+00,7.585885818180809759e-02,3.162072986377791745e-02,0.000000000000000000e+00
1.944444444443808873e-01,6.000000000000000888e+00,0.000000000000000000e+00,0.000000000000000000e+00,0.000000000000000000e+00,0.000000000000000000e+00
-5.944719169013438550e-18,6.000000000000000888e+00,0.000000000000000000e+00,-3.678937082810793124e-02,-5.070785701074038282e-02,0.000000000000000000e+00
1.379779431772081011e-01,5.863984807896989615e+00,0.000000000000000000e+00,-2.860307400623196203e-02,-3.969501724601665060e-02,0.000000000000000000e+00
0.000000000000000000e+00,5.812499999994448885e+00,0.000000000000000000e+00,0.000000000000000000e+00,0.000000000000000000e+00,0.000000000000000000e+00
2.703459856586520327e-01,5.885054518031884729e-01,0.000000000000000000e+00,5.445147964439138455e-02,9.516030986791650104e-02,0.000000000000000000e+00
4.031038661265147205e-01,5.348695987492162462e-01,0.000000000000000000e+00,5.650761842251073030e-02,7.428316802893684956e-02,0.000000000000000000e+00
5.280708582734665590e-01,4.345209789479123619e-01,0.000000000000000000e+00,6.214281719057798692e-02,7.945893347775216664e-02,0.000000000000000000e+00
3.949847170996034773e-01,3.764056045028064124e-01,0.000000000000000000e+00,6.238360195325949598e-02,5.331497008076892252e-02,0.000000000000000000e+00
2.700177249526515832e-01,4.767542243041103522e-01,0.000000000000000000e+00,3.502539174552016937e-02,7.929919183965389307e-02,0.000000000000000000e+00
0.000000000000000000e+00,8.333333333328944992e-01,0.000000000000000000e+00,0.000000000000000000e+00,0.000000000000000000e+00,0.000000000000000000e+00
9.479891237329794718e-02,7.773097676133151612e-01,0.000000000000000000e+00,3.090065246162869081e-02,2.903251168578364211e-02,0.000000000000000000e+00
-5.816797629161128352e-18,6.666666666657888873e-01,0.000000000000000000e+00,0.000000000000000000e+00,0.000000000000000000e+00,0.000000000000000000e+00
1.353371231823262411e-01,6.834616729840278238e-01,0.000000000000000000e+00,4.031059222091165628e-02,6.001745477731842970e-02,0.000000000000000000e+00
1.350088624763257916e-01,5.717104454849495365e-01,0.000000000000000000e+00,2.716209378587188319e-02,6.014559080653660017e-02,0.000000000000000000e+00
4.999999999991457944e-01,0.000000000000000000e+00,0.000000000000000000e+00,0.000000000000000000e+00,0.000000000000000000e+00,0.000000000000000000e+00
4.266425212895290087e-01,1.380284923507512362e-01,0.000000000000000000e+00,3.986577740011173349e-02,2.255284927520356808e-02,0.000000000000000000e+00
3.333333333325025905e-01,5.256681331608428154e-18,0.000000000000000000e+00,0.000000000000000000e+00,0.000000000000000000e+00,0.000000000000000000e+00
2.886751345942202285e-01,1.220084679279689471e-01,0.000000000000000000e+00,2.839095803723331105e-02,2.696192340346428851e-02,0.000000000000000000e+00
3.819843225512465912e-01,2.600369602787201417e-01,0.000000000000000000e+00,5.564107862044191666e-02,4.219845334838814854e-02,0.000000000000000000e+00
2.570173304042947526e-01,3.603855800800240816e-01,0.000000000000000000e+00,4.644248402443767326e-02,6.525453692782824666e-02,0.000000000000000000e+00
2.440169358559378943e-01,2.440169358559378665e-01,0.000000000000000000e+00,4.056472751019146727e-02,5.009387280247711710e-02,0.000000000000000000e+00
0.000000000000000000e+00,4.999999999991457944e-01,0.000000000000000000e+00,0.000000000000000000e+00,0.000000000000000000e+00,0.000000000000000000e+00
1.350088624763257916e-01,4.050437788183064436e-01,0.000000000000000000e+00,2.381027210047661352e-02,4.396497237264024305e-02,0.000000000000000000e+00
1.220084679279689471e-01,2.886751345942202285e-01,0.000000000000000000e+00,2.508304121425479830e-02,3.560834356211404345e-02,0.000000000000000000e+00
-5.256681331608428154e-18,3.333333333325025905e-01,0.000000000000000000e+00,0.000000000000000000e+00,0.000000000000000000e+00,0.000000000000000000e+00
1.666666666662513230e-01,0.000000000000000000e+00,0.000000000000000000e+00,0.000000000000000000e+00,0.000000000000000000e+00,0.000000000000000000e+00
5.256681331608428154e-18,5.256681331608428154e-18,0.000000000000000000e+00,0.000000000000000000e+00,0.000000000000000000e+00,0.000000000000000000e+00
1.220084679279689471e-01,1.220084679279689333e-01,0.000000000000000000e+00,2.368392625839370325e-02,2.537889631182506378e-02,0.000000000000000000e+00
0.000000000000000000e+00,1.666666666662512952e-01,0.000000000000000000e+00,0.000000000000000000e+00,0.000000000000000000e+00,0.000000000000000000e+00
