Points:0,Points:1,Points:2,U:0,U:1,U:2
9.812499999996290967e+00,0.000000000000000000e+00,0.000000000000000000e+00,0.000000000000000000e+00,0.000000000000000000e+00,0.000000000000000000e+00
1.000000000000000178e+01,5.664362628085781756e-17,0.000000000000000000e+00,0.000000000000000000e+00,0.000000000000000000e+00,0.000000000000000000e+00
9.677732030644911276e+00,1.347679693504804932e-01,0.000000000000000000e+00,5.250007213766930692e-01,6.194680284645358997e-02,0.000000000000000000e+00
9.865232030648620309e+00,1.347679693504804932e-01,0.000000000000000000e+00,2.131963123008428218e-01,7.684949060011213307e-02,0.000000000000000000e+00
9.624999999992581934e+00,7.322853433113562488e-18,0.000000000000000000e+00,0.000000000000000000e+00,0.000000000000000000e+00,0.000000000000000000e+00
9.730464061297237066e+00,2.695359387009609309e-01,0.000000000000000000e+00,5.750268764115291642e-01,3.287891122693358259e-01,0.000000000000000000e+00
1.000000000000000000e+01,1.875000000005254130e-01,0.000000000000000000e+00,0.000000000000000000e+00,0.000000000000000000e+00,0.000000000000000000e+00
9.865232030648620309e+00,3.222679693510058785e-01,0.000000000000000000e+00,1.818904439183655353e-01,4.074343715924703124e-01,0.000000000000000000e+00
1.000000000000000178e+01,3.750000000010508261e-01,0.000000000000000000e+00,0.000000000000000000e+00,0.000000000000000000e+00,0.000000000000000000e+00
9.592977028719278820e+00,3.047326432337796875e-01,0.000000000000000000e+00,9.210124974052995572e-01,5.792542672991742858e-01,0.000000000000000000e+00
9.540244998066949478e+00,1.699646738832991943e-01,0.000000000000000000e+00,9.328706918763406408e-01,4.940633932713532350e-01,0.000000000000000000e+00
9.455489996141315245e+00,3.399293477665983332e-01,0.000000000000000000e+00,1.150467357941244106e+00,5.187342484461050507e-01,0.000000000000000000e+00
9.437499999988874677e+00,0.000000000000000000e+00,0.000000000000000000e+00,0.000000000000000000e+00,0.000000000000000000e+00,0.000000000000000000e+00
9.352744998063240445e+00,1.699646738832991943e-01,0.000000000000000000e+00,9.492502437365279988e-01,5.258908563990472712e-02,0.000000000000000000e+00
9.249999999985165644e+00,7.752900328033281086e-18,0.000000000000000000e+00,0.000000000000000000e+00,0.000000000000000000e+00,0.000000000000000000e+00
9.715235779060066079e+00,4.235446083687894880e-01,0.000000000000000000e+00,5.153020933014912375e-01,7.193282271428937946e-01,0.000000000000000000e+00
9.850003748411445770e+00,4.762766390188343246e-01,0.000000000000000000e+00,1.294824256181094091e-01,7.021482882273665238e-01,0.000000000000000000e+00
9.577748746482104281e+00,4.587413129016081337e-01,0.000000000000000000e+00,7.994409498791784641e-01,8.734001993680494680e-01,0.000000000000000000e+00
9.700007496822889763e+00,5.775532780366178232e-01,0.000000000000000000e+00,2.570933042268828128e-01,1.066771695860905034e+00,0.000000000000000000e+00
1.000000000000000000e+01,5.625000000015759616e-01,0.000000000000000000e+00,0.000000000000000000e+00,0.000000000000000000e+00,0.000000000000000000e+00
9.850003748411445770e+00,6.637766390193594601e-01,0.000000000000000000e+00,5.659836883147398301e-02,7.562486873312683766e-01,0.000000000000000000e+00
1.000000000000000178e+01,7.500000000021012081e-01,0.000000000000000000e+00,0.000000000000000000e+00,0.000000000000000000e+00,0.000000000000000000e+00
9.269229608476027948e+00,3.499108093535575614e-01,0.000000000000000000e+00,1.207437025423107269e+00,-7.417257164742960263e-02,0.000000000000000000e+00
9.166484610397953148e+00,1.799461354702583948e-01,0.000000000000000000e+00,7.968589615982444307e-01,-3.084615382272566306e-02,0.000000000000000000e+00
9.518315450969218716e+00,6.554201950759886985e-01,0.000000000000000000e+00,9.237206512427038885e-02,8.023040203992374275e-01,0.000000000000000000e+00
9.396056700628431457e+00,5.366082299409788980e-01,0.000000000000000000e+00,6.823674911058642545e-01,4.524157358038006782e-01,0.000000000000000000e+00
9.209796312963142384e+00,5.465896915279381263e-01,0.000000000000000000e+00,7.171507013993635438e-01,-1.294592572017932985e-01,0.000000000000000000e+00
9.082969220810742428e+00,3.598922709405169007e-01,0.000000000000000000e+00,1.087090137264245637e+00,-1.193234813866500682e-01,0.000000000000000000e+00
9.336623405115542340e+00,7.332871121153593519e-01,0.000000000000000000e+00,-1.421585122772550669e-01,3.046762309021288084e-01,0.000000000000000000e+00
9.062499999981458387e+00,0.000000000000000000e+00,0.000000000000000000e+00,0.000000000000000000e+00,0.000000000000000000e+00,0.000000000000000000e+00
8.978984610394245891e+00,1.799461354702584226e-01,0.000000000000000000e+00,7.367223056412268711e-01,-2.961878971385455486e-02,0.000000000000000000e+00
8.874999999977749354e+00,7.420802714442363974e-18,0.000000000000000000e+00,0.000000000000000000e+00,0.000000000000000000e+00,0.000000000000000000e+00
9.689897907996856574e+00,7.561567887854760972e-01,0.000000000000000000e+00,-6.295521474398789452e-02,1.053430175962479343e+00,0.000000000000000000e+00
9.839894159585410804e+00,8.423801497682177342e-01,0.000000000000000000e+00,-3.610964628937422816e-02,6.976053366997231331e-01,0.000000000000000000e+00
9.508205862143183751e+00,8.340237058248469726e-01,0.000000000000000000e+00,-1.878071483671680808e-01,7.076151226870598387e-01,0.000000000000000000e+00
9.679788319170823385e+00,9.347602995343344823e-01,0.000000000000000000e+00,-1.332699718943050615e-01,9.672511178660418985e-01,0.000000000000000000e+00
1.000000000000000000e+01,9.375000000026261215e-01,0.000000000000000000e+00,0.000000000000000000e+00,0.000000000000000000e+00,0.000000000000000000e+00
9.839894159585412581e+00,1.029880149768742648e+00,0.000000000000000000e+00,-5.302622883316859131e-02,6.271046094382682901e-01,0.000000000000000000e+00
1.000000000000000178e+01,1.125000000003151257e+00,0.000000000000000000e+00,0.000000000000000000e+00,0.000000000000000000e+00,0.000000000000000000e+00
9.133725455553651784e+00,7.315751271099966146e-01,0.000000000000000000e+00,2.155796257840134067e-01,4.936506780964105418e-02,0.000000000000000000e+00
9.006898363401250052e+00,5.448777065225753891e-01,0.000000000000000000e+00,8.078470739750369667e-01,-1.292683725401174155e-01,0.000000000000000000e+00
8.930827505991759452e+00,7.298631421046339884e-01,0.000000000000000000e+00,4.668976611391049691e-01,-6.084086230211278173e-02,0.000000000000000000e+00
8.790065006576877948e+00,1.722380933652284951e-01,0.000000000000000000e+00,6.455626988194013149e-01,-2.905468913133906969e-02,0.000000000000000000e+00
8.894049616993374485e+00,3.521842288354869455e-01,0.000000000000000000e+00,1.016849866734722552e+00,-6.338056428587357516e-02,0.000000000000000000e+00
8.817978759583882109e+00,5.371696644175454338e-01,0.000000000000000000e+00,7.609822438763985675e-01,-1.363138641764876924e-01,0.000000000000000000e+00
8.705130013176004766e+00,3.444761867304569347e-01,0.000000000000000000e+00,9.219939759246070787e-01,-1.445706252582167894e-01,0.000000000000000000e+00
9.371297295428817620e+00,9.085820870167142793e-01,0.000000000000000000e+00,-1.080161764398180207e-01,4.767679264528400518e-01,0.000000000000000000e+00
9.542879752456455478e+00,1.009318680726201789e+00,0.000000000000000000e+00,-1.261848990602471576e-01,8.004285038268402763e-01,0.000000000000000000e+00
9.251122552055708326e+00,1.066773995060777525e+00,0.000000000000000000e+00,-4.241589069039848961e-03,5.045002712367462339e-01,0.000000000000000000e+00
9.216448661742436599e+00,8.914790201594227081e-01,0.000000000000000000e+00,9.603653458915775362e-03,3.385157993066045812e-01,0.000000000000000000e+00
9.013550712180542490e+00,8.897670351540598599e-01,0.000000000000000000e+00,2.176577943100908019e-01,1.795897630760121544e-01,0.000000000000000000e+00
9.405971185742087570e+00,1.083877061918068874e+00,0.000000000000000000e+00,-9.931320546216869383e-02,6.064445447783398668e-01,0.000000000000000000e+00
9.096273918369325528e+00,1.049670928203485731e+00,0.000000000000000000e+00,1.125333679156461791e-01,3.496406819889181783e-01,0.000000000000000000e+00
8.687499999974214404e+00,0.000000000000000000e+00,0.000000000000000000e+00,0.000000000000000000e+00,0.000000000000000000e+00,0.000000000000000000e+00
8.602565006573342998e+00,1.722380933652284951e-01,0.000000000000000000e+00,5.952013834265150738e-01,-5.223615233768542920e-02,0.000000000000000000e+00
8.499999999970679454e+00,7.060365842124614763e-18,0.000000000000000000e+00,0.000000000000000000e+00,0.000000000000000000e+00,0.000000000000000000e+00
9.655216989787055226e+00,1.136201188209433610e+00,0.000000000000000000e+00,-9.644584375579863533e-02,9.269369005148981877e-01,0.000000000000000000e+00
9.815322830201644422e+00,1.231321038443841998e+00,0.000000000000000000e+00,-8.079868326473331475e-03,6.076362404589064070e-01,0.000000000000000000e+00
9.518308423072689095e+00,1.210759569401301139e+00,0.000000000000000000e+00,-7.465249110828489632e-02,7.670208223511976176e-01,0.000000000000000000e+00
9.630645660403287067e+00,1.337642076884532960e+00,0.000000000000000000e+00,-6.167989698889341822e-03,8.871817808502173719e-01,0.000000000000000000e+00
1.000000000000000000e+01,1.312500000003655298e+00,0.000000000000000000e+00,0.000000000000000000e+00,0.000000000000000000e+00,0.000000000000000000e+00
9.815322830201644422e+00,1.418821038444345817e+00,0.000000000000000000e+00,-2.461595246125990698e-03,6.067344051405996197e-01,0.000000000000000000e+00
1.000000000000000178e+01,1.500000000004159117e+00,0.000000000000000000e+00,0.000000000000000000e+00,0.000000000000000000e+00,0.000000000000000000e+00
8.631080794110587817e+00,5.207089379185223521e-01,0.000000000000000000e+00,7.695611250472725873e-01,-2.979969371734962347e-01,0.000000000000000000e+00
8.743929540518463384e+00,7.134024156056106847e-01,0.000000000000000000e+00,5.635727463221991140e-01,-1.887622917128577715e-01,0.000000000000000000e+00
8.839231600395056176e+00,8.842078800418430307e-01,0.000000000000000000e+00,3.402818077402382513e-01,-3.292173955748692316e-02,0.000000000000000000e+00
8.921954806583840991e+00,1.044111773091269013e+00,0.000000000000000000e+00,1.747698630143790233e-01,1.323492136635457395e-01,0.000000000000000000e+00
8.652333634921763661e+00,8.677471535428199489e-01,0.000000000000000000e+00,4.070207441099676360e-01,-3.300538140836711820e-01,0.000000000000000000e+00
8.557031575045170868e+00,6.969416891065878250e-01,0.000000000000000000e+00,5.559703007138595554e-01,-4.693621874894179369e-01,0.000000000000000000e+00
8.747635694798356454e+00,1.038552617979052295e+00,0.000000000000000000e+00,1.845083634709311637e-01,-1.203834750015270599e-01,0.000000000000000000e+00
8.515967776737490169e+00,3.361103856095467579e-01,0.000000000000000000e+00,7.775122170687508438e-01,-1.668798652787619741e-01,0.000000000000000000e+00
8.413402770134826625e+00,1.638722922443182906e-01,0.000000000000000000e+00,4.582742272817219020e-01,-4.448388161598366974e-02,0.000000000000000000e+00
8.441918557672071444e+00,5.123431367976121198e-01,0.000000000000000000e+00,6.114547719484988431e-01,-3.189573283251600500e-01,0.000000000000000000e+00
8.326805540298975572e+00,3.277445844886366921e-01,0.000000000000000000e+00,6.201288733756156191e-01,-1.627646984354422788e-01,0.000000000000000000e+00
9.329775889729068794e+00,1.218127446457953011e+00,0.000000000000000000e+00,1.585439144034193198e-02,6.290257560958196770e-01,0.000000000000000000e+00
9.174927256042687773e+00,1.201024379600661440e+00,0.000000000000000000e+00,6.855447594533051192e-02,5.153667160532408031e-01,0.000000000000000000e+00
9.253580593716046465e+00,1.352377830997836705e+00,0.000000000000000000e+00,5.080733866981602953e-02,6.167077134563399010e-01,0.000000000000000000e+00
9.442113127059668543e+00,1.345009953941185055e+00,0.000000000000000000e+00,2.137790428056723577e-02,7.636254296490628812e-01,0.000000000000000000e+00
9.087159108669734309e+00,1.351991093600803051e+00,0.000000000000000000e+00,8.952280818955429820e-02,4.650600237857119290e-01,0.000000000000000000e+00
9.008505770996375617e+00,1.200637642203627564e+00,0.000000000000000000e+00,1.356572147324117683e-01,2.980932634184864649e-01,0.000000000000000000e+00
8.834186659210889303e+00,1.195078487091410402e+00,0.000000000000000000e+00,1.877274419295250629e-01,1.147334969257120946e-02,0.000000000000000000e+00
8.920737623623420376e+00,1.351604356203768731e+00,0.000000000000000000e+00,1.382732184369388218e-01,2.145194229552692677e-01,0.000000000000000000e+00
8.312499999977902121e+00,0.000000000000000000e+00,0.000000000000000000e+00,0.000000000000000000e+00,0.000000000000000000e+00,0.000000000000000000e+00
8.225902770142049292e+00,1.638722922443183183e-01,0.000000000000000000e+00,3.899593384892157677e-01,-5.715946247973986705e-02,0.000000000000000000e+00
8.124999999985121235e+00,7.472195057716834348e-18,0.000000000000000000e+00,0.000000000000000000e+00,0.000000000000000000e+00,0.000000000000000000e+00
9.648642403010732949e+00,1.532288404932576231e+00,0.000000000000000000e+00,3.528623074509248947e-02,9.053371944584773789e-01,0.000000000000000000e+00
9.833319572809088527e+00,1.613467366492388866e+00,0.000000000000000000e+00,2.045435573714603217e-02,6.003789257996525741e-01,0.000000000000000000e+00
9.509123319806283448e+00,1.474856358045959936e+00,0.000000000000000000e+00,2.118864239667462429e-02,8.042529398973082833e-01,0.000000000000000000e+00
9.527120062413727553e+00,1.669502686094002986e+00,0.000000000000000000e+00,3.579955721747706682e-02,8.088016343630426430e-01,0.000000000000000000e+00
9.320590786462663146e+00,1.482224235102612031e+00,0.000000000000000000e+00,-5.843854781007587484e-03,6.697418623647467539e-01,0.000000000000000000e+00
9.387600979209278051e+00,1.612070639207386691e+00,0.000000000000000000e+00,-3.952198026205023043e-03,6.866685480111481832e-01,0.000000000000000000e+00
9.666639145618175277e+00,1.726934732980619058e+00,0.000000000000000000e+00,6.452050713704081397e-02,9.194040606701877616e-01,0.000000000000000000e+00
1.000000000000000000e+01,1.687500000003319123e+00,0.000000000000000000e+00,0.000000000000000000e+00,0.000000000000000000e+00,0.000000000000000000e+00
9.833319572809088527e+00,1.800967366491549093e+00,0.000000000000000000e+00,1.559921023967335459e-02,6.421125765442807776e-01,0.000000000000000000e+00
1.000000000000000178e+01,1.875000000002479350e+00,0.000000000000000000e+00,0.000000000000000000e+00,0.000000000000000000e+00,0.000000000000000000e+00
8.477032376736268304e+00,8.597157965436139637e-01,0.000000000000000000e+00,3.907073589106216938e-01,-6.450796814693089409e-01,0.000000000000000000e+00
8.572334436612859321e+00,1.030521260979845977e+00,0.000000000000000000e+00,2.031089130139450971e-01,-5.203721382375828819e-01,0.000000000000000000e+00
8.397033178427365741e+00,1.022489903980640324e+00,0.000000000000000000e+00,2.011882443524441733e-01,-7.723120046411789952e-01,0.000000000000000000e+00
8.278650345808650002e+00,4.932137625201261644e-01,0.000000000000000000e+00,4.779953215223068930e-01,-3.611547548928472628e-01,0.000000000000000000e+00
8.393763363181747650e+00,6.778123148291016475e-01,0.000000000000000000e+00,4.212233769412624951e-01,-5.048847060793179020e-01,0.000000000000000000e+00
8.313764164872843310e+00,8.405864222661278973e-01,0.000000000000000000e+00,2.872231664304998877e-01,-6.449842199774968865e-01,0.000000000000000000e+00
8.230495151318324432e+00,6.586829405516154701e-01,0.000000000000000000e+00,2.957106624094064662e-01,-5.338667409203868841e-01,0.000000000000000000e+00
8.657627397326603358e+00,1.191697040681875208e+00,0.000000000000000000e+00,1.388914342836972127e-01,-3.185271478696031222e-01,0.000000000000000000e+00
8.744178361739137983e+00,1.348222909794233537e+00,0.000000000000000000e+00,1.293314096572913130e-01,-2.283505003022071322e-01,0.000000000000000000e+00
8.482326139141108001e+00,1.183665683682669112e+00,0.000000000000000000e+00,1.801136804883615439e-01,-6.468865140913526712e-01,0.000000000000000000e+00
8.567619099854850262e+00,1.344841463384697677e+00,0.000000000000000000e+00,6.338500665061376493e-02,-4.735823862472504642e-01,0.000000000000000000e+00
8.031787950502643270e+00,1.734309183950515920e-01,0.000000000000000000e+00,2.784075251600969803e-01,-5.473603869028771662e-02,0.000000000000000000e+00
8.132690720659569550e+00,3.373032106393699103e-01,0.000000000000000000e+00,4.341520575170855212e-01,-2.136074716972651555e-01,0.000000000000000000e+00
8.084535526169243980e+00,5.027723886708593826e-01,0.000000000000000000e+00,2.767414041242717282e-01,-3.709514856097578250e-01,0.000000000000000000e+00
7.938575901020164416e+00,3.468618367901031285e-01,0.000000000000000000e+00,2.515135759786103486e-01,-1.621073187149002504e-01,0.000000000000000000e+00
9.234182802407854496e+00,1.634745837723712292e+00,0.000000000000000000e+00,-1.024895475973491288e-01,5.663065482757887459e-01,0.000000000000000000e+00
9.167172609661237814e+00,1.504899433618937410e+00,0.000000000000000000e+00,-4.037836486589543167e-02,5.497453519444034375e-01,0.000000000000000000e+00
9.000751124614925658e+00,1.504512696221903312e+00,0.000000000000000000e+00,-9.127166377289641641e-02,3.453242073102034682e-01,0.000000000000000000e+00
9.080764625606427387e+00,1.657421036240037893e+00,0.000000000000000000e+00,-2.391557955179843264e-01,3.710187729026340753e-01,0.000000000000000000e+00
8.909233323940956240e+00,1.656628074663291095e+00,0.000000000000000000e+00,-3.825171124990917049e-01,1.122068648359235560e-01,0.000000000000000000e+00
8.829219822949454510e+00,1.503719734645156514e+00,0.000000000000000000e+00,-1.419044194492910527e-01,5.773311196037838461e-03,0.000000000000000000e+00
8.652660561065168565e+00,1.500338288235620876e+00,0.000000000000000000e+00,-7.237520107571006334e-02,-4.080939369704059128e-01,0.000000000000000000e+00
8.737702022275485092e+00,1.655835113086544075e+00,0.000000000000000000e+00,-4.308244648480943906e-01,-1.467073050870338902e-01,0.000000000000000000e+00
7.937499999988873789e+00,0.000000000000000000e+00,0.000000000000000000e+00,0.000000000000000000e+00,0.000000000000000000e+00,0.000000000000000000e+00
7.844287950506395823e+00,1.734309183950516198e-01,0.000000000000000000e+00,2.170485338782139617e-01,-3.417980208167965828e-02,0.000000000000000000e+00
7.749999999992624566e+00,5.152466039552466360e-18,0.000000000000000000e+00,0.000000000000000000e+00,0.000000000000000000e+00,0.000000000000000000e+00
9.349817051554815350e+00,1.777862945531365035e+00,0.000000000000000000e+00,-1.650367342710864355e-02,5.558983705326865365e-01,0.000000000000000000e+00
9.489336134759263075e+00,1.835294992417981330e+00,0.000000000000000000e+00,8.553470283124933737e-02,7.103950245887595827e-01,0.000000000000000000e+00
9.312033123900350873e+00,1.943655251855342936e+00,0.000000000000000000e+00,-1.991047413621368709e-02,3.637833911102586470e-01,0.000000000000000000e+00
9.196398874753388242e+00,1.800538144047690414e+00,0.000000000000000000e+00,-1.581403754592250466e-01,3.863202541243724863e-01,0.000000000000000000e+00
9.668687625437662803e+00,1.906472510961889189e+00,0.000000000000000000e+00,2.207962555408894689e-02,9.781337690261736606e-01,0.000000000000000000e+00
9.835368052628574276e+00,1.980505144472819001e+00,0.000000000000000000e+00,-3.652327301203946858e-02,6.945032904485974878e-01,0.000000000000000000e+00
9.491384614578750600e+00,2.014832770399251238e+00,0.000000000000000000e+00,-1.099417288819069943e-01,7.409751646125994906e-01,0.000000000000000000e+00
9.670736105257150328e+00,2.086010288943159541e+00,0.000000000000000000e+00,-1.886477939353129185e-01,9.979821722495249015e-01,0.000000000000000000e+00
1.000000000000000000e+01,2.062500000002528644e+00,0.000000000000000000e+00,0.000000000000000000e+00,0.000000000000000000e+00,0.000000000000000000e+00
9.835368052628574276e+00,2.168005144472868295e+00,0.000000000000000000e+00,-1.242196830822241554e-01,6.584384748111415941e-01,0.000000000000000000e+00
1.000000000000000178e+01,2.250000000002578382e+00,0.000000000000000000e+00,0.000000000000000000e+00,0.000000000000000000e+00,0.000000000000000000e+00
8.144289007302015548e+00,8.412305772149888394e-01,0.000000000000000000e+00,8.654898677638821203e-02,-9.079437332280799744e-01,0.000000000000000000e+00
8.227558020856534426e+00,1.023134058929501045e+00,0.000000000000000000e+00,-2.650606848076922720e-02,-1.001453614423469363e+00,0.000000000000000000e+00
8.309346806064237256e+00,1.183203851949933716e+00,0.000000000000000000e+00,8.226313227601179945e-02,-1.098137684610146714e+00,0.000000000000000000e+00
8.394639766777981293e+00,1.344379631651962503e+00,0.000000000000000000e+00,4.169530465274943858e-04,-9.911109879188252370e-01,0.000000000000000000e+00
8.139871648493407719e+00,1.183848006898794658e+00,0.000000000000000000e+00,-6.986342067006671985e-02,-1.251488344413464793e+00,0.000000000000000000e+00
8.058082863285706665e+00,1.023778213878361765e+00,0.000000000000000000e+00,-2.064067158865208473e-01,-1.145595012217136999e+00,0.000000000000000000e+00
8.221660433701110549e+00,1.343917799919227329e+00,0.000000000000000000e+00,-5.268836346244720747e-02,-1.323640201261581550e+00,0.000000000000000000e+00
7.914007095791359525e+00,5.353661576332330307e-01,0.000000000000000000e+00,-6.248496362999577530e-02,-5.413220533587478345e-01,0.000000000000000000e+00
8.059966720940439089e+00,6.912767095139891182e-01,0.000000000000000000e+00,1.294622126388908501e-02,-7.023559930659714068e-01,0.000000000000000000e+00
7.973760576924130206e+00,8.738243461773623766e-01,0.000000000000000000e+00,-1.522422191302447159e-01,-9.736020764135693284e-01,0.000000000000000000e+00
7.889438290562552858e+00,7.238704784763627664e-01,0.000000000000000000e+00,-1.917075740786223503e-01,-7.624744408329348078e-01,0.000000000000000000e+00
8.563353247224810616e+00,1.650608113607066274e+00,0.000000000000000000e+00,-3.641300914363155283e-01,-6.289664134760750702e-01,0.000000000000000000e+00
8.478311786014492313e+00,1.495111288756143075e+00,0.000000000000000000e+00,-1.286102600976392896e-01,-7.407401014640324632e-01,0.000000000000000000e+00
8.305332452937619792e+00,1.494649457023407457e+00,0.000000000000000000e+00,-3.656293272626032903e-02,-1.162791412911250655e+00,0.000000000000000000e+00
8.389004472174130811e+00,1.645381114127587807e+00,0.000000000000000000e+00,-3.236535707772557613e-01,-8.749225798303913448e-01,0.000000000000000000e+00
7.654349168037231088e+00,1.195896132711424947e-01,0.000000000000000000e+00,1.364123978841216278e-01,-2.378150164893885407e-02,0.000000000000000000e+00
7.748637118551001457e+00,2.930205316661940729e-01,0.000000000000000000e+00,9.157102433375184647e-02,-1.529114826725050114e-01,0.000000000000000000e+00
7.623910802373041307e+00,3.671297420347661711e-01,0.000000000000000000e+00,-3.043972693930304674e-01,-2.496056215115216859e-01,0.000000000000000000e+00
7.813849584842206042e+00,4.209710471586752267e-01,0.000000000000000000e+00,-9.259423834728912339e-02,-3.766358462121350836e-01,0.000000000000000000e+00
7.789280779613399375e+00,6.094753680018051289e-01,0.000000000000000000e+00,-2.748218010876532502e-01,-6.264986179206751826e-01,0.000000000000000000e+00
7.689123268664246780e+00,4.950802575272474360e-01,0.000000000000000000e+00,-3.226089914600742681e-01,-4.897857697188773840e-01,0.000000000000000000e+00
7.558698336081836722e+00,2.391792265422849340e-01,0.000000000000000000e+00,4.474588935364155751e-02,-5.130431746249291408e-02,0.000000000000000000e+00
9.108105597820637556e+00,1.955426612533905040e+00,0.000000000000000000e+00,-2.272791903533191160e-01,1.627739499169640613e-01,0.000000000000000000e+00
8.992471348673674925e+00,1.812309504726252296e+00,0.000000000000000000e+00,-3.373524345747840880e-01,1.333560514079338288e-01,0.000000000000000000e+00
8.820940047008203777e+00,1.811516543149505720e+00,0.000000000000000000e+00,-4.026797023996823155e-01,-5.343713051161003147e-02,0.000000000000000000e+00
8.904178071740924238e+00,1.967197973212467366e+00,0.000000000000000000e+00,-2.941934040079984269e-01,5.121442833928556773e-03,0.000000000000000000e+00
8.651694876900306141e+00,1.799127179169146107e+00,0.000000000000000000e+00,-4.708937582397683674e-01,-3.136819506098200705e-01,0.000000000000000000e+00
8.734932901633024827e+00,1.954808609232107530e+00,0.000000000000000000e+00,-3.644403460930509264e-01,-2.241447516515810423e-01,0.000000000000000000e+00
8.477346101849629889e+00,1.793900179689667862e+00,0.000000000000000000e+00,-3.030586439974842783e-01,-7.099695106504095854e-01,0.000000000000000000e+00
8.565687731525127191e+00,1.942419245251747917e+00,0.000000000000000000e+00,-3.753744292501253188e-01,-3.802165204663743303e-01,0.000000000000000000e+00
7.562499999994469313e+00,0.000000000000000000e+00,0.000000000000000000e+00,0.000000000000000000e+00,0.000000000000000000e+00,0.000000000000000000e+00
7.466849168039074947e+00,1.195896132711424809e-01,0.000000000000000000e+00,1.357703009430708263e-01,-3.322873230945450063e-02,0.000000000000000000e+00
7.374999999996312283e+00,5.567846405960037255e-18,0.000000000000000000e+00,0.000000000000000000e+00,0.000000000000000000e+00,0.000000000000000000e+00
9.355322001381193076e+00,2.094979741835147458e+00,0.000000000000000000e+00,-3.908373180504770561e-01,4.107519661649872145e-01,0.000000000000000000e+00
9.534673492059591027e+00,2.166157260379055316e+00,0.000000000000000000e+00,-4.739269372433222438e-01,7.559213638853677919e-01,0.000000000000000000e+00
9.239565736126227335e+00,2.248604595661763739e+00,0.000000000000000000e+00,-6.038695663681912240e-01,2.547232701060498372e-01,0.000000000000000000e+00
9.196276858645386909e+00,2.097280105681958773e+00,0.000000000000000000e+00,-3.940705290387526705e-01,1.718999257529955083e-01,0.000000000000000000e+00
8.992349332565673592e+00,2.109051466360521321e+00,0.000000000000000000e+00,-3.698559214856166344e-01,1.012789555258318125e-01,0.000000000000000000e+00
9.398610878862033502e+00,2.246304231814951979e+00,0.000000000000000000e+00,-6.229006284745798316e-01,4.654669123153216126e-01,0.000000000000000000e+00
9.080520593390421169e+00,2.250904959508575054e+00,0.000000000000000000e+00,-5.099511101707973060e-01,2.031820780473685695e-01,0.000000000000000000e+00
9.659588272965297762e+00,2.267341425307440872e+00,0.000000000000000000e+00,-4.405209698080175262e-01,8.178940808898682580e-01,0.000000000000000000e+00
9.824220220336723486e+00,2.349336280837150071e+00,0.000000000000000000e+00,-1.476910522214140153e-01,4.646348056056684439e-01,0.000000000000000000e+00
9.523525659767740237e+00,2.347488396743337091e+00,0.000000000000000000e+00,-5.065128733449090204e-01,5.731115089244283034e-01,0.000000000000000000e+00
9.648440440673446972e+00,2.448672561671722647e+00,0.000000000000000000e+00,-2.991348868885306822e-01,6.220553214926453078e-01,0.000000000000000000e+00
1.000000000000000000e+01,2.437500000002194245e+00,0.000000000000000000e+00,0.000000000000000000e+00,0.000000000000000000e+00,0.000000000000000000e+00
9.824220220336723486e+00,2.536836280836766377e+00,0.000000000000000000e+00,-8.682582271600103319e-02,3.442147971522904748e-01,0.000000000000000000e+00
1.000000000000000178e+01,2.625000000001810552e+00,0.000000000000000000e+00,0.000000000000000000e+00,0.000000000000000000e+00,0.000000000000000000e+00
7.972136058135616210e+00,1.183416675175681831e+00,0.000000000000000000e+00,-3.056494326475734935e-01,-1.566912917732612653e+00,0.000000000000000000e+00
8.053924843343317264e+00,1.343486468196114503e+00,0.000000000000000000e+00,-2.270893045604681915e-01,-1.637597746386754816e+00,0.000000000000000000e+00
7.886189252985524867e+00,1.343055136473001676e+00,0.000000000000000000e+00,-3.758121000524080602e-01,-1.887994720605411292e+00,0.000000000000000000e+00
7.890881868002534105e+00,1.037215618873841505e+00,0.000000000000000000e+00,-5.310005290835301262e-01,-1.500919643716285723e+00,0.000000000000000000e+00
7.806559581640957646e+00,8.872617511728420059e-01,0.000000000000000000e+00,-5.469747482340825417e-01,-1.363133809752608006e+00,0.000000000000000000e+00
7.804935062852443650e+00,1.196854080171161350e+00,0.000000000000000000e+00,-4.943074816889112544e-01,-1.868524644174323290e+00,0.000000000000000000e+00
7.723680872719359769e+00,1.050653023869320801e+00,0.000000000000000000e+00,-7.987187960876962478e-01,-1.757783202890539798e+00,0.000000000000000000e+00
8.134100357805440495e+00,1.491332254971426297e+00,0.000000000000000000e+00,-6.594485111116442366e-02,-1.591562951629663214e+00,0.000000000000000000e+00
8.217772377041953291e+00,1.642063912075606424e+00,0.000000000000000000e+00,-1.659105927989944496e-01,-1.413068116254161843e+00,0.000000000000000000e+00
7.966364767447648987e+00,1.490900923248313470e+00,0.000000000000000000e+00,-1.402604423241684828e-01,-1.863974739348735810e+00,0.000000000000000000e+00
8.046540281909772219e+00,1.638746710023624820e+00,0.000000000000000000e+00,-3.882116489148625116e-02,-1.795431203083334148e+00,0.000000000000000000e+00
7.627311600038090056e+00,6.264566760210344976e-01,0.000000000000000000e+00,-7.775877462997805578e-01,-9.827868837293427529e-01,0.000000000000000000e+00
7.727469110987243539e+00,7.408517864955921350e-01,0.000000000000000000e+00,-6.849165781331271186e-01,-1.120387020956191693e+00,0.000000000000000000e+00
7.644590402065646551e+00,9.042430591920712635e-01,0.000000000000000000e+00,-8.746488723678252919e-01,-1.592623296430238478e+00,0.000000000000000000e+00
7.565499931411933332e+00,7.578330945148217257e-01,0.000000000000000000e+00,-1.100938715246286614e+00,-1.294377699681115379e+00,0.000000000000000000e+00
8.387664524811635047e+00,1.935130353952873250e+00,0.000000000000000000e+00,-1.397019701803705882e-01,-7.374312119873941418e-01,0.000000000000000000e+00
8.299322895136135969e+00,1.786611288390792973e+00,0.000000000000000000e+00,-1.952439179818361570e-01,-9.433403151622918870e-01,0.000000000000000000e+00
8.128090800003956673e+00,1.783294086338811368e+00,0.000000000000000000e+00,9.887056250392130263e-02,-1.440318555844679604e+00,0.000000000000000000e+00
8.209641318098141127e+00,1.927841462653997917e+00,0.000000000000000000e+00,5.442032266425946702e-02,-9.470240303011441263e-01,0.000000000000000000e+00
7.471372336628460786e+00,3.733824479529120888e-01,0.000000000000000000e+00,-7.376529442825101590e-01,-5.746038757059376278e-01,0.000000000000000000e+00
7.536584802919664483e+00,5.013329634453933537e-01,0.000000000000000000e+00,-7.657795260377761037e-01,-7.961954014733448881e-01,0.000000000000000000e+00
7.384046337175083963e+00,5.075856693635393269e-01,0.000000000000000000e+00,-1.168490274142670149e+00,-8.717246782616614453e-01,0.000000000000000000e+00
7.474773134293507759e+00,6.327093819391803597e-01,0.000000000000000000e+00,-1.074027780451046521e+00,-1.149722613957157691e+00,0.000000000000000000e+00
7.384608614579761365e+00,2.488202755075337724e-01,0.000000000000000000e+00,-4.093463339017483493e-01,-5.054549799509386876e-01,0.000000000000000000e+00
7.292759446536997814e+00,1.292306622363912916e-01,0.000000000000000000e+00,-1.593496653376595407e-01,-3.108541243275285693e-01,0.000000000000000000e+00
7.297282615126384542e+00,3.830234969181609550e-01,0.000000000000000000e+00,-9.141563904910414706e-01,-9.349096109680179456e-01,0.000000000000000000e+00
7.210518893077684233e+00,2.584613244727825832e-01,0.000000000000000000e+00,-8.906276125802335963e-01,-8.121192851962092396e-01,0.000000000000000000e+00
8.819504673927523797e+00,2.098081035034162767e+00,0.000000000000000000e+00,-3.340116840174182089e-01,-1.095403925184954275e-01,0.000000000000000000e+00
8.907675934752273150e+00,2.239934528182216944e+00,0.000000000000000000e+00,-4.474236883823672351e-01,5.184370208743890179e-02,0.000000000000000000e+00
8.650259503819626161e+00,2.085691671053803375e+00,0.000000000000000000e+00,-2.881199411751055872e-01,-2.819841365639664255e-01,0.000000000000000000e+00
8.734831276114123355e+00,2.228964096855857946e+00,0.000000000000000000e+00,-3.189485853208138821e-01,-1.109539168578917989e-01,0.000000000000000000e+00
8.470849350580680337e+00,2.074537983604835212e+00,0.000000000000000000e+00,-1.520382923611126036e-01,-3.535903308506286868e-01,0.000000000000000000e+00
8.555421122875179307e+00,2.217810409406890226e+00,0.000000000000000000e+00,-8.092128328774450541e-02,-1.561269909122959543e-01,0.000000000000000000e+00
8.292826143867188193e+00,2.067249092305960101e+00,0.000000000000000000e+00,1.929794367770043539e-01,-6.589001686404681868e-01,0.000000000000000000e+00
8.376010969636235259e+00,2.206656721957922507e+00,0.000000000000000000e+00,2.120639807353958406e-01,-1.922639975288197300e-01,0.000000000000000000e+00
7.187499999998157030e+00,0.000000000000000000e+00,0.000000000000000000e+00,0.000000000000000000e+00,0.000000000000000000e+00,0.000000000000000000e+00
7.105259446538843449e+00,1.292306622363913193e-01,0.000000000000000000e+00,-8.525405927882645507e-01,-2.161405453709537017e-01,0.000000000000000000e+00
7.000000000000000000e+00,5.665253239786528793e-18,0.000000000000000000e+00,0.000000000000000000e+00,0.000000000000000000e+00,0.000000000000000000e+00
9.339967504975417611e+00,2.374291164455456737e+00,0.000000000000000000e+00,-6.182700107134773138e-01,3.769570212921870000e-01,0.000000000000000000e+00
9.180922362239611445e+00,2.376591528302268053e+00,0.000000000000000000e+00,-5.840498333214579896e-01,2.607562684951550969e-01,0.000000000000000000e+00
9.281324131088799945e+00,2.502278097095960607e+00,0.000000000000000000e+00,-6.301113918670642189e-01,3.202246774155568798e-01,0.000000000000000000e+00
9.464882285881124346e+00,2.475475329383841405e+00,0.000000000000000000e+00,-5.364352073831180068e-01,4.060773707563670731e-01,0.000000000000000000e+00
9.097606840219800262e+00,2.493896271362111783e+00,0.000000000000000000e+00,-6.805607803988887872e-01,1.755017148492601653e-01,0.000000000000000000e+00
8.997205071370608209e+00,2.368209702568418784e+00,0.000000000000000000e+00,-6.170755055939578515e-01,1.666681249096277628e-01,0.000000000000000000e+00
8.824360412732460190e+00,2.357239271242060674e+00,0.000000000000000000e+00,-5.363631468222119780e-01,6.097217987489007840e-02,0.000000000000000000e+00
8.913889549350795249e+00,2.485514445628262514e+00,0.000000000000000000e+00,-6.732260134153250641e-01,1.989850716693225274e-01,0.000000000000000000e+00
9.692989969413737583e+00,2.593162369076275731e+00,0.000000000000000000e+00,-2.455884186490733534e-01,3.869979980876716019e-01,0.000000000000000000e+00
9.868769749077015874e+00,2.681326088241319461e+00,0.000000000000000000e+00,-3.787197876334592178e-02,1.642832181417392956e-01,0.000000000000000000e+00
9.592713923852512536e+00,2.736489117658932990e+00,0.000000000000000000e+00,-3.246939699969166870e-01,1.770673954942917350e-01,0.000000000000000000e+00
9.548164395112220149e+00,2.591999310254379907e+00,0.000000000000000000e+00,-4.542533987022727704e-01,3.504473484386657067e-01,0.000000000000000000e+00
9.364606240319897523e+00,2.618802077966499109e+00,0.000000000000000000e+00,-5.632854637139494969e-01,2.713914701126485252e-01,0.000000000000000000e+00
9.737539498154029971e+00,2.737652176480828370e+00,0.000000000000000000e+00,-1.485727961820123844e-01,1.803602642706444159e-01,0.000000000000000000e+00
9.447888349550991549e+00,2.735326058837036722e+00,0.000000000000000000e+00,-4.708216702012305022e-01,1.981165026029555742e-01,0.000000000000000000e+00
1.000000000000000000e+01,2.812500000000905498e+00,0.000000000000000000e+00,0.000000000000000000e+00,0.000000000000000000e+00,0.000000000000000000e+00
1.000000000000000178e+01,3.000000000000000444e+00,0.000000000000000000e+00,0.000000000000000000e+00,0.000000000000000000e+00,0.000000000000000000e+00
9.868769749077015874e+00,2.868826088240414407e+00,0.000000000000000000e+00,-3.975780773817370883e-02,5.139566124391866525e-02,0.000000000000000000e+00
7.719453154956563701e+00,1.342303397366261919e+00,0.000000000000000000e+00,-5.835457363493776750e-01,-2.382379960805098396e+00,0.000000000000000000e+00
7.638198964823480708e+00,1.196102341064421370e+00,0.000000000000000000e+00,-8.368147329960797798e-01,-2.310433457223139531e+00,0.000000000000000000e+00
7.800484504897230664e+00,1.487256925148329856e+00,0.000000000000000000e+00,-3.476725659158171888e-01,-2.308198941348520439e+00,0.000000000000000000e+00
7.880660019359353896e+00,1.635102711923641650e+00,0.000000000000000000e+00,-1.509868014519673285e-01,-2.274868122290019112e+00,0.000000000000000000e+00
7.633748406868267722e+00,1.486505186041589877e+00,0.000000000000000000e+00,-5.084391023278577171e-01,-2.737279647878520628e+00,0.000000000000000000e+00
7.552717056927602535e+00,1.341551658259522162e+00,0.000000000000000000e+00,-7.704575910884112755e-01,-2.781284296974516401e+00,0.000000000000000000e+00
7.714779756808935574e+00,1.631458713823658258e+00,0.000000000000000000e+00,-2.495180433612091964e-01,-2.665264468492402283e+00,0.000000000000000000e+00
7.476215095392355181e+00,9.029881115926838842e-01,0.000000000000000000e+00,-1.363497436803051688e+00,-1.988362481667591553e+00,0.000000000000000000e+00
7.555305566046068400e+00,1.049398076269933533e+00,0.000000000000000000e+00,-1.172221850896733475e+00,-2.204620082991478824e+00,0.000000000000000000e+00
7.469823658150188450e+00,1.194847393465034102e+00,0.000000000000000000e+00,-1.181018620022887156e+00,-2.672362926767783087e+00,0.000000000000000000e+00
7.386930259372777030e+00,1.048143128670546265e+00,0.000000000000000000e+00,-1.507684069942473393e+00,-2.540509130403450389e+00,0.000000000000000000e+00
8.038145038076608628e+00,1.921304159404233713e+00,0.000000000000000000e+00,2.383642355565062099e-01,-1.823816277832854382e+00,0.000000000000000000e+00
7.956594519982424174e+00,1.776756783089047165e+00,0.000000000000000000e+00,1.110218321671305186e-01,-2.144644015160400041e+00,0.000000000000000000e+00
7.790714257432004963e+00,1.773112784989063551e+00,0.000000000000000000e+00,5.921518288581967965e-02,-2.558759991241919440e+00,0.000000000000000000e+00
7.866648758055074353e+00,1.914766856154468844e+00,0.000000000000000000e+00,3.790468906780799507e-01,-2.409451676159362510e+00,0.000000000000000000e+00
7.306018734192988973e+00,6.392411460999040118e-01,0.000000000000000000e+00,-1.730176542895339731e+00,-1.691150603291414534e+00,0.000000000000000000e+00
7.396745531311413657e+00,7.643648586755451557e-01,0.000000000000000000e+00,-1.652908843031015040e+00,-1.874023091506429761e+00,0.000000000000000000e+00
7.307460695291835506e+00,9.095198757534074252e-01,0.000000000000000000e+00,-1.767991445039157172e+00,-2.464299877641465297e+00,0.000000000000000000e+00
7.227991131210894871e+00,7.708966228362688078e-01,0.000000000000000000e+00,-2.090484543820399832e+00,-2.298577762434703242e+00,0.000000000000000000e+00
8.120269754838151499e+00,2.061373463861668309e+00,0.000000000000000000e+00,2.169028594841362623e-01,-1.201925308931712566e+00,0.000000000000000000e+00
8.203454580607198565e+00,2.200781093513630715e+00,0.000000000000000000e+00,4.104843739106207035e-01,-9.184032044467956846e-01,0.000000000000000000e+00
7.948773474816619000e+00,2.054836160611904106e+00,0.000000000000000000e+00,5.441197522140278631e-01,-1.930667603037226732e+00,0.000000000000000000e+00
8.030898191578163647e+00,2.194905465069338479e+00,0.000000000000000000e+00,5.344939362281577733e-01,-1.323195384005637187e+00,0.000000000000000000e+00
7.122353954889120153e+00,3.858814214594414316e-01,0.000000000000000000e+00,-1.575388919561520717e+00,-1.929261914862812732e+00,0.000000000000000000e+00
7.209117676937819574e+00,5.104435939048197479e-01,0.000000000000000000e+00,-1.706646900261001631e+00,-1.895500419338127296e+00,0.000000000000000000e+00
7.131090073955725472e+00,6.420990706411844329e-01,0.000000000000000000e+00,-2.083646554917732097e+00,-2.449882211523904285e+00,0.000000000000000000e+00
7.034189016700556962e+00,5.133015184461003910e-01,0.000000000000000000e+00,-1.914758198429454605e+00,-2.710783956454885235e+00,0.000000000000000000e+00
6.924186324794371572e+00,1.314914914195154938e-01,0.000000000000000000e+00,-2.235650119226578525e+00,-1.341388819739702365e+00,0.000000000000000000e+00
7.029445771333215021e+00,2.607221536559067854e-01,0.000000000000000000e+00,-2.259280575431295457e+00,-1.534017725864859738e+00,0.000000000000000000e+00
6.941280833144650941e+00,3.881422506425656893e-01,0.000000000000000000e+00,-2.597711041766038065e+00,-2.369115371241424572e+00,0.000000000000000000e+00
6.848372649588744032e+00,2.629829828390309876e-01,0.000000000000000000e+00,-3.196232038060458969e+00,-1.811144592474389192e+00,0.000000000000000000e+00
8.734478146281750455e+00,2.481002954087127677e+00,0.000000000000000000e+00,-5.640114919521447279e-01,1.299965195484950597e-01,0.000000000000000000e+00
8.644949009663413619e+00,2.352727779700924948e+00,0.000000000000000000e+00,-3.774731836176266064e-01,2.688053107279695861e-02,0.000000000000000000e+00
8.465538856424469571e+00,2.341574092251956785e+00,0.000000000000000000e+00,-1.351196672194823756e-01,1.373384970554304349e-02,0.000000000000000000e+00
8.555066743212702107e+00,2.476491462545991507e+00,0.000000000000000000e+00,-3.866894289632424320e-01,2.194087971673468473e-01,0.000000000000000000e+00
8.377506355959390305e+00,2.471391380235844260e+00,0.000000000000000000e+00,-4.519858924832224067e-01,-2.494542971989112956e-01,0.000000000000000000e+00
8.287978469171155993e+00,2.336474009941809982e+00,0.000000000000000000e+00,-1.602381892589562207e-01,-4.117754089111339000e-01,0.000000000000000000e+00
8.115422080142121075e+00,2.330598381497518190e+00,0.000000000000000000e+00,1.231958907292940580e-01,-1.077402896090267514e+00,0.000000000000000000e+00
8.199945968706078503e+00,2.466291297925697457e+00,0.000000000000000000e+00,-4.334752520488385774e-01,-5.068775022617257875e-01,0.000000000000000000e+00
6.833333333333333925e+00,0.000000000000000000e+00,0.000000000000000000e+00,-3.794640993641262283e-01,-1.152095583139011392e+00,0.000000000000000000e+00
6.757519658127705497e+00,1.314914914195154938e-01,0.000000000000000000e+00,-2.337242220749577992e+00,-1.663525694500695096e+00,0.000000000000000000e+00
6.666666666666666963e+00,5.956508508056608246e-18,0.000000000000000000e+00,-7.927072252594683510e-01,-1.261504301367631919e+00,0.000000000000000000e+00
9.188201317452342920e+00,2.617064742475180950e+00,0.000000000000000000e+00,-7.091089770029170847e-01,1.915867975587791927e-01,0.000000000000000000e+00
9.271483426683438722e+00,2.733588723345719007e+00,0.000000000000000000e+00,-6.469990454526942658e-01,1.329357294092774477e-01,0.000000000000000000e+00
9.004484026583339684e+00,2.608682916741331681e+00,0.000000000000000000e+00,-7.442895371408726479e-01,1.560935268747973004e-01,0.000000000000000000e+00
9.095078503815880566e+00,2.731851387854400404e+00,0.000000000000000000e+00,-7.794324364001752325e-01,1.007668239374201885e-01,0.000000000000000000e+00
8.825202798916823355e+00,2.604055557768529816e+00,0.000000000000000000e+00,-8.563830811373063234e-01,1.846211806948153678e-01,0.000000000000000000e+00
8.915797276149366013e+00,2.727224028881598983e+00,0.000000000000000000e+00,-9.154868243485244639e-01,9.574525370677770819e-02,0.000000000000000000e+00
8.645791395847776784e+00,2.599544066227394534e+00,0.000000000000000000e+00,-7.866015937174761774e-01,2.483527675873843377e-01,0.000000000000000000e+00
8.736516048482851460e+00,2.722596669908797562e+00,0.000000000000000000e+00,-1.042281701356444490e+00,1.604166725390726023e-01,0.000000000000000000e+00
9.690198320506851815e+00,2.868826088240414407e+00,0.000000000000000000e+00,-1.632725671883293317e-01,4.648687436275176360e-02,0.000000000000000000e+00
9.545372746205330827e+00,2.867663029418518583e+00,0.000000000000000000e+00,-2.651924788801399147e-01,6.464819443105666863e-02,0.000000000000000000e+00
9.642857142859671882e+00,3.000000000000000444e+00,0.000000000000000000e+00,0.000000000000000000e+00,0.000000000000000000e+00,0.000000000000000000e+00
9.821428571429835941e+00,3.000000000000000444e+00,0.000000000000000000e+00,0.000000000000000000e+00,0.000000000000000000e+00,0.000000000000000000e+00
9.464285714289506046e+00,3.000000000000000444e+00,0.000000000000000000e+00,0.000000000000000000e+00,0.000000000000000000e+00,0.000000000000000000e+00
9.366801317635166768e+00,2.867663029418518583e+00,0.000000000000000000e+00,-3.806848952805614861e-01,4.898516870396798367e-02,0.000000000000000000e+00
9.190396394767610388e+00,2.865925693927200424e+00,0.000000000000000000e+00,-4.979866293355195150e-01,3.460140526900327973e-02,0.000000000000000000e+00
9.285714285719341987e+00,3.000000000000000444e+00,0.000000000000000000e+00,0.000000000000000000e+00,0.000000000000000000e+00,0.000000000000000000e+00
7.469137771298809625e+00,1.485059885352276732e+00,0.000000000000000000e+00,-5.631950850356624017e-01,-2.914433848936181182e+00,0.000000000000000000e+00
7.550169121239474812e+00,1.630013413134344447e+00,0.000000000000000000e+00,-2.655135477602502680e-01,-2.859716244655263750e+00,0.000000000000000000e+00
7.385558485670014939e+00,1.628568112445031080e+00,0.000000000000000000e+00,-2.913519741173320465e-01,-3.040800514149321288e+00,0.000000000000000000e+00
7.302437950007695022e+00,1.193887516119425118e+00,0.000000000000000000e+00,-1.274667117579577402e+00,-2.539772248029058765e+00,0.000000000000000000e+00
7.385331348785107330e+00,1.340591780913912956e+00,0.000000000000000000e+00,-8.639641955719831179e-01,-2.673020805131898214e+00,0.000000000000000000e+00
7.301752063156314421e+00,1.484100008006667748e+00,0.000000000000000000e+00,-7.742366431273490779e-01,-2.787034783929006831e+00,0.000000000000000000e+00
7.217945640642613903e+00,1.339631903568304194e+00,0.000000000000000000e+00,-9.841533668703061899e-01,-2.541511487193009344e+00,0.000000000000000000e+00
7.631692472519311821e+00,1.772759427908113139e+00,0.000000000000000000e+00,5.477042225450325791e-02,-2.826196028263419091e+00,0.000000000000000000e+00
7.707626973142382099e+00,1.914413499073518432e+00,0.000000000000000000e+00,3.461521996951996694e-01,-2.699340767195591795e+00,0.000000000000000000e+00
7.467081836949851947e+00,1.771314127218799772e+00,0.000000000000000000e+00,7.369173156746042057e-03,-3.011643161688139614e+00,0.000000000000000000e+00
7.548605188229688956e+00,1.914060141992568465e+00,0.000000000000000000e+00,3.283048058664750912e-01,-2.957498382557412597e+00,0.000000000000000000e+00
7.139675838346640546e+00,9.096419157776274300e-01,0.000000000000000000e+00,-1.836326904947174654e+00,-2.257337169878735672e+00,0.000000000000000000e+00
7.219145402427581182e+00,1.048265168694765936e+00,0.000000000000000000e+00,-1.516424225587651220e+00,-2.389051688194560263e+00,0.000000000000000000e+00
7.134653093062500062e+00,1.194009556143645012e+00,0.000000000000000000e+00,-1.356723430373440786e+00,-2.347744461503090019e+00,0.000000000000000000e+00
7.051360545482385334e+00,1.048387208718985830e+00,0.000000000000000000e+00,-1.548914767971488304e+00,-2.207581580162597756e+00,0.000000000000000000e+00
7.864062717808841363e+00,2.192928176627089165e+00,0.000000000000000000e+00,8.745082578668432749e-01,-2.161098437895597524e+00,0.000000000000000000e+00
7.781938001047297604e+00,2.052858872169653903e+00,0.000000000000000000e+00,7.385528835988137697e-01,-2.620435625539931923e+00,0.000000000000000000e+00
7.622916216134603573e+00,2.052505515088703270e+00,0.000000000000000000e+00,7.572826801512531070e-01,-2.871955362484477359e+00,0.000000000000000000e+00
7.697227244039518190e+00,2.190950888184838519e+00,0.000000000000000000e+00,1.111701773766460732e+00,-2.760517258075420255e+00,0.000000000000000000e+00
6.952929903379287069e+00,6.454193644383671158e-01,0.000000000000000000e+00,-1.842851059302508254e+00,-2.542937453201304265e+00,0.000000000000000000e+00
7.049830960634455579e+00,7.742169166334511576e-01,0.000000000000000000e+00,-1.955446897455713762e+00,-2.317377242386147174e+00,0.000000000000000000e+00
6.961515667770202143e+00,9.129622095748098909e-01,0.000000000000000000e+00,-1.758957827105230409e+00,-2.214990404060962259e+00,0.000000000000000000e+00
6.871670790058016287e+00,7.775372104306336185e-01,0.000000000000000000e+00,-1.789325704843723219e+00,-2.342409935933463583e+00,0.000000000000000000e+00
7.933406541256053934e+00,2.328915514304226164e+00,0.000000000000000000e+00,3.027076492212326664e-01,-1.431620882440613807e+00,0.000000000000000000e+00
8.017930429820010474e+00,2.464608430732404987e+00,0.000000000000000000e+00,7.243694184581526974e-02,-1.101160060028389953e+00,0.000000000000000000e+00
7.766571067486731650e+00,2.326938225861975962e+00,0.000000000000000000e+00,8.415472390277869419e-01,-2.200504846186745134e+00,0.000000000000000000e+00
7.835914890933943333e+00,2.462925563539112517e+00,0.000000000000000000e+00,4.085753289918645503e-01,-1.427881584004125903e+00,0.000000000000000000e+00
6.760942401765499099e+00,3.857697652760996854e-01,0.000000000000000000e+00,-2.753271982529582385e+00,-1.486352184998469994e+00,0.000000000000000000e+00
6.853850585321405120e+00,5.109290330796343316e-01,0.000000000000000000e+00,-2.021950104108101609e+00,-2.080739854568020686e+00,0.000000000000000000e+00
6.772591472000135226e+00,6.430468790719010563e-01,0.000000000000000000e+00,-1.922100069098023001e+00,-1.878814281719420887e+00,0.000000000000000000e+00
6.673512153942252390e+00,5.085565477131682721e-01,0.000000000000000000e+00,-2.167419773221048729e+00,-1.102522539744600572e+00,0.000000000000000000e+00
6.673456472958759989e+00,2.697430671614163833e-01,0.000000000000000000e+00,-2.969313154975373070e+00,-1.192018268605475662e+00,0.000000000000000000e+00
6.582603481497720566e+00,1.382515757419008617e-01,0.000000000000000000e+00,-1.785366754425506075e+00,-9.897234738463077663e-01,0.000000000000000000e+00
6.586026225135513279e+00,3.925298495984850256e-01,0.000000000000000000e+00,-2.384379195254455297e+00,-6.984260851357718680e-01,0.000000000000000000e+00
6.498540296328773280e+00,2.765031514838017235e-01,0.000000000000000000e+00,-2.442107861338357111e+00,-6.405635824066836514e-01,0.000000000000000000e+00
8.466827358603264742e+00,2.598359689380896675e+00,0.000000000000000000e+00,-9.535534328971042584e-01,-1.021161613945742036e-01,0.000000000000000000e+00
8.557552011238339418e+00,2.721412293062299703e+00,0.000000000000000000e+00,-1.218840698208022433e+00,6.527385464507626245e-02,0.000000000000000000e+00
8.289266971349952939e+00,2.593259607070749428e+00,0.000000000000000000e+00,-9.878393698586498406e-01,-4.170675867491425715e-01,0.000000000000000000e+00
8.378587973993825599e+00,2.720227916215801400e+00,0.000000000000000000e+00,-1.272038223619952557e+00,-3.974853894239057661e-01,0.000000000000000000e+00
8.110195081946439899e+00,2.588582832545347934e+00,0.000000000000000000e+00,-8.069511905514932248e-01,-3.714767119196103473e-01,0.000000000000000000e+00
8.199516084590314335e+00,2.715551141690399906e+00,0.000000000000000000e+00,-1.214274037430685516e+00,-3.001879927450246677e-01,0.000000000000000000e+00
7.928179543060373646e+00,2.586899965352055464e+00,0.000000000000000000e+00,-3.019761386708681439e-01,-1.141287764934922677e+00,0.000000000000000000e+00
8.020444195186803071e+00,2.710874367164997523e+00,0.000000000000000000e+00,-1.042836108966509912e+00,-2.244343478462001440e-01,0.000000000000000000e+00
6.500000000000000888e+00,0.000000000000000000e+00,0.000000000000000000e+00,-3.255351535403493424e-01,-1.295588018745790659e+00,0.000000000000000000e+00
6.415936814831054491e+00,1.382515757419008895e-01,0.000000000000000000e+00,-1.440575859901549238e+00,-1.322055913384765580e+00,0.000000000000000000e+00
6.333333333333333037e+00,5.182267320918111547e-18,0.000000000000000000e+00,-1.720951452913450919e-01,-1.210203301632547301e+00,0.000000000000000000e+00
9.107142857149177928e+00,3.000000000000000444e+00,0.000000000000000000e+00,0.000000000000000000e+00,0.000000000000000000e+00,0.000000000000000000e+00
9.011824966197448106e+00,2.865925693927200424e+00,0.000000000000000000e+00,-5.473857239008691478e-01,1.893964595137511558e-02,0.000000000000000000e+00
8.832543738530930000e+00,2.861298334954398559e+00,0.000000000000000000e+00,-6.765885220043027504e-01,4.438332012516522235e-02,0.000000000000000000e+00
8.928571428579013869e+00,3.000000000000000444e+00,0.000000000000000000e+00,0.000000000000000000e+00,0.000000000000000000e+00,0.000000000000000000e+00
8.750000000008848033e+00,3.000000000000000444e+00,0.000000000000000000e+00,0.000000000000000000e+00,0.000000000000000000e+00,0.000000000000000000e+00
8.653972309960767717e+00,2.861298334954399003e+00,0.000000000000000000e+00,-7.517252476084600454e-01,4.134059132336912606e-02,0.000000000000000000e+00
8.475008272716255675e+00,2.860113958107900700e+00,0.000000000000000000e+00,-9.346867421171038970e-01,-1.057058657281494812e-01,0.000000000000000000e+00
8.571428571438683974e+00,3.000000000000000444e+00,0.000000000000000000e+00,0.000000000000000000e+00,0.000000000000000000e+00,0.000000000000000000e+00
7.137726755065566309e+00,1.483435529228873229e+00,0.000000000000000000e+00,-8.306145692524186108e-01,-2.359616502887334377e+00,0.000000000000000000e+00
7.221533177579267715e+00,1.627903633667236782e+00,0.000000000000000000e+00,-4.304409909842440429e-01,-2.650136013139298807e+00,0.000000000000000000e+00
7.307878236105106673e+00,1.770229236555999508e+00,0.000000000000000000e+00,3.709504846001074330e-02,-3.051882892365849198e+00,0.000000000000000000e+00
7.389401587384943682e+00,1.912975251329767978e+00,0.000000000000000000e+00,3.459819360681253286e-01,-2.996155523797781051e+00,0.000000000000000000e+00
7.143852928014359449e+00,1.769564757778205211e+00,0.000000000000000000e+00,-1.674975733255557320e-01,-2.678493057150828083e+00,0.000000000000000000e+00
7.057507869488517827e+00,1.627239154889442041e+00,0.000000000000000000e+00,-6.068615149563169053e-01,-2.173627988656683385e+00,0.000000000000000000e+00
7.230197986540199295e+00,1.911890360666968380e+00,0.000000000000000000e+00,3.572338875156949034e-01,-3.036722106564194945e+00,0.000000000000000000e+00
6.966317857805607971e+00,1.194037127529659070e+00,0.000000000000000000e+00,-1.294025661822613138e+00,-1.890927358697283012e+00,0.000000000000000000e+00
7.049610405385720924e+00,1.339659474954318030e+00,0.000000000000000000e+00,-9.818048529865267549e-01,-2.087492686994407709e+00,0.000000000000000000e+00
6.969391519808674218e+00,1.483463100614887287e+00,0.000000000000000000e+00,-8.495530778383054704e-01,-1.853387004706055885e+00,0.000000000000000000e+00
6.881275170128829721e+00,1.339687046340332310e+00,0.000000000000000000e+00,-9.578642146082977371e-01,-1.519807370292136639e+00,0.000000000000000000e+00
7.468613644581131084e+00,2.052850627087588808e+00,0.000000000000000000e+00,7.776115205348899106e-01,-3.018110939083468391e+00,0.000000000000000000e+00
7.542924672486044813e+00,2.191296000183724058e+00,0.000000000000000000e+00,9.699170264805027086e-01,-2.967928420757281582e+00,0.000000000000000000e+00
7.309410043736385809e+00,2.051765736424788766e+00,0.000000000000000000e+00,7.210245860818433883e-01,-3.073667029286689001e+00,0.000000000000000000e+00
7.388622100932572323e+00,2.191641112182609596e+00,0.000000000000000000e+00,8.538232493139645829e-01,-3.141128032282901827e+00,0.000000000000000000e+00
6.792521191302311578e+00,9.099225172422948926e-01,0.000000000000000000e+00,-1.490122705354480104e+00,-1.977199029708605504e+00,0.000000000000000000e+00
6.882366069014495658e+00,1.045347516386470943e+00,0.000000000000000000e+00,-1.344984312526818382e+00,-1.891800868245905098e+00,0.000000000000000000e+00
6.797323381337717407e+00,1.190997435197143961e+00,0.000000000000000000e+00,-1.074732685563613677e+00,-1.483448929645832415e+00,0.000000000000000000e+00
6.713371592546605982e+00,1.042307824053956278e+00,0.000000000000000000e+00,-1.051867205553354001e+00,-1.543342248528167815e+00,0.000000000000000000e+00
7.686278216915031436e+00,2.462636355918981224e+00,0.000000000000000000e+00,7.967093674737736331e-01,-2.559508207894507947e+00,0.000000000000000000e+00
7.616934393467818865e+00,2.326649018241844225e+00,0.000000000000000000e+00,1.051517132082306016e+00,-3.071738208415070392e+00,0.000000000000000000e+00
7.462631821914344599e+00,2.326994130240729319e+00,0.000000000000000000e+00,9.107454347035838227e-01,-3.245980340465254965e+00,0.000000000000000000e+00
7.536641542896119539e+00,2.462347148298850374e+00,0.000000000000000000e+00,1.029639182438850886e+00,-3.334433720316489769e+00,0.000000000000000000e+00
6.598151791795568322e+00,6.346273668050790295e-01,0.000000000000000000e+00,-2.034638406992915538e+00,-9.731914346062270349e-01,0.000000000000000000e+00
6.697231109853450270e+00,7.691176981638115917e-01,0.000000000000000000e+00,-1.868331607272353256e+00,-1.737224644284377728e+00,0.000000000000000000e+00
6.618081511097743785e+00,9.015030049754728658e-01,0.000000000000000000e+00,-1.452984351457927481e+00,-1.305295188097048253e+00,0.000000000000000000e+00
6.522791429648884254e+00,7.606981858969897869e-01,0.000000000000000000e+00,-1.905325774689803131e+00,-7.980057853281005142e-01,0.000000000000000000e+00
7.760554218115490954e+00,2.596407766018837382e+00,0.000000000000000000e+00,5.323530943035047203e-02,-1.465410715909669870e+00,0.000000000000000000e+00
7.852818870241920379e+00,2.720382167831779885e+00,0.000000000000000000e+00,-5.006803554471184192e-01,-9.651500795854035530e-01,0.000000000000000000e+00
7.610917544096578169e+00,2.596118558398705645e+00,0.000000000000000000e+00,6.782299131134121861e-01,-2.588397766489420881e+00,0.000000000000000000e+00
7.685193545297037687e+00,2.729889968498562247e+00,0.000000000000000000e+00,1.419101155327076591e-01,-1.447604701433227392e+00,0.000000000000000000e+00
6.501126669601501540e+00,5.023247837468184374e-01,0.000000000000000000e+00,-2.232499384987467472e+00,-6.140800865196157643e-01,0.000000000000000000e+00
6.413640740794761541e+00,3.862980856321351908e-01,0.000000000000000000e+00,-2.277654457998497861e+00,-5.597090599222210860e-01,0.000000000000000000e+00
6.425766307454816584e+00,6.283956028387290838e-01,0.000000000000000000e+00,-2.059209559906529652e+00,-5.183689138094162985e-01,0.000000000000000000e+00
6.328741185260750690e+00,4.960930197804687136e-01,0.000000000000000000e+00,-2.121831994074187655e+00,-4.370750246157283359e-01,0.000000000000000000e+00
6.250000000000000000e+00,1.202813060811763479e-01,0.000000000000000000e+00,-9.586809120366146519e-01,-9.677911398555483213e-01,0.000000000000000000e+00
6.332603481497720566e+00,2.585328818230772097e-01,0.000000000000000000e+00,-1.842096867763543200e+00,-9.917829814074525796e-01,0.000000000000000000e+00
6.247703925963708826e+00,3.683278159714107325e-01,0.000000000000000000e+00,-1.769607792870530272e+00,-6.759929913118456479e-01,0.000000000000000000e+00
6.166666666666666075e+00,2.405626121623526958e-01,0.000000000000000000e+00,-1.401231888661716551e+00,-6.807847404110832779e-01,0.000000000000000000e+00
8.392857142868518139e+00,3.000000000000000444e+00,0.000000000000000000e+00,0.000000000000000000e+00,0.000000000000000000e+00,0.000000000000000000e+00
8.296436844146089840e+00,2.860113958107900700e+00,0.000000000000000000e+00,-9.275460635590221381e-01,-3.961698286211495779e-01,0.000000000000000000e+00
8.117364954742576799e+00,2.855437183582498761e+00,0.000000000000000000e+00,-7.740792532684536154e-01,-4.151255827194449272e-02,0.000000000000000000e+00
8.214285714298354080e+00,3.000000000000000444e+00,0.000000000000000000e+00,0.000000000000000000e+00,0.000000000000000000e+00,0.000000000000000000e+00
8.035714285725685357e+00,3.000000000000000444e+00,0.000000000000000000e+00,0.000000000000000000e+00,0.000000000000000000e+00,0.000000000000000000e+00
7.938793526169910741e+00,2.855437183582498761e+00,0.000000000000000000e+00,-7.613158863781860353e-01,-8.132872402172341975e-02,0.000000000000000000e+00
7.771168201225027161e+00,2.864944984249280679e+00,0.000000000000000000e+00,-5.260085677574996010e-01,-6.455722087711315282e-01,0.000000000000000000e+00
7.857142857153019300e+00,3.000000000000000444e+00,0.000000000000000000e+00,0.000000000000000000e+00,0.000000000000000000e+00,0.000000000000000000e+00
6.166666666666667851e+00,0.000000000000000000e+00,0.000000000000000000e+00,2.027785140696852784e-01,-9.936857059848422935e-01,0.000000000000000000e+00
6.083333333333333037e+00,1.202813060811763479e-01,0.000000000000000000e+00,-7.405138187832525087e-01,-8.416134272054446308e-01,0.000000000000000000e+00
6.000000000000000000e+00,5.328391400176496816e-18,0.000000000000000000e+00,0.000000000000000000e+00,0.000000000000000000e+00,0.000000000000000000e+00
6.988609994209250331e+00,1.769485899399119599e+00,0.000000000000000000e+00,-2.529214235192300264e-01,-1.955438855319593827e+00,0.000000000000000000e+00
7.074955052735090177e+00,1.911811502287882547e+00,0.000000000000000000e+00,3.308459241238303483e-01,-2.429978569731127802e+00,0.000000000000000000e+00
6.919712118929983724e+00,1.911732643908797380e+00,0.000000000000000000e+00,2.864252014147863901e-01,-1.620884275319942613e+00,0.000000000000000000e+00
6.805475397362460654e+00,1.484061096832717919e+00,0.000000000000000000e+00,-8.488901490731921573e-01,-1.173242813908961679e+00,0.000000000000000000e+00
6.893591747042306039e+00,1.627837151107272895e+00,0.000000000000000000e+00,-6.565063817192804407e-01,-1.601766055939394029e+00,0.000000000000000000e+00
6.824693871763038544e+00,1.770083895616950231e+00,0.000000000000000000e+00,-2.175406040144639008e-01,-1.312248299237769977e+00,0.000000000000000000e+00
6.729675624596091588e+00,1.628435147325103083e+00,0.000000000000000000e+00,-6.814949694145286951e-01,-7.321797879363739492e-01,0.000000000000000000e+00
7.153740050658811356e+00,2.049468419086256432e+00,0.000000000000000000e+00,8.491078661185249565e-01,-2.789449685117924904e+00,0.000000000000000000e+00
7.232952107854996981e+00,2.189343794844076818e+00,0.000000000000000000e+00,9.401745981580682532e-01,-2.867207894510617638e+00,0.000000000000000000e+00
6.998497116853703126e+00,2.049389560707170599e+00,0.000000000000000000e+00,8.403660971148976255e-01,-2.119209419461947519e+00,0.000000000000000000e+00
7.077282114777422528e+00,2.187046477505543596e+00,0.000000000000000000e+00,1.014090296567207172e+00,-2.559402460002375701e+00,0.000000000000000000e+00
6.628557371184877312e+00,1.189713073292055778e+00,0.000000000000000000e+00,-7.802108227438245835e-01,-1.102282655304569259e+00,0.000000000000000000e+00
6.712509159975988737e+00,1.338402684435243462e+00,0.000000000000000000e+00,-7.544604804296907163e-01,-1.051613155096731367e+00,0.000000000000000000e+00
6.636709387209620559e+00,1.482776734927629292e+00,0.000000000000000000e+00,-6.097345525487288809e-01,-4.579582321667020062e-01,0.000000000000000000e+00
6.543743149823148642e+00,1.337118322530155279e+00,0.000000000000000000e+00,-3.299609939933694225e-01,-3.847427253777723766e-01,0.000000000000000000e+00
7.310753106823790759e+00,2.327925707926865151e+00,0.000000000000000000e+00,9.005220828042107550e-01,-3.032917168011880715e+00,0.000000000000000000e+00
7.384762827805563035e+00,2.463278725984985762e+00,0.000000000000000000e+00,8.257655877861231897e-01,-3.187157589648395906e+00,0.000000000000000000e+00
7.155083113746215417e+00,2.325628390588332373e+00,0.000000000000000000e+00,8.316499155399921239e-01,-2.795198938037432690e+00,0.000000000000000000e+00
7.232884112715008307e+00,2.464210303671121594e+00,0.000000000000000000e+00,6.821530560451551928e-01,-2.996128337255729246e+00,0.000000000000000000e+00
6.451405998383151541e+00,9.030297228989794256e-01,0.000000000000000000e+00,-1.434525414603647020e+00,-4.420583060537492948e-01,0.000000000000000000e+00
6.546696079832011073e+00,1.043834541977462393e+00,0.000000000000000000e+00,-9.952492890242703449e-01,-9.187648008589167636e-01,0.000000000000000000e+00
6.461881858470283291e+00,1.191239791215562116e+00,0.000000000000000000e+00,-4.822775675791651784e-01,-1.203559465568928705e-01,0.000000000000000000e+00
6.380020567117417940e+00,1.045361259900969175e+00,0.000000000000000000e+00,-6.699346585478460625e-01,1.411566168093890961e-01,0.000000000000000000e+00
7.455714648486616802e+00,2.595429451613409988e+00,0.000000000000000000e+00,1.214297927053426873e+00,-3.417660554301524822e+00,0.000000000000000000e+00
7.529990649687075432e+00,2.729200861713265702e+00,0.000000000000000000e+00,1.011378830558376629e+00,-2.692212321752984305e+00,0.000000000000000000e+00
7.303835933396061186e+00,2.596361029299545375e+00,0.000000000000000000e+00,1.283130880815421371e+00,-3.162763528322316553e+00,0.000000000000000000e+00
7.374787754077113178e+00,2.728511754927969157e+00,0.000000000000000000e+00,1.837500946011610292e+00,-3.233265396333409480e+00,0.000000000000000000e+00
6.233816957145592141e+00,6.287436096702291310e-01,0.000000000000000000e+00,-1.766485500946809228e+00,-7.566899363176460280e-02,0.000000000000000000e+00
6.330842079339658923e+00,7.610461927284895012e-01,0.000000000000000000e+00,-1.712804522882263480e+00,-1.449915052407150795e-01,0.000000000000000000e+00
6.259456648073926210e+00,9.033777297304792508e-01,0.000000000000000000e+00,-9.646326208997774154e-01,3.933973873419488454e-01,0.000000000000000000e+00
6.138892729030433593e+00,7.613941995599894375e-01,0.000000000000000000e+00,-1.195386477100610412e+00,5.053636427399845754e-01,0.000000000000000000e+00
7.678571428576510094e+00,3.000000000000000444e+00,0.000000000000000000e+00,0.000000000000000000e+00,0.000000000000000000e+00,0.000000000000000000e+00
7.592596772648519732e+00,2.864944984249281568e+00,0.000000000000000000e+00,1.673640050880960684e-01,-8.374717363736610132e-01,0.000000000000000000e+00
7.437393877038557477e+00,2.864255877463985023e+00,0.000000000000000000e+00,1.448631501873730798e+00,-2.059777106659396839e+00,0.000000000000000000e+00
7.500000000000000888e+00,3.000000000000000444e+00,0.000000000000000000e+00,0.000000000000000000e+00,0.000000000000000000e+00,0.000000000000000000e+00
6.116701120374845146e+00,3.481203139052501117e-01,0.000000000000000000e+00,-1.431968505801111124e+00,-4.479283942512337635e-01,0.000000000000000000e+00
6.197738379671886122e+00,4.758855177143080928e-01,0.000000000000000000e+00,-1.793946948543792663e+00,-4.108398166121620121e-01,0.000000000000000000e+00
6.102814151556728461e+00,6.085361076040685102e-01,0.000000000000000000e+00,-1.358899596784844954e+00,1.142054637980002424e-01,0.000000000000000000e+00
6.066735574083022442e+00,4.556780156481475275e-01,0.000000000000000000e+00,-1.432221850087902926e+00,-1.582147743959313180e-01,0.000000000000000000e+00
6.035868830228574566e+00,2.439541768993092052e-01,0.000000000000000000e+00,-1.106705496406570788e+00,-4.894381253305473689e-01,0.000000000000000000e+00
5.952535496895240641e+00,1.236728708181328434e-01,0.000000000000000000e+00,-7.294035373436050795e-01,-5.057305604436802826e-02,0.000000000000000000e+00
5.985903283936752750e+00,3.515118786422066210e-01,0.000000000000000000e+00,-1.154607581669817806e+00,-9.826144599619043851e-02,0.000000000000000000e+00
5.905070993790483058e+00,2.473457416362657701e-01,0.000000000000000000e+00,-8.498532816704599258e-01,9.244377962250314995e-02,0.000000000000000000e+00
5.875000000000000888e+00,0.000000000000000000e+00,0.000000000000000000e+00,0.000000000000000000e+00,0.000000000000000000e+00,0.000000000000000000e+00
5.827535496895241529e+00,1.236728708181328712e-01,0.000000000000000000e+00,-5.552509602233007824e-01,1.927251585486441585e-02,0.000000000000000000e+00
5.750000000000000000e+00,4.977732783493497817e-18,0.000000000000000000e+00,0.000000000000000000e+00,0.000000000000000000e+00,0.000000000000000000e+00
6.650875927461831871e+00,1.772272174840622494e+00,0.000000000000000000e+00,-3.911119169213456148e-01,-5.502343835932300697e-01,0.000000000000000000e+00
6.745894174628777051e+00,1.913920923132469643e+00,0.000000000000000000e+00,1.930750854574156961e-01,-1.120251203209269519e+00,0.000000000000000000e+00
6.844196781188268019e+00,2.047293026715662823e+00,0.000000000000000000e+00,5.748295168688298817e-01,-1.441115350148917340e+00,0.000000000000000000e+00
6.922981779111987422e+00,2.184949943514036264e+00,0.000000000000000000e+00,9.366535601833003710e-01,-1.986887169629361516e+00,0.000000000000000000e+00
6.670378836887062235e+00,2.049481305939334863e+00,0.000000000000000000e+00,5.805168329491874335e-01,-8.204269572559400592e-01,0.000000000000000000e+00
6.572076230327571267e+00,1.916109202356141683e+00,0.000000000000000000e+00,5.718139935721354428e-02,-2.321014173841398354e-01,0.000000000000000000e+00
6.768681443446552315e+00,2.182853409522528487e+00,0.000000000000000000e+00,8.702294634321443567e-01,-1.150935985901107017e+00,0.000000000000000000e+00
6.466622885746212468e+00,1.482954026929854230e+00,0.000000000000000000e+00,-4.938565528388959014e-01,-6.571755845739275792e-02,0.000000000000000000e+00
6.559589123132684385e+00,1.628612439327328243e+00,0.000000000000000000e+00,-7.561529593874619648e-01,-2.201943638267080394e-01,0.000000000000000000e+00
6.480789425998423781e+00,1.772449466842847432e+00,0.000000000000000000e+00,-3.672831437247987552e-01,1.889125664177211394e-01,0.000000000000000000e+00
6.389502621669276294e+00,1.628789731329553181e+00,0.000000000000000000e+00,-5.467525155901570288e-01,3.669216880579411755e-01,0.000000000000000000e+00
7.000438520438828860e+00,2.323498756293393086e+00,0.000000000000000000e+00,8.888264953187632322e-01,-2.285137375499737722e+00,0.000000000000000000e+00
7.078239519407620861e+00,2.462080669376181419e+00,0.000000000000000000e+00,9.179853086667539852e-01,-2.459281670338127501e+00,0.000000000000000000e+00
6.846138184773392865e+00,2.321402222301885310e+00,0.000000000000000000e+00,1.017643287297035348e+00,-1.488711148470299950e+00,0.000000000000000000e+00
6.923594926100234304e+00,2.459951035081242576e+00,0.000000000000000000e+00,1.210041460566080085e+00,-1.725376640065885647e+00,0.000000000000000000e+00
6.302023656912206562e+00,1.189660054366949105e+00,0.000000000000000000e+00,-4.073346017262948759e-01,4.516012341442420808e-01,0.000000000000000000e+00
6.383884948265070136e+00,1.335538585681542045e+00,0.000000000000000000e+00,-3.603375043210539364e-01,2.425353463375775065e-01,0.000000000000000000e+00
6.306764684188134851e+00,1.481374290081241218e+00,0.000000000000000000e+00,-3.957385972670309782e-01,5.563690133077269229e-01,0.000000000000000000e+00
6.224026746706993407e+00,1.333958848832929034e+00,0.000000000000000000e+00,-2.528105609747053895e-01,6.697136029747478014e-01,0.000000000000000000e+00
7.156074367560322003e+00,2.596135705842491426e+00,0.000000000000000000e+00,1.605322023397410369e+00,-2.604633559449440749e+00,0.000000000000000000e+00
7.227026188241374882e+00,2.728286431470915208e+00,0.000000000000000000e+00,2.199372843493625496e+00,-2.593796424660901323e+00,0.000000000000000000e+00
7.001429774252935445e+00,2.594006071547551695e+00,0.000000000000000000e+00,1.865532098911531378e+00,-1.840299556039794338e+00,0.000000000000000000e+00
7.079264622405634810e+00,2.728061108013860814e+00,0.000000000000000000e+00,2.402895548389562208e+00,-1.901442527725241360e+00,0.000000000000000000e+00
6.111583974154509491e+00,9.200976904408546542e-01,0.000000000000000000e+00,-7.646378300240681547e-01,8.374460792848967827e-01,0.000000000000000000e+00
6.232147893198002109e+00,1.062081220611344357e+00,0.000000000000000000e+00,-5.569744990065165213e-01,6.193292931501453991e-01,0.000000000000000000e+00
6.154150982992789842e+00,1.206380015077324508e+00,0.000000000000000000e+00,-3.198938081428951974e-01,8.423004154497668594e-01,0.000000000000000000e+00
6.084275219278585389e+00,1.078801181321719760e+00,0.000000000000000000e+00,-3.985844135522753628e-01,9.863763694632659007e-01,0.000000000000000000e+00
7.294211385764353572e+00,2.848205491139722767e+00,0.000000000000000000e+00,2.156842016729468181e+00,-2.546344819036966189e+00,0.000000000000000000e+00
7.356817508725797872e+00,2.983949613675738632e+00,0.000000000000000000e+00,1.070065305464684480e+00,-1.586256592578019875e+00,0.000000000000000000e+00
7.146449819928614389e+00,2.847980167682668817e+00,0.000000000000000000e+00,2.177802362631084065e+00,-2.025925539960497179e+00,0.000000000000000000e+00
7.213635017451593967e+00,2.967899227351476821e+00,0.000000000000000000e+00,1.836369443353281561e+00,-2.209364518112356901e+00,0.000000000000000000e+00
5.930520934874904171e+00,4.943362603749046347e-01,0.000000000000000000e+00,-1.057395438992881243e+00,4.291650048031795950e-01,0.000000000000000000e+00
5.966599512348610190e+00,6.471943523308255619e-01,0.000000000000000000e+00,-7.939374450504185221e-01,7.421478930426225196e-01,0.000000000000000000e+00
5.807204415989538404e+00,7.307318941896048248e-01,0.000000000000000000e+00,-4.317277429780200237e-01,1.059868678169037848e+00,0.000000000000000000e+00
5.979497632671363583e+00,8.449317414187687003e-01,0.000000000000000000e+00,-7.343141176150910221e-01,1.059384372066983104e+00,0.000000000000000000e+00
5.952188877795439481e+00,1.003635232299633806e+00,0.000000000000000000e+00,-3.670675614377025830e-01,1.173985806996489245e+00,0.000000000000000000e+00
5.820102536312291797e+00,9.284692832775478522e-01,0.000000000000000000e+00,-3.302809818718801527e-01,1.304528378361644592e+00,0.000000000000000000e+00
5.794306295666785012e+00,5.329945051016615754e-01,0.000000000000000000e+00,-4.312406172477914468e-01,7.841303617696038231e-01,0.000000000000000000e+00
7.500000000000000888e+00,3.125000000000000444e+00,0.000000000000000000e+00,0.000000000000000000e+00,0.000000000000000000e+00,0.000000000000000000e+00
7.260990334498515608e+00,3.067972079168338695e+00,0.000000000000000000e+00,1.159118237108461402e+00,-1.767422872161554803e+00,0.000000000000000000e+00
7.404172825772718625e+00,3.084022465492600507e+00,0.000000000000000000e+00,1.020751120622140073e-01,-4.854461974142834646e-01,0.000000000000000000e+00
7.404172825772718625e+00,3.209022465492600507e+00,0.000000000000000000e+00,1.321132449027158373e-01,-3.816636836149116530e-01,0.000000000000000000e+00
7.500000000000000888e+00,3.250000000000000444e+00,0.000000000000000000e+00,0.000000000000000000e+00,0.000000000000000000e+00,0.000000000000000000e+00
7.308345651545437249e+00,3.168044930985200569e+00,0.000000000000000000e+00,2.770330768976387303e-01,-8.286166353034671861e-01,0.000000000000000000e+00
5.849688644728634479e+00,3.901701233689637283e-01,0.000000000000000000e+00,-8.061461071773233789e-01,3.536874816663690968e-01,0.000000000000000000e+00
5.719937728945726718e+00,1.155340246738977977e-01,0.000000000000000000e+00,-3.368050516591438170e-01,1.619443061067923212e-02,0.000000000000000000e+00
5.797473225840967359e+00,2.392068954920306689e-01,0.000000000000000000e+00,-6.405682584602423457e-01,1.721271580635744813e-01,0.000000000000000000e+00
5.742090876779119668e+00,3.820312772247286270e-01,0.000000000000000000e+00,-4.965836900141716304e-01,4.722888896336898124e-01,0.000000000000000000e+00
5.689875457891452548e+00,2.310680493477955399e-01,0.000000000000000000e+00,-3.813359049749944774e-01,1.688270174374206789e-01,0.000000000000000000e+00
5.625000000000000000e+00,0.000000000000000000e+00,0.000000000000000000e+00,0.000000000000000000e+00,0.000000000000000000e+00,0.000000000000000000e+00
5.500000000000000000e+00,4.977732783493497817e-18,0.000000000000000000e+00,0.000000000000000000e+00,0.000000000000000000e+00,0.000000000000000000e+00
5.594937728945726718e+00,1.155340246738977839e-01,0.000000000000000000e+00,-1.453987929293099335e-01,6.780003136691869353e-03,0.000000000000000000e+00
6.505736235770498865e+00,2.067693392584665446e+00,0.000000000000000000e+00,4.295689157115770151e-01,-1.160573137012434614e-01,0.000000000000000000e+00
6.604038842329988057e+00,2.201065496167858626e+00,0.000000000000000000e+00,8.604043615517737997e-01,-6.915190794974919175e-01,0.000000000000000000e+00
6.439396241213424688e+00,2.219277582813189209e+00,0.000000000000000000e+00,7.243481288302953125e-01,4.219183663547037416e-02,0.000000000000000000e+00
6.378782781218844455e+00,1.920837950796911331e+00,0.000000000000000000e+00,-1.759049689620459378e-01,4.439848789027408538e-01,0.000000000000000000e+00
6.287495976889696969e+00,1.777178215283617302e+00,0.000000000000000000e+00,-3.215371296882097440e-01,6.769437738602461785e-01,0.000000000000000000e+00
6.312442786661771166e+00,2.072422141025435316e+00,0.000000000000000000e+00,3.139467044592720302e-01,5.147145186443478071e-01,0.000000000000000000e+00
6.185489332110115868e+00,1.925566699237680757e+00,0.000000000000000000e+00,-3.817432208355860945e-01,7.632869886786368685e-01,0.000000000000000000e+00
6.692624734532534703e+00,2.322042554884018450e+00,0.000000000000000000e+00,9.786919867713081977e-01,-9.808342150236335488e-01,0.000000000000000000e+00
6.770081475859374365e+00,2.460591367663375273e+00,0.000000000000000000e+00,1.210870326035343281e+00,-1.283725673819386737e+00,0.000000000000000000e+00
6.527982133415971333e+00,2.340254641529349477e+00,0.000000000000000000e+00,9.857584534068060123e-01,-4.301601339092691600e-01,0.000000000000000000e+00
6.616568025618517090e+00,2.461231700245509302e+00,0.000000000000000000e+00,1.173952450837731698e+00,-6.881855348894289071e-01,0.000000000000000000e+00
6.159430955286948617e+00,1.459849533242281616e+00,0.000000000000000000e+00,-3.099397783285960384e-01,8.881075544140311084e-01,0.000000000000000000e+00
6.242168892768089172e+00,1.607264974490593357e+00,0.000000000000000000e+00,-5.140043599223230730e-01,7.566279414158221250e-01,0.000000000000000000e+00
6.140162247988509847e+00,1.755653458444657478e+00,0.000000000000000000e+00,-3.742653097397373174e-01,9.149204420021710416e-01,0.000000000000000000e+00
6.094835163866902050e+00,1.585740217651633754e+00,0.000000000000000000e+00,-5.035888878287405612e-01,9.986805639366781451e-01,0.000000000000000000e+00
6.847032751955786978e+00,2.593764905129384957e+00,0.000000000000000000e+00,1.783482514727190882e+00,-1.528849650661264548e+00,0.000000000000000000e+00
6.924867600108487231e+00,2.727819941595694075e+00,0.000000000000000000e+00,2.213935653823670524e+00,-1.758616325480848674e+00,0.000000000000000000e+00
6.693519301714927927e+00,2.594405237711518097e+00,0.000000000000000000e+00,1.723099412499345506e+00,-1.107107877505347560e+00,0.000000000000000000e+00
6.770470577811337876e+00,2.727578775177526893e+00,0.000000000000000000e+00,2.137355924146350006e+00,-1.415574688575886420e+00,0.000000000000000000e+00
5.971304368252191352e+00,1.201811748179441475e+00,0.000000000000000000e+00,-2.132374200747604587e-01,1.306205718407846161e+00,0.000000000000000000e+00
6.041180131966395805e+00,1.329390581935046001e+00,0.000000000000000000e+00,-1.674897076552849529e-01,1.188927739892044366e+00,0.000000000000000000e+00
5.976584340546349239e+00,1.455281266344398361e+00,0.000000000000000000e+00,-3.633968819063211897e-01,1.298097473883022213e+00,0.000000000000000000e+00
5.858333517225795539e+00,1.324822315037162745e+00,0.000000000000000000e+00,-1.108992039201709273e-01,1.531947412432312916e+00,0.000000000000000000e+00
7.076628964358429030e+00,2.970752496447713220e+00,0.000000000000000000e+00,1.970765987989645085e+00,-2.016570877898030023e+00,0.000000000000000000e+00
7.009443766835447676e+00,2.850833436778905217e+00,0.000000000000000000e+00,2.137144129416476801e+00,-1.991673817819698211e+00,0.000000000000000000e+00
6.855046744538300985e+00,2.850592270360738034e+00,0.000000000000000000e+00,2.147962387179434440e+00,-1.591094199442468993e+00,0.000000000000000000e+00
6.939622911265261429e+00,2.973605765543949175e+00,0.000000000000000000e+00,2.159754875504749538e+00,-1.741711932659317785e+00,0.000000000000000000e+00
5.839218026769044556e+00,1.126645799157355299e+00,0.000000000000000000e+00,-1.353613461632465764e-01,1.447936592948732892e+00,0.000000000000000000e+00
7.199734153933182057e+00,3.182248486261803677e+00,0.000000000000000000e+00,9.686399464784998248e-01,-1.283332319770622121e+00,0.000000000000000000e+00
7.152378836886260416e+00,3.082175634444941359e+00,0.000000000000000000e+00,1.596544403011054269e+00,-1.961658194869116745e+00,0.000000000000000000e+00
7.015372783793095479e+00,3.085028903541178202e+00,0.000000000000000000e+00,1.956611323732371011e+00,-1.521802111082035891e+00,0.000000000000000000e+00
7.091122656320927753e+00,3.196452041538406341e+00,0.000000000000000000e+00,1.726453961533072956e+00,-1.254154225408380396e+00,0.000000000000000000e+00
5.647153147833392950e+00,6.414972525518813917e-01,0.000000000000000000e+00,-1.407983433257181671e-01,6.310006330068035352e-01,0.000000000000000000e+00
5.660051268156145454e+00,8.392346416398244191e-01,0.000000000000000000e+00,-1.611310903690753027e-01,8.765128928719307932e-01,0.000000000000000000e+00
5.500000000000000000e+00,7.500000000021009861e-01,0.000000000000000000e+00,0.000000000000000000e+00,0.000000000000000000e+00,0.000000000000000000e+00
5.500000000000000000e+00,9.375000000026261215e-01,0.000000000000000000e+00,0.000000000000000000e+00,0.000000000000000000e+00,0.000000000000000000e+00
5.660051268156146342e+00,1.026734641640349555e+00,0.000000000000000000e+00,-7.921456741603813412e-02,9.156553186481863893e-01,0.000000000000000000e+00
5.679166758612898214e+00,1.224911157520157001e+00,0.000000000000000000e+00,-4.101620978939730933e-02,1.039843925111202383e+00,0.000000000000000000e+00
5.500000000000000000e+00,1.125000000003151035e+00,0.000000000000000000e+00,0.000000000000000000e+00,0.000000000000000000e+00,0.000000000000000000e+00
5.500000000000000000e+00,5.625000000015758506e-01,0.000000000000000000e+00,0.000000000000000000e+00,0.000000000000000000e+00,0.000000000000000000e+00
5.594937728945726718e+00,3.030340246744231414e-01,0.000000000000000000e+00,-1.362399139489381128e-01,2.469349076022520906e-01,0.000000000000000000e+00
5.647153147833392950e+00,4.539972525513561452e-01,0.000000000000000000e+00,-1.881900719867715954e-01,5.467955449621867414e-01,0.000000000000000000e+00
5.500000000000000000e+00,3.750000000010507151e-01,0.000000000000000000e+00,0.000000000000000000e+00,0.000000000000000000e+00,0.000000000000000000e+00
7.286077818132991268e+00,3.269132205633366262e+00,0.000000000000000000e+00,7.042263862906942284e-01,-4.587241751205879403e-01,0.000000000000000000e+00
7.381904992360272644e+00,3.310109740140766199e+00,0.000000000000000000e+00,3.241651058277664754e-01,-7.073690653346322021e-02,0.000000000000000000e+00
7.263809984720544399e+00,3.370219480281531954e+00,0.000000000000000000e+00,8.749038146311942654e-01,1.154598758367851412e-02,0.000000000000000000e+00
7.500000000000000888e+00,3.375000000000000444e+00,0.000000000000000000e+00,0.000000000000000000e+00,0.000000000000000000e+00,0.000000000000000000e+00
7.381904992360272644e+00,3.435109740140766199e+00,0.000000000000000000e+00,5.179017425474435887e-01,4.408062640579628599e-01,0.000000000000000000e+00
7.500000000000000888e+00,3.500000000000000444e+00,0.000000000000000000e+00,0.000000000000000000e+00,0.000000000000000000e+00,0.000000000000000000e+00
7.177466320520736076e+00,3.283335760909968926e+00,0.000000000000000000e+00,1.408203285829512152e+00,-7.316243151566873548e-01,0.000000000000000000e+00
5.500000000000000000e+00,1.875000000005253575e-01,0.000000000000000000e+00,0.000000000000000000e+00,0.000000000000000000e+00,0.000000000000000000e+00
6.157903860358551640e+00,2.118609658598337830e+00,0.000000000000000000e+00,5.837209615690426290e-01,1.024221448796201805e+00,0.000000000000000000e+00
6.284857314910206938e+00,2.265465100386092168e+00,0.000000000000000000e+00,9.401392663341133771e-01,7.036723940759134210e-01,0.000000000000000000e+00
6.392625883310190993e+00,2.351494283158554133e+00,0.000000000000000000e+00,1.036857747540467223e+00,3.495120481907729171e-01,0.000000000000000000e+00
6.481211775512736750e+00,2.472471341874713957e+00,0.000000000000000000e+00,1.344716835601630356e+00,-1.580056831131596562e-01,0.000000000000000000e+00
6.238086957006972355e+00,2.397681800731457091e+00,0.000000000000000000e+00,1.194526286395010128e+00,8.515274722794787809e-01,0.000000000000000000e+00
6.345855525406956410e+00,2.483710983503918612e+00,0.000000000000000000e+00,1.261335835834220820e+00,5.771435149733060710e-01,0.000000000000000000e+00
6.130318388606986524e+00,2.311652617958994682e+00,0.000000000000000000e+00,1.036195069645726941e+00,1.134868675042872699e+00,0.000000000000000000e+00
5.955829382744617817e+00,1.650651855736239071e+00,0.000000000000000000e+00,-3.499957008135223258e-01,1.508625666866541204e+00,0.000000000000000000e+00
6.001156466866225614e+00,1.820565096529262350e+00,0.000000000000000000e+00,-3.520814204248351453e-01,1.429655171810226610e+00,0.000000000000000000e+00
6.004098134583450985e+00,2.006681497597482711e+00,0.000000000000000000e+00,2.639945689714569971e-02,1.757533251123674090e+00,0.000000000000000000e+00
5.819765269339558955e+00,1.901679894889063860e+00,0.000000000000000000e+00,-9.066395391241439949e-02,2.162750889642772734e+00,0.000000000000000000e+00
5.976512662831885869e+00,2.199724456958139562e+00,0.000000000000000000e+00,8.630335111709587226e-01,1.835948549978387634e+00,0.000000000000000000e+00
5.816823601622333584e+00,1.715563493820843943e+00,0.000000000000000000e+00,-1.682019757398958704e-01,1.885141861088525328e+00,0.000000000000000000e+00
5.822706937056784327e+00,2.087796295957283998e+00,0.000000000000000000e+00,3.460555527139487220e-01,2.360202078099869372e+00,0.000000000000000000e+00
6.544402707801951991e+00,2.586460865106847695e+00,0.000000000000000000e+00,1.500325868133522755e+00,-3.579409688498175757e-01,0.000000000000000000e+00
6.621353983898362827e+00,2.719634402572856935e+00,0.000000000000000000e+00,1.969697262849594566e+00,-9.128423277527834001e-01,0.000000000000000000e+00
6.409046457696171650e+00,2.597700506736052795e+00,0.000000000000000000e+00,1.522832448780873982e+00,1.054158352535826126e-01,0.000000000000000000e+00
6.472237389985386002e+00,2.711690029968186089e+00,0.000000000000000000e+00,1.665725072445299437e+00,-2.357334675189937112e-01,0.000000000000000000e+00
5.837578559424065006e+00,1.520192904429003455e+00,0.000000000000000000e+00,-3.194365228192347916e-01,1.695892989442738585e+00,0.000000000000000000e+00
6.699325892727061138e+00,2.868716134896058367e+00,0.000000000000000000e+00,2.052450959853566737e+00,-1.358055508651866194e+00,0.000000000000000000e+00
6.783902059454023359e+00,2.991729630079269953e+00,0.000000000000000000e+00,2.038482836052852409e+00,-1.560895572439430889e+00,0.000000000000000000e+00
6.550209298814086090e+00,2.860771762291388409e+00,0.000000000000000000e+00,1.812012789841218385e+00,-9.269116516623920887e-01,0.000000000000000000e+00
6.628181207642783512e+00,3.009853494614589398e+00,0.000000000000000000e+00,1.836711128482542810e+00,-1.459132992293015851e+00,0.000000000000000000e+00
5.500000000000000000e+00,1.312500000003655076e+00,0.000000000000000000e+00,0.000000000000000000e+00,0.000000000000000000e+00,0.000000000000000000e+00
5.679166758612898214e+00,1.412411157520661042e+00,0.000000000000000000e+00,-5.941380569981576792e-02,1.048341632195311623e+00,0.000000000000000000e+00
5.658411800811166792e+00,1.607781746912501308e+00,0.000000000000000000e+00,-8.416184459459366551e-02,1.241550268730750473e+00,0.000000000000000000e+00
5.500000000000000000e+00,1.500000000004158895e+00,0.000000000000000000e+00,0.000000000000000000e+00,0.000000000000000000e+00,0.000000000000000000e+00
6.897682099596918803e+00,3.088298201576287649e+00,0.000000000000000000e+00,2.137520846142097142e+00,-1.784226549129186878e+00,0.000000000000000000e+00
6.973431972124751965e+00,3.199721339573516232e+00,0.000000000000000000e+00,2.016377772656622103e+00,-1.454500946144014373e+00,0.000000000000000000e+00
6.741961247785679845e+00,3.106422066111607982e+00,0.000000000000000000e+00,2.037103562561437986e+00,-1.596340379390679853e+00,0.000000000000000000e+00
6.855741287928575289e+00,3.202990637608625679e+00,0.000000000000000000e+00,2.216315634388342115e+00,-1.716758351589541709e+00,0.000000000000000000e+00
7.025648818879972168e+00,3.344971872762589893e+00,0.000000000000000000e+00,1.611793421628953116e+00,-9.871531768641761406e-01,0.000000000000000000e+00
7.111992483079781380e+00,3.431855592134152921e+00,0.000000000000000000e+00,1.160067515105781544e+00,-5.226346724096101459e-01,0.000000000000000000e+00
6.907958134683795492e+00,3.348241170797699340e+00,0.000000000000000000e+00,1.902953519824660766e+00,-1.259158336213729967e+00,0.000000000000000000e+00
6.960174981439015696e+00,3.493491703986773000e+00,0.000000000000000000e+00,1.446579922985019362e+00,-7.166541013762685042e-01,0.000000000000000000e+00
7.251696410292464812e+00,3.483729768699717066e+00,0.000000000000000000e+00,8.229334649253665646e-01,2.041486639062934372e-01,0.000000000000000000e+00
7.369791417932193056e+00,3.548620028558951311e+00,0.000000000000000000e+00,3.234892646575513453e-01,6.697936524730029317e-01,0.000000000000000000e+00
7.099878908651700016e+00,3.545365880552337590e+00,0.000000000000000000e+00,1.257113065315554667e+00,-2.957026533382094424e-01,0.000000000000000000e+00
7.239582835864384336e+00,3.597240057117901735e+00,0.000000000000000000e+00,7.384464056053938741e-01,5.079370713445408025e-01,0.000000000000000000e+00
7.678571428576509206e+00,3.500000000000000444e+00,0.000000000000000000e+00,0.000000000000000000e+00,0.000000000000000000e+00,0.000000000000000000e+00
7.314348776034474753e+00,3.682326805887417898e+00,0.000000000000000000e+00,6.507720181614808919e-01,7.635432079690454010e-01,0.000000000000000000e+00
7.444557358102281697e+00,3.633706777328467030e+00,0.000000000000000000e+00,5.373549715067450494e-01,4.718025418334359511e-01,0.000000000000000000e+00
7.539117392233275261e+00,3.769443359286466233e+00,0.000000000000000000e+00,6.151199987450357565e-01,4.461550776161689602e-01,0.000000000000000000e+00
7.594560034130992676e+00,3.635736581957998759e+00,0.000000000000000000e+00,2.415714224078159000e-01,5.758901129740688629e-02,0.000000000000000000e+00
7.773131462707501882e+00,3.635736581957999647e+00,0.000000000000000000e+00,1.169970241738427369e-01,5.860246029985929916e-02,0.000000000000000000e+00
7.857142857153018412e+00,3.500000000000000444e+00,0.000000000000000000e+00,0.000000000000000000e+00,0.000000000000000000e+00,0.000000000000000000e+00
7.389114716204564282e+00,3.767413554656934949e+00,0.000000000000000000e+00,7.417043450722130560e-01,6.951936455366176659e-01,0.000000000000000000e+00
7.689120068261987129e+00,3.771473163915998406e+00,0.000000000000000000e+00,3.393992106745097881e-01,1.871991423230056073e-01,0.000000000000000000e+00
6.242597828591174292e+00,2.577488665759062769e+00,0.000000000000000000e+00,1.032784374107429848e+00,6.454982218823281936e-01,0.000000000000000000e+00
6.134829260191189348e+00,2.491459482986600804e+00,0.000000000000000000e+00,1.027610525575934464e+00,8.087388297012014782e-01,0.000000000000000000e+00
6.139340131775391285e+00,2.671266348014205594e+00,0.000000000000000000e+00,8.075325300560178832e-01,6.409416427277225825e-01,0.000000000000000000e+00
6.305788760880389532e+00,2.691478188991196063e+00,0.000000000000000000e+00,1.358661874130015823e+00,1.667841864693076492e-01,0.000000000000000000e+00
5.973738861724416260e+00,2.385006392823440180e+00,0.000000000000000000e+00,7.256379111966381190e-01,1.603797967771992461e+00,0.000000000000000000e+00
5.819933135949314718e+00,2.273078231822584172e+00,0.000000000000000000e+00,7.853641695452538984e-01,2.120817183621122037e+00,0.000000000000000000e+00
5.978249733308619085e+00,2.564813257851045414e+00,0.000000000000000000e+00,8.570816120011035544e-01,1.267177737984074959e+00,0.000000000000000000e+00
5.817159334841844220e+00,2.458360167687884346e+00,0.000000000000000000e+00,3.737712678747992512e-01,1.893116410155725404e+00,0.000000000000000000e+00
5.658411800811167680e+00,1.795281746911661536e+00,0.000000000000000000e+00,-2.340226082705633426e-02,1.288642768876687272e+00,0.000000000000000000e+00
5.661353468528392163e+00,1.981398147979881230e+00,0.000000000000000000e+00,1.012748091144670959e-01,1.613532347657612886e+00,0.000000000000000000e+00
5.500000000000000000e+00,1.875000000002478906e+00,0.000000000000000000e+00,0.000000000000000000e+00,0.000000000000000000e+00,0.000000000000000000e+00
5.500000000000000000e+00,1.687500000003319123e+00,0.000000000000000000e+00,0.000000000000000000e+00,0.000000000000000000e+00,0.000000000000000000e+00
5.500000000000000000e+00,2.062500000002528644e+00,0.000000000000000000e+00,0.000000000000000000e+00,0.000000000000000000e+00,0.000000000000000000e+00
5.661353468528393051e+00,2.168898147979930968e+00,0.000000000000000000e+00,2.418686788100595786e-01,1.615000655803456864e+00,0.000000000000000000e+00
5.658579667420922554e+00,2.354180083845231586e+00,0.000000000000000000e+00,2.655032722048260019e-01,1.278739198591697379e+00,0.000000000000000000e+00
5.500000000000000000e+00,2.250000000002577938e+00,0.000000000000000000e+00,0.000000000000000000e+00,0.000000000000000000e+00,0.000000000000000000e+00
6.403734366282601620e+00,2.819719459349216528e+00,0.000000000000000000e+00,1.387449623254028319e+00,-3.121440246043096223e-01,0.000000000000000000e+00
6.481706275111300819e+00,2.968801191672418405e+00,0.000000000000000000e+00,1.497605311189774024e+00,-1.052770618640364697e+00,0.000000000000000000e+00
6.237285737177604261e+00,2.799507618372226503e+00,0.000000000000000000e+00,9.927119832178433745e-01,-1.984820997552539518e-02,0.000000000000000000e+00
6.335231342579816349e+00,2.927748888730246524e+00,0.000000000000000000e+00,9.859048506516541188e-01,-5.096565938901286286e-01,0.000000000000000000e+00
6.752266881876595406e+00,3.269809906511137676e+00,0.000000000000000000e+00,2.384959397546524862e+00,-1.659958216209405979e+00,0.000000000000000000e+00
6.638486841733699961e+00,3.173241335014119535e+00,0.000000000000000000e+00,2.145226806637574590e+00,-1.630991968834734518e+00,0.000000000000000000e+00
6.354184450891029456e+00,3.053555090736641997e+00,0.000000000000000000e+00,1.522730628380856377e+00,-8.498606705624058844e-01,0.000000000000000000e+00
6.500659383422513926e+00,3.094607393678813434e+00,0.000000000000000000e+00,1.865332569083327119e+00,-1.300448828388221845e+00,0.000000000000000000e+00
6.510965017513428599e+00,3.257995234078342683e+00,0.000000000000000000e+00,2.181376596126864076e+00,-1.477535604896907495e+00,0.000000000000000000e+00
6.648792475824614634e+00,3.336629175413648785e+00,0.000000000000000000e+00,2.430638771783661500e+00,-1.765439468557966185e+00,0.000000000000000000e+00
6.373137559202242564e+00,3.179361292743037026e+00,0.000000000000000000e+00,1.912209805787455918e+00,-1.084898664399196244e+00,0.000000000000000000e+00
6.804483728631815609e+00,3.415060439700210893e+00,0.000000000000000000e+00,2.025144859968386335e+00,-1.305527070450226645e+00,0.000000000000000000e+00
7.169719666507395672e+00,3.692906604765046730e+00,0.000000000000000000e+00,7.384251742599008406e-01,3.715039698070438101e-01,0.000000000000000000e+00
7.030015739294711352e+00,3.641032428199482140e+00,0.000000000000000000e+00,1.176109444513832480e+00,-4.031207998690110594e-01,0.000000000000000000e+00
6.799849423551647121e+00,3.581386469168211129e+00,0.000000000000000000e+00,1.598183025661051415e+00,-9.323399453913983059e-01,0.000000000000000000e+00
6.644158170744445258e+00,3.502955204881648577e+00,0.000000000000000000e+00,2.165875598537028601e+00,-1.407712683268150577e+00,0.000000000000000000e+00
6.910166475872385305e+00,3.643654161222936061e+00,0.000000000000000000e+00,1.338844633781177462e+00,-5.967531606972152902e-01,0.000000000000000000e+00
6.980007233728080962e+00,3.791194885435645201e+00,0.000000000000000000e+00,1.014909325793427630e+00,-2.306468592145043128e-01,0.000000000000000000e+00
6.749840917985015842e+00,3.731548926404373745e+00,0.000000000000000000e+00,1.569922180490713304e+00,-7.122395423455488705e-01,0.000000000000000000e+00
6.860157970305754027e+00,3.793816618459098677e+00,0.000000000000000000e+00,1.233817681423105217e+00,-3.922112646421523352e-01,0.000000000000000000e+00
7.099856497150405232e+00,3.788573152412190392e+00,0.000000000000000000e+00,7.121083987925893588e-01,2.104460601256843699e-01,0.000000000000000000e+00
6.639523865664276769e+00,3.669281234349648813e+00,0.000000000000000000e+00,1.842724666837265435e+00,-9.329337266217154756e-01,0.000000000000000000e+00
7.244485606677484313e+00,3.777993353534562893e+00,0.000000000000000000e+00,6.507093484036997610e-01,6.261825589683173154e-01,0.000000000000000000e+00
7.463922034108206205e+00,3.903188274557508386e+00,0.000000000000000000e+00,7.471000159332804591e-01,6.997282824703175974e-01,0.000000000000000000e+00
7.613924710136917184e+00,3.905218079187040559e+00,0.000000000000000000e+00,5.433168770276392001e-01,5.483628403052330791e-01,0.000000000000000000e+00
7.538729352011847240e+00,4.038962994458081823e+00,0.000000000000000000e+00,6.391240318894069183e-01,8.029496191146419104e-01,0.000000000000000000e+00
7.861474332240399043e+00,3.777587092882823683e+00,0.000000000000000000e+00,8.097004451401117187e-02,2.523432369298708178e-01,0.000000000000000000e+00
7.945485726685914685e+00,3.641850510924824480e+00,0.000000000000000000e+00,-4.811208137566950344e-02,6.501507218300599245e-02,0.000000000000000000e+00
8.033828596218812734e+00,3.783701021849649404e+00,0.000000000000000000e+00,-1.826313079858760957e-01,2.037902632791858681e-01,0.000000000000000000e+00
8.035714285725685357e+00,3.500000000000000444e+00,0.000000000000000000e+00,0.000000000000000000e+00,0.000000000000000000e+00,0.000000000000000000e+00
8.124057155258583407e+00,3.641850510924824924e+00,0.000000000000000000e+00,-1.863452905732674580e-01,5.140424706681212541e-02,0.000000000000000000e+00
8.214285714298354080e+00,3.500000000000000444e+00,0.000000000000000000e+00,-3.461770533050351206e-01,1.590310220022491949e-01,0.000000000000000000e+00
7.162288222496841605e+00,3.912442904648250952e+00,0.000000000000000000e+00,7.299791724898182510e-01,4.410240229646426591e-01,0.000000000000000000e+00
7.306917332023919798e+00,3.901863105770623008e+00,0.000000000000000000e+00,7.603218534787281602e-01,6.261257904033221688e-01,0.000000000000000000e+00
7.381724649927562609e+00,4.037637825671197334e+00,0.000000000000000000e+00,7.162560582691482880e-01,6.942730846866291827e-01,0.000000000000000000e+00
7.224719947843277978e+00,4.036312656884311956e+00,0.000000000000000000e+00,7.894687152056791835e-01,5.549647681506391095e-01,0.000000000000000000e+00
7.702354752028199414e+00,4.039242549765917900e+00,0.000000000000000000e+00,3.814638362487806078e-01,7.368923438316765662e-01,0.000000000000000000e+00
7.777550110153269358e+00,3.905497634494875747e+00,0.000000000000000000e+00,2.037609357786262787e-01,4.159086092905365240e-01,0.000000000000000000e+00
7.949904374131682161e+00,3.911611563461701468e+00,0.000000000000000000e+00,-1.100266503835398320e-02,4.246907451216062057e-01,0.000000000000000000e+00
7.865980152044551588e+00,4.039522105073753089e+00,0.000000000000000000e+00,1.023487728124943680e-01,5.693459765265983519e-01,0.000000000000000000e+00
5.811141397919693752e+00,2.631775119904598448e+00,0.000000000000000000e+00,4.731318053637690313e-01,1.442597690887424733e+00,0.000000000000000000e+00
5.972231796386466840e+00,2.738228210067759072e+00,0.000000000000000000e+00,4.188501080362594386e-01,9.315815983526427591e-01,0.000000000000000000e+00
6.213944292210303644e+00,2.967036127232761000e+00,0.000000000000000000e+00,8.418536510159368991e-01,-2.464858713487544928e-01,0.000000000000000000e+00
6.115998686808091556e+00,2.838794856874740535e+00,0.000000000000000000e+00,6.354179374343092990e-01,3.570101874220040217e-01,0.000000000000000000e+00
5.948890351419166223e+00,2.905756718928293569e+00,0.000000000000000000e+00,3.827679657346351738e-01,6.559026712945549287e-01,0.000000000000000000e+00
5.805123460997542395e+00,2.805190072121312106e+00,0.000000000000000000e+00,3.008876045844249489e-02,1.031318763684594186e+00,0.000000000000000000e+00
6.092657241840790938e+00,3.006323365735275033e+00,0.000000000000000000e+00,6.736578259026479998e-01,6.623368666442164265e-02,0.000000000000000000e+00
5.500000000000000000e+00,2.437500000002194245e+00,0.000000000000000000e+00,0.000000000000000000e+00,0.000000000000000000e+00,0.000000000000000000e+00
5.658579667420922554e+00,2.541680083844847449e+00,0.000000000000000000e+00,1.400995923776879870e-01,1.238430042799456121e+00,0.000000000000000000e+00
5.652561730498771198e+00,2.715095036061561107e+00,0.000000000000000000e+00,1.855281345233240203e-02,7.206719185454010246e-01,0.000000000000000000e+00
5.500000000000000000e+00,2.625000000001810108e+00,0.000000000000000000e+00,0.000000000000000000e+00,0.000000000000000000e+00,0.000000000000000000e+00
6.232897400521516751e+00,3.092842329239156030e+00,0.000000000000000000e+00,1.476380033949862725e+00,-5.969166510138190773e-01,0.000000000000000000e+00
6.520913114949864919e+00,3.415217198717367175e+00,0.000000000000000000e+00,2.649091696116914640e+00,-1.534155104161490701e+00,0.000000000000000000e+00
6.383085656638678884e+00,3.336583257382061074e+00,0.000000000000000000e+00,2.434823826190859020e+00,-1.148402787475816034e+00,0.000000000000000000e+00
6.393033754075114317e+00,3.493805222021085122e+00,0.000000000000000000e+00,2.878268950032673246e+00,-1.186592521534942435e+00,0.000000000000000000e+00
6.516278809869695543e+00,3.581543228185366967e+00,0.000000000000000000e+00,2.408979898785687634e+00,-1.083448293934133000e+00,0.000000000000000000e+00
6.239563048661485922e+00,3.251255860774679540e+00,0.000000000000000000e+00,2.074214494894125238e+00,-7.895154318639546753e-01,0.000000000000000000e+00
6.099322889980758333e+00,3.164736897270798099e+00,0.000000000000000000e+00,1.574461800364880926e+00,-4.062978322853296187e-01,0.000000000000000000e+00
6.249511146097921355e+00,3.408477825413703588e+00,0.000000000000000000e+00,2.529221154538792149e+00,-9.803907012897030704e-01,0.000000000000000000e+00
6.105988538120727505e+00,3.323150428806321610e+00,0.000000000000000000e+00,2.107757425058810252e+00,-7.409865499385829279e-01,0.000000000000000000e+00
6.892773250775601213e+00,3.918490470913614132e+00,0.000000000000000000e+00,1.105105895679993289e+00,-1.654488722228501796e-01,0.000000000000000000e+00
7.012622514197927259e+00,3.915868737890160212e+00,0.000000000000000000e+00,8.285355029901615431e-01,1.721616449203830779e-01,0.000000000000000000e+00
6.925388531245449286e+00,4.043164323368130475e+00,0.000000000000000000e+00,9.161754448535596174e-01,1.394259397538214762e-01,0.000000000000000000e+00
6.748225961891173519e+00,3.897403380774743908e+00,0.000000000000000000e+00,1.279197268004170773e+00,-3.711801423834984459e-01,0.000000000000000000e+00
6.637908909570434446e+00,3.835135688720018976e+00,0.000000000000000000e+00,1.620310050890287901e+00,-6.508463159290266420e-01,0.000000000000000000e+00
6.636293953476591234e+00,4.000990143090388251e+00,0.000000000000000000e+00,1.309621749664808377e+00,-3.342073873532481754e-01,0.000000000000000000e+00
6.780841242361020704e+00,4.022077233229259363e+00,0.000000000000000000e+00,1.151618805266208190e+00,-2.091672237576341353e-01,0.000000000000000000e+00
7.075054239544362744e+00,4.039738490126220327e+00,0.000000000000000000e+00,8.569551074444712313e-01,3.568475166301045554e-01,0.000000000000000000e+00
6.507511288423149409e+00,3.761481478291242020e+00,0.000000000000000000e+00,1.924343953210843727e+00,-5.877238390115266942e-01,0.000000000000000000e+00
6.384266232628567295e+00,3.673743472126959730e+00,0.000000000000000000e+00,2.503986860448116580e+00,-7.165558990602652889e-01,0.000000000000000000e+00
6.505896332329305309e+00,3.927335932661611739e+00,0.000000000000000000e+00,1.660357461615210806e+00,-3.400388027082341114e-01,0.000000000000000000e+00
6.375498711182020273e+00,3.853681722232835671e+00,0.000000000000000000e+00,1.950529684743288694e+00,-2.264058046951788472e-01,0.000000000000000000e+00
7.792696609721716960e+00,4.175647865532386760e+00,0.000000000000000000e+00,2.490723406335604295e-01,8.603454249633274431e-01,0.000000000000000000e+00
7.629071209705365675e+00,4.175368310224550683e+00,0.000000000000000000e+00,4.656457884735408226e-01,9.719703078154035003e-01,0.000000000000000000e+00
7.303679540595966913e+00,4.177190452771801787e+00,0.000000000000000000e+00,6.042336904336462755e-01,6.980033298013498255e-01,0.000000000000000000e+00
7.460684242680252432e+00,4.178515621558686277e+00,0.000000000000000000e+00,5.463426833515635517e-01,7.971542477160515894e-01,0.000000000000000000e+00
7.551026100373769978e+00,4.314920937325156025e+00,0.000000000000000000e+00,3.630432066864507923e-01,9.510905007021082103e-01,0.000000000000000000e+00
7.719413067398884110e+00,4.311773625991021319e+00,0.000000000000000000e+00,3.215203392723390841e-01,1.079980865824117453e+00,0.000000000000000000e+00
7.382639133348655847e+00,4.318068248659290731e+00,0.000000000000000000e+00,4.307359172031618999e-01,7.845351448446773457e-01,0.000000000000000000e+00
8.210433336367213286e+00,3.788060527925070531e+00,0.000000000000000000e+00,-3.729487600308984407e-01,1.666637033505689591e-01,0.000000000000000000e+00
8.300661895406983959e+00,3.646210017000245607e+00,0.000000000000000000e+00,-3.195981477121866421e-01,4.489156172785642440e-02,0.000000000000000000e+00
8.039567000750723835e+00,4.032403076603818803e+00,0.000000000000000000e+00,-8.964442317419707429e-02,5.358676323861829571e-01,0.000000000000000000e+00
8.123491222837852632e+00,3.904492534991766295e+00,0.000000000000000000e+00,-2.520812431945128052e-01,3.138738334535084440e-01,0.000000000000000000e+00
8.300095962986256737e+00,3.908852041067187866e+00,0.000000000000000000e+00,-4.381034433106666959e-01,2.509756822515463170e-01,0.000000000000000000e+00
8.387038076515617391e+00,3.792420034000491658e+00,0.000000000000000000e+00,-5.276746603555234616e-01,1.287172117950498296e-01,0.000000000000000000e+00
8.213153849456896083e+00,4.025284048133883630e+00,0.000000000000000000e+00,-3.294372443691513386e-01,4.101201473476915882e-01,0.000000000000000000e+00
8.392857142868518139e+00,3.500000000000000444e+00,0.000000000000000000e+00,0.000000000000000000e+00,0.000000000000000000e+00,0.000000000000000000e+00
8.479233323977148018e+00,3.646210017000245607e+00,0.000000000000000000e+00,-4.076055610876861413e-01,2.840464188577601981e-02,0.000000000000000000e+00
8.571428571438683974e+00,3.500000000000000444e+00,0.000000000000000000e+00,0.000000000000000000e+00,0.000000000000000000e+00,0.000000000000000000e+00
6.989400439561126888e+00,4.178915345840964690e+00,0.000000000000000000e+00,6.860667114918381770e-01,2.862192345593795317e-01,0.000000000000000000e+00
7.139066147860040346e+00,4.175489512599055431e+00,0.000000000000000000e+00,6.310985700681694954e-01,4.813511509003602917e-01,0.000000000000000000e+00
7.218025740612730168e+00,4.316367308486546150e+00,0.000000000000000000e+00,4.219204323117577982e-01,6.034630023615529248e-01,0.000000000000000000e+00
7.053412347876803601e+00,4.314666368313800682e+00,0.000000000000000000e+00,4.059808836225089479e-01,3.884362678602316654e-01,0.000000000000000000e+00
7.964933788621907595e+00,4.172831076552967033e+00,0.000000000000000000e+00,-1.900040248733678161e-02,6.855161541152504645e-01,0.000000000000000000e+00
7.891650246299073856e+00,4.308956837011600705e+00,0.000000000000000000e+00,1.111275144323029124e-01,9.636362867330582338e-01,0.000000000000000000e+00
8.138520637328078067e+00,4.165712048083031860e+00,0.000000000000000000e+00,-1.715481757628019299e-01,6.379866735797008470e-01,0.000000000000000000e+00
8.063887425199260051e+00,4.306140048032179202e+00,0.000000000000000000e+00,-1.396517147552406302e-01,7.682043464358280227e-01,0.000000000000000000e+00
5.955190609713944205e+00,3.086666289534028884e+00,0.000000000000000000e+00,6.300162132045262764e-01,2.298909321819573859e-01,0.000000000000000000e+00
5.811423719292319490e+00,2.986099642727046977e+00,0.000000000000000000e+00,2.189248962958113276e-01,6.937058060261090953e-01,0.000000000000000000e+00
5.817723977587096584e+00,3.167009213332782291e+00,0.000000000000000000e+00,5.547094063151545296e-01,9.817763208115315443e-02,0.000000000000000000e+00
5.500000000000000000e+00,2.812500000000905054e+00,0.000000000000000000e+00,0.000000000000000000e+00,0.000000000000000000e+00,0.000000000000000000e+00
5.652561730498771198e+00,2.902595036060656497e+00,0.000000000000000000e+00,-1.299445350242104530e-02,6.706200140369422691e-01,0.000000000000000000e+00
5.658861988793548292e+00,3.083504606666391368e+00,0.000000000000000000e+00,-3.669106514973548283e-02,4.793623069738531250e-01,0.000000000000000000e+00
5.500000000000000000e+00,3.000000000000000000e+00,0.000000000000000000e+00,0.000000000000000000e+00,0.000000000000000000e+00,0.000000000000000000e+00
5.961856257853911600e+00,3.245079821069551951e+00,0.000000000000000000e+00,1.564210584949485838e+00,-3.653347771511197828e-01,0.000000000000000000e+00
6.113693841243776461e+00,3.490104490452569763e+00,0.000000000000000000e+00,2.746203399112207233e+00,-8.890312532321461569e-01,0.000000000000000000e+00
6.257216449220971199e+00,3.575431887059951741e+00,0.000000000000000000e+00,3.081683390358365582e+00,-1.094441576361048885e+00,0.000000000000000000e+00
6.248448927774423289e+00,3.755370137165826350e+00,0.000000000000000000e+00,2.706924661117036557e+00,-6.522453732981283725e-01,0.000000000000000000e+00
6.121399144366826306e+00,3.657058552098817916e+00,0.000000000000000000e+00,3.254422146884196287e+00,-1.043237348008077880e+00,0.000000000000000000e+00
5.835677958727532477e+00,3.341663844824347862e+00,0.000000000000000000e+00,1.698989993948582189e+00,-6.901706137949353836e-01,0.000000000000000000e+00
5.979810238994347493e+00,3.419734452561117077e+00,0.000000000000000000e+00,2.301058005913142246e+00,-7.709868099940905273e-01,0.000000000000000000e+00
5.987515542117398226e+00,3.586688514207365230e+00,0.000000000000000000e+00,2.791410128555322778e+00,-1.187720371955621523e+00,0.000000000000000000e+00
5.853631939867968370e+00,3.516318476315912989e+00,0.000000000000000000e+00,2.284854868924605764e+00,-1.229902214232737379e+00,0.000000000000000000e+00
6.678610342804939926e+00,4.154080870032984762e+00,0.000000000000000000e+00,9.572025884843505805e-01,-2.338002995698709174e-01,0.000000000000000000e+00
6.823157631689367619e+00,4.175167960171854986e+00,0.000000000000000000e+00,7.328876144883951227e-01,6.369461780861429556e-02,0.000000000000000000e+00
6.887169540005045221e+00,4.310918982644690090e+00,0.000000000000000000e+00,4.323400495064199101e-01,1.738027404087326422e-01,0.000000000000000000e+00
6.720926732133286841e+00,4.307171596975579497e+00,0.000000000000000000e+00,4.167860478564976989e-01,-7.254912943219091193e-02,0.000000000000000000e+00
6.504412043553584155e+00,4.122022430004554039e+00,0.000000000000000000e+00,1.071535913000228879e+00,-1.473179187457123174e-01,0.000000000000000000e+00
6.374014422406299119e+00,4.048368219575777971e+00,0.000000000000000000e+00,1.437325837946894946e+00,-2.082259167465226601e-01,0.000000000000000000e+00
6.546728432881931958e+00,4.275113156947149662e+00,0.000000000000000000e+00,5.773047677232622243e-01,-1.709413708059190351e-01,0.000000000000000000e+00
6.372530133630577076e+00,4.243054716918720715e+00,0.000000000000000000e+00,6.551220287139867260e-01,-1.453792567452611983e-01,0.000000000000000000e+00
6.115215512334849279e+00,3.836885724017908395e+00,0.000000000000000000e+00,2.591115518356917224e+00,-6.478161369970651950e-01,0.000000000000000000e+00
6.242265295742445375e+00,3.935197309084916828e+00,0.000000000000000000e+00,1.767040725222516873e+00,-2.829848729726728851e-01,0.000000000000000000e+00
6.240781006966725108e+00,4.129883806427859128e+00,0.000000000000000000e+00,1.203631879503945346e+00,-1.879597189759689146e-01,0.000000000000000000e+00
6.109031880302872253e+00,4.016712895936998429e+00,0.000000000000000000e+00,1.633892272775141929e+00,-7.498843903961568969e-02,0.000000000000000000e+00
7.468749921374694623e+00,4.462729879266044364e+00,0.000000000000000000e+00,3.193792413820821796e-01,9.189851533299149278e-01,0.000000000000000000e+00
7.637136888399808754e+00,4.459582567931909658e+00,0.000000000000000000e+00,2.990440928878405624e-01,1.045210513164373634e+00,0.000000000000000000e+00
7.554860709400733398e+00,4.607391509872797997e+00,0.000000000000000000e+00,3.201256825485873647e-01,9.937700372500318791e-01,0.000000000000000000e+00
7.813245402497281944e+00,4.455432689509933653e+00,0.000000000000000000e+00,2.679711798300543624e-01,1.182456821730055063e+00,0.000000000000000000e+00
7.985482581397470803e+00,4.452615900530513038e+00,0.000000000000000000e+00,8.354845638505946359e-02,1.064662525531006043e+00,0.000000000000000000e+00
7.730969223498206588e+00,4.603241631450822879e+00,0.000000000000000000e+00,2.977068115816704497e-01,1.142543374170073900e+00,0.000000000000000000e+00
7.907077737595678890e+00,4.599091753028845098e+00,0.000000000000000000e+00,2.748650962879931048e-01,1.260970137579216610e+00,0.000000000000000000e+00
7.135731552383363763e+00,4.460522225168496391e+00,0.000000000000000000e+00,2.479631396900546236e-01,4.609832425417091373e-01,0.000000000000000000e+00
7.300344945119290330e+00,4.462223165341242748e+00,0.000000000000000000e+00,3.070748746834761067e-01,6.645442870521067746e-01,0.000000000000000000e+00
7.386455733145329106e+00,4.606884795947996381e+00,0.000000000000000000e+00,2.476947847023533433e-01,7.712775703861710630e-01,0.000000000000000000e+00
7.218050756889923036e+00,4.606378082023192988e+00,0.000000000000000000e+00,1.461448588564486784e-01,4.820252402049111096e-01,0.000000000000000000e+00
8.392888894388832455e+00,4.026061835331560701e+00,0.000000000000000000e+00,-4.524984998797117464e-01,2.823423336856080157e-01,0.000000000000000000e+00
8.479831007918191332e+00,3.909629828264864493e+00,0.000000000000000000e+00,-5.356343129870394515e-01,2.320022043659986932e-01,0.000000000000000000e+00
8.572623939320767050e+00,4.026839622529237772e+00,0.000000000000000000e+00,-4.962369511869856864e-01,3.108302047705953641e-01,0.000000000000000000e+00
8.568194678372883288e+00,3.796382459039969959e+00,0.000000000000000000e+00,-6.995605981014677566e-01,1.491820366982647694e-01,0.000000000000000000e+00
8.660389925834415692e+00,3.650172442039723908e+00,0.000000000000000000e+00,-5.655330401534983675e-01,4.754960979121247017e-02,0.000000000000000000e+00
8.660987609775457230e+00,3.913592253304343238e+00,0.000000000000000000e+00,-6.882318859697518221e-01,2.293736988857865977e-01,0.000000000000000000e+00
8.749351280230149186e+00,3.800344884079448260e+00,0.000000000000000000e+00,-8.434945372582348666e-01,1.412168460326212460e-01,0.000000000000000000e+00
8.319771005335743652e+00,4.156806159137943268e+00,0.000000000000000000e+00,-3.125398509310667317e-01,3.834317221991381808e-01,0.000000000000000000e+00
8.245137793206925636e+00,4.297234159087091498e+00,0.000000000000000000e+00,-1.846347727221901436e-01,5.754838449773966857e-01,0.000000000000000000e+00
8.499506050267678248e+00,4.157583946335620340e+00,0.000000000000000000e+00,-3.791198573037667385e-01,3.043658181526341377e-01,0.000000000000000000e+00
8.426388161214589445e+00,4.288328270142002907e+00,0.000000000000000000e+00,-2.481255251169304510e-01,3.292708609101133721e-01,0.000000000000000000e+00
8.750000000008848033e+00,3.500000000000000444e+00,0.000000000000000000e+00,0.000000000000000000e+00,0.000000000000000000e+00,0.000000000000000000e+00
8.838961354404581527e+00,3.650172442039724352e+00,0.000000000000000000e+00,-6.682424905979886809e-01,4.644321561054663011e-02,0.000000000000000000e+00
8.928571428579013869e+00,3.500000000000000444e+00,0.000000000000000000e+00,0.000000000000000000e+00,0.000000000000000000e+00,0.000000000000000000e+00
6.799138287082095999e+00,4.455336756900704742e+00,0.000000000000000000e+00,2.363540734669653254e-01,3.360504550702587273e-02,0.000000000000000000e+00
6.965381094953853491e+00,4.459084142569814446e+00,0.000000000000000000e+00,2.346391088948164005e-01,2.993028720028620415e-01,0.000000000000000000e+00
7.047700299460414541e+00,4.604939999424511043e+00,0.000000000000000000e+00,8.606124607164439277e-02,3.473926743242314874e-01,0.000000000000000000e+00
6.877349842030905158e+00,4.603501916825829987e+00,0.000000000000000000e+00,-2.193518652169192118e-03,1.424990960815275265e-01,0.000000000000000000e+00
8.088310044496424212e+00,4.589820924033913840e+00,0.000000000000000000e+00,2.279093018482519772e-01,9.371673095788731755e-01,0.000000000000000000e+00
8.166714888298216124e+00,4.443345071535581781e+00,0.000000000000000000e+00,-6.807988266126495380e-02,6.578179242449653241e-01,0.000000000000000000e+00
8.347965256305879933e+00,4.434439182590493189e+00,0.000000000000000000e+00,-3.760746729030636781e-02,4.369997727320967806e-01,0.000000000000000000e+00
8.269542351397170421e+00,4.580550095038982583e+00,0.000000000000000000e+00,1.515293239028164263e-01,4.726855559562115894e-01,0.000000000000000000e+00
5.536180932027198409e+00,3.193186100252034976e+00,0.000000000000000000e+00,3.505763655903651466e-01,6.009139568398750297e-01,0.000000000000000000e+00
5.695042920820746701e+00,3.276690706918425899e+00,0.000000000000000000e+00,7.206256746545984804e-01,2.460044297157235049e-01,0.000000000000000000e+00
5.712996901961183482e+00,3.451345338409991470e+00,0.000000000000000000e+00,1.865058944748848146e+00,-5.247823242309032077e-01,0.000000000000000000e+00
5.572361864054396818e+00,3.386372200504069507e+00,0.000000000000000000e+00,8.964207790468647907e-01,6.795360317170099362e-01,0.000000000000000000e+00
5.333333333333333925e+00,3.000000000000000444e+00,0.000000000000000000e+00,0.000000000000000000e+00,0.000000000000000000e+00,0.000000000000000000e+00
5.442582153313652249e+00,3.342631785040137693e+00,0.000000000000000000e+00,7.271967724972298042e-01,4.581525730125518003e-01,0.000000000000000000e+00
5.406401221286452952e+00,3.149445684788102717e+00,0.000000000000000000e+00,3.922077413485542952e-01,1.344124388712888418e-01,0.000000000000000000e+00
5.239734554619786877e+00,3.149445684788102717e+00,0.000000000000000000e+00,3.759517468609980262e-01,1.095116988512898348e-01,0.000000000000000000e+00
5.166666666666666963e+00,3.000000000000000000e+00,0.000000000000000000e+00,0.000000000000000000e+00,0.000000000000000000e+00,0.000000000000000000e+00
5.312802442572906791e+00,3.298891369576204990e+00,0.000000000000000000e+00,5.656489870607092074e-01,1.618099502110030563e-01,0.000000000000000000e+00
5.872895641423328428e+00,3.676850449623333184e+00,0.000000000000000000e+00,2.986336709287659819e+00,-1.208106945416852929e+00,0.000000000000000000e+00
6.006779243672756508e+00,3.747220487514785425e+00,0.000000000000000000e+00,3.260661481547852514e+00,-1.463553372234069450e+00,0.000000000000000000e+00
6.000595611640779481e+00,3.927047659433875459e+00,0.000000000000000000e+00,2.713207384880033324e+00,-8.641850870102932847e-01,0.000000000000000000e+00
5.892159342978686709e+00,3.837382422930752490e+00,0.000000000000000000e+00,3.492672968893761443e+00,-1.213050423316647253e+00,0.000000000000000000e+00
5.597634572780187057e+00,3.531334896487732244e+00,0.000000000000000000e+00,2.459940524860860123e+00,3.484634275781413604e-01,0.000000000000000000e+00
5.738269610686973721e+00,3.596308034393654651e+00,0.000000000000000000e+00,2.935135111751497661e+00,-7.791006792126694558e-01,0.000000000000000000e+00
5.757533312242332002e+00,3.756840007701073958e+00,0.000000000000000000e+00,3.536310139763330529e+00,-7.773373534675326324e-01,0.000000000000000000e+00
5.622907281505976407e+00,3.676297592471394537e+00,0.000000000000000000e+00,3.408251980647233559e+00,-6.998983555727427905e-03,0.000000000000000000e+00
6.622965305396878222e+00,4.450375824602481600e+00,0.000000000000000000e+00,2.611925731987329580e-01,-4.930100287496191891e-02,0.000000000000000000e+00
6.448767006145523339e+00,4.418317384574050877e+00,0.000000000000000000e+00,3.677876796601474707e-01,-1.760186397990378127e-01,0.000000000000000000e+00
6.701176860345686492e+00,4.598540984527605957e+00,0.000000000000000000e+00,-2.774722930268236007e-02,-4.296033108977217324e-02,0.000000000000000000e+00
6.525003878660470491e+00,4.593580052229382815e+00,0.000000000000000000e+00,-9.025588717178567588e-02,-1.023367449703519727e-01,0.000000000000000000e+00
6.094331161933133068e+00,4.166382981671789665e+00,0.000000000000000000e+00,9.491940127831117735e-01,-4.081949101381047718e-01,0.000000000000000000e+00
6.226080288596985035e+00,4.279553892162649475e+00,0.000000000000000000e+00,2.458496984178252243e-01,-3.406880149509593503e-01,0.000000000000000000e+00
6.284872640542191746e+00,4.414105421806988616e+00,0.000000000000000000e+00,2.194087112670209672e-01,-5.995154076846727076e-01,0.000000000000000000e+00
6.361109513057137121e+00,4.589368089462319666e+00,0.000000000000000000e+00,-1.228014583354777589e-01,-5.015629490157886838e-01,0.000000000000000000e+00
6.138422795508599705e+00,4.450604597050919153e+00,0.000000000000000000e+00,-3.801367987634211854e-02,-6.933020444191569931e-01,0.000000000000000000e+00
6.079630443563392994e+00,4.316053067406579125e+00,0.000000000000000000e+00,-2.244721454882251666e-01,-5.010309451855634588e-01,0.000000000000000000e+00
6.197215147453804640e+00,4.585156126695257406e+00,0.000000000000000000e+00,-1.068642033758809701e-01,-7.392602963165153529e-01,0.000000000000000000e+00
5.852566424537209322e+00,4.015214658482518573e+00,0.000000000000000000e+00,2.109921608782823643e+00,-1.958808168368873837e+00,0.000000000000000000e+00
5.961002693199302982e+00,4.104879894985641542e+00,0.000000000000000000e+00,1.147812628547656866e+00,-1.121365002258036370e+00,0.000000000000000000e+00
5.946301974829562909e+00,4.254549980720431890e+00,0.000000000000000000e+00,2.300672319987104308e-02,-1.304268876467487015e+00,0.000000000000000000e+00
5.812973506095731047e+00,4.193046894034283767e+00,0.000000000000000000e+00,1.415632477994867022e-01,-1.820612951511423550e+00,0.000000000000000000e+00
7.473287023288463615e+00,4.755320950396326296e+00,0.000000000000000000e+00,1.823550557722436460e-01,7.947862905481770657e-01,0.000000000000000000e+00
7.304882047033057546e+00,4.754814236471522904e+00,0.000000000000000000e+00,1.432152939159346376e-02,5.013663522467334266e-01,0.000000000000000000e+00
7.648067232923313696e+00,4.752607293711180958e+00,0.000000000000000000e+00,2.598175512050164282e-01,1.094691087356725268e+00,0.000000000000000000e+00
7.824175747020786886e+00,4.748457415289204953e+00,0.000000000000000000e+00,2.502525162277378090e-01,1.237017052486323099e+00,0.000000000000000000e+00
7.566493546811043025e+00,4.900536734234708369e+00,0.000000000000000000e+00,6.814745235025597425e-02,9.020837369436451869e-01,0.000000000000000000e+00
7.391713337176192056e+00,4.903250390919852819e+00,0.000000000000000000e+00,-7.110284181948343940e-02,4.894908511354932323e-01,0.000000000000000000e+00
7.741273756445893994e+00,4.897823077549563919e+00,0.000000000000000000e+00,1.456613530617280050e-01,1.186856284313378307e+00,0.000000000000000000e+00
8.001192642494512342e+00,4.744748406980235700e+00,0.000000000000000000e+00,3.435659452740351671e-01,1.096937789916228034e+00,0.000000000000000000e+00
8.182424949395258551e+00,4.735477577985303554e+00,0.000000000000000000e+00,3.496359331326172604e-01,7.037052892258459647e-01,0.000000000000000000e+00
7.918290651919619449e+00,4.894114069240594667e+00,0.000000000000000000e+00,2.895862942664222950e-01,1.054741211773382537e+00,0.000000000000000000e+00
8.095307547393344905e+00,4.890405060931625414e+00,0.000000000000000000e+00,4.502702580143870814e-01,8.629850661964345582e-01,0.000000000000000000e+00
6.961778360493559248e+00,4.753184368584904007e+00,0.000000000000000000e+00,-1.956822715400549639e-01,1.394952728108625473e-01,0.000000000000000000e+00
7.132128817923069519e+00,4.754622451183585952e+00,0.000000000000000000e+00,-6.124385090553936817e-02,3.576487988453791456e-01,0.000000000000000000e+00
7.218960108066204029e+00,4.903058605631915867e+00,0.000000000000000000e+00,-1.617983990448593201e-01,3.627120646504785051e-01,0.000000000000000000e+00
7.046206878956214226e+00,4.902866820343978915e+00,0.000000000000000000e+00,-2.986348505634996986e-01,1.051489914642499413e-01,0.000000000000000000e+00
8.753698420855101858e+00,4.027292768801893352e+00,0.000000000000000000e+00,-4.955377815728863600e-01,9.484326408703500078e-02,0.000000000000000000e+00
8.842062091309792038e+00,3.914045399576998374e+00,0.000000000000000000e+00,-6.796480827477348052e-01,-2.482486003099524177e-02,0.000000000000000000e+00
8.674950329755134248e+00,4.157683822277450147e+00,0.000000000000000000e+00,-3.321997653012851437e-01,1.971078913151803336e-01,0.000000000000000000e+00
8.601832440702043669e+00,4.288428146083832715e+00,0.000000000000000000e+00,-2.132612002055112310e-01,2.003937228742715959e-01,0.000000000000000000e+00
8.856024811289467280e+00,4.158136968550104839e+00,0.000000000000000000e+00,-2.955169181994587446e-01,-1.346629460734478367e-01,0.000000000000000000e+00
8.934772902389436666e+00,4.027745915074548932e+00,0.000000000000000000e+00,-4.257727090817324256e-01,-2.344281652427371299e-01,0.000000000000000000e+00
8.777276720189496118e+00,4.288528022025660746e+00,0.000000000000000000e+00,-1.129996140925683679e-01,-5.712469614476124898e-03,0.000000000000000000e+00
8.927614126203355482e+00,3.797830253418963409e+00,0.000000000000000000e+00,-7.959410984625917562e-01,-8.549078107944363403e-02,0.000000000000000000e+00
9.017224200377786048e+00,3.647657811379239057e+00,0.000000000000000000e+00,-5.494589595315002573e-01,-5.482259634975623908e-02,0.000000000000000000e+00
9.020324937283000111e+00,3.911530768916513967e+00,0.000000000000000000e+00,-5.711714444864558482e-01,-2.330772484712208548e-01,0.000000000000000000e+00
9.105876972176563555e+00,3.795315622758478558e+00,0.000000000000000000e+00,-6.800530117721207413e-01,-1.984937739985215277e-01,0.000000000000000000e+00
8.526210390491481661e+00,4.430381215697708264e+00,0.000000000000000000e+00,-6.819216212582208947e-02,2.354317996625086007e-01,0.000000000000000000e+00
8.447787485582770373e+00,4.576492128146197658e+00,0.000000000000000000e+00,1.481949366281567759e-01,3.354562624226468670e-01,0.000000000000000000e+00
8.701654669978934109e+00,4.430481091639537183e+00,0.000000000000000000e+00,6.272517963408398437e-04,3.385315748922251757e-03,0.000000000000000000e+00
8.626032619768370324e+00,4.572434161253412732e+00,0.000000000000000000e+00,1.639071828341015502e-01,4.861925442290666172e-02,0.000000000000000000e+00
9.107142857149177928e+00,3.500000000000000444e+00,0.000000000000000000e+00,0.000000000000000000e+00,0.000000000000000000e+00,0.000000000000000000e+00
9.195795628947951883e+00,3.647657811379239501e+00,0.000000000000000000e+00,-4.395872972781263432e-01,-6.837085032616332936e-02,0.000000000000000000e+00
9.285714285719341987e+00,3.500000000000000444e+00,0.000000000000000000e+00,0.000000000000000000e+00,0.000000000000000000e+00,0.000000000000000000e+00
6.610709745205838317e+00,4.747956226246902389e+00,0.000000000000000000e+00,-3.148391431522138961e-01,-1.358491571853234492e-01,0.000000000000000000e+00
6.786882726891054318e+00,4.752917158545125531e+00,0.000000000000000000e+00,-2.858905436413532453e-01,2.762901976540945229e-03,0.000000000000000000e+00
6.871311245353709296e+00,4.902599610304200439e+00,0.000000000000000000e+00,-4.003600368349905514e-01,-6.491855702011459965e-04,0.000000000000000000e+00
6.696415611751204366e+00,4.902332400264421963e+00,0.000000000000000000e+00,-4.708421201194162853e-01,-1.191687092142288684e-01,0.000000000000000000e+00
8.361662495705848741e+00,4.732862080344478528e+00,0.000000000000000000e+00,2.594278948813173447e-01,4.040999044080529345e-01,0.000000000000000000e+00
8.274545093703935095e+00,4.887789563290799499e+00,0.000000000000000000e+00,4.354763074820603430e-01,6.074216155867999678e-01,0.000000000000000000e+00
8.539907629891448693e+00,4.728804113451693603e+00,0.000000000000000000e+00,3.020316020684566949e-01,1.590612116581973101e-01,0.000000000000000000e+00
8.453782640014527061e+00,4.885174065649974473e+00,0.000000000000000000e+00,4.176872913614485539e-01,2.345138290509549139e-01,0.000000000000000000e+00
5.449733703423419229e+00,3.523044375916099646e+00,0.000000000000000000e+00,1.655590409135260233e+00,7.178758304758633413e-01,0.000000000000000000e+00
5.319953992682674659e+00,3.479303960452167832e+00,0.000000000000000000e+00,1.579130770785508675e+00,3.351330909910334444e-01,0.000000000000000000e+00
5.475006412149209467e+00,3.668007071899761939e+00,0.000000000000000000e+00,2.875966173062483922e+00,4.328386904089689957e-01,0.000000000000000000e+00
5.327105542792440751e+00,3.659716551328129341e+00,0.000000000000000000e+00,2.225186699647518918e+00,2.684751598663821515e-01,0.000000000000000000e+00
5.076227742118372355e+00,3.129787158562312488e+00,0.000000000000000000e+00,4.904606104521185839e-01,2.149177066447454099e-01,0.000000000000000000e+00
5.149295630071492269e+00,3.279232843350415649e+00,0.000000000000000000e+00,6.318484211725032829e-01,4.234779920964548694e-01,0.000000000000000000e+00
4.985788817570077747e+00,3.259574317124624976e+00,0.000000000000000000e+00,7.846548551304002306e-01,4.476454868416387955e-01,0.000000000000000000e+00
5.000000000000000000e+00,3.000000000000000444e+00,0.000000000000000000e+00,0.000000000000000000e+00,0.000000000000000000e+00,0.000000000000000000e+00
4.909561075451705392e+00,3.129787158562312488e+00,0.000000000000000000e+00,6.208599126384097833e-01,1.146185969562348306e-01,0.000000000000000000e+00
4.833333333333333037e+00,3.000000000000000000e+00,0.000000000000000000e+00,0.000000000000000000e+00,0.000000000000000000e+00,0.000000000000000000e+00
5.215814055804727012e+00,3.392682305324922432e+00,0.000000000000000000e+00,1.170291790557223433e+00,5.958532835710539377e-01,0.000000000000000000e+00
5.222965605914493992e+00,3.573094896200884829e+00,0.000000000000000000e+00,1.905552480303415619e+00,7.156326781554684935e-01,0.000000000000000000e+00
5.052307243303312490e+00,3.373023779099132646e+00,0.000000000000000000e+00,1.265012963410865554e+00,6.754697616454984344e-01,0.000000000000000000e+00
5.118825669036546344e+00,3.486473241073639429e+00,0.000000000000000000e+00,1.575155613100420071e+00,9.083667853276842230e-01,0.000000000000000000e+00
5.696079671489343355e+00,3.918691211465376245e+00,0.000000000000000000e+00,2.261807816402690463e+00,-1.013000260505202199e+00,0.000000000000000000e+00
5.561453640752988647e+00,3.838148796235697269e+00,0.000000000000000000e+00,2.243899978558135277e+00,1.309902710715273311e-01,0.000000000000000000e+00
5.656486753047865079e+00,4.096523447017141883e+00,0.000000000000000000e+00,2.654822659405370322e-01,-1.204791014777863545e+00,0.000000000000000000e+00
5.500000000000000888e+00,4.000000000000000888e+00,0.000000000000000000e+00,0.000000000000000000e+00,0.000000000000000000e+00,0.000000000000000000e+00
5.413552771396220820e+00,3.829858275664064671e+00,0.000000000000000000e+00,1.530423863841133159e+00,-9.879752298725491544e-02,0.000000000000000000e+00
6.275422260077393233e+00,4.738042110343454461e+00,0.000000000000000000e+00,-4.157386814538600595e-01,-6.348726703191702736e-01,0.000000000000000000e+00
6.439316625680724826e+00,4.742254073110515833e+00,0.000000000000000000e+00,-4.367518935221119114e-01,-3.347760062722126562e-01,0.000000000000000000e+00
6.525022492226092652e+00,4.896630247128037183e+00,0.000000000000000000e+00,-5.565169422841486080e-01,-3.294916640190416746e-01,0.000000000000000000e+00
6.353629372700980049e+00,4.890928093991651515e+00,0.000000000000000000e+00,-6.303564152824731037e-01,-4.761969664307754146e-01,0.000000000000000000e+00
5.965992782198750177e+00,4.454008043862488719e+00,0.000000000000000000e+00,-3.680474544232159584e-01,-1.000865265380620706e+00,0.000000000000000000e+00
6.024785134143956000e+00,4.588559573506827860e+00,0.000000000000000000e+00,-1.710845207279252100e-01,-1.083922867583193339e+00,0.000000000000000000e+00
5.852355120834104696e+00,4.591963020318396538e+00,0.000000000000000000e+00,-2.079586313599486036e-01,-1.343119013362834346e+00,0.000000000000000000e+00
5.832664313464918315e+00,4.392504957176340596e+00,0.000000000000000000e+00,-2.309844893107217412e-01,-1.615148637963254918e+00,0.000000000000000000e+00
6.133549210339430680e+00,4.720399438856173191e+00,0.000000000000000000e+00,-4.171844913636879038e-01,-8.882943121689157451e-01,0.000000000000000000e+00
6.211756322963017496e+00,4.873285422504370246e+00,0.000000000000000000e+00,-6.126444756192463981e-01,-7.707803623188517195e-01,0.000000000000000000e+00
5.961119197029581152e+00,4.723802885667743645e+00,0.000000000000000000e+00,-4.430580621361022708e-01,-1.188654716296017488e+00,0.000000000000000000e+00
6.069883273225055831e+00,4.855642751017088976e+00,0.000000000000000000e+00,-5.951539851214924237e-01,-1.004164610527187085e+00,0.000000000000000000e+00
5.500000000000000000e+00,4.199999999999999289e+00,0.000000000000000000e+00,0.000000000000000000e+00,0.000000000000000000e+00,0.000000000000000000e+00
5.656486753047865967e+00,4.296523447017142061e+00,0.000000000000000000e+00,6.186780535418098977e-03,-1.225905335351502812e+00,0.000000000000000000e+00
5.676177560417052348e+00,4.495981510159198002e+00,0.000000000000000000e+00,-4.164012734586066550e-02,-9.701508412128012626e-01,0.000000000000000000e+00
5.500000000000000000e+00,4.399999999999998579e+00,0.000000000000000000e+00,0.000000000000000000e+00,0.000000000000000000e+00,0.000000000000000000e+00
7.652185216651620436e+00,5.048166391216276416e+00,0.000000000000000000e+00,-1.479294577509693565e-01,9.731998600476137185e-01,0.000000000000000000e+00
7.477405007016768579e+00,5.050880047901420866e+00,0.000000000000000000e+00,-2.997773357199682853e-01,5.609719582734419285e-01,0.000000000000000000e+00
7.563096676857345990e+00,5.198509704882988025e+00,0.000000000000000000e+00,-4.164854025804466953e-01,6.177536599521280536e-01,0.000000000000000000e+00
7.135633250333961897e+00,5.052390273925214004e+00,0.000000000000000000e+00,-4.252825307559428003e-01,1.480033299828109883e-01,0.000000000000000000e+00
7.308386479443950812e+00,5.052582059213150956e+00,0.000000000000000000e+00,-3.390982768325515595e-01,3.775625676316525237e-01,0.000000000000000000e+00
7.394078149284528223e+00,5.200211716194719003e+00,0.000000000000000000e+00,-4.788193911032593841e-01,4.324477214672663994e-01,0.000000000000000000e+00
7.225059621711708679e+00,5.201913727506449980e+00,0.000000000000000000e+00,-5.372160317834266952e-01,2.060990691297433786e-01,0.000000000000000000e+00
8.004382208236620500e+00,5.036640821233831389e+00,0.000000000000000000e+00,2.830832999362520863e-01,8.288268815057919792e-01,0.000000000000000000e+00
7.827365312762894156e+00,5.040349829542800641e+00,0.000000000000000000e+00,1.105644286273768095e-01,9.948824930021997748e-01,0.000000000000000000e+00
7.738276772968621486e+00,5.190693143209513138e+00,0.000000000000000000e+00,-1.135850089011567060e-01,7.572617231710490060e-01,0.000000000000000000e+00
7.913456869079894318e+00,5.182876581536037364e+00,0.000000000000000000e+00,1.309202836768986189e-01,7.657525687384678648e-01,0.000000000000000000e+00
8.365851047450684419e+00,5.037459347643268082e+00,0.000000000000000000e+00,4.386521472149139678e-01,3.884540708256098429e-01,0.000000000000000000e+00
8.186613501140094229e+00,5.040074845284093996e+00,0.000000000000000000e+00,3.929710916523755926e-01,7.255985996797382764e-01,0.000000000000000000e+00
8.095688161983368047e+00,5.186310605586299971e+00,0.000000000000000000e+00,2.733440740852146056e-01,6.618696680957707468e-01,0.000000000000000000e+00
8.277919454886841777e+00,5.189744629636561690e+00,0.000000000000000000e+00,4.501012917023383686e-01,4.887314032213649906e-01,0.000000000000000000e+00
6.786741475041221605e+00,5.045685666439389649e+00,0.000000000000000000e+00,-4.986431447314165211e-01,-9.207226609181838606e-02,0.000000000000000000e+00
6.961637108643725647e+00,5.045952876479168125e+00,0.000000000000000000e+00,-4.499517358422514546e-01,-1.377841728547503884e-02,0.000000000000000000e+00
7.051063480021474206e+00,5.195476330060404102e+00,0.000000000000000000e+00,-5.540837334082548971e-01,4.620880380874998333e-02,0.000000000000000000e+00
6.877067338331238844e+00,5.189038932614359112e+00,0.000000000000000000e+00,-5.499749489757498333e-01,-8.356063291825518990e-02,0.000000000000000000e+00
9.035064928737748247e+00,4.149450087310215807e+00,0.000000000000000000e+00,-3.026065068072411046e-01,-3.357359569055070603e-01,0.000000000000000000e+00
8.956316837637778860e+00,4.279841140785771714e+00,0.000000000000000000e+00,-1.419414148656372721e-01,-2.634790104632644403e-01,0.000000000000000000e+00
9.135356955086058051e+00,4.271154259545882681e+00,0.000000000000000000e+00,-1.600417558999638057e-01,-4.033184558160412547e-01,0.000000000000000000e+00
9.108903993434008584e+00,4.018061139437506313e+00,0.000000000000000000e+00,-3.728886782782831477e-01,-3.219943955719100637e-01,0.000000000000000000e+00
9.194456028327572028e+00,3.901845993279471347e+00,0.000000000000000000e+00,-5.053928990261871146e-01,-3.095228786150908129e-01,0.000000000000000000e+00
9.209196019782318388e+00,4.139765311673173187e+00,0.000000000000000000e+00,-2.593538877672071363e-01,-3.935008257657381381e-01,0.000000000000000000e+00
9.283035084478578725e+00,4.008376363800463693e+00,0.000000000000000000e+00,-3.311127676681042686e-01,-3.782627409107939820e-01,0.000000000000000000e+00
8.879978138840403545e+00,4.426091634587484336e+00,0.000000000000000000e+00,3.988888766040190464e-02,-1.430826562892728304e-01,0.000000000000000000e+00
8.804356088629839761e+00,4.568044704201360773e+00,0.000000000000000000e+00,1.548678612893755746e-01,-1.030286215064496330e-01,0.000000000000000000e+00
9.059018256288684512e+00,4.417404753347595303e+00,0.000000000000000000e+00,-2.476524672821656461e-02,-3.384247373838618622e-01,0.000000000000000000e+00
8.982679557491309197e+00,4.563655247149307925e+00,0.000000000000000000e+00,1.292525250938831027e-01,-2.073360213928136520e-01,0.000000000000000000e+00
9.279155223747528325e+00,3.781033391549406542e+00,0.000000000000000000e+00,-5.069628223481156271e-01,-1.834942868192100118e-01,0.000000000000000000e+00
9.369073880518916653e+00,3.633375580170167041e+00,0.000000000000000000e+00,-2.782218131390064575e-01,-4.149889195772672040e-02,0.000000000000000000e+00
9.367734279898536798e+00,3.887563762070399775e+00,0.000000000000000000e+00,-3.562727002806536647e-01,-2.684612226602544616e-01,0.000000000000000000e+00
9.452433475318493095e+00,3.766751160340334081e+00,0.000000000000000000e+00,-3.328688425792651340e-01,-1.399074897776647897e-01,0.000000000000000000e+00
8.632546330027018655e+00,4.881548853827073486e+00,0.000000000000000000e+00,4.010044192163162435e-01,7.382259936593510430e-02,0.000000000000000000e+00
8.718671319903940287e+00,4.725178901628792616e+00,0.000000000000000000e+00,2.733381734313005684e-01,-3.359985140042465873e-02,0.000000000000000000e+00
8.896994788765411499e+00,4.720789444576739768e+00,0.000000000000000000e+00,2.479471986335494982e-01,-1.461243585962946068e-01,0.000000000000000000e+00
8.811310020039512025e+00,4.877923642004172500e+00,0.000000000000000000e+00,3.454255835817647835e-01,-7.500411791089693636e-02,0.000000000000000000e+00
9.464285714289506046e+00,3.500000000000000444e+00,0.000000000000000000e+00,0.000000000000000000e+00,0.000000000000000000e+00,0.000000000000000000e+00
9.547645309089082488e+00,3.633375580170167485e+00,0.000000000000000000e+00,-1.864972647588199473e-01,-3.955259721506831222e-02,0.000000000000000000e+00
9.642857142859671882e+00,3.500000000000000444e+00,0.000000000000000000e+00,0.000000000000000000e+00,0.000000000000000000e+00,0.000000000000000000e+00
6.435740063199379080e+00,5.053119267046935370e+00,0.000000000000000000e+00,-5.453282957459523184e-01,-4.571627792917817290e-01,0.000000000000000000e+00
6.607133182724492571e+00,5.058821420183321038e+00,0.000000000000000000e+00,-5.145147407836675457e-01,-2.721352169272966415e-01,0.000000000000000000e+00
6.697459046014508921e+00,5.202174686358288724e+00,0.000000000000000000e+00,-5.677307709679837444e-01,-1.635606192189654473e-01,0.000000000000000000e+00
6.517850753697778998e+00,5.215310440102220113e+00,0.000000000000000000e+00,-5.234918333512841304e-01,-3.770241327667827602e-01,0.000000000000000000e+00
8.462720897469013792e+00,5.177595159093119292e+00,0.000000000000000000e+00,4.716972663474500171e-01,2.636689473047167942e-01,0.000000000000000000e+00
8.550652490032854658e+00,5.025309877099823908e+00,0.000000000000000000e+00,4.136022545171038622e-01,1.455308741489190205e-01,0.000000000000000000e+00
8.729416180045348028e+00,5.021684665276923809e+00,0.000000000000000000e+00,3.985683872858095667e-01,1.455354236186481159e-02,0.000000000000000000e+00
8.647522340051185807e+00,5.165445688549676007e+00,0.000000000000000000e+00,4.324797478914100268e-01,7.337382235178303846e-02,0.000000000000000000e+00
5.321428571428572063e+00,4.000000000000000000e+00,0.000000000000000000e+00,0.000000000000000000e+00,0.000000000000000000e+00,0.000000000000000000e+00
5.041873769481329148e+00,3.594977481256490748e+00,0.000000000000000000e+00,1.293405495631857915e+00,6.698523447367547012e-01,0.000000000000000000e+00
5.146013706359276796e+00,3.681599136383735704e+00,0.000000000000000000e+00,1.630385998965641958e+00,5.407747575378966109e-01,0.000000000000000000e+00
5.234981342824791994e+00,3.829858275664064671e+00,0.000000000000000000e+00,1.490251331081694497e+00,1.175583724729667157e-01,0.000000000000000000e+00
5.053889506391627151e+00,3.851740860719670589e+00,0.000000000000000000e+00,6.709393944728223591e-01,4.230002372918818115e-02,0.000000000000000000e+00
5.142857142857144126e+00,4.000000000000000888e+00,0.000000000000000000e+00,0.000000000000000000e+00,0.000000000000000000e+00,0.000000000000000000e+00
4.964921869926111953e+00,3.703481721439342067e+00,0.000000000000000000e+00,9.184039692632028906e-01,3.097231900179338027e-01,0.000000000000000000e+00
4.828120144477571429e+00,3.253386625552232125e+00,0.000000000000000000e+00,8.617206432163123653e-01,9.269026321656935463e-02,0.000000000000000000e+00
4.751892402359198186e+00,3.123599466989919193e+00,0.000000000000000000e+00,5.510658830541914632e-01,5.007754731004561422e-02,0.000000000000000000e+00
4.962375478753304314e+00,3.482304659309011008e+00,0.000000000000000000e+00,1.536099209992008552e+00,4.552115292869550744e-01,0.000000000000000000e+00
4.895857053020069571e+00,3.368855197334503337e+00,0.000000000000000000e+00,1.119724417534985417e+00,3.160844388060226606e-01,0.000000000000000000e+00
4.738188379927562366e+00,3.362667505762110487e+00,0.000000000000000000e+00,1.106049094097556695e+00,6.064475561347062310e-02,0.000000000000000000e+00
4.670451471385063336e+00,3.247198933979837943e+00,0.000000000000000000e+00,8.087026248525458483e-01,1.067393375273675837e-01,0.000000000000000000e+00
4.805925288470062284e+00,3.478136077544382587e+00,0.000000000000000000e+00,1.341108110535770059e+00,1.394456002976440512e-01,0.000000000000000000e+00
4.666666666666666963e+00,3.000000000000000444e+00,0.000000000000000000e+00,0.000000000000000000e+00,0.000000000000000000e+00,0.000000000000000000e+00
4.585225735692532112e+00,3.123599466989919193e+00,0.000000000000000000e+00,5.120874639686280316e-01,5.750771283739770923e-02,0.000000000000000000e+00
4.500000000000000000e+00,3.000000000000000000e+00,0.000000000000000000e+00,0.000000000000000000e+00,0.000000000000000000e+00,0.000000000000000000e+00
4.885423579198086230e+00,3.590808899491861439e+00,0.000000000000000000e+00,1.146465415024640055e+00,2.135945414514747176e-01,0.000000000000000000e+00
6.105170382086232195e+00,5.028437032099460247e+00,0.000000000000000000e+00,-4.976458512644224008e-01,-8.829438177390508402e-01,0.000000000000000000e+00
6.247043431824193860e+00,5.046079703586740628e+00,0.000000000000000000e+00,-5.702453579049447940e-01,-6.022376041502430777e-01,0.000000000000000000e+00
6.329154122322593778e+00,5.208270876642025371e+00,0.000000000000000000e+00,-5.192324854702313752e-01,-5.471767266660917395e-01,0.000000000000000000e+00
6.140457490947409447e+00,5.201231313181831517e+00,0.000000000000000000e+00,-5.082942171867309566e-01,-6.874691595638787733e-01,0.000000000000000000e+00
5.500000000000000000e+00,4.599999999999999645e+00,0.000000000000000000e+00,0.000000000000000000e+00,0.000000000000000000e+00,0.000000000000000000e+00
5.676177560417052348e+00,4.695981510159198180e+00,0.000000000000000000e+00,-8.999077780593033038e-02,-8.936230000211607960e-01,0.000000000000000000e+00
5.937821253707020297e+00,4.932288975957698440e+00,0.000000000000000000e+00,-3.971944777791863168e-01,-8.952742082099636178e-01,0.000000000000000000e+00
5.829057177511544729e+00,4.800449110608351333e+00,0.000000000000000000e+00,-2.996471688059129668e-01,-1.053262984454806039e+00,0.000000000000000000e+00
5.652879617094491493e+00,4.904467600449152087e+00,0.000000000000000000e+00,-3.827991080135360880e-02,-5.323017087203046893e-01,0.000000000000000000e+00
5.500000000000000000e+00,4.799999999999998934e+00,0.000000000000000000e+00,0.000000000000000000e+00,0.000000000000000000e+00,0.000000000000000000e+00
5.805759234188983875e+00,5.008935200898306128e+00,0.000000000000000000e+00,-1.444194479296882494e-01,-7.247391840630461601e-01,0.000000000000000000e+00
5.973108362568197549e+00,5.105083257040068823e+00,0.000000000000000000e+00,-3.186395599844872306e-01,-7.172322758197406944e-01,0.000000000000000000e+00
7.309085476396129266e+00,5.340298649037706014e+00,0.000000000000000000e+00,-5.419393271969696890e-01,2.657026269277652508e-01,0.000000000000000000e+00
7.478104003968947922e+00,5.338596637725975924e+00,0.000000000000000000e+00,-4.901426521020161298e-01,4.716122868174392191e-01,0.000000000000000000e+00
7.654296209722555311e+00,5.330067021291752916e+00,0.000000000000000000e+00,-3.377490318396645930e-01,4.955940042658423805e-01,0.000000000000000000e+00
7.829476305833830807e+00,5.322250459618278029e+00,0.000000000000000000e+00,-9.158488404144204953e-02,6.029365069507565122e-01,0.000000000000000000e+00
7.569303536834157242e+00,5.470153954134740815e+00,0.000000000000000000e+00,-3.919305647105091883e-01,3.621440790687976419e-01,0.000000000000000000e+00
7.393111331080549853e+00,5.478683570568962935e+00,0.000000000000000000e+00,-5.393101947971332688e-01,3.186777256174959660e-01,0.000000000000000000e+00
7.745495742587765520e+00,5.461624337700518694e+00,0.000000000000000000e+00,-2.379138073944434273e-01,3.735262658252287427e-01,0.000000000000000000e+00
6.960237807484039863e+00,5.324669760113107664e+00,0.000000000000000000e+00,-5.425648109182958923e-01,-1.841543616379177212e-02,0.000000000000000000e+00
7.134233949174273448e+00,5.331107157559152654e+00,0.000000000000000000e+00,-5.607165417368682458e-01,1.148366101979278048e-01,0.000000000000000000e+00
7.218259803858694923e+00,5.469492079090409575e+00,0.000000000000000000e+00,-5.692636982063208340e-01,1.633517189439409045e-01,0.000000000000000000e+00
7.043408276636839105e+00,5.460300587611856216e+00,0.000000000000000000e+00,-5.540204265348142032e-01,8.138457120382229515e-02,0.000000000000000000e+00
8.008187363968771066e+00,5.311842630475147153e+00,0.000000000000000000e+00,1.289343050990073847e-01,5.968013679535715266e-01,0.000000000000000000e+00
8.190418656872246572e+00,5.315276654525409761e+00,0.000000000000000000e+00,3.167839894937484746e-01,4.433921262014031139e-01,0.000000000000000000e+00
7.924206800722705779e+00,5.451216508557386931e+00,0.000000000000000000e+00,-1.925509717264816886e-02,4.375727659671406755e-01,0.000000000000000000e+00
8.102917858857646038e+00,5.440808679414256055e+00,0.000000000000000000e+00,1.839547257206305964e-01,3.797692878995138077e-01,0.000000000000000000e+00
8.379525824879282325e+00,5.317051216965506200e+00,0.000000000000000000e+00,4.399923093395277651e-01,3.422674685418621299e-01,0.000000000000000000e+00
8.564327267461454340e+00,5.304901746422062914e+00,0.000000000000000000e+00,4.360884455219309896e-01,1.625717048128781095e-01,0.000000000000000000e+00
8.292025026864685344e+00,5.442583241854353382e+00,0.000000000000000000e+00,3.142674033823314450e-01,3.003100759069382009e-01,0.000000000000000000e+00
8.481132194871721097e+00,5.444357804294448933e+00,0.000000000000000000e+00,4.134213778598490041e-01,2.236145924679158181e-01,0.000000000000000000e+00
6.599564536741512555e+00,5.333202395402333096e+00,0.000000000000000000e+00,-5.150673664685188058e-01,-2.319172993174375141e-01,0.000000000000000000e+00
6.779172829058241589e+00,5.320066641658401707e+00,0.000000000000000000e+00,-5.306856662049980189e-01,-1.196628885371567308e-01,0.000000000000000000e+00
6.862343298211042608e+00,5.455697469157151147e+00,0.000000000000000000e+00,-5.156409742206401470e-01,-8.109535785541353847e-02,0.000000000000000000e+00
6.681278319785245223e+00,5.451094350702444302e+00,0.000000000000000000e+00,-5.081205137175414110e-01,-1.368683872293980364e-01,0.000000000000000000e+00
9.355737302306412317e+00,4.131118872961413224e+00,0.000000000000000000e+00,-2.271098655375347053e-01,-4.391993142306104825e-01,0.000000000000000000e+00
9.281898237610150204e+00,4.262507820834121830e+00,0.000000000000000000e+00,-1.485998233763454190e-01,-4.417340752524616110e-01,0.000000000000000000e+00
9.252300843418534981e+00,4.417541297981307125e+00,0.000000000000000000e+00,-9.381504808797648531e-02,-4.451902001857889757e-01,0.000000000000000000e+00
9.175962144621159666e+00,4.563791791783018859e+00,0.000000000000000000e+00,-3.013042376154509774e-02,-3.239578992527951673e-01,0.000000000000000000e+00
9.398842125942625358e+00,4.408894859269546274e+00,0.000000000000000000e+00,-1.027504001096750802e-01,-4.648734163237883688e-01,0.000000000000000000e+00
9.428439520134240581e+00,4.253861382122360979e+00,0.000000000000000000e+00,-1.477921753147448114e-01,-4.694001082837055416e-01,0.000000000000000000e+00
9.369244731751010136e+00,4.563928336416730680e+00,0.000000000000000000e+00,-1.893363862643264173e-01,-4.375887259733115542e-01,0.000000000000000000e+00
9.470799584072016941e+00,4.021872311147114409e+00,0.000000000000000000e+00,-2.062618675497339404e-01,-3.526302092823164758e-01,0.000000000000000000e+00
9.555498779491973238e+00,3.901059709417049604e+00,0.000000000000000000e+00,-1.974483377464401612e-01,-2.483933798732212983e-01,0.000000000000000000e+00
9.543501801899846981e+00,4.144614820308063052e+00,0.000000000000000000e+00,-1.365953734871856451e-01,-3.920621481624543270e-01,0.000000000000000000e+00
9.658564083665455158e+00,4.035368258493765126e+00,0.000000000000000000e+00,-1.009495801772022083e-01,-2.967720073070223008e-01,0.000000000000000000e+00
8.984191518009424726e+00,4.877580136581122439e+00,0.000000000000000000e+00,2.775718583873674761e-01,-8.791275874419834935e-02,0.000000000000000000e+00
9.069876286735325976e+00,4.720445939153690595e+00,0.000000000000000000e+00,1.742215859493320695e-01,-1.260374953415989152e-01,0.000000000000000000e+00
9.263158873865174670e+00,4.720582483787401529e+00,0.000000000000000000e+00,-4.505597843979522628e-03,-2.377430298052017055e-01,0.000000000000000000e+00
9.157073015979339203e+00,4.877236631158072377e+00,0.000000000000000000e+00,2.101943682174017003e-01,-2.785069293533517371e-02,0.000000000000000000e+00
9.595493379164931724e+00,3.764098938664816707e+00,0.000000000000000000e+00,-2.062046052393740059e-01,-1.332723928910413136e-01,0.000000000000000000e+00
9.690705212935519341e+00,3.630723358494650110e+00,0.000000000000000000e+00,-1.070999849786241770e-01,-3.449194229080996404e-02,0.000000000000000000e+00
9.698558683338411868e+00,3.898407487741532229e+00,0.000000000000000000e+00,-1.028959668813369949e-01,-2.053376075932596689e-01,0.000000000000000000e+00
9.738553283011366801e+00,3.761446716989299777e+00,0.000000000000000000e+00,-9.853042081081588022e-02,-1.110668736996840295e-01,0.000000000000000000e+00
8.825792114598431937e+00,5.164823262772435086e+00,0.000000000000000000e+00,4.096380111290924275e-01,-1.706764295745415725e-03,0.000000000000000000e+00
8.907685954592594157e+00,5.021062239499682889e+00,0.000000000000000000e+00,3.453960246860716676e-01,-4.660722815659925494e-02,0.000000000000000000e+00
9.080567452562510411e+00,5.020718734076632828e+00,0.000000000000000000e+00,2.831900905316181438e-01,-1.555727093535607883e-02,0.000000000000000000e+00
9.004061889145681619e+00,5.164200836995194166e+00,0.000000000000000000e+00,3.706180257819176038e-01,-2.373274335680556301e-04,0.000000000000000000e+00
9.821428571429835941e+00,3.500000000000000444e+00,0.000000000000000000e+00,0.000000000000000000e+00,0.000000000000000000e+00,0.000000000000000000e+00
1.000000000000000178e+01,3.500000000000000444e+00,0.000000000000000000e+00,0.000000000000000000e+00,0.000000000000000000e+00,0.000000000000000000e+00
9.869276641505685177e+00,3.630723358494650110e+00,0.000000000000000000e+00,-2.898636880522991593e-02,-2.979932954483347288e-02,0.000000000000000000e+00
6.245209855014238087e+00,5.314233564704122337e+00,0.000000000000000000e+00,-4.823453251813324960e-01,-6.067958112455911213e-01,0.000000000000000000e+00
6.433906486389423307e+00,5.321273128164316191e+00,0.000000000000000000e+00,-4.556819858068053009e-01,-4.652213689688202702e-01,0.000000000000000000e+00
6.515620269433156864e+00,5.439165083464429173e+00,0.000000000000000000e+00,-4.701030505671294768e-01,-2.952314005959588705e-01,0.000000000000000000e+00
6.349962219081066728e+00,5.427235816226413156e+00,0.000000000000000000e+00,-3.958576636637987645e-01,-5.610509158588236067e-01,0.000000000000000000e+00
8.663734097278332769e+00,5.442210344008049816e+00,0.000000000000000000e+00,4.392755270266371359e-01,7.471696460101261150e-02,0.000000000000000000e+00
8.746929169868064236e+00,5.302754286135662909e+00,0.000000000000000000e+00,4.234701778120338322e-01,2.855529224895402354e-02,0.000000000000000000e+00
8.925198944415310365e+00,5.302131860358421989e+00,0.000000000000000000e+00,3.985330112087098198e-01,1.191481354707899128e-02,0.000000000000000000e+00
8.846335999684940887e+00,5.440062883721648923e+00,0.000000000000000000e+00,4.267011020586227721e-01,1.730596491718829760e-02,0.000000000000000000e+00
4.964285714285715301e+00,4.000000000000000000e+00,0.000000000000000000e+00,0.000000000000000000e+00,0.000000000000000000e+00,0.000000000000000000e+00
4.875318077820198326e+00,3.851740860719671034e+00,0.000000000000000000e+00,3.355504349305257761e-01,8.359028777874984162e-02,0.000000000000000000e+00
4.785714285714286476e+00,4.000000000000000888e+00,0.000000000000000000e+00,2.810935245377205849e+00,7.016961802172368146e-02,0.000000000000000000e+00
4.690472407483142092e+00,3.592314167064663000e+00,0.000000000000000000e+00,9.960622801536872517e-01,1.913569819818759440e-02,0.000000000000000000e+00
4.769970698211166926e+00,3.704986989012142296e+00,0.000000000000000000e+00,6.809556186649594611e-01,4.229148053642660388e-02,0.000000000000000000e+00
4.680366906105254188e+00,3.853246128292471262e+00,0.000000000000000000e+00,1.473589290494669857e-01,-7.557562181132028434e-02,0.000000000000000000e+00
4.575019526496222788e+00,3.706492256584942968e+00,0.000000000000000000e+00,4.485921651558416601e-01,-8.312331543975778891e-02,0.000000000000000000e+00
4.604940697706882524e+00,3.343949056785492147e+00,0.000000000000000000e+00,9.450166135420369207e-01,3.582496799527937204e-01,0.000000000000000000e+00
4.672677606249381554e+00,3.459417628567764247e+00,0.000000000000000000e+00,1.244280307870194280e+00,1.318159540293331322e-01,0.000000000000000000e+00
4.539429924028700825e+00,3.440699179591146351e+00,0.000000000000000000e+00,1.007462415912869558e+00,5.445869919727284181e-01,0.000000000000000000e+00
4.442415591699932165e+00,3.128073773051045059e+00,0.000000000000000000e+00,7.606152503265990461e-01,5.365533960582470341e-01,0.000000000000000000e+00
4.527641327392464277e+00,3.251673240040963808e+00,0.000000000000000000e+00,1.010810487424058213e+00,4.827832713406292053e-01,0.000000000000000000e+00
4.462130553714283465e+00,3.348423362846618012e+00,0.000000000000000000e+00,9.969711145219778414e-01,7.666187005881098804e-01,0.000000000000000000e+00
4.384831183399864329e+00,3.256147546102088786e+00,0.000000000000000000e+00,1.100145958928258727e+00,8.332979490442762316e-01,0.000000000000000000e+00
4.557224725262462250e+00,3.573595718088045103e+00,0.000000000000000000e+00,7.984614566916128364e-01,2.371986688487170980e-01,0.000000000000000000e+00
4.500000000000000000e+00,2.875000000000000444e+00,0.000000000000000000e+00,0.000000000000000000e+00,0.000000000000000000e+00,0.000000000000000000e+00
4.358840003652717954e+00,3.010759827642945474e+00,0.000000000000000000e+00,2.935436767491060306e-01,8.537075990771787470e-01,0.000000000000000000e+00
4.301255595352650118e+00,3.138833600693989645e+00,0.000000000000000000e+00,7.793969583879017948e-01,1.130818623106923049e+00,0.000000000000000000e+00
4.406920138930201958e+00,2.915635730526217273e+00,0.000000000000000000e+00,-1.960896774736848452e-02,4.222051853033277347e-01,0.000000000000000000e+00
4.265760142582918135e+00,2.926395558169162747e+00,0.000000000000000000e+00,2.541802329176409692e-01,1.046017683233362527e+00,0.000000000000000000e+00
4.406920138930201958e+00,2.790635730526217273e+00,0.000000000000000000e+00,-2.405558019065708042e-02,4.535781602798470424e-01,0.000000000000000000e+00
4.500000000000000000e+00,2.750000000000000000e+00,0.000000000000000000e+00,0.000000000000000000e+00,0.000000000000000000e+00,0.000000000000000000e+00
4.313840277860402139e+00,2.831271461052434546e+00,0.000000000000000000e+00,-7.130078057622267484e-02,7.082110014119247232e-01,0.000000000000000000e+00
4.217680007305434131e+00,3.021519655285890060e+00,0.000000000000000000e+00,4.737548326183790293e-01,1.263029832893331150e+00,0.000000000000000000e+00
5.803353457442058883e+00,5.201630483465335075e+00,0.000000000000000000e+00,-1.951688226170533169e-01,-5.343137340600192520e-01,0.000000000000000000e+00
5.970702585821270780e+00,5.297778539607096882e+00,0.000000000000000000e+00,-3.806861288037051705e-01,-5.263211573912003338e-01,0.000000000000000000e+00
6.219786958068089788e+00,5.530117103223020081e+00,0.000000000000000000e+00,-2.907180461504961233e-01,-5.660097251010084429e-01,0.000000000000000000e+00
6.115034594001262036e+00,5.417114851700729261e+00,0.000000000000000000e+00,-3.686352955650818441e-01,-5.890923398745938622e-01,0.000000000000000000e+00
5.945279688875123369e+00,5.513662078125994626e+00,0.000000000000000000e+00,-1.981157287104490516e-01,-3.540052107475400445e-01,0.000000000000000000e+00
5.800947680695133002e+00,5.394325766032363134e+00,0.000000000000000000e+00,-1.858965538064300538e-01,-3.040867626622674735e-01,0.000000000000000000e+00
6.089611697055111961e+00,5.632998390219625229e+00,0.000000000000000000e+00,-1.542155326335816756e-01,-4.597373653392571313e-01,0.000000000000000000e+00
5.500000000000000000e+00,5.000000000000000000e+00,0.000000000000000000e+00,0.000000000000000000e+00,0.000000000000000000e+00,0.000000000000000000e+00
5.652879617094492382e+00,5.104467600449153153e+00,0.000000000000000000e+00,-5.240589329190063761e-02,-4.498415754204090899e-01,0.000000000000000000e+00
5.500000000000000000e+00,5.199999999999999289e+00,0.000000000000000000e+00,0.000000000000000000e+00,0.000000000000000000e+00,0.000000000000000000e+00
5.650473840347566501e+00,5.297162883016181212e+00,0.000000000000000000e+00,-4.729886062266929619e-02,-2.809811479928496780e-01,0.000000000000000000e+00
7.482581509207630432e+00,5.612971462927855093e+00,0.000000000000000000e+00,-4.491396819125376694e-01,2.289618207378741332e-01,0.000000000000000000e+00
7.658773714961236934e+00,5.604441846493632085e+00,0.000000000000000000e+00,-3.083043463016932328e-01,2.420935023215881055e-01,0.000000000000000000e+00
7.572051687334709236e+00,5.747259355286746363e+00,0.000000000000000000e+00,-3.396595434723307383e-01,1.217910056840675187e-01,0.000000000000000000e+00
7.123940257496511386e+00,5.597544064137935038e+00,0.000000000000000000e+00,-5.895867424944619684e-01,1.083342270629280707e-01,0.000000000000000000e+00
7.298791784718366316e+00,5.606735555616487510e+00,0.000000000000000000e+00,-5.754463246079005723e-01,1.974198905945293014e-01,0.000000000000000000e+00
7.388261962845446895e+00,5.741023447975379668e+00,0.000000000000000000e+00,-4.780874145961670485e-01,1.212274630570451678e-01,0.000000000000000000e+00
7.204472238356182778e+00,5.734787540664012084e+00,0.000000000000000000e+00,-5.950455728252014298e-01,1.016939345646728360e-01,0.000000000000000000e+00
8.015335068375909700e+00,5.582262222607292657e+00,0.000000000000000000e+00,2.942222944084719322e-02,2.719078976927304936e-01,0.000000000000000000e+00
7.836624010240969440e+00,5.592670051750423532e+00,0.000000000000000000e+00,-1.639371156322918521e-01,2.594252540599035206e-01,0.000000000000000000e+00
7.749901982614441742e+00,5.735487560543537811e+00,0.000000000000000000e+00,-2.209619046354003302e-01,1.375371276268048948e-01,0.000000000000000000e+00
7.927752277894172472e+00,5.723715765800327482e+00,0.000000000000000000e+00,-8.972337308548586354e-02,1.384095662978155061e-01,0.000000000000000000e+00
6.762270227435129399e+00,5.586788040609479644e+00,0.000000000000000000e+00,-5.626722777934786146e-01,-1.385770716001019642e-01,0.000000000000000000e+00
6.943335205860926784e+00,5.591391159064185601e+00,0.000000000000000000e+00,-6.155103409704287820e-01,2.323316485583035856e-02,0.000000000000000000e+00
7.023867186720598177e+00,5.728634635590263535e+00,0.000000000000000000e+00,-6.576946946595555454e-01,3.843745614508028985e-02,0.000000000000000000e+00
6.843262135085011799e+00,5.722481730516513210e+00,0.000000000000000000e+00,-6.951265918034092994e-01,-3.662587792229088368e-02,0.000000000000000000e+00
8.390370887734000860e+00,5.579238432900107014e+00,0.000000000000000000e+00,2.944252061031680245e-01,1.809276430947319991e-01,0.000000000000000000e+00
8.201263719726963330e+00,5.577463870460009687e+00,0.000000000000000000e+00,1.838145524217213722e-01,2.366954199655606217e-01,0.000000000000000000e+00
8.113680929245225215e+00,5.718917413653045401e+00,0.000000000000000000e+00,4.965617112341492306e-02,1.395682403412467076e-01,0.000000000000000000e+00
8.299609580596275293e+00,5.714119061505762431e+00,0.000000000000000000e+00,1.636976268558263115e-01,1.216149367282127886e-01,0.000000000000000000e+00
8.764204599036238719e+00,5.572418126025404206e+00,0.000000000000000000e+00,3.776799929843214221e-01,3.728944141850099037e-02,0.000000000000000000e+00
8.581602696629628824e+00,5.574565586311804211e+00,0.000000000000000000e+00,3.808769453906787339e-01,1.101970459904668964e-01,0.000000000000000000e+00
8.490841389491905034e+00,5.709446214917461404e+00,0.000000000000000000e+00,2.521356019107072743e-01,8.078241353353034226e-02,0.000000000000000000e+00
8.682073198387532997e+00,5.704773368329157712e+00,0.000000000000000000e+00,3.046163754616610375e-01,5.168710418276637603e-02,0.000000000000000000e+00
6.411817026260083985e+00,5.563386507864746200e+00,0.000000000000000000e+00,-4.514748341712238044e-01,-3.887649361403001103e-01,0.000000000000000000e+00
6.577475076612173233e+00,5.575315775102762217e+00,0.000000000000000000e+00,-5.790840187561396846e-01,-1.256772718865836469e-01,0.000000000000000000e+00
6.658466984262056521e+00,5.711009465009796671e+00,0.000000000000000000e+00,-6.649853212146935588e-01,-1.266737007761696843e-01,0.000000000000000000e+00
6.473671833439099466e+00,5.699537199503077467e+00,0.000000000000000000e+00,-6.497822045866719076e-01,-8.132753549072835320e-02,0.000000000000000000e+00
9.562218132912178703e+00,4.322170537238665844e+00,0.000000000000000000e+00,-1.062313340733367362e-01,-4.496181253500700636e-01,0.000000000000000000e+00
9.532620738720559928e+00,4.477204014385850250e+00,0.000000000000000000e+00,-1.254396107881724232e-01,-4.696088330523408572e-01,0.000000000000000000e+00
9.695996745690111496e+00,4.390479692354969821e+00,0.000000000000000000e+00,-6.592976406810964474e-02,-4.384114052207937484e-01,0.000000000000000000e+00
9.677280414677783327e+00,4.212923975424367029e+00,0.000000000000000000e+00,-7.535249798866194837e-02,-3.757075858701202642e-01,0.000000000000000000e+00
9.306615534281888813e+00,4.890087305207366342e+00,0.000000000000000000e+00,2.175651027316592157e-01,-3.209854767303129686e-01,0.000000000000000000e+00
9.412701392167722503e+00,4.733433157836695493e+00,0.000000000000000000e+00,1.260528057197279200e-02,-5.141943744555339535e-01,0.000000000000000000e+00
9.696642752150074429e+00,4.567030625787141140e+00,0.000000000000000000e+00,-3.072729658101446340e-02,-5.051406398073300386e-01,0.000000000000000000e+00
9.533266745180522861e+00,4.653754947818020682e+00,0.000000000000000000e+00,-6.009594588058194548e-02,-5.676259615799418290e-01,0.000000000000000000e+00
9.576723405597237004e+00,4.823259769237986383e+00,0.000000000000000000e+00,9.067985735245610857e-02,-5.563110575976297767e-01,0.000000000000000000e+00
9.456158052584436646e+00,4.902937979256660306e+00,0.000000000000000000e+00,1.903221361354786589e-01,-5.243689302171724576e-01,0.000000000000000000e+00
9.697288758610037362e+00,4.743581559219312460e+00,0.000000000000000000e+00,7.689694932847535719e-03,-5.446073048421428142e-01,0.000000000000000000e+00
1.000000000000000000e+01,4.035714285714286476e+00,0.000000000000000000e+00,0.000000000000000000e+00,0.000000000000000000e+00,0.000000000000000000e+00
9.869276641505685177e+00,3.809294787066078936e+00,0.000000000000000000e+00,-2.392496330969405213e-02,-1.026658896159703405e-01,0.000000000000000000e+00
9.829282041832726691e+00,3.946255557818310944e+00,0.000000000000000000e+00,-2.982039846045993550e-02,-1.799648789591164477e-01,0.000000000000000000e+00
9.829282041832726691e+00,4.124826986389740213e+00,0.000000000000000000e+00,-2.472168381599252132e-02,-2.337608085781639200e-01,0.000000000000000000e+00
9.847998372845056636e+00,4.302382703320342117e+00,0.000000000000000000e+00,-1.997261355809093475e-02,-2.629063835949890238e-01,0.000000000000000000e+00
1.000000000000000178e+01,3.857142857142858094e+00,0.000000000000000000e+00,0.000000000000000000e+00,0.000000000000000000e+00,0.000000000000000000e+00
1.000000000000000178e+01,4.214285714285715301e+00,0.000000000000000000e+00,0.000000000000000000e+00,0.000000000000000000e+00,0.000000000000000000e+00
9.188453728764077511e+00,5.192930157950369718e+00,0.000000000000000000e+00,4.042357137765827946e-01,-1.429710753925184930e-01,0.000000000000000000e+00
9.264959292180908079e+00,5.049448055031809268e+00,0.000000000000000000e+00,3.315474790466581001e-01,-2.190601251903107061e-01,0.000000000000000000e+00
9.414501810483455913e+00,5.062298729081103232e+00,0.000000000000000000e+00,2.969833713054200186e-01,-4.301597630911174197e-01,0.000000000000000000e+00
9.372845568382473402e+00,5.221659478905545271e+00,0.000000000000000000e+00,3.727570840551643339e-01,-3.245346704584716191e-01,0.000000000000000000e+00
1.000000000000000000e+01,3.678571428571428825e+00,0.000000000000000000e+00,0.000000000000000000e+00,0.000000000000000000e+00,0.000000000000000000e+00
8.994782151811630655e+00,5.437306309863356724e+00,0.000000000000000000e+00,4.325958462211406119e-01,-3.404604415426046304e-02,0.000000000000000000e+00
9.073645096541998356e+00,5.299375286500128013e+00,0.000000000000000000e+00,4.090246619050922350e-01,-7.342859757444933355e-02,0.000000000000000000e+00
9.258036936160396024e+00,5.328104607455304453e+00,0.000000000000000000e+00,4.167927178519128528e-01,-1.943343637674249114e-01,0.000000000000000000e+00
9.143228303938316870e+00,5.434549736005062748e+00,0.000000000000000000e+00,4.208355401216422598e-01,-1.237554221277339522e-01,0.000000000000000000e+00
6.281641765247107045e+00,5.666267794861352236e+00,0.000000000000000000e+00,-3.644366125959355163e-01,-4.578657518900448586e-01,0.000000000000000000e+00
8.946669351580990082e+00,5.570125358407435279e+00,0.000000000000000000e+00,3.727920134015445530e-01,-1.924241476073165411e-02,0.000000000000000000e+00
8.864537950932287913e+00,5.702480600711189673e+00,0.000000000000000000e+00,3.058890837795816831e-01,5.641837453247202164e-03,0.000000000000000000e+00
9.095115503707678073e+00,5.567368784549142191e+00,0.000000000000000000e+00,3.626558628490874625e-01,-7.903706798515387766e-02,0.000000000000000000e+00
9.047002703477037500e+00,5.700187833093219858e+00,0.000000000000000000e+00,2.874252964376307062e-01,-4.096065975444366375e-02,0.000000000000000000e+00
4.607142857142857650e+00,4.000000000000000000e+00,0.000000000000000000e+00,0.000000000000000000e+00,0.000000000000000000e+00,0.000000000000000000e+00
4.501795477533827139e+00,3.853246128292472150e+00,0.000000000000000000e+00,1.204677776886263346e-01,-2.857737996857983090e-02,0.000000000000000000e+00
4.428571428571430602e+00,4.000000000000000888e+00,0.000000000000000000e+00,0.000000000000000000e+00,0.000000000000000000e+00,0.000000000000000000e+00
4.400176037210497881e+00,3.478110131667813576e+00,0.000000000000000000e+00,6.107324542079309859e-01,6.901808715720195719e-01,0.000000000000000000e+00
4.417970838444259307e+00,3.611006670164712329e+00,0.000000000000000000e+00,3.148322044907799211e-01,3.884671677085227981e-01,0.000000000000000000e+00
4.412509763248112726e+00,3.748900213329142694e+00,0.000000000000000000e+00,1.196950326793962821e-01,1.659882674897811550e-01,0.000000000000000000e+00
4.339285714285716189e+00,3.895654085036671432e+00,0.000000000000000000e+00,-8.608154869880578486e-02,-2.657317497149211394e-02,0.000000000000000000e+00
4.255461075196148357e+00,3.653414626908912055e+00,0.000000000000000000e+00,-1.791510335576613211e-01,4.591035161278229637e-01,0.000000000000000000e+00
4.250000000000001776e+00,3.791308170073342421e+00,0.000000000000000000e+00,-3.181279584118757997e-01,7.356564468146425950e-02,0.000000000000000000e+00
4.260922150392295826e+00,3.515521083744481246e+00,0.000000000000000000e+00,1.520505168041514366e-01,7.134041436054139318e-01,0.000000000000000000e+00
4.322876666896079634e+00,3.385834314923284794e+00,0.000000000000000000e+00,7.396282278742856153e-01,8.125544068971879419e-01,0.000000000000000000e+00
4.165298465132774020e+00,3.132873570489404180e+00,0.000000000000000000e+00,6.436672852631979413e-01,1.285337512502865653e+00,0.000000000000000000e+00
4.248874053179989119e+00,3.250187515897503765e+00,0.000000000000000000e+00,9.034969237402460385e-01,1.122252907950562983e+00,0.000000000000000000e+00
4.186919536676204423e+00,3.379874284718699773e+00,0.000000000000000000e+00,5.185869595262747600e-01,1.049100232007712075e+00,0.000000000000000000e+00
4.112916922960113908e+00,3.244227485692918300e+00,0.000000000000000000e+00,7.260450183454676409e-01,1.312226164856771238e+00,0.000000000000000000e+00
4.190273852390571818e+00,2.798340001806629562e+00,0.000000000000000000e+00,2.581011007086755557e-02,1.037974855374715899e+00,0.000000000000000000e+00
4.142193717113087814e+00,2.893464098923357319e+00,0.000000000000000000e+00,3.206610109673982412e-01,1.276714917897808999e+00,0.000000000000000000e+00
4.066707426920740609e+00,2.765408542560824134e+00,0.000000000000000000e+00,7.610944508618130988e-02,1.284490622395679793e+00,0.000000000000000000e+00
4.299327116468123933e+00,2.725350284233948539e+00,0.000000000000000000e+00,1.685156070761473918e-02,7.066114748300974524e-01,0.000000000000000000e+00
4.392406977537921975e+00,2.684714553707730822e+00,0.000000000000000000e+00,-4.042680145593651603e-03,4.756861937293663800e-01,0.000000000000000000e+00
4.284813955075843950e+00,2.619429107415462088e+00,0.000000000000000000e+00,-3.427313187235080105e-02,7.117766487850266666e-01,0.000000000000000000e+00
4.500000000000000000e+00,2.625000000000000000e+00,0.000000000000000000e+00,0.000000000000000000e+00,0.000000000000000000e+00,0.000000000000000000e+00
4.392406977537921975e+00,2.559714553707731266e+00,0.000000000000000000e+00,-7.574337310845273563e-03,4.715526802425634156e-01,0.000000000000000000e+00
4.500000000000000000e+00,2.500000000000000000e+00,0.000000000000000000e+00,0.000000000000000000e+00,0.000000000000000000e+00,0.000000000000000000e+00
4.175760690998291835e+00,2.692418824988143111e+00,0.000000000000000000e+00,4.170914417142840280e-02,1.035520492837620266e+00,0.000000000000000000e+00
4.080383066212744936e+00,3.011509867079364966e+00,0.000000000000000000e+00,4.633921155626556931e-01,1.300919599643524993e+00,0.000000000000000000e+00
4.028001524040084824e+00,3.122863782282879086e+00,0.000000000000000000e+00,6.146048332978335527e-01,1.324882800163986740e+00,0.000000000000000000e+00
4.004896776020398619e+00,2.883454310716832225e+00,0.000000000000000000e+00,2.907213708383292183e-01,1.312935741462179617e+00,0.000000000000000000e+00
3.943086125120055740e+00,3.001500078872839428e+00,0.000000000000000000e+00,4.538677008431948323e-01,1.329311358592384140e+00,0.000000000000000000e+00
5.785402671337214642e+00,5.558557728963386069e+00,0.000000000000000000e+00,-8.583673886438693279e-02,-1.934445977339906420e-01,0.000000000000000000e+00
5.929734679517205009e+00,5.677894041057017560e+00,0.000000000000000000e+00,-5.151860168646555521e-02,-2.551999435959806939e-01,0.000000000000000000e+00
5.769857661979295393e+00,5.722789691894409003e+00,0.000000000000000000e+00,7.364794613794405954e-03,-1.315974428231719007e-01,0.000000000000000000e+00
5.500000000000000000e+00,5.400000000000000355e+00,0.000000000000000000e+00,0.000000000000000000e+00,0.000000000000000000e+00,0.000000000000000000e+00
5.650473840347567389e+00,5.497162883016182278e+00,0.000000000000000000e+00,-5.002652411289062323e-02,-1.445759509312335989e-01,0.000000000000000000e+00
5.634928830989648141e+00,5.661394845947205212e+00,0.000000000000000000e+00,3.580220871978450660e-03,-7.045795374570730518e-02,0.000000000000000000e+00
5.500000000000000000e+00,5.599999999999999645e+00,0.000000000000000000e+00,0.000000000000000000e+00,0.000000000000000000e+00,0.000000000000000000e+00
6.062500000000000000e+00,6.000000000000000888e+00,0.000000000000000000e+00,0.000000000000000000e+00,0.000000000000000000e+00,0.000000000000000000e+00
6.361835916719550177e+00,5.849768599751539178e+00,0.000000000000000000e+00,-5.193363964066045613e-01,-6.768010483544791012e-02,0.000000000000000000e+00
6.169805848527555980e+00,5.816499195109813058e+00,0.000000000000000000e+00,-4.153152920481909538e-01,-2.503583091458203569e-01,0.000000000000000000e+00
5.822428830989648141e+00,5.861394845947204502e+00,0.000000000000000000e+00,-9.529154718199359109e-02,-4.941393790817531079e-02,0.000000000000000000e+00
5.982305848527555980e+00,5.816499195109813058e+00,0.000000000000000000e+00,-2.151897644506587104e-01,-1.308925202088449258e-01,0.000000000000000000e+00
6.250000000000000000e+00,6.000000000000000000e+00,0.000000000000000000e+00,0.000000000000000000e+00,0.000000000000000000e+00,0.000000000000000000e+00
5.875000000000000888e+00,6.000000000000000888e+00,0.000000000000000000e+00,0.000000000000000000e+00,0.000000000000000000e+00,0.000000000000000000e+00
7.562500000000000888e+00,6.000000000000000888e+00,0.000000000000000000e+00,0.000000000000000000e+00,0.000000000000000000e+00,0.000000000000000000e+00
7.289736119178091833e+00,5.867393770332006042e+00,0.000000000000000000e+00,-3.762739555405018033e-01,3.939261670166578633e-02,0.000000000000000000e+00
7.473525843667355062e+00,5.873629677643373626e+00,0.000000000000000000e+00,-2.701261290511804969e-01,3.411195957027254866e-02,0.000000000000000000e+00
7.661025843667355062e+00,5.873629677643373626e+00,0.000000000000000000e+00,-1.911679925259008039e-01,4.346338920402124245e-02,0.000000000000000000e+00
7.838876138947085792e+00,5.861857882900164185e+00,0.000000000000000000e+00,-1.110974942455733028e-01,4.489156450281815008e-02,0.000000000000000000e+00
7.375000000000000888e+00,6.000000000000000888e+00,0.000000000000000000e+00,0.000000000000000000e+00,0.000000000000000000e+00,0.000000000000000000e+00
7.750000000000000000e+00,6.000000000000000000e+00,0.000000000000000000e+00,0.000000000000000000e+00,0.000000000000000000e+00,0.000000000000000000e+00
7.187500000000000888e+00,6.000000000000000888e+00,0.000000000000000000e+00,0.000000000000000000e+00,0.000000000000000000e+00,0.000000000000000000e+00
7.102236119178091833e+00,5.867393770332006042e+00,0.000000000000000000e+00,-4.323883406981419153e-01,2.352161005740736541e-02,0.000000000000000000e+00
6.921631067542506344e+00,5.861240865258256605e+00,0.000000000000000000e+00,-4.843834089161138112e-01,-7.984461543055812113e-03,0.000000000000000000e+00
7.000000000000000888e+00,6.000000000000000888e+00,0.000000000000000000e+00,0.000000000000000000e+00,0.000000000000000000e+00,0.000000000000000000e+00
7.937500000000000888e+00,6.000000000000000888e+00,0.000000000000000000e+00,0.000000000000000000e+00,0.000000000000000000e+00,0.000000000000000000e+00
8.212304790298137647e+00,5.857059530752881216e+00,0.000000000000000000e+00,6.102787976935186015e-02,4.674037026557797958e-02,0.000000000000000000e+00
8.026376138947085792e+00,5.861857882900164185e+00,0.000000000000000000e+00,-2.467950325152622193e-02,4.291945349464523080e-02,0.000000000000000000e+00
8.125000000000000000e+00,6.000000000000000000e+00,0.000000000000000000e+00,0.000000000000000000e+00,0.000000000000000000e+00,0.000000000000000000e+00
6.812500000000000888e+00,6.000000000000000888e+00,0.000000000000000000e+00,0.000000000000000000e+00,0.000000000000000000e+00,0.000000000000000000e+00
6.549335916719550177e+00,5.849768599751539178e+00,0.000000000000000000e+00,-4.825799021558164204e-01,-4.642626136110436508e-02,0.000000000000000000e+00
6.734131067542506344e+00,5.861240865258256605e+00,0.000000000000000000e+00,-4.841480641025620590e-01,-3.853700404283678937e-02,0.000000000000000000e+00
6.625000000000000000e+00,6.000000000000000000e+00,0.000000000000000000e+00,0.000000000000000000e+00,0.000000000000000000e+00,0.000000000000000000e+00
8.312500000000000000e+00,6.000000000000000888e+00,0.000000000000000000e+00,0.000000000000000000e+00,0.000000000000000000e+00,0.000000000000000000e+00
8.399804790298137647e+00,5.857059530752881216e+00,0.000000000000000000e+00,1.307577890504247053e-01,3.349863191152144259e-02,0.000000000000000000e+00
8.591036599193767387e+00,5.852386684164579300e+00,0.000000000000000000e+00,1.797468437488518866e-01,2.356403716279062074e-02,0.000000000000000000e+00
8.500000000000000000e+00,6.000000000000000000e+00,0.000000000000000000e+00,0.000000000000000000e+00,0.000000000000000000e+00,0.000000000000000000e+00
8.687500000000000000e+00,6.000000000000000888e+00,0.000000000000000000e+00,0.000000000000000000e+00,0.000000000000000000e+00,0.000000000000000000e+00
8.961001351738520526e+00,5.850093916546610373e+00,0.000000000000000000e+00,1.964348425322239577e-01,-7.979155490313522350e-03,0.000000000000000000e+00
8.778536599193767387e+00,5.852386684164579300e+00,0.000000000000000000e+00,2.014775745425149145e-01,1.587498565395354527e-02,0.000000000000000000e+00
8.875000000000000000e+00,6.000000000000000000e+00,0.000000000000000000e+00,0.000000000000000000e+00,0.000000000000000000e+00,0.000000000000000000e+00
6.437500000000000888e+00,6.000000000000000888e+00,0.000000000000000000e+00,0.000000000000000000e+00,0.000000000000000000e+00,0.000000000000000000e+00
1.000000000000000000e+01,4.392857142857142350e+00,0.000000000000000000e+00,0.000000000000000000e+00,0.000000000000000000e+00,0.000000000000000000e+00
9.847998372845056636e+00,4.480954131891770942e+00,0.000000000000000000e+00,-1.018825659077749433e-02,-3.020768593633825772e-01,0.000000000000000000e+00
9.848644379305017793e+00,4.657505065323940485e+00,0.000000000000000000e+00,3.965366284881302258e-03,-3.265228694207100157e-01,0.000000000000000000e+00
1.000000000000000178e+01,4.571428571428571175e+00,0.000000000000000000e+00,0.000000000000000000e+00,0.000000000000000000e+00,0.000000000000000000e+00
9.579805556987306403e+00,4.996257701924530004e+00,0.000000000000000000e+00,1.702593489130343751e-01,-4.750296685131945029e-01,0.000000000000000000e+00
9.700370910000104985e+00,4.916579491905855193e+00,0.000000000000000000e+00,8.514753534994237705e-02,-4.840777725232971451e-01,0.000000000000000000e+00
9.703453061390172607e+00,5.089577424592397925e+00,0.000000000000000000e+00,1.309576069951886579e-01,-4.014423543936198602e-01,0.000000000000000000e+00
9.538149314886325669e+00,5.155618451748972930e+00,0.000000000000000000e+00,2.538988622008200302e-01,-3.859395265901187644e-01,0.000000000000000000e+00
1.000000000000000000e+01,4.749999999999999112e+00,0.000000000000000000e+00,0.000000000000000000e+00,0.000000000000000000e+00,0.000000000000000000e+00
9.848644379305017793e+00,4.836076493895369310e+00,0.000000000000000000e+00,8.081721952795618488e-03,-3.144729837547179385e-01,0.000000000000000000e+00
9.851726530695087192e+00,5.009074426581912931e+00,0.000000000000000000e+00,4.209726687623440572e-02,-2.403344896725463919e-01,0.000000000000000000e+00
1.000000000000000178e+01,4.928571428571427937e+00,0.000000000000000000e+00,0.000000000000000000e+00,0.000000000000000000e+00,0.000000000000000000e+00
9.279354463086932014e+00,5.534997434352565193e+00,0.000000000000000000e+00,3.147765015492029472e-01,-1.103347779179359861e-01,0.000000000000000000e+00
9.394163095309011169e+00,5.428552305802806011e+00,0.000000000000000000e+00,3.026571748858403188e-01,-2.047137431637884863e-01,0.000000000000000000e+00
9.537484076270725808e+00,5.330625426291726754e+00,0.000000000000000000e+00,2.399880143841628122e-01,-2.636128979877465639e-01,0.000000000000000000e+00
9.702787822774574522e+00,5.264584399135152637e+00,0.000000000000000000e+00,1.275120167597822152e-01,-2.727258882358802317e-01,0.000000000000000000e+00
9.558801603197263574e+00,5.537518253188986606e+00,0.000000000000000000e+00,1.373637944041455894e-01,-1.177832262918777628e-01,0.000000000000000000e+00
9.702122584158978214e+00,5.439591373677908237e+00,0.000000000000000000e+00,7.692850882445562144e-02,-1.445478917898909976e-01,0.000000000000000000e+00
9.415480622235547159e+00,5.635445132700065862e+00,0.000000000000000000e+00,1.742845248833880534e-01,-8.055527283723488974e-02,0.000000000000000000e+00
9.231241662856293217e+00,5.667816482896643748e+00,0.000000000000000000e+00,2.408258122897795617e-01,-5.289664411618579670e-02,0.000000000000000000e+00
9.062500000000000000e+00,6.000000000000000888e+00,0.000000000000000000e+00,0.000000000000000000e+00,0.000000000000000000e+00,0.000000000000000000e+00
9.148501351738520526e+00,5.850093916546610373e+00,0.000000000000000000e+00,1.630019327621711478e-01,-9.497532290167677582e-03,0.000000000000000000e+00
9.332740311117774468e+00,5.817722566350033375e+00,0.000000000000000000e+00,1.464971071697001859e-01,-1.865911493735965612e-02,0.000000000000000000e+00
9.250000000000000000e+00,6.000000000000000000e+00,0.000000000000000000e+00,0.000000000000000000e+00,0.000000000000000000e+00,0.000000000000000000e+00
4.250000000000001776e+00,4.000000000000000000e+00,0.000000000000000000e+00,0.000000000000000000e+00,0.000000000000000000e+00,0.000000000000000000e+00
4.160714285714288252e+00,3.895654085036671432e+00,0.000000000000000000e+00,-2.314060965395104141e-01,5.020834056160852071e-02,0.000000000000000000e+00
4.071428571428573839e+00,4.000000000000000888e+00,0.000000000000000000e+00,0.000000000000000000e+00,0.000000000000000000e+00,0.000000000000000000e+00
4.093661746168688609e+00,3.743922269390815849e+00,0.000000000000000000e+00,-9.216112024709602890e-01,7.912113116265810930e-01,0.000000000000000000e+00
4.099122821364835190e+00,3.606028726226385039e+00,0.000000000000000000e+00,-4.983932521056437803e-01,1.133346868725218837e+00,0.000000000000000000e+00
3.937323492337374109e+00,3.696536368708288833e+00,0.000000000000000000e+00,-1.195173461041174612e+00,1.065812783882800874e+00,0.000000000000000000e+00
4.004376031882973308e+00,3.848268184354144417e+00,0.000000000000000000e+00,-9.648747371078151280e-01,8.607026103765156311e-01,0.000000000000000000e+00
4.046082848861431991e+00,3.337101212249184101e+00,0.000000000000000000e+00,5.283365967276359987e-01,1.399365572436246596e+00,0.000000000000000000e+00
4.120085462577522506e+00,3.472748011274965130e+00,0.000000000000000000e+00,1.586994134098857478e-01,1.172252575721872470e+00,0.000000000000000000e+00
3.958286133550061869e+00,3.563255653756868924e+00,0.000000000000000000e+00,-5.750528398835369481e-01,1.428372682236599855e+00,0.000000000000000000e+00
3.979248774762750518e+00,3.429974938805449458e+00,0.000000000000000000e+00,2.404750675082285571e-01,1.477281038975999605e+00,0.000000000000000000e+00
3.919074982815515362e+00,3.122656382301848055e+00,0.000000000000000000e+00,5.685505075446442014e-01,1.284955495663705483e+00,0.000000000000000000e+00
4.003990381735543558e+00,3.244020085711886825e+00,0.000000000000000000e+00,6.759390201829318379e-01,1.290933518670823732e+00,0.000000000000000000e+00
3.937156307636862085e+00,3.336893812268152182e+00,0.000000000000000000e+00,5.955585159407807971e-01,1.322913939965053576e+00,0.000000000000000000e+00
3.895063840510973652e+00,3.243812685730855350e+00,0.000000000000000000e+00,6.376152352840978033e-01,1.244857881269218591e+00,0.000000000000000000e+00
3.977727960925892425e+00,2.788754724953242281e+00,0.000000000000000000e+00,1.244551909379303795e-01,1.307997077302664124e+00,0.000000000000000000e+00
3.915917310025549991e+00,2.906800493109249928e+00,0.000000000000000000e+00,3.138855627007041127e-01,1.336833767941561835e+00,0.000000000000000000e+00
4.041091258403695541e+00,2.633057124227965229e+00,0.000000000000000000e+00,7.949498215585182326e-02,1.256956534115816204e+00,0.000000000000000000e+00
4.150144522481246767e+00,2.560067406655283762e+00,0.000000000000000000e+00,-2.461544598800222833e-02,1.008021697228036251e+00,0.000000000000000000e+00
3.861506228865193346e+00,2.723437203438632714e+00,0.000000000000000000e+00,1.397141545722591915e-01,1.284597203907263729e+00,0.000000000000000000e+00
3.950485694860041974e+00,2.700091021046215012e+00,0.000000000000000000e+00,9.444697640936171312e-02,1.261855619089277347e+00,0.000000000000000000e+00
3.924869526342996906e+00,2.567739602713356106e+00,0.000000000000000000e+00,5.320592483465135664e-02,1.234033733373973485e+00,0.000000000000000000e+00
3.888748494931043354e+00,2.812100907345659540e+00,0.000000000000000000e+00,1.689802987629121789e-01,1.330709262226199341e+00,0.000000000000000000e+00
4.015475089886649585e+00,2.500705705895105879e+00,0.000000000000000000e+00,-2.470892128127602852e-02,1.227855553894532825e+00,0.000000000000000000e+00
3.834263962799342895e+00,2.634773499531605889e+00,0.000000000000000000e+00,1.040162805421671888e-01,1.235259944931183629e+00,0.000000000000000000e+00
4.378254139181560589e+00,2.430215860972100739e+00,0.000000000000000000e+00,-7.340347839677968667e-02,5.148213867752543527e-01,0.000000000000000000e+00
4.270661116719482564e+00,2.489930414679832005e+00,0.000000000000000000e+00,-3.885843982643433225e-02,7.411499186806618233e-01,0.000000000000000000e+00
4.135991684124885381e+00,2.430568713919653678e+00,0.000000000000000000e+00,-5.377899846225845520e-02,1.022050203613002806e+00,0.000000000000000000e+00
4.256508278363119402e+00,2.360431721944201033e+00,0.000000000000000000e+00,-1.240729673889963136e-01,7.559408516225145647e-01,0.000000000000000000e+00
4.625000000000000000e+00,2.500000000000000000e+00,0.000000000000000000e+00,0.000000000000000000e+00,0.000000000000000000e+00,0.000000000000000000e+00
4.502815880240119029e+00,2.370122752356083495e+00,0.000000000000000000e+00,-6.461549596063043133e-02,5.899483628394670137e-02,0.000000000000000000e+00
4.381070019421678730e+00,2.300338613328184234e+00,0.000000000000000000e+00,-1.411422808309075738e-01,5.234584669375236254e-01,0.000000000000000000e+00
4.627815880240119029e+00,2.370122752356083495e+00,0.000000000000000000e+00,-2.528150476506775893e-02,2.025396526808006387e-02,0.000000000000000000e+00
4.750000000000000000e+00,2.500000000000000000e+00,0.000000000000000000e+00,0.000000000000000000e+00,0.000000000000000000e+00,0.000000000000000000e+00
4.505631760480238057e+00,2.240245504712167435e+00,0.000000000000000000e+00,-1.344907549325654039e-01,1.299887343240113124e-01,0.000000000000000000e+00
3.805150903223368353e+00,3.182514758002795485e+00,0.000000000000000000e+00,6.158963128179710811e-01,9.089913938016266348e-01,0.000000000000000000e+00
3.829162045527909619e+00,3.061358454573787746e+00,0.000000000000000000e+00,5.159674906318411081e-01,9.784280935821275671e-01,0.000000000000000000e+00
3.802796645479471938e+00,2.840203178020411556e+00,0.000000000000000000e+00,1.288841587509996500e-01,1.058872529662935325e+00,0.000000000000000000e+00
3.829965460573978131e+00,2.934902763784001500e+00,0.000000000000000000e+00,2.628996973794816561e-01,1.074116467014788912e+00,0.000000000000000000e+00
3.716041380981831566e+00,2.994761139484949375e+00,0.000000000000000000e+00,2.611628528436997776e-01,6.013794168719486244e-01,0.000000000000000000e+00
3.715237965935763054e+00,3.121216830274735177e+00,0.000000000000000000e+00,5.548953659310374986e-01,4.277535411244003938e-01,0.000000000000000000e+00
3.716844796027900522e+00,2.868305448695163573e+00,0.000000000000000000e+00,6.788032619406228485e-02,7.006427011538627347e-01,0.000000000000000000e+00
5.500000000000000000e+00,5.800000000000000711e+00,0.000000000000000000e+00,0.000000000000000000e+00,0.000000000000000000e+00,0.000000000000000000e+00
5.687500000000000000e+00,6.000000000000000888e+00,0.000000000000000000e+00,0.000000000000000000e+00,0.000000000000000000e+00,0.000000000000000000e+00
5.500000000000000000e+00,6.000000000000000000e+00,0.000000000000000000e+00,0.000000000000000000e+00,0.000000000000000000e+00,0.000000000000000000e+00
5.634928830989648141e+00,5.861394845947204502e+00,0.000000000000000000e+00,-5.359474606593527500e-03,-4.597456582063930153e-02,0.000000000000000000e+00
1.000000000000000000e+01,5.107142857142855874e+00,0.000000000000000000e+00,-4.057427677468389282e-02,-7.653284467377114986e-01,0.000000000000000000e+00
9.851061292079489107e+00,5.362652829696095580e+00,0.000000000000000000e+00,1.984869205642176074e-02,-9.639453885265379662e-02,0.000000000000000000e+00
9.851726530695087192e+00,5.187645855153341756e+00,0.000000000000000000e+00,4.147486403550754153e-02,-1.659399340972059766e-01,0.000000000000000000e+00
1.000000000000000178e+01,5.285714285714284699e+00,0.000000000000000000e+00,0.000000000000000000e+00,0.000000000000000000e+00,0.000000000000000000e+00
9.572675633766737135e+00,5.685056440845731807e+00,0.000000000000000000e+00,9.887710013088021888e-02,-6.301118451092894979e-02,0.000000000000000000e+00
9.715996614728451775e+00,5.587129561334652550e+00,0.000000000000000000e+00,6.453746125042311710e-02,-8.361174007799558605e-02,0.000000000000000000e+00
9.729870645297925336e+00,5.734667748991396863e+00,0.000000000000000000e+00,3.838547933780956517e-02,-3.811329145098547866e-02,0.000000000000000000e+00
1.000000000000000000e+01,5.464285714285713524e+00,0.000000000000000000e+00,0.000000000000000000e+00,0.000000000000000000e+00,0.000000000000000000e+00
9.851061292079489107e+00,5.541224258267525293e+00,0.000000000000000000e+00,2.349972360362187138e-02,-5.741868420993392896e-02,0.000000000000000000e+00
9.864935322648964444e+00,5.688762445924270494e+00,0.000000000000000000e+00,1.304203445539343399e-02,-2.665693596003190433e-02,0.000000000000000000e+00
1.000000000000000178e+01,5.642857142857143238e+00,0.000000000000000000e+00,0.000000000000000000e+00,0.000000000000000000e+00,0.000000000000000000e+00
9.437500000000000000e+00,6.000000000000000888e+00,0.000000000000000000e+00,0.000000000000000000e+00,0.000000000000000000e+00,0.000000000000000000e+00
9.520240311117774468e+00,5.817722566350033375e+00,0.000000000000000000e+00,9.818599212180534330e-02,-1.884792697889397725e-02,0.000000000000000000e+00
9.677435322648964444e+00,5.867333874495699320e+00,0.000000000000000000e+00,4.658459848792313035e-02,-7.868877569230606911e-03,0.000000000000000000e+00
9.625000000000000000e+00,6.000000000000000000e+00,0.000000000000000000e+00,0.000000000000000000e+00,0.000000000000000000e+00,0.000000000000000000e+00
3.892857142857145014e+00,4.000000000000000000e+00,0.000000000000000000e+00,0.000000000000000000e+00,0.000000000000000000e+00,0.000000000000000000e+00
3.825804603311545371e+00,3.848268184354144861e+00,0.000000000000000000e+00,-1.160435669816722193e+00,1.785489811701365670e-01,0.000000000000000000e+00
3.714285714285716633e+00,4.000000000000000888e+00,0.000000000000000000e+00,0.000000000000000000e+00,0.000000000000000000e+00,0.000000000000000000e+00
3.852039094269469111e+00,3.426059516906893698e+00,0.000000000000000000e+00,2.240758843266192346e-01,9.703808263686466429e-01,0.000000000000000000e+00
3.831076453056780906e+00,3.559340231858313608e+00,0.000000000000000000e+00,-7.833165293433245191e-01,6.664970726857490924e-01,0.000000000000000000e+00
3.759191451477756019e+00,3.704459315259415408e+00,0.000000000000000000e+00,-1.487757245051236410e+00,1.299777241447023501e-01,0.000000000000000000e+00
3.647672562451926837e+00,3.856191130905270992e+00,0.000000000000000000e+00,-9.438686290894094943e-01,-4.393594226160415367e-02,0.000000000000000000e+00
3.652944412197162816e+00,3.567263178409439739e+00,0.000000000000000000e+00,-8.698677960193775816e-01,-2.757945151791650340e-01,0.000000000000000000e+00
3.581059410618138372e+00,3.712382261810542428e+00,0.000000000000000000e+00,-1.315359680631183803e+00,-2.328357496608698396e-01,0.000000000000000000e+00
3.724829413776186815e+00,3.422144095008337050e+00,0.000000000000000000e+00,9.823561633396712955e-02,3.134353550315138737e-02,0.000000000000000000e+00
3.809946627143580677e+00,3.332978390369596422e+00,0.000000000000000000e+00,4.848287253278424913e-01,7.953783292992906429e-01,0.000000000000000000e+00
3.720033689855974934e+00,3.271680462641536113e+00,0.000000000000000000e+00,4.117366206033667986e-01,2.712090111517146407e-01,0.000000000000000000e+00
3.775554379413621930e+00,2.751539474113384731e+00,0.000000000000000000e+00,9.785335929710659020e-02,1.006297977473217031e+00,0.000000000000000000e+00
3.874588115653628151e+00,2.465013986020105019e+00,0.000000000000000000e+00,9.969970496280482208e-02,1.106306147043091492e+00,0.000000000000000000e+00
3.783982552109975472e+00,2.532047882838355246e+00,0.000000000000000000e+00,1.722594470271384681e-01,1.106572135275342816e+00,0.000000000000000000e+00
3.733701141420606717e+00,2.429322266145103715e+00,0.000000000000000000e+00,2.777239940762558090e-01,9.361134879753416627e-01,0.000000000000000000e+00
4.098739887233893597e+00,2.285718446507758017e+00,0.000000000000000000e+00,1.019213856253333300e-01,8.908091257181891542e-01,0.000000000000000000e+00
3.978223292995658689e+00,2.355855438483210662e+00,0.000000000000000000e+00,1.932903423084859351e-01,1.105063765836698630e+00,0.000000000000000000e+00
3.837336318762637255e+00,2.320163718608209358e+00,0.000000000000000000e+00,3.907363413990968537e-01,9.177832743791685122e-01,0.000000000000000000e+00
3.940971496104666461e+00,2.211005171071314557e+00,0.000000000000000000e+00,4.268379083546709474e-01,9.022227413292952525e-01,0.000000000000000000e+00
3.739083289965623447e+00,2.629886749765803167e+00,0.000000000000000000e+00,6.338831621077924139e-02,9.541282601664737850e-01,0.000000000000000000e+00
3.680373706579902038e+00,2.746652724347581565e+00,0.000000000000000000e+00,1.631630582611860031e-02,6.401626166009267704e-01,0.000000000000000000e+00
3.688801879276255580e+00,2.527161133072552079e+00,0.000000000000000000e+00,1.698847719741646278e-01,7.794838301739744901e-01,0.000000000000000000e+00
3.643902617131903554e+00,2.624999999999999556e+00,0.000000000000000000e+00,1.045590099468803567e-02,5.507170229444999787e-01,0.000000000000000000e+00
4.381404518325796360e+00,2.163956811170798744e+00,0.000000000000000000e+00,-1.928613337957188478e-02,4.199169008851382223e-01,0.000000000000000000e+00
4.256842777267237032e+00,2.224049919786815543e+00,0.000000000000000000e+00,3.558850604826893638e-02,6.560358853331562656e-01,0.000000000000000000e+00
4.099074386138010340e+00,2.149336644350372971e+00,0.000000000000000000e+00,3.113263202962295861e-01,7.353003498163173113e-01,0.000000000000000000e+00
4.257177276171353775e+00,2.087668117629430053e+00,0.000000000000000000e+00,1.886708368675652503e-01,5.024098184368392950e-01,0.000000000000000000e+00
4.756474870110871223e+00,2.371496694791819237e+00,0.000000000000000000e+00,-6.889982694081372462e-03,3.302978672402862373e-03,0.000000000000000000e+00
4.634290750350990251e+00,2.241619447147902733e+00,0.000000000000000000e+00,-6.571800769402247333e-02,6.036377924406711309e-02,0.000000000000000000e+00
4.762949740221743333e+00,2.242993389583638919e+00,0.000000000000000000e+00,-1.835802256200486440e-02,2.373921165449090903e-02,0.000000000000000000e+00
4.875000000000000000e+00,2.500000000000000000e+00,0.000000000000000000e+00,0.000000000000000000e+00,0.000000000000000000e+00,0.000000000000000000e+00
5.000000000000000000e+00,2.500000000000000000e+00,0.000000000000000000e+00,0.000000000000000000e+00,0.000000000000000000e+00,0.000000000000000000e+00
4.881474870110871223e+00,2.371496694791819237e+00,0.000000000000000000e+00,-3.447139879408856931e-04,1.639035733529799243e-03,0.000000000000000000e+00
4.517904631879812172e+00,2.098863265041629678e+00,0.000000000000000000e+00,4.367321680056329702e-02,1.596279888970692229e-01,0.000000000000000000e+00
4.393677389725370475e+00,2.022574571500260987e+00,0.000000000000000000e+00,1.269854033040581087e-01,3.364764336888393381e-01,0.000000000000000000e+00
4.646563621750564366e+00,2.100237207477365864e+00,0.000000000000000000e+00,2.824763828625197551e-02,7.128328047840112869e-02,0.000000000000000000e+00
4.530177503279386286e+00,1.957481025371092143e+00,0.000000000000000000e+00,2.720997893287005823e-02,1.061083578931211469e-01,0.000000000000000000e+00
3.607618982967881749e+00,3.060608415137368254e+00,0.000000000000000000e+00,2.439108743850597061e-01,3.342394290874357021e-01,0.000000000000000000e+00
3.608422398013949817e+00,2.934152724347581565e+00,0.000000000000000000e+00,3.885445536345343703e-02,4.664069362216907155e-01,0.000000000000000000e+00
3.500000000000000000e+00,3.000000000000000000e+00,0.000000000000000000e+00,0.000000000000000000e+00,0.000000000000000000e+00,0.000000000000000000e+00
3.610231874380782635e+00,3.339852824311243751e+00,0.000000000000000000e+00,9.194205343237411843e-02,-3.022474971373544789e-02,0.000000000000000000e+00
3.605436150460570310e+00,3.189389191944442814e+00,0.000000000000000000e+00,4.263550959305869026e-01,1.454826852753752509e-01,0.000000000000000000e+00
3.497817167492689006e+00,3.128780776807075004e+00,0.000000000000000000e+00,2.284983795657437589e-01,-5.722169246411945576e-02,0.000000000000000000e+00
3.495634334985378011e+00,3.257561553614150007e+00,0.000000000000000000e+00,1.550611679137407217e-01,-2.423830155427519339e-01,0.000000000000000000e+00
3.500000000000000444e+00,2.875000000000000000e+00,0.000000000000000000e+00,0.000000000000000000e+00,0.000000000000000000e+00,0.000000000000000000e+00
3.608422398013950705e+00,2.809152724347582009e+00,0.000000000000000000e+00,2.693002463755009984e-02,4.816969874120527462e-01,0.000000000000000000e+00
3.571951308565951777e+00,2.687500000000000000e+00,0.000000000000000000e+00,1.036392006382471156e-02,3.500650639909660411e-01,0.000000000000000000e+00
3.500000000000000444e+00,2.750000000000000444e+00,0.000000000000000000e+00,0.000000000000000000e+00,0.000000000000000000e+00,0.000000000000000000e+00
9.812500000000000000e+00,6.000000000000000888e+00,0.000000000000000000e+00,0.000000000000000000e+00,0.000000000000000000e+00,0.000000000000000000e+00
1.000000000000000000e+01,5.821428571428572063e+00,0.000000000000000000e+00,0.000000000000000000e+00,0.000000000000000000e+00,0.000000000000000000e+00
1.000000000000000000e+01,6.000000000000000000e+00,0.000000000000000000e+00,0.000000000000000000e+00,0.000000000000000000e+00,0.000000000000000000e+00
9.864935322648964444e+00,5.867333874495699320e+00,0.000000000000000000e+00,1.232089786438692741e-02,-7.458519244984112249e-03,0.000000000000000000e+00
3.535714285714287364e+00,4.000000000000000000e+00,0.000000000000000000e+00,0.000000000000000000e+00,0.000000000000000000e+00,0.000000000000000000e+00
3.469101133880498011e+00,3.856191130905270992e+00,0.000000000000000000e+00,-8.546894971942033958e-01,-9.128824432459059501e-02,0.000000000000000000e+00
3.357142857142858539e+00,4.000000000000000888e+00,0.000000000000000000e+00,0.000000000000000000e+00,0.000000000000000000e+00,0.000000000000000000e+00
3.597826060779876656e+00,3.453691598387055972e+00,0.000000000000000000e+00,-2.912100871605213803e-01,-2.803963901632722799e-01,0.000000000000000000e+00
3.525941059200852656e+00,3.598810681788158661e+00,0.000000000000000000e+00,-9.857491284283389499e-01,-3.813115370809677107e-01,0.000000000000000000e+00
3.470822707783566496e+00,3.485239101765774450e+00,0.000000000000000000e+00,-4.880129682388176238e-01,-4.982352798486713308e-01,0.000000000000000000e+00
3.424702755083791406e+00,3.686480692327054332e+00,0.000000000000000000e+00,-1.134651457206157898e+00,-3.635484091934282347e-01,0.000000000000000000e+00
3.312744478346151489e+00,3.830289561421783340e+00,0.000000000000000000e+00,-6.877708799389435912e-01,-1.887425736006333732e-01,0.000000000000000000e+00
3.369584403666505246e+00,3.572909112304670565e+00,0.000000000000000000e+00,-7.649820666862691132e-01,-4.460488148196061209e-01,0.000000000000000000e+00
3.268346099549443551e+00,3.660579122843565347e+00,0.000000000000000000e+00,-9.728560061903771539e-01,-3.622872236165746718e-01,0.000000000000000000e+00
3.483228521384472476e+00,3.371400327689962673e+00,0.000000000000000000e+00,-2.173787898831495702e-01,-4.165308374657824553e-01,0.000000000000000000e+00
3.674081720162539089e+00,2.315262864534073373e+00,0.000000000000000000e+00,5.745546798707522607e-01,7.547724115976308656e-01,0.000000000000000000e+00
3.777716897504569182e+00,2.206104316997178572e+00,0.000000000000000000e+00,5.745055357624686554e-01,7.599003649177297204e-01,0.000000000000000000e+00
3.571951308565951777e+00,2.562500000000000000e+00,0.000000000000000000e+00,1.424751655187182645e-03,3.401185304893142303e-01,0.000000000000000000e+00
3.616850570710303359e+00,2.464661133072552079e+00,0.000000000000000000e+00,1.635189257361283066e-01,6.262126382527226642e-01,0.000000000000000000e+00
3.557231149452235286e+00,2.350601731461520849e+00,0.000000000000000000e+00,5.540429395467454388e-01,2.953865583254887128e-01,0.000000000000000000e+00
3.500000000000000444e+00,2.500000000000000444e+00,0.000000000000000000e+00,0.000000000000000000e+00,0.000000000000000000e+00,0.000000000000000000e+00
3.614462298904471460e+00,2.201203462923042586e+00,0.000000000000000000e+00,7.899153617333767308e-01,4.720869461334231687e-01,0.000000000000000000e+00
4.150170280334359418e+00,2.007973247550783658e+00,0.000000000000000000e+00,3.437919862656186876e-01,5.253255066130343431e-01,0.000000000000000000e+00
3.992067390301015983e+00,2.069641774271726131e+00,0.000000000000000000e+00,5.250874707773086625e-01,6.857142771130495529e-01,0.000000000000000000e+00
3.904308282454176826e+00,1.930215785860859068e+00,0.000000000000000000e+00,7.448539374643783351e-01,5.154936967648123813e-01,0.000000000000000000e+00
3.853212388257827747e+00,2.071579182660447938e+00,0.000000000000000000e+00,7.216978368663439225e-01,7.279816198535069560e-01,0.000000000000000000e+00
3.689957789657729581e+00,2.066678328586311508e+00,0.000000000000000000e+00,9.082859596162670135e-01,4.223495904486949670e-01,0.000000000000000000e+00
4.043163284497365062e+00,1.928278377472136818e+00,0.000000000000000000e+00,5.439193856533491855e-01,4.486344718824045730e-01,0.000000000000000000e+00
3.765453280410988590e+00,1.932153194249581318e+00,0.000000000000000000e+00,9.943798803789536400e-01,3.876607788087876871e-01,0.000000000000000000e+00
3.500000000000000444e+00,2.625000000000000000e+00,0.000000000000000000e+00,0.000000000000000000e+00,0.000000000000000000e+00,0.000000000000000000e+00
4.402692178487246366e+00,1.868997446453810607e+00,0.000000000000000000e+00,1.050584491281040395e-01,1.843016420843485992e-01,0.000000000000000000e+00
4.266192064933231443e+00,1.934090992582979673e+00,0.000000000000000000e+00,2.563651744186606352e-01,3.566051901718589878e-01,0.000000000000000000e+00
4.159185069096237086e+00,1.854396122504333055e+00,0.000000000000000000e+00,4.137608284654392121e-01,3.300240140563833191e-01,0.000000000000000000e+00
4.275206853695108222e+00,1.780513867536529071e+00,0.000000000000000000e+00,2.488701979273564013e-01,1.600778304708268818e-01,0.000000000000000000e+00
5.000000000000000000e+00,2.321428571428300280e+00,0.000000000000000000e+00,0.000000000000000000e+00,0.000000000000000000e+00,0.000000000000000000e+00
4.881474870110872111e+00,2.192925266220119518e+00,0.000000000000000000e+00,-4.271046914043039738e-03,1.126718941331457391e-02,0.000000000000000000e+00
4.776621388328086582e+00,2.107238273119238947e+00,0.000000000000000000e+00,1.726050714040545594e-02,1.698175760391952907e-02,0.000000000000000000e+00
4.660235269856906726e+00,1.964482091012965448e+00,0.000000000000000000e+00,1.473539309522836106e-02,5.079370133880409255e-02,0.000000000000000000e+00
4.895146518217214471e+00,2.057170149755719546e+00,0.000000000000000000e+00,3.855896523399238163e-03,-1.488523993886989262e-03,0.000000000000000000e+00
5.000000000000000000e+00,2.142857142856600117e+00,0.000000000000000000e+00,0.000000000000000000e+00,0.000000000000000000e+00,0.000000000000000000e+00
4.790293036434428053e+00,1.971483156654838753e+00,0.000000000000000000e+00,4.611447109440608774e-03,3.680968961736448032e-03,0.000000000000000000e+00
4.467311546345660744e+00,1.716010923784053288e+00,0.000000000000000000e+00,1.534601375515853294e-01,7.745093539146304107e-02,0.000000000000000000e+00
4.594796871137798888e+00,1.804494502701334824e+00,0.000000000000000000e+00,7.486125077873176381e-02,4.684205179860828627e-02,0.000000000000000000e+00
4.724854637715321104e+00,1.811495568343207907e+00,0.000000000000000000e+00,3.382147823046435797e-02,-5.733461543454597756e-03,0.000000000000000000e+00
4.659416238996212378e+00,1.651507980031577061e+00,0.000000000000000000e+00,5.495887772924473030e-02,-4.215193804752767615e-02,0.000000000000000000e+00
3.305555555555647729e+00,3.000000000000000444e+00,0.000000000000000000e+00,0.000000000000000000e+00,0.000000000000000000e+00,0.000000000000000000e+00
3.303372723048336290e+00,3.128780776807075448e+00,0.000000000000000000e+00,3.177159072303783333e-02,-5.846023081221465856e-02,0.000000000000000000e+00
3.111111111111294125e+00,3.000000000000000000e+00,0.000000000000000000e+00,0.000000000000000000e+00,0.000000000000000000e+00,0.000000000000000000e+00
3.363927315052440470e+00,3.419588906121743932e+00,0.000000000000000000e+00,-4.203117947250634145e-01,-3.514300415791531962e-01,0.000000000000000000e+00
3.376333128653346005e+00,3.305750132045931267e+00,0.000000000000000000e+00,-1.365665672049560520e-01,-3.061919702494152462e-01,0.000000000000000000e+00
3.184071516716303840e+00,3.176969355238856707e+00,0.000000000000000000e+00,-1.788184326676427183e-01,-1.273148817075648587e-01,0.000000000000000000e+00
3.257031922321313555e+00,3.353938710477712526e+00,0.000000000000000000e+00,-2.982355579237453980e-01,-2.828792787937451925e-01,0.000000000000000000e+00
3.178571428571429713e+00,4.000000000000000000e+00,0.000000000000000000e+00,0.000000000000000000e+00,0.000000000000000000e+00,0.000000000000000000e+00
3.213074752415172597e+00,3.754710028262830512e+00,0.000000000000000000e+00,-7.719439076627092611e-01,-2.172939114891720980e-01,0.000000000000000000e+00
3.257473131211879647e+00,3.924420466841047173e+00,0.000000000000000000e+00,-2.505569514736684655e-01,-1.450494037938574593e-02,0.000000000000000000e+00
3.078901702640450821e+00,3.924420466841047173e+00,0.000000000000000000e+00,-2.304699961238047268e-01,-1.149143128496144320e-02,0.000000000000000000e+00
3.157803405280900755e+00,3.848840933682094345e+00,0.000000000000000000e+00,-4.170703110442366968e-01,-4.100174523399688353e-02,0.000000000000000000e+00
3.000000000000000444e+00,4.000000000000000888e+00,0.000000000000000000e+00,0.000000000000000000e+00,0.000000000000000000e+00,0.000000000000000000e+00
3.262689010935378775e+00,3.507258916660639159e+00,0.000000000000000000e+00,-6.908613364697090420e-01,-3.367002442821452890e-01,0.000000000000000000e+00
3.081764034856102619e+00,3.791812772783455188e+00,0.000000000000000000e+00,-6.111811738522634485e-01,8.587064905238628310e-02,0.000000000000000000e+00
3.137035381990374017e+00,3.697681867364190911e+00,0.000000000000000000e+00,-9.008958557374001641e-01,-6.937263828763681750e-02,0.000000000000000000e+00
3.138044910909916219e+00,3.402897959235609449e+00,0.000000000000000000e+00,-4.400212617401048631e-01,-2.305478772110013952e-01,0.000000000000000000e+00
3.143701999523980994e+00,3.556218165418536081e+00,0.000000000000000000e+00,-7.909635075009333605e-01,-2.163331853521606174e-01,0.000000000000000000e+00
3.012391281964911016e+00,3.593320909939160757e+00,0.000000000000000000e+00,-6.884530197857783307e-01,1.515105378339822589e-02,0.000000000000000000e+00
3.005724664431304483e+00,3.734784611884816474e+00,0.000000000000000000e+00,-7.439492959604514510e-01,1.840975854908052656e-01,0.000000000000000000e+00
3.019057899498518438e+00,3.451857207993506371e+00,0.000000000000000000e+00,-5.435716973253383877e-01,-1.206501020257969153e-01,0.000000000000000000e+00
3.456739074118171828e+00,2.208192717736205957e+00,0.000000000000000000e+00,7.828781066050596316e-01,1.412219719181589395e-01,0.000000000000000000e+00
3.399507924665936098e+00,2.357590986274684219e+00,0.000000000000000000e+00,4.435707093841835813e-01,-6.289483809750272270e-03,0.000000000000000000e+00
3.299015849331872641e+00,2.215181972549369327e+00,0.000000000000000000e+00,6.996483368084354115e-01,1.260776598261870336e-02,0.000000000000000000e+00
3.305555555555650837e+00,2.500000000000000000e+00,0.000000000000000000e+00,0.000000000000000000e+00,0.000000000000000000e+00,0.000000000000000000e+00
3.205063480221586936e+00,2.357590986274684663e+00,0.000000000000000000e+00,4.636265876163149224e-01,-1.147311961180040932e-02,0.000000000000000000e+00
3.111111111111301231e+00,2.500000000000000444e+00,0.000000000000000000e+00,0.000000000000000000e+00,0.000000000000000000e+00,0.000000000000000000e+00
3.607976599373891702e+00,1.930744209607772266e+00,0.000000000000000000e+00,1.172342620411063630e+00,2.062594019559030323e-01,0.000000000000000000e+00
3.532481108620632249e+00,2.065269343944502456e+00,0.000000000000000000e+00,1.086352937717302014e+00,2.685697483408250874e-01,0.000000000000000000e+00
3.374757883834333505e+00,2.072258598757666270e+00,0.000000000000000000e+00,1.056756493144892950e+00,6.671074619994842025e-02,0.000000000000000000e+00
3.450499918336793925e+00,1.929335224965962992e+00,0.000000000000000000e+00,1.309148656629528285e+00,1.032277488997465353e-01,0.000000000000000000e+00
4.010085400301036884e+00,1.779164957172983508e+00,0.000000000000000000e+00,5.445865430674596830e-01,2.708711803649148098e-01,0.000000000000000000e+00
3.871230398257848648e+00,1.781102365561705536e+00,0.000000000000000000e+00,7.659759915702274435e-01,2.607480578106959879e-01,0.000000000000000000e+00
3.977007516104709595e+00,1.630051536873830198e+00,0.000000000000000000e+00,4.766990036654654705e-01,6.182950462769912919e-02,0.000000000000000000e+00
4.126107184899908908e+00,1.705282702205179524e+00,0.000000000000000000e+00,3.491441197834984078e-01,1.715039760390090207e-01,0.000000000000000000e+00
3.796818421076052275e+00,1.631813440519680469e+00,0.000000000000000000e+00,6.488421211873143246e-01,9.867833135285347668e-02,0.000000000000000000e+00
3.691041303229191328e+00,1.782864269207556029e+00,0.000000000000000000e+00,9.304784624455751940e-01,1.386984575132220732e-01,0.000000000000000000e+00
3.533564622192094884e+00,1.781455284565747199e+00,0.000000000000000000e+00,1.078985213902459828e+00,2.864378953341377085e-02,0.000000000000000000e+00
3.616629326047395399e+00,1.633575344165531185e+00,0.000000000000000000e+00,7.944989280478358395e-01,-7.335868703412468106e-02,0.000000000000000000e+00
4.500609202429584954e+00,1.548176911137163270e+00,0.000000000000000000e+00,1.202325600804390465e-01,-3.145938528614049962e-02,0.000000000000000000e+00
4.308504509779032432e+00,1.612679854889639275e+00,0.000000000000000000e+00,2.479439186161852271e-01,5.503615185786561032e-02,0.000000000000000000e+00
4.159404840983833118e+00,1.537448689558289727e+00,0.000000000000000000e+00,3.483378030457046082e-01,5.099530760918320749e-02,0.000000000000000000e+00
4.341802165862956642e+00,1.444845842242749034e+00,0.000000000000000000e+00,2.074649496159076956e-01,-6.595756803321065065e-02,0.000000000000000000e+00
5.000000000000000000e+00,1.964285714284900397e+00,0.000000000000000000e+00,0.000000000000000000e+00,0.000000000000000000e+00,0.000000000000000000e+00
4.895146518217214471e+00,1.878598721184019382e+00,0.000000000000000000e+00,3.535066985443440727e-03,-1.010988171269323714e-02,0.000000000000000000e+00
5.000000000000000000e+00,1.785714285713200011e+00,0.000000000000000000e+00,0.000000000000000000e+00,0.000000000000000000e+00,0.000000000000000000e+00
4.829708119498105745e+00,1.718611132872388536e+00,0.000000000000000000e+00,1.250551667114762310e-02,-3.353334105234186818e-02,0.000000000000000000e+00
5.000000000000000000e+00,1.607142857141500736e+00,0.000000000000000000e+00,0.000000000000000000e+00,0.000000000000000000e+00,0.000000000000000000e+00
4.671541060414118540e+00,1.455194168445221425e+00,0.000000000000000000e+00,6.172702871558593402e-02,-1.037926571135478343e-01,0.000000000000000000e+00
4.512734023847491116e+00,1.351863099550807634e+00,0.000000000000000000e+00,1.307996336875197341e-01,-1.234381257330291193e-01,0.000000000000000000e+00
4.829708119498106633e+00,1.540039704300689261e+00,0.000000000000000000e+00,1.717978986471613290e-02,-6.478338545303477525e-02,0.000000000000000000e+00
4.841832940916011907e+00,1.343725892714333625e+00,0.000000000000000000e+00,1.981657323642619511e-02,-1.015466413812720764e-01,0.000000000000000000e+00
5.000000000000000000e+00,1.428571428569801016e+00,0.000000000000000000e+00,0.000000000000000000e+00,0.000000000000000000e+00,0.000000000000000000e+00
4.683665881832023814e+00,1.258880356858866012e+00,0.000000000000000000e+00,6.798816858431297461e-02,-1.686724734361491618e-01,0.000000000000000000e+00
2.916666666666941410e+00,3.000000000000000444e+00,0.000000000000000000e+00,0.000000000000000000e+00,0.000000000000000000e+00,0.000000000000000000e+00
3.065084505304906504e+00,3.225928603996753630e+00,0.000000000000000000e+00,-3.066295948039717278e-01,-9.157553750418434557e-02,0.000000000000000000e+00
2.958025864856001608e+00,3.134544060044564429e+00,0.000000000000000000e+00,-2.346127372318582982e-01,1.376149224591149446e-02,0.000000000000000000e+00
2.911999259049613542e+00,3.360472664041317614e+00,0.000000000000000000e+00,-4.752645923589319255e-01,4.268589842535666645e-02,0.000000000000000000e+00
2.763581420411648448e+00,3.134544060044564429e+00,0.000000000000000000e+00,-2.018493808426093938e-01,3.042073454780456002e-02,0.000000000000000000e+00
2.722222222222587806e+00,3.000000000000000000e+00,0.000000000000000000e+00,0.000000000000000000e+00,0.000000000000000000e+00,0.000000000000000000e+00
2.804940618600708646e+00,3.269088120089128413e+00,0.000000000000000000e+00,-3.611009205806403610e-01,7.536073988527119960e-02,0.000000000000000000e+00
3.002862332215651797e+00,3.867392305942408015e+00,0.000000000000000000e+00,-4.901470838028289534e-01,1.372486200399923584e-01,0.000000000000000000e+00
3.000000000000000444e+00,4.125000000000000000e+00,0.000000000000000000e+00,0.000000000000000000e+00,0.000000000000000000e+00,0.000000000000000000e+00
2.897923380433415907e+00,3.802364162232676037e+00,0.000000000000000000e+00,-6.640900991104153883e-01,3.340426627843702256e-01,0.000000000000000000e+00
2.895061048217763222e+00,3.934971856290267578e+00,0.000000000000000000e+00,-3.909597079466815006e-01,2.802811946448322544e-01,0.000000000000000000e+00
2.786807872744708980e+00,3.997471856290268022e+00,0.000000000000000000e+00,-4.225921956194766960e-01,3.132844920597723792e-01,0.000000000000000000e+00
2.891746824526944870e+00,4.062500000000000000e+00,0.000000000000000000e+00,-7.486858423582870570e-02,5.364614224272824111e-02,0.000000000000000000e+00
2.891746824526945758e+00,4.187500000000000000e+00,0.000000000000000000e+00,-6.605899436940844416e-02,-6.933362784102978238e-02,0.000000000000000000e+00
3.000000000000000444e+00,4.250000000000000888e+00,0.000000000000000000e+00,0.000000000000000000e+00,0.000000000000000000e+00,0.000000000000000000e+00
2.790122096435526888e+00,3.869943712580535156e+00,0.000000000000000000e+00,-5.989563400846319441e-01,4.002737500112940050e-01,0.000000000000000000e+00
2.783493649053890628e+00,4.125000000000000888e+00,0.000000000000000000e+00,-2.322244471240653418e-01,6.224569938454934531e-02,0.000000000000000000e+00
2.877260224616722706e+00,3.506760491891505183e+00,0.000000000000000000e+00,-5.368700285812397777e-01,1.395257379225263994e-01,0.000000000000000000e+00
2.870593607083115728e+00,3.648224193837160012e+00,0.000000000000000000e+00,-6.208764455546863514e-01,2.379800925258740152e-01,0.000000000000000000e+00
2.735462549734927418e+00,3.561663775789504438e+00,0.000000000000000000e+00,-5.141124262383224286e-01,2.560166473330481307e-01,0.000000000000000000e+00
2.762792323085227153e+00,3.715803744185020019e+00,0.000000000000000000e+00,-5.743275722713125919e-01,3.282384864299117133e-01,0.000000000000000000e+00
2.770201584167818254e+00,3.415375947939316426e+00,0.000000000000000000e+00,-4.489673553287786834e-01,1.689648927514461052e-01,0.000000000000000000e+00
3.280889862707014437e+00,1.926004459353060527e+00,0.000000000000000000e+00,1.436288594982940703e+00,-1.492513270948335191e-01,0.000000000000000000e+00
3.205147828204553573e+00,2.068927833144763362e+00,0.000000000000000000e+00,1.191214619503599303e+00,-1.323760317633369266e-01,0.000000000000000000e+00
3.111513697887570373e+00,2.210703959990405920e+00,0.000000000000000000e+00,7.661432681957550672e-01,-9.022257839011890712e-02,0.000000000000000000e+00
3.017561328777284224e+00,2.353112973715721701e+00,0.000000000000000000e+00,5.619967441760036486e-01,1.954172448300916382e-02,0.000000000000000000e+00
3.017645676760251749e+00,2.064449820585800843e+00,0.000000000000000000e+00,1.255488430503873154e+00,-4.883969249863733680e-02,0.000000000000000000e+00
3.111279807077234949e+00,1.922673693740158063e+00,0.000000000000000000e+00,1.546530709916541513e+00,-2.149903563585805200e-01,0.000000000000000000e+00
2.924011546443268550e+00,2.206225947431443402e+00,0.000000000000000000e+00,8.218931251921995917e-01,1.241028842994721798e-01,0.000000000000000000e+00
2.916666666666951624e+00,2.500000000000000000e+00,0.000000000000000000e+00,0.000000000000000000e+00,0.000000000000000000e+00,0.000000000000000000e+00
2.823116884332935062e+00,2.353112973715721701e+00,0.000000000000000000e+00,5.232608214372453936e-01,4.325906026252444858e-02,0.000000000000000000e+00
2.722222222222602461e+00,2.500000000000000444e+00,0.000000000000000000e+00,0.000000000000000000e+00,0.000000000000000000e+00,0.000000000000000000e+00
3.445485148547898113e+00,1.632718792814939146e+00,0.000000000000000000e+00,9.208460929531786521e-01,-1.367028113709380932e-01,0.000000000000000000e+00
3.362420444692597599e+00,1.780598733215155161e+00,0.000000000000000000e+00,1.184272968720037289e+00,-1.430046073331534273e-01,0.000000000000000000e+00
3.192810389062817222e+00,1.777267967602252696e+00,0.000000000000000000e+00,1.295317997141271604e+00,-2.923814769494102461e-01,0.000000000000000000e+00
3.274340971048399940e+00,1.631862241464347107e+00,0.000000000000000000e+00,9.989432484601412643e-01,-3.378783629073474626e-01,0.000000000000000000e+00
4.217436339819822244e+00,1.362066518184474884e+00,0.000000000000000000e+00,2.424416630916212401e-01,-6.075538578686364571e-02,0.000000000000000000e+00
4.035039014940698721e+00,1.454669365500015576e+00,0.000000000000000000e+00,3.848264887751993157e-01,-9.439955011127706269e-03,0.000000000000000000e+00
3.886165526361566869e+00,1.480257738079567176e+00,0.000000000000000000e+00,4.556449904922608152e-01,-3.395799171133960515e-02,0.000000000000000000e+00
3.705976431332909549e+00,1.482019641725417447e+00,0.000000000000000000e+00,6.170663191235404854e-01,-8.690198186422905258e-02,0.000000000000000000e+00
3.944197025197555995e+00,1.304875566705752554e+00,0.000000000000000000e+00,3.291411331824297681e-01,-7.573620741626682640e-02,0.000000000000000000e+00
4.093070513776687847e+00,1.279287194126200733e+00,0.000000000000000000e+00,2.683444549931624512e-01,-8.598265735755841743e-02,0.000000000000000000e+00
3.795323536618424143e+00,1.330463939285303931e+00,0.000000000000000000e+00,3.885901058464057978e-01,-1.498506971276237498e-01,0.000000000000000000e+00
3.619164087948668396e+00,1.329302928004421069e+00,0.000000000000000000e+00,4.509197449748612585e-01,-1.806872311484347404e-01,0.000000000000000000e+00
3.529816982663153802e+00,1.480858630444534363e+00,0.000000000000000000e+00,6.731052125693645083e-01,-1.970925214531076830e-01,0.000000000000000000e+00
3.358672805163656516e+00,1.480002079093942768e+00,0.000000000000000000e+00,7.856554817165338767e-01,-3.044969652029010376e-01,0.000000000000000000e+00
3.443004639278912649e+00,1.328141916723538207e+00,0.000000000000000000e+00,4.826932572665612042e-01,-3.185373567160305064e-01,0.000000000000000000e+00
4.520523593362424819e+00,1.147917908002817455e+00,0.000000000000000000e+00,1.050466613597226817e-01,-1.929307834260620691e-01,0.000000000000000000e+00
4.349591735377892121e+00,1.240900650694759078e+00,0.000000000000000000e+00,1.735234079606672586e-01,-1.423634421998922484e-01,0.000000000000000000e+00
4.225225909334756835e+00,1.158121326636484927e+00,0.000000000000000000e+00,2.009013594210374842e-01,-1.382029291431371709e-01,0.000000000000000000e+00
4.357381304892826712e+00,1.036955459146769121e+00,0.000000000000000000e+00,1.366304518796667977e-01,-2.082033788648817996e-01,0.000000000000000000e+00
5.000000000000000000e+00,1.249999999998101075e+00,0.000000000000000000e+00,0.000000000000000000e+00,0.000000000000000000e+00,0.000000000000000000e+00
4.841832940916011907e+00,1.165154464142633461e+00,0.000000000000000000e+00,1.792285717613000678e-02,-1.428587767885014237e-01,0.000000000000000000e+00
5.000000000000000000e+00,1.071428571426400911e+00,0.000000000000000000e+00,0.000000000000000000e+00,0.000000000000000000e+00,0.000000000000000000e+00
4.533182299938887994e+00,9.638946479003301926e-01,0.000000000000000000e+00,1.100889484745006530e-01,-2.401167782623733760e-01,0.000000000000000000e+00
4.696324588408486989e+00,1.074857096756378638e+00,0.000000000000000000e+00,5.720146694045115388e-02,-2.263329378433819317e-01,0.000000000000000000e+00
4.854491647492475082e+00,9.811312040401460877e-01,0.000000000000000000e+00,2.663693419288060485e-02,-1.754512567369365117e-01,0.000000000000000000e+00
4.708983294984950163e+00,8.908338366538912645e-01,0.000000000000000000e+00,8.587574852049713325e-02,-2.789676789576507887e-01,0.000000000000000000e+00
2.663439474497097059e+00,3.273811083798382704e+00,0.000000000000000000e+00,-2.899404768497068074e-01,1.288269686020677152e-01,0.000000000000000000e+00
2.622080276308036417e+00,3.139267023753817831e+00,0.000000000000000000e+00,-1.483249620073193165e-01,5.633596578124764470e-02,0.000000000000000000e+00
2.521938330393485028e+00,3.278534047507636107e+00,0.000000000000000000e+00,-1.915164807790810109e-01,2.104960098276275338e-01,0.000000000000000000e+00
2.527777777778235091e+00,3.000000000000000444e+00,0.000000000000000000e+00,0.000000000000000000e+00,0.000000000000000000e+00,0.000000000000000000e+00
2.427635831863683702e+00,3.139267023753818719e+00,0.000000000000000000e+00,-6.439779744210194848e-03,7.410157767445420263e-02,0.000000000000000000e+00
2.333333333333881932e+00,3.000000000000000000e+00,0.000000000000000000e+00,0.000000000000000000e+00,0.000000000000000000e+00,0.000000000000000000e+00
2.628700440064206223e+00,3.420098911648570272e+00,0.000000000000000000e+00,-3.768035617498675660e-01,2.479814013132580208e-01,0.000000000000000000e+00
2.713901113826192368e+00,3.934971856290267578e+00,0.000000000000000000e+00,-5.830758676163593224e-01,4.448383103944933969e-01,0.000000000000000000e+00
2.710586890135374016e+00,4.062500000000000000e+00,0.000000000000000000e+00,-4.953774005098001143e-01,2.374802716248828605e-01,0.000000000000000000e+00
2.637680131216857404e+00,3.999999999999999556e+00,0.000000000000000000e+00,-6.824792667398158486e-01,3.438785253726304170e-01,0.000000000000000000e+00
2.784538955981475272e+00,4.244726258596918100e+00,0.000000000000000000e+00,-1.656849507549225664e-01,-1.095297437020836817e-01,0.000000000000000000e+00
2.892792131454529958e+00,4.307226258596918100e+00,0.000000000000000000e+00,-2.382308678453076700e-02,-1.518020710038639198e-01,0.000000000000000000e+00
2.785584262909060360e+00,4.364452517193836201e+00,0.000000000000000000e+00,-5.337173725624180104e-02,-2.306945224343988909e-01,0.000000000000000000e+00
3.000000000000000444e+00,4.375000000000000000e+00,0.000000000000000000e+00,0.000000000000000000e+00,0.000000000000000000e+00,0.000000000000000000e+00
2.892792131454529958e+00,4.432226258596918100e+00,0.000000000000000000e+00,-9.352684224225868773e-03,-1.768501914754880000e-01,0.000000000000000000e+00
3.000000000000000444e+00,4.500000000000000888e+00,0.000000000000000000e+00,0.000000000000000000e+00,0.000000000000000000e+00,0.000000000000000000e+00
2.629320544926310177e+00,3.664033227291689343e+00,0.000000000000000000e+00,-5.080837683876293642e-01,4.529409344011928185e-01,0.000000000000000000e+00
2.656650318276610356e+00,3.818173195687204924e+00,0.000000000000000000e+00,-5.749947725190507342e-01,4.637736786548872781e-01,0.000000000000000000e+00
2.580429335667275392e+00,3.883201339396936902e+00,0.000000000000000000e+00,-6.417372051144807354e-01,4.314413033034534273e-01,0.000000000000000000e+00
2.523178540117692492e+00,3.766402678793873360e+00,0.000000000000000000e+00,-5.849057063141487323e-01,5.031008149666560403e-01,0.000000000000000000e+00
2.627530918117432002e+00,4.115788186588182462e+00,0.000000000000000000e+00,-5.603286644238035796e-01,2.160407901050224178e-01,0.000000000000000000e+00
2.700437677035948170e+00,4.178288186588182462e+00,0.000000000000000000e+00,-3.485115282007619775e-01,2.501909638170651123e-02,0.000000000000000000e+00
2.701482983963533258e+00,4.298014445185099675e+00,0.000000000000000000e+00,-2.252191020511086772e-01,-1.595650657274605422e-01,0.000000000000000000e+00
2.617381705018005711e+00,4.231576373176364037e+00,0.000000000000000000e+00,-4.479265614167922682e-01,6.923691007118037977e-02,0.000000000000000000e+00
2.488669514693651497e+00,3.408021043957000451e+00,0.000000000000000000e+00,-2.515433827666532784e-01,3.525822908171935000e-01,0.000000000000000000e+00
2.595431624364372247e+00,3.549585908097934173e+00,0.000000000000000000e+00,-3.912062411456534994e-01,4.018290696895981395e-01,0.000000000000000000e+00
2.489289619555755451e+00,3.651955359600119522e+00,0.000000000000000000e+00,-4.582492105479956668e-01,4.876107916870497383e-01,0.000000000000000000e+00
2.455400698993817521e+00,3.537508040406364351e+00,0.000000000000000000e+00,-3.053744359938016517e-01,4.443765261717472215e-01,0.000000000000000000e+00
2.919098879594360429e+00,1.922221308660431394e+00,0.000000000000000000e+00,1.745036740401369801e+00,-9.733717931600775752e-02,0.000000000000000000e+00
2.825464749277377230e+00,2.063997435506073952e+00,0.000000000000000000e+00,1.464495807906720737e+00,1.045585792356155119e-01,0.000000000000000000e+00
2.726917952111485910e+00,1.921768923580704946e+00,0.000000000000000000e+00,1.908503939193617160e+00,1.097952572841126850e-01,0.000000000000000000e+00
3.015349220924908202e+00,1.778312305665486370e+00,0.000000000000000000e+00,1.340540327863785519e+00,-3.053078227303719916e-01,0.000000000000000000e+00
3.096879802910490476e+00,1.632906579527580559e+00,0.000000000000000000e+00,1.047995963854561063e+00,-3.298443585370954834e-01,0.000000000000000000e+00
2.823168293442033239e+00,1.777859920585759479e+00,0.000000000000000000e+00,1.565160448076607480e+00,-1.158714846364351791e-01,0.000000000000000000e+00
2.919418634772580567e+00,1.633950917590813789e+00,0.000000000000000000e+00,1.085750141485392950e+00,-3.751064840233948039e-01,0.000000000000000000e+00
2.727169104706978153e+00,2.191467786267505158e+00,0.000000000000000000e+00,8.230275004100854330e-01,4.305679752788485470e-02,0.000000000000000000e+00
2.626274442596645109e+00,2.338354812551783457e+00,0.000000000000000000e+00,5.438801270912829722e-01,3.065377869858842627e-02,0.000000000000000000e+00
2.628622307541087277e+00,2.049239274342136152e+00,0.000000000000000000e+00,1.470058755868513645e+00,1.369188994466204456e-01,0.000000000000000000e+00
2.530326662970688645e+00,2.176709625103567358e+00,0.000000000000000000e+00,8.128021315773109601e-01,1.239314621025419116e-01,0.000000000000000000e+00
2.527777777778252855e+00,2.500000000000000000e+00,0.000000000000000000e+00,0.000000000000000000e+00,0.000000000000000000e+00,0.000000000000000000e+00
2.431829998152295502e+00,2.338354812551783901e+00,0.000000000000000000e+00,4.926429134819793054e-01,7.025052233733400375e-02,0.000000000000000000e+00
2.333333333333903248e+00,2.500000000000000444e+00,0.000000000000000000e+00,0.000000000000000000e+00,0.000000000000000000e+00,0.000000000000000000e+00
3.265110896353306646e+00,1.330061188819143592e+00,0.000000000000000000e+00,5.015709908819798724e-01,-3.347326110761647544e-01,0.000000000000000000e+00
3.180779062238050514e+00,1.481921351189548375e+00,0.000000000000000000e+00,7.881835911681722706e-01,-3.674698824384122209e-01,0.000000000000000000e+00
3.003317894100140606e+00,1.482965689252781605e+00,0.000000000000000000e+00,8.418813171294013964e-01,-3.862788049266385748e-01,0.000000000000000000e+00
3.087217153427700200e+00,1.331980460914748976e+00,0.000000000000000000e+00,4.925165838866091272e-01,-3.994492657617712550e-01,0.000000000000000000e+00
4.050525878617248665e+00,1.134345707890749733e+00,0.000000000000000000e+00,2.147714820093076238e-01,-1.130449760109504681e-01,0.000000000000000000e+00
3.901652390038116813e+00,1.159934080470301332e+00,0.000000000000000000e+00,2.626074859928924643e-01,-1.347516209117155528e-01,0.000000000000000000e+00
4.007981243457808596e+00,9.894042216552987323e-01,0.000000000000000000e+00,1.029282524684022593e-01,-1.217751793883702915e-01,0.000000000000000000e+00
4.182681274175317654e+00,1.013179840401033704e+00,0.000000000000000000e+00,1.287863801424188603e-01,-1.410084159734484865e-01,0.000000000000000000e+00
3.712372814299129242e+00,1.168469130706884851e+00,0.000000000000000000e+00,2.772673516961509099e-01,-2.027185485460901992e-01,0.000000000000000000e+00
3.536213365629373495e+00,1.167308119426001989e+00,0.000000000000000000e+00,3.237551569333589341e-01,-2.735630243502437109e-01,0.000000000000000000e+00
3.818701667718821469e+00,9.979392718918823624e-01,0.000000000000000000e+00,8.886243965632284469e-02,-1.513120634158930111e-01,0.000000000000000000e+00
3.629422091979834342e+00,1.006474322128465992e+00,0.000000000000000000e+00,7.750349056405866910e-02,-2.525018471084691241e-01,0.000000000000000000e+00
3.446125300509061518e+00,1.012495225059438120e+00,0.000000000000000000e+00,7.999947738929294450e-02,-2.994464724213505846e-01,0.000000000000000000e+00
3.352916574158600227e+00,1.173329022356973894e+00,0.000000000000000000e+00,3.240853283557412201e-01,-3.495288231076854601e-01,0.000000000000000000e+00
3.175022831232994669e+00,1.175248294452579501e+00,0.000000000000000000e+00,3.545226752902486123e-01,-3.680895317244909370e-01,0.000000000000000000e+00
3.262828509038288249e+00,1.018516127990410247e+00,0.000000000000000000e+00,7.031751102126140851e-02,-3.792852819694004785e-01,0.000000000000000000e+00
4.594527671227801591e+00,7.969168324376585399e-01,0.000000000000000000e+00,6.936657016241282170e-02,-2.702047059264874318e-01,0.000000000000000000e+00
4.418726676181739421e+00,8.699776436840973570e-01,0.000000000000000000e+00,1.111117298624482441e-01,-2.407592447886242049e-01,0.000000000000000000e+00
4.273725359997498252e+00,8.624561276825376543e-01,0.000000000000000000e+00,8.966636003529794563e-02,-1.447128997033709230e-01,0.000000000000000000e+00
4.099025329279989194e+00,8.386805089368025712e-01,0.000000000000000000e+00,1.455426653295663689e-02,-8.950878426874642191e-02,0.000000000000000000e+00
4.335070731286411849e+00,6.954783122198660017e-01,0.000000000000000000e+00,4.031731060277282674e-02,-1.535925723574460555e-01,0.000000000000000000e+00
4.480072047470653018e+00,7.029998282214255934e-01,0.000000000000000000e+00,6.613857570110343032e-02,-2.814326782377741809e-01,0.000000000000000000e+00
4.190069415102168904e+00,6.879567962183062990e-01,0.000000000000000000e+00,-1.599767241939981099e-02,-2.627365508348359843e-02,0.000000000000000000e+00
5.000000000000000000e+00,8.928571428553481182e-01,0.000000000000000000e+00,0.000000000000000000e+00,0.000000000000000000e+00,0.000000000000000000e+00
4.854491647492475082e+00,8.025597754690932950e-01,0.000000000000000000e+00,1.988032912656665860e-02,-2.333539696468198144e-01,0.000000000000000000e+00
5.000000000000000000e+00,7.142857142842951035e-01,0.000000000000000000e+00,0.000000000000000000e+00,0.000000000000000000e+00,0.000000000000000000e+00
4.601815569122234884e+00,6.246003317621355855e-01,0.000000000000000000e+00,2.684122510611953658e-02,-3.041331294765870497e-01,0.000000000000000000e+00
4.716271192879382568e+00,7.185173359783683100e-01,0.000000000000000000e+00,2.429075646454679702e-02,-3.126468285464783503e-01,0.000000000000000000e+00
4.861779545386907486e+00,6.302432747935702295e-01,0.000000000000000000e+00,1.672639808394107974e-02,-2.554103566114694357e-01,0.000000000000000000e+00
4.723559090773815861e+00,5.462008353028453556e-01,0.000000000000000000e+00,5.090395659029801206e-02,-3.198427578086052714e-01,0.000000000000000000e+00
2.237403802804329267e+00,3.157449659235981976e+00,0.000000000000000000e+00,1.690080652103789771e-01,1.143930756057448817e-01,0.000000000000000000e+00
2.331706301334131481e+00,3.296716682989800695e+00,0.000000000000000000e+00,2.755754152435408236e-02,2.770833593079974344e-01,0.000000000000000000e+00
2.298437485634297506e+00,3.426203679439164596e+00,0.000000000000000000e+00,-1.156574370660388984e-01,4.431038611244334513e-01,0.000000000000000000e+00
2.141474272274777046e+00,3.314899318471963952e+00,0.000000000000000000e+00,2.804158097063637056e-01,3.222264618265409108e-01,0.000000000000000000e+00
2.138888888889529216e+00,3.000000000000000444e+00,0.000000000000000000e+00,0.000000000000000000e+00,0.000000000000000000e+00,0.000000000000000000e+00
2.042959358359976552e+00,3.157449659235981976e+00,0.000000000000000000e+00,3.563588540917799752e-01,4.816875763413736716e-02,0.000000000000000000e+00
1.944444444445176057e+00,3.000000000000000000e+00,0.000000000000000000e+00,0.000000000000000000e+00,0.000000000000000000e+00,0.000000000000000000e+00
2.543144032543689814e+00,4.010461565351291391e+00,0.000000000000000000e+00,-7.542782263924336927e-01,4.031923079850015523e-01,0.000000000000000000e+00
2.532994819444263968e+00,4.126249751939473853e+00,0.000000000000000000e+00,-6.194184877435245928e-01,3.889738136756853981e-01,0.000000000000000000e+00
2.485893236994107358e+00,3.893662904748228293e+00,0.000000000000000000e+00,-7.006967463784872230e-01,4.773179863369408915e-01,0.000000000000000000e+00
2.448607933870521336e+00,4.020923130702582782e+00,0.000000000000000000e+00,-7.591813478913153057e-01,5.574042236770206937e-01,0.000000000000000000e+00
2.783388750899004727e+00,4.472537912983820974e+00,0.000000000000000000e+00,9.481813273839105605e-02,-1.578185574482916520e-01,0.000000000000000000e+00
2.890596619444474769e+00,4.540311654386902873e+00,0.000000000000000000e+00,5.894120072483458039e-02,-1.203217042254672436e-01,0.000000000000000000e+00
2.585143224521340155e+00,4.370128002213526486e+00,0.000000000000000000e+00,-6.082254695592626687e-02,4.796500315338565745e-02,0.000000000000000000e+00
2.669244503466867258e+00,4.436566074222261236e+00,0.000000000000000000e+00,1.865958298062120879e-01,-1.257067006288245525e-01,0.000000000000000000e+00
2.667048991456812068e+00,4.544651470012246897e+00,0.000000000000000000e+00,2.853089578345363031e-01,5.394952474798494352e-02,0.000000000000000000e+00
2.781193238888949093e+00,4.580623308773804858e+00,0.000000000000000000e+00,1.508595001657327961e-01,-6.944460396439494643e-02,0.000000000000000000e+00
2.552904744024673711e+00,4.508679631250687159e+00,0.000000000000000000e+00,4.999492054657624918e-01,8.914447883690128360e-02,0.000000000000000000e+00
3.200000000000000178e+00,4.500000000000000000e+00,0.000000000000000000e+00,0.000000000000000000e+00,0.000000000000000000e+00,0.000000000000000000e+00
2.847349524267875243e+00,4.676936200599908666e+00,0.000000000000000000e+00,9.786090720718695901e-02,-2.677887565642456114e-02,0.000000000000000000e+00
2.956752904823400474e+00,4.636624546213005793e+00,0.000000000000000000e+00,3.205760095807671378e-02,-1.851234203140366893e-02,0.000000000000000000e+00
3.055150884812154022e+00,4.771342684186176797e+00,0.000000000000000000e+00,2.604717118724138650e-02,-5.841588433198342638e-03,0.000000000000000000e+00
3.098397979988753104e+00,4.634718137973170116e+00,0.000000000000000000e+00,3.469276750982101809e-02,7.135808731255918226e-03,0.000000000000000000e+00
3.298397979988752837e+00,4.634718137973170116e+00,0.000000000000000000e+00,1.035142250252738200e-03,8.815618461386232063e-03,0.000000000000000000e+00
3.399999999999999467e+00,4.500000000000000888e+00,0.000000000000000000e+00,0.000000000000000000e+00,0.000000000000000000e+00,0.000000000000000000e+00
2.913505809646801392e+00,4.773249092426012474e+00,0.000000000000000000e+00,5.491152516086124369e-02,1.340260575261139307e-02,0.000000000000000000e+00
3.196795959977506207e+00,4.769436275946340231e+00,0.000000000000000000e+00,2.201611762846612808e-02,3.632901087566929588e-02,0.000000000000000000e+00
2.331637745710720022e+00,3.576943976577902085e+00,0.000000000000000000e+00,-2.960524294499775610e-01,5.221861953541515611e-01,0.000000000000000000e+00
2.365526666272657508e+00,3.691391295771656367e+00,0.000000000000000000e+00,-4.697645994791042612e-01,5.604319148053495958e-01,0.000000000000000000e+00
2.381100603441155705e+00,3.817291720729530269e+00,0.000000000000000000e+00,-6.741960887515257017e-01,5.979124135107555249e-01,0.000000000000000000e+00
2.343815300317570127e+00,3.944551946683884758e+00,0.000000000000000000e+00,-6.530674677420170715e-01,7.422445614803988567e-01,0.000000000000000000e+00
2.223448729596119833e+00,3.742280337707312832e+00,0.000000000000000000e+00,-4.860706642867185789e-01,7.065952661052616879e-01,0.000000000000000000e+00
2.207874792427622523e+00,3.616379912749439374e+00,0.000000000000000000e+00,-2.932447351507936339e-01,5.878179923492685699e-01,0.000000000000000000e+00
2.239022666764618474e+00,3.868180762665187622e+00,0.000000000000000000e+00,-5.443636238390727744e-01,8.523900206508100430e-01,0.000000000000000000e+00
2.513909128154079298e+00,4.254647406067325832e+00,0.000000000000000000e+00,-5.164195533107494018e-01,4.738317518116686444e-01,0.000000000000000000e+00
2.429522242580336666e+00,4.149320784830434761e+00,0.000000000000000000e+00,-5.630416079040837518e-01,7.035964267304027908e-01,0.000000000000000000e+00
2.481670647657413298e+00,4.393199035104487393e+00,0.000000000000000000e+00,-2.359596009891812979e-02,5.760295289354208093e-01,0.000000000000000000e+00
2.410436551290152440e+00,4.277718438958287628e+00,0.000000000000000000e+00,-5.343719630543392052e-01,7.531971334953752040e-01,0.000000000000000000e+00
2.174674532351200007e+00,3.465639615610701885e+00,0.000000000000000000e+00,-7.866794600758347800e-02,5.073061655659596436e-01,0.000000000000000000e+00
2.533224255138897263e+00,1.919388498338614468e+00,0.000000000000000000e+00,1.821677526346059395e+00,3.397334721471366725e-01,0.000000000000000000e+00
2.434928610568498630e+00,2.046858849100045674e+00,0.000000000000000000e+00,1.335184046558413273e+00,3.124610126265584542e-01,0.000000000000000000e+00
2.637660917782767456e+00,1.789117446155375823e+00,0.000000000000000000e+00,1.599629943033844981e+00,2.795570494650488347e-01,0.000000000000000000e+00
2.733911259113314784e+00,1.645208443160429912e+00,0.000000000000000000e+00,1.192516743936044232e+00,7.263337993956771321e-02,0.000000000000000000e+00
2.443967220810178809e+00,1.786737020913284901e+00,0.000000000000000000e+00,1.467879356693509774e+00,4.516439133297452946e-01,0.000000000000000000e+00
2.339530558166308616e+00,1.917008073096523768e+00,0.000000000000000000e+00,1.695090425957253899e+00,4.086820586458465021e-01,0.000000000000000000e+00
2.548403883454049002e+00,1.656465968730046034e+00,0.000000000000000000e+00,1.185966180428772443e+00,4.554129108750339938e-01,0.000000000000000000e+00
2.822287501227386919e+00,1.485941832545417007e+00,0.000000000000000000e+00,8.063643041973620473e-01,-1.994343980039866571e-01,0.000000000000000000e+00
2.906186760554946513e+00,1.334956604207384601e+00,0.000000000000000000e+00,4.431702407985939618e-01,-2.557260537437123782e-01,0.000000000000000000e+00
2.636780125568121136e+00,1.497199358115032908e+00,0.000000000000000000e+00,8.665862295148510919e-01,2.957004321524751567e-01,0.000000000000000000e+00
2.725156367682192826e+00,1.337932747500020003e+00,0.000000000000000000e+00,3.662027779697846208e-01,4.983003614816024218e-02,0.000000000000000000e+00
2.330536459414167538e+00,2.180276806209226592e+00,0.000000000000000000e+00,6.406952906986795870e-01,2.268686724659939868e-01,0.000000000000000000e+00
2.232039794595774840e+00,2.341921993657442691e+00,0.000000000000000000e+00,3.164058047081634850e-01,5.321038090923348868e-03,0.000000000000000000e+00
2.235138407011977968e+00,2.050426030205704908e+00,0.000000000000000000e+00,1.249888326576857223e+00,1.980569596980081004e-01,0.000000000000000000e+00
2.130746255857647320e+00,2.183843987314886270e+00,0.000000000000000000e+00,5.160753728796958484e-01,-9.618552662266649511e-02,0.000000000000000000e+00
2.138888888889346696e+00,2.500000000000000000e+00,0.000000000000000000e+00,0.000000000000000000e+00,0.000000000000000000e+00,0.000000000000000000e+00
2.037595350151218287e+00,2.341921993657442691e+00,0.000000000000000000e+00,3.458902553468061747e-01,-2.210460542442082427e-02,0.000000000000000000e+00
1.944444444444790143e+00,2.500000000000000444e+00,0.000000000000000000e+00,0.000000000000000000e+00,0.000000000000000000e+00,0.000000000000000000e+00
3.082093859676744430e+00,1.017085152529012104e+00,0.000000000000000000e+00,4.387886397964841506e-02,-2.922879492723228223e-01,0.000000000000000000e+00
2.994288181871450405e+00,1.173817318991181580e+00,0.000000000000000000e+00,2.952862514465647847e-01,-2.976124623013884918e-01,0.000000000000000000e+00
2.813257788998696718e+00,1.176793462283816982e+00,0.000000000000000000e+00,2.207017458929310672e-01,-4.547854127763746590e-02,0.000000000000000000e+00
2.901359210315200610e+00,1.015654177067614183e+00,0.000000000000000000e+00,-2.906038417003061272e-02,-1.197163410488022717e-01,0.000000000000000000e+00
3.915164875785694498e+00,8.306980931887206765e-01,0.000000000000000000e+00,-4.197055356746088456e-02,-9.856831129280814452e-02,0.000000000000000000e+00
4.006208961607875096e+00,6.799743804702242933e-01,0.000000000000000000e+00,-1.036443645132322927e-01,-3.944365685374824626e-02,0.000000000000000000e+00
3.725885300046707371e+00,8.392331434253041955e-01,0.000000000000000000e+00,-7.673369716037729826e-02,-1.679523927542472539e-01,0.000000000000000000e+00
3.822348508113579513e+00,6.719919647221422876e-01,0.000000000000000000e+00,-1.612560031081872181e-01,-8.246735982170050328e-02,0.000000000000000000e+00
3.537234103675916952e+00,8.534010422612829938e-01,0.000000000000000000e+00,-1.138383545740063035e-01,-2.579009230385010398e-01,0.000000000000000000e+00
3.353937312205143684e+00,8.594219451922551212e-01,0.000000000000000000e+00,-1.425673615029691699e-01,-3.130842818861864219e-01,0.000000000000000000e+00
3.633697311742789537e+00,6.861598635581211969e-01,0.000000000000000000e+00,-2.020328081873851434e-01,-1.707961418807213971e-01,0.000000000000000000e+00
3.445046115371999118e+00,7.003277623941001062e-01,0.000000000000000000e+00,-2.477034056448658428e-01,-2.456865366183929589e-01,0.000000000000000000e+00
3.262617645194182181e+00,7.033736301045869777e-01,0.000000000000000000e+00,-3.070652349115524649e-01,-2.675185150020702451e-01,0.000000000000000000e+00
3.171508842027325858e+00,8.624678129027418816e-01,0.000000000000000000e+00,-2.065754725934404179e-01,-3.344013525824833244e-01,0.000000000000000000e+00
2.990774192665782039e+00,8.610368374413439607e-01,0.000000000000000000e+00,-2.394213298900894071e-01,-1.743959840618407031e-01,0.000000000000000000e+00
3.080189175016363912e+00,7.064194978150737381e-01,0.000000000000000000e+00,-3.914051619822940808e-01,-2.394742710449875300e-01,0.000000000000000000e+00
4.450219589535080900e+00,5.280260210033708157e-01,0.000000000000000000e+00,-1.669762633605185453e-01,-2.405394239117921162e-01,0.000000000000000000e+00
4.305218273350838842e+00,5.205045050018111130e-01,0.000000000000000000e+00,-2.233416025646215441e-01,-6.716540067744995735e-02,0.000000000000000000e+00
4.420367131599507893e+00,3.530522137853159270e-01,0.000000000000000000e+00,-4.103381222177932552e-01,-1.592799220059197829e-01,0.000000000000000000e+00
4.571963111186662765e+00,4.496265245440806968e-01,0.000000000000000000e+00,-1.833845256495837406e-01,-1.808361283288975330e-01,0.000000000000000000e+00
4.105949406081535358e+00,5.138373624322682964e-01,0.000000000000000000e+00,-2.606507780935198859e-01,3.208865818303826417e-02,0.000000000000000000e+00
3.922088952587239774e+00,5.058549466841864017e-01,0.000000000000000000e+00,-2.963236111708968945e-01,-2.862570457754519751e-02,0.000000000000000000e+00
4.221098264330204408e+00,3.463850712157731659e-01,0.000000000000000000e+00,-4.150629118344530410e-01,3.449935188926478088e-03,0.000000000000000000e+00
4.021829397060899147e+00,3.397179286462304049e-01,0.000000000000000000e+00,-3.927635272478587902e-01,1.768419923518337045e-02,0.000000000000000000e+00
5.000000000000000000e+00,5.357142857133878611e-01,0.000000000000000000e+00,0.000000000000000000e+00,0.000000000000000000e+00,0.000000000000000000e+00
4.861779545386908374e+00,4.516718462226629316e-01,0.000000000000000000e+00,1.774031115244032938e-02,-3.130431834053201690e-01,0.000000000000000000e+00
5.000000000000000000e+00,3.571428571424803966e-01,0.000000000000000000e+00,0.000000000000000000e+00,0.000000000000000000e+00,0.000000000000000000e+00
4.737283278735739955e+00,3.987400082744868568e-01,0.000000000000000000e+00,-1.003382751846808446e-01,-2.394443289176851342e-01,0.000000000000000000e+00
4.585687299148586860e+00,3.021656975157220870e-01,0.000000000000000000e+00,-3.370546173228030074e-01,-5.306488060768592419e-02,0.000000000000000000e+00
4.875503733348832469e+00,3.042110191943043773e-01,0.000000000000000000e+00,-1.095688249052428620e-01,-2.684028029501527857e-01,0.000000000000000000e+00
4.751007466697664050e+00,2.512791812461283025e-01,0.000000000000000000e+00,-2.806696728784361383e-01,-1.405613590545798375e-01,0.000000000000000000e+00
1.953263960989399362e+00,3.309873512641452908e+00,0.000000000000000000e+00,4.208042139148437943e-01,-7.390634995934539098e-02,0.000000000000000000e+00
1.854749047074598423e+00,3.152423853405470489e+00,0.000000000000000000e+00,3.349343974929033796e-01,-1.572992885826062226e-01,0.000000000000000000e+00
2.040742380244581877e+00,3.409628252387583380e+00,0.000000000000000000e+00,1.129522779302273155e-01,1.800308745978084490e-01,0.000000000000000000e+00
2.073942640321004394e+00,3.560368549526320869e+00,0.000000000000000000e+00,-2.464594099779276737e-01,3.203606376544730350e-01,0.000000000000000000e+00
1.852532068959203970e+00,3.404602446557071893e+00,0.000000000000000000e+00,1.018709684161017703e-02,-4.978132813627425546e-01,0.000000000000000000e+00
1.940010488214386708e+00,3.504357186303202365e+00,0.000000000000000000e+00,-1.629167337252415970e-01,-2.243055272068786854e-01,0.000000000000000000e+00
1.765053649704021010e+00,3.304847706810940977e+00,0.000000000000000000e+00,1.959371938619181852e-01,-6.527561459369650709e-01,0.000000000000000000e+00
1.750000000000206724e+00,3.000000000000000444e+00,0.000000000000000000e+00,0.000000000000000000e+00,0.000000000000000000e+00,0.000000000000000000e+00
1.660304602629629311e+00,3.152423853405470933e+00,0.000000000000000000e+00,-4.821491901117801182e-02,-2.492047651935108132e-01,0.000000000000000000e+00
1.555555555555236946e+00,3.000000000000000000e+00,0.000000000000000000e+00,0.000000000000000000e+00,0.000000000000000000e+00,0.000000000000000000e+00
2.313677237774951934e+00,4.199882797792422906e+00,0.000000000000000000e+00,-4.932534853564177202e-01,1.168991416748979217e+00,0.000000000000000000e+00
2.332762929065136603e+00,4.071485143664570927e+00,0.000000000000000000e+00,-6.128970977981859081e-01,1.045596642733855441e+00,0.000000000000000000e+00
2.227970295512184951e+00,3.995113959645872903e+00,0.000000000000000000e+00,-4.545742355079093744e-01,1.172733896992352642e+00,0.000000000000000000e+00
2.216917924259751871e+00,4.122047156626558184e+00,0.000000000000000000e+00,-3.470930619329349320e-01,1.452759799004225139e+00,0.000000000000000000e+00
2.729588583070535091e+00,4.688507410299038725e+00,0.000000000000000000e+00,1.670630652792370885e-01,7.947470682571745881e-02,0.000000000000000000e+00
2.615444335638397622e+00,4.652535571537479875e+00,0.000000000000000000e+00,2.585016981386932255e-01,2.389963479065420338e-01,0.000000000000000000e+00
2.677983927252121088e+00,4.796391511824271703e+00,0.000000000000000000e+00,5.146339793994227779e-03,1.405008198062747127e-01,0.000000000000000000e+00
2.795744868449460796e+00,4.784820302125141644e+00,0.000000000000000000e+00,5.446548906061049466e-02,3.728650624724658136e-02,0.000000000000000000e+00
2.421050798343459487e+00,4.532387102834977810e+00,0.000000000000000000e+00,4.836843130545530611e-01,9.336992282700578016e-01,0.000000000000000000e+00
2.349816701976198630e+00,4.416906506688777156e+00,0.000000000000000000e+00,2.308126080995484553e-01,1.203077270828669665e+00,0.000000000000000000e+00
2.536697499193107497e+00,4.802457953568479709e+00,0.000000000000000000e+00,-1.597652926914456539e-01,3.033360165240823747e-01,0.000000000000000000e+00
2.474157907579383586e+00,4.658602013281686993e+00,0.000000000000000000e+00,3.364155381060667249e-01,3.767977511368065802e-01,0.000000000000000000e+00
2.342303961898168918e+00,4.682309484865976756e+00,0.000000000000000000e+00,-5.001109238032370313e-02,1.005448554986752896e+00,0.000000000000000000e+00
2.289196852662244375e+00,4.556094574419266685e+00,0.000000000000000000e+00,3.559384544045083310e-01,1.445776815019816697e+00,0.000000000000000000e+00
2.395411071134092573e+00,4.808524395312685051e+00,0.000000000000000000e+00,-3.711421293253616138e-01,2.777852716132394595e-01,0.000000000000000000e+00
2.981694945437904032e+00,4.895160001218934909e+00,0.000000000000000000e+00,-7.109604777592848888e-03,5.233384623301607155e-03,0.000000000000000000e+00
3.123340020603256662e+00,4.893253592979100119e+00,0.000000000000000000e+00,5.548827274262805274e-03,-3.837013396181878332e-03,0.000000000000000000e+00
3.049884081229006227e+00,5.017070910011859119e+00,0.000000000000000000e+00,7.068079004971217216e-02,-3.314992536622188291e-02,0.000000000000000000e+00
3.339091562545493552e+00,4.780999394261389313e+00,0.000000000000000000e+00,3.968190182214450905e-03,2.314997602768664037e-02,0.000000000000000000e+00
3.440693582556740182e+00,4.646281256288219197e+00,0.000000000000000000e+00,-1.611638981357961173e-02,1.223622027500276266e-02,0.000000000000000000e+00
3.481387165113480897e+00,4.792562512576438394e+00,0.000000000000000000e+00,-3.253820593844453102e-02,5.498547959541671970e-02,0.000000000000000000e+00
3.599999999999999645e+00,4.500000000000000000e+00,0.000000000000000000e+00,0.000000000000000000e+00,0.000000000000000000e+00,0.000000000000000000e+00
3.640693582556740360e+00,4.646281256288219197e+00,0.000000000000000000e+00,-6.061194374893564413e-02,1.298902904849217471e-02,0.000000000000000000e+00
3.799999999999999822e+00,4.500000000000000888e+00,0.000000000000000000e+00,0.000000000000000000e+00,0.000000000000000000e+00,0.000000000000000000e+00
2.732029065056686967e+00,4.919410672536962181e+00,0.000000000000000000e+00,-5.924902565116396680e-02,3.006057678209198697e-02,0.000000000000000000e+00
2.849790006254026231e+00,4.907839462837831235e+00,0.000000000000000000e+00,-2.002904454694453065e-02,9.677226794425411449e-03,0.000000000000000000e+00
2.917979142045129315e+00,5.029750371630755446e+00,0.000000000000000000e+00,5.133758030007183615e-02,-1.444739983931627759e-02,0.000000000000000000e+00
2.786074202861251958e+00,5.042429833249651772e+00,0.000000000000000000e+00,2.201137958926717778e-02,-4.414396910795822387e-02,0.000000000000000000e+00
3.191739670938050111e+00,5.025421191341409966e+00,0.000000000000000000e+00,6.646204581790719768e-02,1.343422970399877139e-02,0.000000000000000000e+00
3.265195610312300101e+00,4.901603874308650077e+00,0.000000000000000000e+00,1.505421675561062315e-02,3.061245066394732359e-02,0.000000000000000000e+00
3.407491212880287001e+00,4.913166992623699159e+00,0.000000000000000000e+00,5.748843963398964562e-04,5.849809016990283050e-02,0.000000000000000000e+00
3.333595260647093106e+00,5.033771472670959923e+00,0.000000000000000000e+00,5.735228775316318639e-02,4.434061606713194520e-02,0.000000000000000000e+00
2.100785238444355052e+00,3.677730258964548860e+00,0.000000000000000000e+00,-3.327787206978968793e-01,4.114918487017565352e-01,0.000000000000000000e+00
2.116359175612853250e+00,3.803630683922422762e+00,0.000000000000000000e+00,-5.146936187653944339e-01,5.195489845412549768e-01,0.000000000000000000e+00
1.993695684461088247e+00,3.739080605179658789e+00,0.000000000000000000e+00,-4.617527985505549548e-01,-4.874932750287258587e-02,0.000000000000000000e+00
1.966853086337737366e+00,3.621718895741430355e+00,0.000000000000000000e+00,-3.075124986701406327e-01,-1.171791725862881134e-01,0.000000000000000000e+00
2.119511333382309459e+00,3.934090381332594255e+00,0.000000000000000000e+00,-2.069834844428446174e-01,6.640396126086698381e-01,0.000000000000000000e+00
2.108458962129875935e+00,4.061023578313279536e+00,0.000000000000000000e+00,-1.513663056606230073e-01,9.626536764695662329e-01,0.000000000000000000e+00
1.996847842230544012e+00,3.869540302589828951e+00,0.000000000000000000e+00,-3.105903080923918536e-01,1.108791288389271434e-02,0.000000000000000000e+00
2.000000000000000444e+00,4.000000000000000888e+00,0.000000000000000000e+00,0.000000000000000000e+00,0.000000000000000000e+00,0.000000000000000000e+00
2.200114094951090671e+00,4.231609595313690519e+00,0.000000000000000000e+00,-3.320909901371927875e-01,1.785376347213150749e+00,0.000000000000000000e+00
2.296873408466290734e+00,4.309445236479554353e+00,0.000000000000000000e+00,-3.750029921482316841e-01,1.529771893108912817e+00,0.000000000000000000e+00
2.236253559152337367e+00,4.448633304210044770e+00,0.000000000000000000e+00,3.674218026833120376e-01,1.782853928374964259e+00,0.000000000000000000e+00
2.183310265642429471e+00,4.341172034000821967e+00,0.000000000000000000e+00,-2.154982308553779757e-01,2.053998735277547283e+00,0.000000000000000000e+00
2.250043504282517759e+00,1.778155479749875978e+00,0.000000000000000000e+00,1.389959131143644777e+00,5.887570979412052319e-01,0.000000000000000000e+00
2.354480166926387508e+00,1.647884427566637111e+00,0.000000000000000000e+00,1.128193304297994581e+00,5.476543807040558098e-01,0.000000000000000000e+00
2.160556450398726014e+00,1.639302886403227744e+00,0.000000000000000000e+00,1.015074837242548433e+00,7.458334553375841613e-01,0.000000000000000000e+00
2.139881351185784375e+00,1.920482560271621342e+00,0.000000000000000000e+00,1.400892334585186916e+00,3.535994612868346709e-01,0.000000000000000000e+00
2.035489200031452839e+00,2.053900517380802260e+00,0.000000000000000000e+00,8.462425177373759100e-01,7.282353053815730781e-02,0.000000000000000000e+00
2.050394297301992630e+00,1.781629966924973552e+00,0.000000000000000000e+00,1.058389814321121447e+00,5.136279157570133869e-01,0.000000000000000000e+00
1.940232144205258802e+00,1.923957047446718693e+00,0.000000000000000000e+00,1.047866549232261191e+00,2.340753515659806661e-01,0.000000000000000000e+00
2.453852474550958007e+00,1.501325607902505688e+00,0.000000000000000000e+00,8.923815580205411990e-01,5.402404691820864580e-01,0.000000000000000000e+00
2.542228716665030142e+00,1.342058997287492339e+00,0.000000000000000000e+00,4.275005909393475023e-01,4.154213566179941197e-01,0.000000000000000000e+00
2.259928758023296513e+00,1.492744066739096542e+00,0.000000000000000000e+00,7.802737774042804997e-01,6.928929148964974027e-01,0.000000000000000000e+00
2.359301065647867013e+00,1.346185247074964897e+00,0.000000000000000000e+00,4.453036604943708676e-01,6.403228787278794076e-01,0.000000000000000000e+00
2.718956854450989891e+00,1.017902700375421521e+00,0.000000000000000000e+00,-8.094802630078222483e-02,1.214560382393589794e-01,0.000000000000000000e+00
2.630855433134485999e+00,1.179041985591624542e+00,0.000000000000000000e+00,1.853324340207055942e-01,2.077316388857274598e-01,0.000000000000000000e+00
2.447927782117323314e+00,1.183168235379097100e+00,0.000000000000000000e+00,2.413996920727851658e-01,5.233034476448804595e-01,0.000000000000000000e+00
2.536554498586779616e+00,1.020151223683229302e+00,0.000000000000000000e+00,-9.094005696889212453e-02,3.215975961407757100e-01,0.000000000000000000e+00
1.935157610018536145e+00,2.184583096570531957e+00,0.000000000000000000e+00,4.514358725111490833e-01,9.328917082879117917e-02,0.000000000000000000e+00
1.842006704312107335e+00,2.342661102913088378e+00,0.000000000000000000e+00,2.612776289779805694e-01,1.235608126728823461e-02,0.000000000000000000e+00
1.839900554192341886e+00,2.054639626636447947e+00,0.000000000000000000e+00,7.672568208890684360e-01,1.418084486427591828e-01,0.000000000000000000e+00
1.739568964179425192e+00,2.185322205826177644e+00,0.000000000000000000e+00,3.713979584024458269e-01,-4.572475197316370164e-03,0.000000000000000000e+00
1.749999999999824141e+00,2.500000000000000000e+00,0.000000000000000000e+00,0.000000000000000000e+00,0.000000000000000000e+00,0.000000000000000000e+00
1.647562259867141332e+00,2.342661102913088378e+00,0.000000000000000000e+00,2.414463429323075172e-01,1.471152156193301658e-03,0.000000000000000000e+00
1.555555555554858138e+00,2.500000000000000444e+00,0.000000000000000000e+00,0.000000000000000000e+00,0.000000000000000000e+00,0.000000000000000000e+00
2.890205068390305776e+00,6.976614759121402276e-01,0.000000000000000000e+00,-4.373956385462603458e-01,-2.330823181365083985e-02,0.000000000000000000e+00
2.800790086039723903e+00,8.522788155384102282e-01,0.000000000000000000e+00,-3.012710995095756461e-01,6.547550053437950490e-02,0.000000000000000000e+00
2.618387730175513184e+00,8.545273388462177877e-01,0.000000000000000000e+00,-3.289186045905577171e-01,2.391378090428805947e-01,0.000000000000000000e+00
2.700220961764246752e+00,6.889034540092064951e-01,0.000000000000000000e+00,-4.458304743841304818e-01,1.981802384164595698e-01,0.000000000000000000e+00
3.829838570681086907e+00,3.409583116798224900e-01,0.000000000000000000e+00,-4.150534160296979747e-01,-2.868087390649212351e-02,0.000000000000000000e+00
3.730098126207426645e+00,5.070953297177784869e-01,0.000000000000000000e+00,-3.269387519488679006e-01,-7.477890554132320122e-02,0.000000000000000000e+00
3.541446929836636670e+00,5.212632285537573962e-01,0.000000000000000000e+00,-3.820826216825670696e-01,-1.501353707128167125e-01,0.000000000000000000e+00
3.637847744301273778e+00,3.421986947134145751e-01,0.000000000000000000e+00,-4.514433824850054844e-01,-4.849385782986126436e-02,0.000000000000000000e+00
3.350563537360561561e+00,5.299576563403438634e-01,0.000000000000000000e+00,-4.600431850694376990e-01,-2.024434456333387422e-01,0.000000000000000000e+00
3.168135067182744180e+00,5.330035240508306238e-01,0.000000000000000000e+00,-5.333354687095587243e-01,-1.827437963187341918e-01,0.000000000000000000e+00
3.446964351825198669e+00,3.508931225000010423e-01,0.000000000000000000e+00,-5.373713978551907244e-01,-1.026446316976814960e-01,0.000000000000000000e+00
3.256080959349123560e+00,3.595875502865875095e-01,0.000000000000000000e+00,-6.358273419981356200e-01,-1.126760372841833779e-01,0.000000000000000000e+00
3.060193645478563429e+00,3.499050274728897625e-01,0.000000000000000000e+00,-7.205264854746550318e-01,-9.958874200802730892e-02,0.000000000000000000e+00
2.972247753312183605e+00,5.233210012371329878e-01,0.000000000000000000e+00,-6.236173292777438260e-01,-1.009307887374827628e-01,0.000000000000000000e+00
2.782263646686125025e+00,5.145629793341992553e-01,0.000000000000000000e+00,-6.439629266026092314e-01,1.029820265559646536e-01,0.000000000000000000e+00
2.864306331608002854e+00,3.402225046591920155e-01,0.000000000000000000e+00,-7.770733213478161483e-01,2.749442838510194470e-02,0.000000000000000000e+00
4.416666666672504959e+00,0.000000000000000000e+00,0.000000000000000000e+00,0.000000000000000000e+00,0.000000000000000000e+00,0.000000000000000000e+00
4.681059288906333826e+00,1.256395906230641513e-01,0.000000000000000000e+00,-1.646085342534730767e-01,-4.287364503010443473e-02,0.000000000000000000e+00
4.515739121357255748e+00,1.765261068926579635e-01,0.000000000000000000e+00,-2.395327271576553341e-01,-4.356268258176634184e-02,0.000000000000000000e+00
4.122025809645452732e+00,1.698589643231152024e-01,0.000000000000000000e+00,-2.893713872444889645e-01,7.219811412833651403e-03,0.000000000000000000e+00
4.321294676914757105e+00,1.765261068926579635e-01,0.000000000000000000e+00,-3.066471589187130253e-01,-4.341121573382535070e-02,0.000000000000000000e+00
4.611111111115003602e+00,-5.413126660430650266e-18,0.000000000000000000e+00,0.000000000000000000e+00,0.000000000000000000e+00,0.000000000000000000e+00
4.222222222230005428e+00,7.318298983073916439e-18,0.000000000000000000e+00,0.000000000000000000e+00,0.000000000000000000e+00,0.000000000000000000e+00
4.027777777786438307e+00,0.000000000000000000e+00,0.000000000000000000e+00,0.000000000000000000e+00,0.000000000000000000e+00,0.000000000000000000e+00
3.927581365201885166e+00,1.698589643231152024e-01,0.000000000000000000e+00,-2.761051823074069378e-01,3.812303597356312378e-03,0.000000000000000000e+00
3.735590538822071593e+00,1.710993473567072876e-01,0.000000000000000000e+00,-2.969538177195242268e-01,-1.299315369205031323e-02,0.000000000000000000e+00
3.833333333342869853e+00,7.371740342083331167e-18,0.000000000000000000e+00,0.000000000000000000e+00,0.000000000000000000e+00,0.000000000000000000e+00
5.000000000000000000e+00,1.785714285712402261e-01,0.000000000000000000e+00,0.000000000000000000e+00,0.000000000000000000e+00,0.000000000000000000e+00
5.000000000000000000e+00,5.413126660430650266e-18,0.000000000000000000e+00,0.000000000000000000e+00,0.000000000000000000e+00,0.000000000000000000e+00
4.875503733348832469e+00,1.256395906230641513e-01,0.000000000000000000e+00,-6.212438030626572100e-02,-5.257945650995788506e-02,0.000000000000000000e+00
4.805555555557502245e+00,0.000000000000000000e+00,0.000000000000000000e+00,0.000000000000000000e+00,0.000000000000000000e+00,0.000000000000000000e+00
1.811202320774194519e+00,3.552873238207420403e+00,0.000000000000000000e+00,-1.702053411562046981e-01,-6.036705065086951372e-01,0.000000000000000000e+00
1.723723901519011559e+00,3.453118498461289487e+00,0.000000000000000000e+00,-1.194474821174858481e-01,-8.510721292124566739e-01,0.000000000000000000e+00
1.682394153334001885e+00,3.601389290111637553e+00,0.000000000000000000e+00,-2.852053274130595881e-02,-7.905616722454984480e-01,0.000000000000000000e+00
1.838044918897545177e+00,3.670234947645647949e+00,0.000000000000000000e+00,-3.155749960243525720e-01,-4.321454323457925573e-01,0.000000000000000000e+00
1.481488737980615866e+00,3.155025049407421456e+00,0.000000000000000000e+00,-2.590454947238144401e-01,-4.788652169788886609e-02,0.000000000000000000e+00
1.586237785055008231e+00,3.307448902812892388e+00,0.000000000000000000e+00,-1.607143984859341068e-01,-4.537270383119854089e-01,0.000000000000000000e+00
1.544908036869998558e+00,3.455719694463240454e+00,0.000000000000000000e+00,-2.223112738842024649e-01,-5.416846107659654130e-01,0.000000000000000000e+00
1.407421920405994786e+00,3.310050098814842467e+00,0.000000000000000000e+00,-3.994815696269277128e-01,-5.989468258463480355e-02,0.000000000000000000e+00
1.361111111110677285e+00,3.000000000000000444e+00,0.000000000000000000e+00,0.000000000000000000e+00,0.000000000000000000e+00,0.000000000000000000e+00
1.287044293536055983e+00,3.155025049407421456e+00,0.000000000000000000e+00,-2.682993244937837973e-01,-4.356085641068267039e-03,0.000000000000000000e+00
1.166666666666116958e+00,3.000000000000000000e+00,0.000000000000000000e+00,0.000000000000000000e+00,0.000000000000000000e+00,0.000000000000000000e+00
2.000000000000000000e+00,4.125000000000000000e+00,0.000000000000000000e+00,0.000000000000000000e+00,0.000000000000000000e+00,0.000000000000000000e+00
2.091655132821214735e+00,4.295586017000411871e+00,0.000000000000000000e+00,-6.798500006648384997e-02,1.393976643018547845e+00,0.000000000000000000e+00
2.108458962129875935e+00,4.186023578313279536e+00,0.000000000000000000e+00,-3.769651653635570920e-02,1.071394338619286790e+00,0.000000000000000000e+00
2.000000000000000000e+00,4.250000000000000000e+00,0.000000000000000000e+00,0.000000000000000000e+00,0.000000000000000000e+00,0.000000000000000000e+00
2.603336106851125820e+00,4.951319018025758467e+00,0.000000000000000000e+00,-1.076121063229034114e-01,8.639711717213088837e-02,0.000000000000000000e+00
2.657381244655691255e+00,5.074338178738448946e+00,0.000000000000000000e+00,6.306489490816810650e-02,3.084939092569314797e-02,0.000000000000000000e+00
2.462049678792111784e+00,4.957385459769965586e+00,0.000000000000000000e+00,-2.396277851135626968e-01,1.474878258426367272e-01,0.000000000000000000e+00
2.528688286450129663e+00,5.106246524227244343e+00,0.000000000000000000e+00,1.133432900989283648e-01,1.997205386867621085e-02,0.000000000000000000e+00
2.253094976827824780e+00,4.799514912214609907e+00,0.000000000000000000e+00,-5.123287288457302191e-01,7.401595923948900424e-01,0.000000000000000000e+00
2.199987867591900681e+00,4.673300001767900724e+00,0.000000000000000000e+00,-4.049894029101711035e-01,1.199928060296392207e+00,0.000000000000000000e+00
2.110778882521556099e+00,4.790505429116533875e+00,0.000000000000000000e+00,-7.075071369379188901e-01,7.888535818113311393e-01,0.000000000000000000e+00
2.091655132821214735e+00,4.420586017000411871e+00,0.000000000000000000e+00,-2.115075442616074497e-01,1.537153495388408730e+00,0.000000000000000000e+00
2.144598426331122187e+00,4.528047287209633787e+00,0.000000000000000000e+00,1.636405151802352020e-01,1.168482630924508214e+00,0.000000000000000000e+00
2.055389441260778050e+00,4.645252714558266938e+00,0.000000000000000000e+00,-4.444815120737860559e-01,5.140475542348265092e-01,0.000000000000000000e+00
2.000000000000000000e+00,4.500000000000000000e+00,0.000000000000000000e+00,0.000000000000000000e+00,0.000000000000000000e+00,0.000000000000000000e+00
2.385574617846683232e+00,5.098288857800423735e+00,0.000000000000000000e+00,1.060970852496082584e-01,3.096739680960411412e-01,0.000000000000000000e+00
2.318936010188664465e+00,4.949427793343144089e+00,0.000000000000000000e+00,-2.464040226197876660e-01,4.302224522919142480e-01,0.000000000000000000e+00
2.176619915882396228e+00,4.940418310245068056e+00,0.000000000000000000e+00,-3.856800389982457111e-01,7.028559047769251666e-01,0.000000000000000000e+00
2.242460949243235913e+00,5.090331191373602238e+00,0.000000000000000000e+00,7.586624029704806815e-02,5.166823324444670407e-01,0.000000000000000000e+00
3.115157342816873509e+00,5.147379004274545089e+00,0.000000000000000000e+00,1.325430707151199761e-01,-5.828948927842777031e-03,0.000000000000000000e+00
3.257012932525917392e+00,5.155729285604095935e+00,0.000000000000000000e+00,1.271646629741475243e-01,3.772733749730956820e-02,0.000000000000000000e+00
2.862913993322167006e+00,5.141114321675051002e+00,0.000000000000000000e+00,1.392188030516304242e-01,-4.714452672680766177e-02,0.000000000000000000e+00
2.994818932506043918e+00,5.128434860056154676e+00,0.000000000000000000e+00,1.418440866094049790e-01,-3.736840951886258311e-02,0.000000000000000000e+00
3.060092194093911644e+00,5.258742954318840646e+00,0.000000000000000000e+00,1.998901158870581840e-01,1.719212020615038016e-03,0.000000000000000000e+00
2.939753783783081609e+00,5.239798810100450233e+00,0.000000000000000000e+00,2.194623375786140529e-01,-3.713136386925367655e-02,0.000000000000000000e+00
3.180430604404741235e+00,5.277687098537231947e+00,0.000000000000000000e+00,1.851122124420586934e-01,1.965686651859238979e-02,0.000000000000000000e+00
3.615898552675095967e+00,4.817525336336341724e+00,0.000000000000000000e+00,-8.963753269583761563e-02,7.811866974374798156e-02,0.000000000000000000e+00
3.775204970118354986e+00,4.671244080048122527e+00,0.000000000000000000e+00,-1.296995576628897640e-01,5.395705993512350807e-02,0.000000000000000000e+00
3.551317291226711248e+00,4.921801939962998418e+00,0.000000000000000000e+00,-3.620664358756116308e-02,1.106373598887936127e-01,0.000000000000000000e+00
3.477421338993517352e+00,5.042406420010258294e+00,0.000000000000000000e+00,3.710140920595288161e-02,1.132572352362657547e-01,0.000000000000000000e+00
3.685828678788326762e+00,4.946764763722900859e+00,0.000000000000000000e+00,-8.329624921168417295e-02,1.462652781241337019e-01,0.000000000000000000e+00
3.750409940236711037e+00,4.842488160096244165e+00,0.000000000000000000e+00,-1.468375173755905039e-01,1.152729436594874812e-01,0.000000000000000000e+00
3.621247417339941155e+00,5.051041367349556666e+00,0.000000000000000000e+00,2.956790410193858420e-03,1.701355003404949051e-01,0.000000000000000000e+00
3.999999999999999556e+00,4.500000000000000000e+00,0.000000000000000000e+00,0.000000000000000000e+00,0.000000000000000000e+00,0.000000000000000000e+00
3.877857701589324968e+00,4.837945579345479530e+00,0.000000000000000000e+00,-2.137146446894518936e-01,1.211789083310249315e-01,0.000000000000000000e+00
3.902652731470968916e+00,4.666701499297357003e+00,0.000000000000000000e+00,-1.859625213446216840e-01,2.416878585025369897e-02,0.000000000000000000e+00
4.102652731470969094e+00,4.666701499297357891e+00,0.000000000000000000e+00,-2.506390401583237781e-01,2.223661761872313541e-02,0.000000000000000000e+00
4.200000000000000178e+00,4.500000000000000888e+00,0.000000000000000000e+00,0.000000000000000000e+00,0.000000000000000000e+00,0.000000000000000000e+00
4.005305462941938899e+00,4.833402998594715783e+00,0.000000000000000000e+00,-2.995001539742827013e-01,9.604078110976221883e-02,0.000000000000000000e+00
2.604977423862268715e+00,5.233375651913744875e+00,0.000000000000000000e+00,2.589752085885745903e-01,3.888341785317440263e-02,0.000000000000000000e+00
2.733670382067829863e+00,5.201467306424948589e+00,0.000000000000000000e+00,2.274328905124685107e-01,-1.713770227406913316e-02,0.000000000000000000e+00
2.810510172528744466e+00,5.300151794850348708e+00,0.000000000000000000e+00,3.007646910867119994e-01,-1.152344662776982366e-02,0.000000000000000000e+00
2.681266561274406879e+00,5.360504779600245406e+00,0.000000000000000000e+00,3.742512043897625595e-01,1.126481946978319729e-02,0.000000000000000000e+00
3.325934956420359967e+00,5.283398919463495602e+00,0.000000000000000000e+00,1.739082895613814628e-01,7.874256099855864166e-02,0.000000000000000000e+00
3.402517284541535680e+00,5.161441106530360479e+00,0.000000000000000000e+00,1.042430615898534002e-01,9.329087010871121854e-02,0.000000000000000000e+00
3.546343362887959927e+00,5.170076053869658850e+00,0.000000000000000000e+00,8.239787723099503691e-02,1.707235612236715494e-01,0.000000000000000000e+00
3.471439308435978255e+00,5.289110740389761034e+00,0.000000000000000000e+00,1.523148462740549491e-01,1.466755022922710261e-01,0.000000000000000000e+00
1.800000000000000266e+00,4.000000000000000000e+00,0.000000000000000000e+00,0.000000000000000000e+00,0.000000000000000000e+00,0.000000000000000000e+00
1.796847842230544279e+00,3.869540302589829395e+00,0.000000000000000000e+00,-2.285450675744047366e-01,-8.933315267831892781e-02,0.000000000000000000e+00
1.641197076667001209e+00,3.800694645055818999e+00,0.000000000000000000e+00,7.843490423071231010e-02,-4.096141236047069478e-01,0.000000000000000000e+00
1.600000000000000311e+00,4.000000000000000888e+00,0.000000000000000000e+00,0.000000000000000000e+00,0.000000000000000000e+00,0.000000000000000000e+00
2.000000000000000000e+00,4.375000000000000000e+00,0.000000000000000000e+00,0.000000000000000000e+00,0.000000000000000000e+00,0.000000000000000000e+00
1.868208746788859509e+00,1.770669729547881932e+00,0.000000000000000000e+00,8.762639316429120528e-01,3.995284891988887255e-01,0.000000000000000000e+00
1.978370899885593115e+00,1.628342649026136346e+00,0.000000000000000000e+00,8.907023250410557313e-01,5.952914261223837267e-01,0.000000000000000000e+00
2.080281412036018907e+00,1.493706028193435564e+00,0.000000000000000000e+00,7.892748949150152349e-01,7.625890522516425296e-01,0.000000000000000000e+00
2.179653719660589406e+00,1.347147208529303919e+00,0.000000000000000000e+00,4.831697419893259959e-01,7.040742125841936705e-01,0.000000000000000000e+00
1.898095861522886008e+00,1.482745790816343945e+00,0.000000000000000000e+00,6.339979058817568625e-01,6.513101355320848329e-01,0.000000000000000000e+00
1.796185349372459994e+00,1.617382411649044949e+00,0.000000000000000000e+00,7.096601151792275575e-01,5.216957944931817082e-01,0.000000000000000000e+00
2.000006373673311799e+00,1.348109169983642941e+00,0.000000000000000000e+00,5.106549007876665103e-01,7.729068369684251039e-01,0.000000000000000000e+00
1.759591757120677169e+00,1.905861623150955975e+00,0.000000000000000000e+00,8.600902827415725094e-01,2.973037127393038936e-01,0.000000000000000000e+00
1.659260167107760031e+00,2.036544202340685228e+00,0.000000000000000000e+00,5.734448661610201947e-01,1.337200623738141747e-01,0.000000000000000000e+00
1.687568359704277654e+00,1.752574305252119213e+00,0.000000000000000000e+00,6.978691431489555397e-01,4.092875859884142487e-01,0.000000000000000000e+00
1.578951370036095314e+00,1.887766198855193256e+00,0.000000000000000000e+00,6.695843442173117221e-01,2.724181685821264742e-01,0.000000000000000000e+00
2.353108126002368294e+00,1.025435797628975632e+00,0.000000000000000000e+00,3.014141506161959957e-02,5.152159127112108106e-01,0.000000000000000000e+00
2.264481409532912437e+00,1.188452809324843429e+00,0.000000000000000000e+00,3.105082915997867121e-01,6.398918283108195881e-01,0.000000000000000000e+00
2.084834063545634386e+00,1.189414770779182451e+00,0.000000000000000000e+00,3.318912651283121851e-01,7.227323035768425941e-01,0.000000000000000000e+00
2.169661753417957417e+00,1.030720371574722183e+00,0.000000000000000000e+00,9.693200509489674488e-02,6.507577465394730476e-01,0.000000000000000000e+00
2.524877126710144637e+00,7.028934537847131292e-01,0.000000000000000000e+00,-4.249463312529345727e-01,2.340630349435799396e-01,0.000000000000000000e+00
2.443043895121410625e+00,8.685173386217243108e-01,0.000000000000000000e+00,-2.632958569533814241e-01,3.203271196627455741e-01,0.000000000000000000e+00
2.259597522536999747e+00,8.738019125674708620e-01,0.000000000000000000e+00,-1.503935983066283510e-01,5.341261918206242632e-01,0.000000000000000000e+00
2.349533291656042522e+00,7.168834535602196523e-01,0.000000000000000000e+00,-3.614535952588863732e-01,3.254976446079757002e-01,0.000000000000000000e+00
1.547675422148004021e+00,2.178326457272384609e+00,0.000000000000000000e+00,2.859545610199341614e-01,9.789351920076110047e-02,0.000000000000000000e+00
1.455668717835720383e+00,2.335665354359296231e+00,0.000000000000000000e+00,1.671858597032003513e-01,1.727972689633817602e-02,0.000000000000000000e+00
1.467366625076339082e+00,2.029548453786892637e+00,0.000000000000000000e+00,4.690557723825848901e-01,1.778177244823281322e-01,0.000000000000000000e+00
1.355781880116583293e+00,2.171330708718592462e+00,0.000000000000000000e+00,1.893309150309928635e-01,4.045980089669060781e-02,0.000000000000000000e+00
1.361111111110508975e+00,2.500000000000000000e+00,0.000000000000000000e+00,0.000000000000000000e+00,0.000000000000000000e+00,0.000000000000000000e+00
1.261224273391371664e+00,2.335665354359296231e+00,0.000000000000000000e+00,1.262466061789263294e-01,1.000212483748333554e-02,0.000000000000000000e+00
1.166666666666160257e+00,2.500000000000000444e+00,0.000000000000000000e+00,0.000000000000000000e+00,0.000000000000000000e+00,0.000000000000000000e+00
2.567888903339063944e+00,5.299431910644044619e-01,0.000000000000000000e+00,-5.731205682084536956e-01,2.030212155982048516e-01,0.000000000000000000e+00
2.649931588260941773e+00,3.556027163893972221e-01,0.000000000000000000e+00,-7.434607965404764762e-01,1.398162976572165928e-01,0.000000000000000000e+00
2.392545068284961829e+00,5.439331908399109849e-01,0.000000000000000000e+00,-5.263255668524051689e-01,2.269138830724841682e-01,0.000000000000000000e+00
2.435556844913880692e+00,3.709829281196023731e-01,0.000000000000000000e+00,-6.567121068269516915e-01,1.432382893472457230e-01,0.000000000000000000e+00
3.638888888897491292e+00,0.000000000000000000e+00,0.000000000000000000e+00,0.000000000000000000e+00,0.000000000000000000e+00,0.000000000000000000e+00
3.541146094376693476e+00,1.710993473567073153e-01,0.000000000000000000e+00,-3.255824816529178101e-01,-1.642397968098284824e-02,0.000000000000000000e+00
3.350262701900617923e+00,1.797937751432937548e-01,0.000000000000000000e+00,-4.125008298201595092e-01,-3.547641816442527463e-02,0.000000000000000000e+00
3.444444444452111842e+00,7.746335950166446649e-18,0.000000000000000000e+00,0.000000000000000000e+00,0.000000000000000000e+00,0.000000000000000000e+00
3.250000000005914380e+00,0.000000000000000000e+00,0.000000000000000000e+00,0.000000000000000000e+00,0.000000000000000000e+00,0.000000000000000000e+00
3.155818257454420017e+00,1.797937751432937548e-01,0.000000000000000000e+00,-4.734248472969582178e-01,-3.435109560025674524e-02,0.000000000000000000e+00
2.959930943583859442e+00,1.701112523295960077e-01,0.000000000000000000e+00,-5.497239151616191144e-01,-1.295326471512623506e-02,0.000000000000000000e+00
3.055555555559716030e+00,7.329168701187574142e-18,0.000000000000000000e+00,0.000000000000000000e+00,0.000000000000000000e+00,0.000000000000000000e+00
2.861111111114752248e+00,0.000000000000000000e+00,0.000000000000000000e+00,0.000000000000000000e+00,0.000000000000000000e+00,0.000000000000000000e+00
2.765486499138895216e+00,1.701112523295960355e-01,0.000000000000000000e+00,-5.810587584580226839e-01,8.384335828594378925e-02,0.000000000000000000e+00
2.551111755791834135e+00,1.854914640598011866e-01,0.000000000000000000e+00,-5.001076057356481641e-01,4.447904216506422259e-02,0.000000000000000000e+00
2.666666666669787134e+00,7.991818378307411238e-18,0.000000000000000000e+00,0.000000000000000000e+00,0.000000000000000000e+00,0.000000000000000000e+00
1.511208616951390526e+00,3.632566968711517408e+00,0.000000000000000000e+00,1.927444386589990399e-01,-3.978729691140137081e-01,0.000000000000000000e+00
1.373722500487386977e+00,3.486897373063119865e+00,0.000000000000000000e+00,-1.633351180464994723e-01,-9.207222449623385114e-04,0.000000000000000000e+00
1.470011540284389628e+00,3.831872323655698409e+00,0.000000000000000000e+00,2.969300072196763285e-01,-2.230436804370121776e-02,0.000000000000000000e+00
1.340023080568779168e+00,3.663744647311397706e+00,0.000000000000000000e+00,3.536037552130169015e-01,1.140914882510196682e-01,0.000000000000000000e+00
1.195540375800774768e+00,3.334967292225448521e+00,0.000000000000000000e+00,-3.075965839211557418e-01,9.101440415790851279e-02,0.000000000000000000e+00
1.075162748930835743e+00,3.179942242818027065e+00,0.000000000000000000e+00,-2.127319678106294187e-01,1.540524858804761740e-02,0.000000000000000000e+00
1.161840955882166959e+00,3.511814566473725918e+00,0.000000000000000000e+00,-7.059139080528833467e-03,1.914741952300856309e-01,0.000000000000000000e+00
9.836588311955547503e-01,3.359884485636054130e+00,0.000000000000000000e+00,-1.595525010162042734e-01,7.102854591257029560e-02,0.000000000000000000e+00
9.722222222217644649e-01,3.000000000000000444e+00,0.000000000000000000e+00,0.000000000000000000e+00,0.000000000000000000e+00,0.000000000000000000e+00
8.807183044864833610e-01,3.179942242818027509e+00,0.000000000000000000e+00,-1.680612024641594260e-01,1.457541388139860401e-02,0.000000000000000000e+00
7.777777777774117496e-01,3.000000000000000000e+00,0.000000000000000000e+00,0.000000000000000000e+00,0.000000000000000000e+00,0.000000000000000000e+00
2.439288000578001547e+00,5.241691965895962646e+00,0.000000000000000000e+00,3.795939832149105575e-01,1.980962807660379132e-01,0.000000000000000000e+00
2.515577137990139711e+00,5.368821093582463178e+00,0.000000000000000000e+00,4.523235198764697373e-01,2.002677068466162669e-01,0.000000000000000000e+00
2.296174331974554672e+00,5.233734299469141149e+00,0.000000000000000000e+00,3.485419657592604414e-01,4.154390624869007120e-01,0.000000000000000000e+00
2.349887714705873432e+00,5.377137407564680949e+00,0.000000000000000000e+00,5.302850142013293411e-01,3.070076965338707775e-01,0.000000000000000000e+00
1.955389441260514616e+00,4.785981842673466602e+00,0.000000000000000000e+00,-4.238585343534482797e-01,5.990200961526729317e-01,0.000000000000000000e+00
1.899999999999736566e+00,4.640729128115198776e+00,0.000000000000000000e+00,-5.451583603181868465e-02,9.874435081540770820e-02,0.000000000000000000e+00
2.088645752182011428e+00,5.081976503799186418e+00,0.000000000000000000e+00,2.299614157425047822e-02,8.130332890594186290e-01,0.000000000000000000e+00
2.022804718821171299e+00,4.932063622670651348e+00,0.000000000000000000e+00,-3.919388771612899447e-01,9.293564117617452158e-01,0.000000000000000000e+00
1.867415277560130260e+00,4.927540036227584075e+00,0.000000000000000000e+00,-1.408443857606123117e-01,7.323125238982278740e-01,0.000000000000000000e+00
1.799999999999473133e+00,4.781458256230399329e+00,0.000000000000000000e+00,-3.302537324199640578e-03,2.783856844608589287e-01,0.000000000000000000e+00
1.934830555120786943e+00,5.073621816224768821e+00,0.000000000000000000e+00,2.782856724187676364e-02,1.006146863642140454e+00,0.000000000000000000e+00
1.799999999999473577e+00,4.500000000000000000e+00,0.000000000000000000e+00,0.000000000000000000e+00,0.000000000000000000e+00,0.000000000000000000e+00
1.699999999999210143e+00,4.640729128115199664e+00,0.000000000000000000e+00,1.544441466909499960e-01,3.899984169875551215e-02,0.000000000000000000e+00
1.599999999998946931e+00,4.500000000000000000e+00,0.000000000000000000e+00,0.000000000000000000e+00,0.000000000000000000e+00,0.000000000000000000e+00
2.159768440214770102e+00,5.201907322656172283e+00,0.000000000000000000e+00,2.662673413165242420e-01,6.141786970068621176e-01,0.000000000000000000e+00
2.213481822946088418e+00,5.345310430751711195e+00,0.000000000000000000e+00,4.952800641873099652e-01,5.037672455507166136e-01,0.000000000000000000e+00
2.005953243153545174e+00,5.193552635081754687e+00,0.000000000000000000e+00,1.505480265125788419e-01,9.153110095789583900e-01,0.000000000000000000e+00
2.077075931186303848e+00,5.313483453938740553e+00,0.000000000000000000e+00,4.280740762691546686e-01,6.816360542217470009e-01,0.000000000000000000e+00
2.970433626464545007e+00,5.370550119601860573e+00,0.000000000000000000e+00,2.613631254933609371e-01,6.813239046498811326e-03,0.000000000000000000e+00
3.090772036775374154e+00,5.389494263820250097e+00,0.000000000000000000e+00,2.374059369186070911e-01,2.960387803830785702e-02,0.000000000000000000e+00
3.001113469146007962e+00,5.501301429103270024e+00,0.000000000000000000e+00,2.809746343840009986e-01,4.514003739852410352e-02,0.000000000000000000e+00
2.841190015210207864e+00,5.430903104351758159e+00,0.000000000000000000e+00,3.242263443542972023e-01,3.455680167464351971e-02,0.000000000000000000e+00
3.239115053509729059e+00,5.398896007746023074e+00,0.000000000000000000e+00,2.192819852580171758e-01,4.597950207568033548e-02,0.000000000000000000e+00
3.384619405525347346e+00,5.404607828672288505e+00,0.000000000000000000e+00,2.109587846560541935e-01,1.179569161677302136e-01,0.000000000000000000e+00
3.149456485880362422e+00,5.510703173029043000e+00,0.000000000000000000e+00,2.668565761932908953e-01,4.410173301342276003e-02,0.000000000000000000e+00
3.297799502614716438e+00,5.520104916954815977e+00,0.000000000000000000e+00,2.519593833720366050e-01,7.450509650747774715e-02,0.000000000000000000e+00
3.801687660352276232e+00,4.946569398443289245e+00,0.000000000000000000e+00,-1.508660164183815433e-01,1.753869892011516440e-01,0.000000000000000000e+00
3.737106398903891069e+00,5.050846002069945051e+00,0.000000000000000000e+00,-6.828868532029903904e-02,2.249161543199916236e-01,0.000000000000000000e+00
3.852965380467840539e+00,5.050650636790332548e+00,0.000000000000000000e+00,-1.520517933720620107e-01,2.468007988424080479e-01,0.000000000000000000e+00
3.929135421704889275e+00,4.942026817692523721e+00,0.000000000000000000e+00,-2.324771446310451017e-01,1.824901275985277571e-01,0.000000000000000000e+00
3.621343766851545798e+00,5.293926625961294263e+00,0.000000000000000000e+00,1.381107544789259012e-01,2.449465926629087187e-01,0.000000000000000000e+00
3.696247821303527470e+00,5.174891939441192079e+00,0.000000000000000000e+00,3.455494326528064236e-02,2.662740719249691024e-01,0.000000000000000000e+00
3.812106802867476496e+00,5.174696574161579576e+00,0.000000000000000000e+00,-1.096533331642482977e-02,3.160112926936259337e-01,0.000000000000000000e+00
3.771248225267112897e+00,5.298742511532826605e+00,0.000000000000000000e+00,1.278001450478726542e-01,3.284024458903138655e-01,0.000000000000000000e+00
4.191887839685506378e+00,4.837590491345077126e+00,0.000000000000000000e+00,-4.001494036340786931e-01,7.305679934594057345e-02,0.000000000000000000e+00
4.289235108214537462e+00,4.670888992047720123e+00,0.000000000000000000e+00,-3.118505065953055544e-01,-5.341326958768544131e-03,0.000000000000000000e+00
4.378470216429075634e+00,4.841777984095440246e+00,0.000000000000000000e+00,-4.732743116434959818e-01,-2.339348889726274375e-02,0.000000000000000000e+00
4.400000000000000355e+00,4.500000000000000000e+00,0.000000000000000000e+00,0.000000000000000000e+00,0.000000000000000000e+00,0.000000000000000000e+00
4.489235108214537640e+00,4.670888992047720123e+00,0.000000000000000000e+00,-3.138813800304945945e-01,-2.510480921169156582e-02,0.000000000000000000e+00
4.600000000000000533e+00,4.500000000000000888e+00,0.000000000000000000e+00,0.000000000000000000e+00,0.000000000000000000e+00,0.000000000000000000e+00
3.974247502837991775e+00,5.108001206258453664e+00,0.000000000000000000e+00,-2.006615952046017781e-01,2.785944143186527278e-01,0.000000000000000000e+00
4.050417544075040510e+00,4.999377387160644837e+00,0.000000000000000000e+00,-2.982604660939688346e-01,1.961122026792784245e-01,0.000000000000000000e+00
4.236999920818608878e+00,5.003564879911007068e+00,0.000000000000000000e+00,-4.139818179206901094e-01,1.279003023467743527e-01,0.000000000000000000e+00
4.095529625208141233e+00,5.165351775726573891e+00,0.000000000000000000e+00,-2.550772853495564263e-01,3.015673031059611375e-01,0.000000000000000000e+00
2.590977123653016356e+00,5.525705465625955881e+00,0.000000000000000000e+00,3.096861738376995299e-01,1.487425142657394783e-01,0.000000000000000000e+00
2.425287700368749633e+00,5.534021779608172764e+00,0.000000000000000000e+00,3.180033250521301369e-01,3.224991775382514136e-01,0.000000000000000000e+00
2.752014984467021641e+00,5.541943959017396892e+00,0.000000000000000000e+00,2.789445568001654996e-01,3.402402705173975667e-02,0.000000000000000000e+00
2.911938438402822626e+00,5.612342283768910534e+00,0.000000000000000000e+00,2.325604994474903542e-01,4.367304049989184644e-02,0.000000000000000000e+00
2.661725546845631563e+00,5.707144645043106479e+00,0.000000000000000000e+00,1.745652898909905160e-01,7.028628182933192858e-02,0.000000000000000000e+00
2.500687686031625390e+00,5.690906151651663691e+00,0.000000000000000000e+00,1.390507312525421924e-01,2.179052197357927712e-01,0.000000000000000000e+00
2.822763407659636403e+00,5.723383138434548378e+00,0.000000000000000000e+00,1.794680393677638153e-01,4.542527206917365556e-02,0.000000000000000000e+00
3.461951689654393149e+00,5.545234203083391655e+00,0.000000000000000000e+00,2.575966413503098518e-01,1.675246452424294930e-01,0.000000000000000000e+00
3.548771592565023170e+00,5.429737114800863296e+00,0.000000000000000000e+00,2.017400766747726726e-01,2.062200789581528637e-01,0.000000000000000000e+00
3.698676050980591157e+00,5.434553000372396525e+00,0.000000000000000000e+00,1.977334320404999513e-01,2.951466442339961138e-01,0.000000000000000000e+00
3.626103876694068529e+00,5.570363489211966446e+00,0.000000000000000000e+00,2.614637264220670554e-01,2.525655472663260737e-01,0.000000000000000000e+00
1.400000000001387246e+00,4.000000000000000000e+00,0.000000000000000000e+00,0.000000000000000000e+00,0.000000000000000000e+00,0.000000000000000000e+00
1.270011540285776563e+00,3.831872323655698853e+00,0.000000000000000000e+00,2.395030493693373896e-01,4.123715861283621525e-02,0.000000000000000000e+00
1.200000000002774181e+00,4.000000000000000888e+00,0.000000000000000000e+00,0.000000000000000000e+00,0.000000000000000000e+00,0.000000000000000000e+00
1.724007730061828614e+00,1.478359280789294239e+00,0.000000000000000000e+00,5.390760187469136877e-01,5.861007617315103779e-01,0.000000000000000000e+00
1.825918242212254405e+00,1.343722659956593013e+00,0.000000000000000000e+00,4.716674247511347118e-01,6.764481761381470060e-01,0.000000000000000000e+00
1.651830110751197012e+00,1.339336149929543085e+00,0.000000000000000000e+00,4.398652357637877208e-01,5.810005536055515840e-01,0.000000000000000000e+00
1.621010736379373984e+00,1.607154936094732367e+00,0.000000000000000000e+00,5.914080029649890768e-01,5.014683895578019301e-01,0.000000000000000000e+00
1.512393746711191422e+00,1.742346829697806410e+00,0.000000000000000000e+00,5.608932928364317450e-01,3.995467335022803712e-01,0.000000000000000000e+00
1.548833117068742382e+00,1.468131805234981435e+00,0.000000000000000000e+00,4.682457207567806701e-01,5.346363729311982560e-01,0.000000000000000000e+00
1.445836123386287753e+00,1.596927460540419785e+00,0.000000000000000000e+00,4.848440295210915685e-01,4.825572163108096668e-01,0.000000000000000000e+00
1.990896572966630806e+00,1.041463527899556096e+00,0.000000000000000000e+00,2.012969679110235832e-01,6.618377005743459884e-01,0.000000000000000000e+00
1.906068883094308219e+00,1.200157927104016586e+00,0.000000000000000000e+00,3.923007436350158250e-01,7.338310956503839577e-01,0.000000000000000000e+00
1.731980751633250826e+00,1.195771417076966658e+00,0.000000000000000000e+00,3.747686950212394952e-01,6.311105097176297196e-01,0.000000000000000000e+00
1.812131392515304196e+00,1.052206684224390232e+00,0.000000000000000000e+00,2.956014020510103757e-01,6.674674256278821938e-01,0.000000000000000000e+00
1.372878609253721738e+00,1.867601654702430114e+00,0.000000000000000000e+00,4.885151450913680637e-01,3.093699042406390931e-01,0.000000000000000000e+00
1.261293864293965505e+00,2.009383909634129495e+00,0.000000000000000000e+00,2.868345367089265574e-01,1.557494724123720531e-01,0.000000000000000000e+00
1.306320985928818068e+00,1.722182285545043490e+00,0.000000000000000000e+00,4.064124979917619340e-01,3.989753137168497998e-01,0.000000000000000000e+00
1.166805848471348162e+00,1.847437110549667194e+00,0.000000000000000000e+00,3.028085255944951704e-01,2.744357401669984542e-01,0.000000000000000000e+00
2.162127306514630920e+00,7.466798534049291503e-01,0.000000000000000000e+00,-1.778895292370726577e-01,4.576043304365343678e-01,0.000000000000000000e+00
2.072191537395588146e+00,9.035983124121802490e-01,0.000000000000000000e+00,6.219308642058862455e-03,5.718562664059804179e-01,0.000000000000000000e+00
1.893426356944261535e+00,9.143414687370142735e-01,0.000000000000000000e+00,1.317695156456439587e-01,5.980026650376795150e-01,0.000000000000000000e+00
1.974721321373219318e+00,7.764762532496386482e-01,0.000000000000000000e+00,-6.165897752729167930e-02,4.947355297154601428e-01,0.000000000000000000e+00
2.282813762835036009e+00,4.643171757810897748e-01,0.000000000000000000e+00,-5.470357761894778514e-01,2.478177790779863832e-01,0.000000000000000000e+00
2.239801986206116702e+00,6.372674385013983311e-01,0.000000000000000000e+00,-3.806040471706818584e-01,3.393258156497662714e-01,0.000000000000000000e+00
2.052396001064705100e+00,6.670638383461078291e-01,0.000000000000000000e+00,-2.322142385831304778e-01,4.512887177425434770e-01,0.000000000000000000e+00
2.130070680756190882e+00,5.576514234425771210e-01,0.000000000000000000e+00,-4.017360550830698096e-01,3.506345445873488287e-01,0.000000000000000000e+00
1.166810490652617105e+00,2.177338808080182986e+00,0.000000000000000000e+00,8.963793392387686687e-02,9.253939173662815987e-02,0.000000000000000000e+00
1.072252883927405476e+00,2.341673453720886755e+00,0.000000000000000000e+00,5.432440389609085457e-02,1.810054885707192487e-02,0.000000000000000000e+00
1.072322474829999539e+00,2.015392008995720907e+00,0.000000000000000000e+00,1.694526187212516133e-01,1.855678284308269199e-01,0.000000000000000000e+00
9.778391011886509165e-01,2.183346907441774398e+00,0.000000000000000000e+00,-2.408309700024141575e-02,7.327365064182742027e-02,0.000000000000000000e+00
9.722222222218104282e-01,2.500000000000000000e+00,0.000000000000000000e+00,0.000000000000000000e+00,0.000000000000000000e+00,0.000000000000000000e+00
8.778084394830556469e-01,2.341673453720886755e+00,0.000000000000000000e+00,-4.848617912933037705e-03,1.504347396315953468e-02,0.000000000000000000e+00
7.777777777774607104e-01,2.500000000000000444e+00,0.000000000000000000e+00,-8.435431310587080400e-01,3.527861010199564995e-02,0.000000000000000000e+00
2.472222222224822907e+00,0.000000000000000000e+00,0.000000000000000000e+00,0.000000000000000000e+00,0.000000000000000000e+00,0.000000000000000000e+00
2.356667311346869464e+00,1.854914640598011866e-01,0.000000000000000000e+00,-4.374515959919917374e-01,5.197554833510768801e-02,0.000000000000000000e+00
2.085357199687414287e+00,4.202429380649934654e-01,0.000000000000000000e+00,-3.893007104581349687e-01,2.243768901394875559e-01,0.000000000000000000e+00
2.238100281766259414e+00,3.269086904035061192e-01,0.000000000000000000e+00,-5.111188379072442167e-01,1.466136804999803589e-01,0.000000000000000000e+00
2.159210748199248187e+00,1.414172263437049049e-01,0.000000000000000000e+00,-2.676004003644239515e-01,2.494158951716599071e-02,0.000000000000000000e+00
2.277777777779857793e+00,6.092899175880768022e-18,0.000000000000000000e+00,0.000000000000000000e+00,0.000000000000000000e+00,0.000000000000000000e+00
2.040643718618638136e+00,2.828344526874098097e-01,0.000000000000000000e+00,-3.444897984917675293e-01,9.515864512869613712e-02,0.000000000000000000e+00
9.847513742560356498e-01,3.550257269616821532e+00,0.000000000000000000e+00,2.802450996236840325e-02,1.308045507323780943e-01,0.000000000000000000e+00
1.162933498942647859e+00,3.702187350454492876e+00,0.000000000000000000e+00,2.525028296796505978e-01,9.576518148489512883e-02,0.000000000000000000e+00
1.092921958659645254e+00,3.870315026798794467e+00,0.000000000000000000e+00,1.492569850541714815e-01,2.441406570799114356e-02,0.000000000000000000e+00
9.858439173165164382e-01,3.740630053597588489e+00,0.000000000000000000e+00,1.674841649595105730e-01,8.322635791714136366e-02,0.000000000000000000e+00
6.630289348561990703e-01,3.148739156949484030e+00,0.000000000000000000e+00,-1.425377841114233712e-01,-3.395194725558055987e-02,0.000000000000000000e+00
7.659694615652707927e-01,3.328681399767511540e+00,0.000000000000000000e+00,-1.143651817672593635e-01,1.586768110645897165e-02,0.000000000000000000e+00
5.769088833735664945e-01,3.488499724469731333e+00,0.000000000000000000e+00,6.935746487021951512e-02,-5.506631246332017310e-02,0.000000000000000000e+00
7.945982530038506741e-01,3.519702810338275256e+00,0.000000000000000000e+00,3.305461551053830854e-02,7.768229373213487998e-02,0.000000000000000000e+00
7.956907960643314626e-01,3.710075594319041770e+00,0.000000000000000000e+00,8.536470298526112332e-02,5.956139544154879367e-02,0.000000000000000000e+00
5.482800919349865021e-01,3.297478313898968505e+00,0.000000000000000000e+00,-1.048963969614180036e-01,-1.074001869876233944e-01,0.000000000000000000e+00
6.055376748121464869e-01,3.679521135040495494e+00,0.000000000000000000e+00,4.028280614112430408e-02,-1.222900886332669267e-02,0.000000000000000000e+00
5.833333333330587012e-01,3.000000000000000444e+00,0.000000000000000000e+00,0.000000000000000000e+00,0.000000000000000000e+00,0.000000000000000000e+00
4.685844904118460219e-01,3.148739156949484475e+00,0.000000000000000000e+00,-2.170094132855719671e-01,-3.864527386311565615e-02,0.000000000000000000e+00
3.888888888887053752e-01,3.000000000000000000e+00,0.000000000000000000e+00,0.000000000000000000e+00,0.000000000000000000e+00,0.000000000000000000e+00
2.223031886702717230e+00,5.512728113158944510e+00,0.000000000000000000e+00,3.106374407922330994e-01,3.581337184293618137e-01,0.000000000000000000e+00
2.298431872365593431e+00,5.669612485202435437e+00,0.000000000000000000e+00,-4.323226154368740165e-02,2.306392740934124497e-01,0.000000000000000000e+00
2.086625994942932216e+00,5.480901136345973867e+00,0.000000000000000000e+00,2.345789434334895618e-01,4.913456655650295102e-01,0.000000000000000000e+00
2.096176058699561473e+00,5.648318818753208070e+00,0.000000000000000000e+00,-2.501468676520032797e-01,2.045453929909509527e-01,0.000000000000000000e+00
1.701403189351718748e+00,4.922623427835498333e+00,0.000000000000000000e+00,2.162236630366296819e-01,5.138661497760041996e-01,0.000000000000000000e+00
1.768818466912375653e+00,5.068705207832683968e+00,0.000000000000000000e+00,1.632608909657193297e-01,8.369738288132099191e-01,0.000000000000000000e+00
1.602806378703964141e+00,5.063788599440599114e+00,0.000000000000000000e+00,3.334402265911881047e-01,6.530588927204817873e-01,0.000000000000000000e+00
1.520432308993960424e+00,4.641346707450043851e+00,0.000000000000000000e+00,2.833771060390351537e-01,4.308194950823179131e-02,0.000000000000000000e+00
1.620432308994223414e+00,4.782075835565243516e+00,0.000000000000000000e+00,3.352789717728553720e-01,1.755204886975224032e-01,0.000000000000000000e+00
1.521835498346468807e+00,4.923241007170343408e+00,0.000000000000000000e+00,5.698328945421134994e-01,2.462307163790891096e-01,0.000000000000000000e+00
1.440864617988973695e+00,4.782693414900087703e+00,0.000000000000000000e+00,4.913006234489080137e-01,1.039625457296504407e-01,0.000000000000000000e+00
1.919550154674184217e+00,5.345745744858096060e+00,0.000000000000000000e+00,2.321078164814796008e-01,7.034979380101125113e-01,0.000000000000000000e+00
1.848427466641425987e+00,5.225814926001110194e+00,0.000000000000000000e+00,3.401098031065027255e-02,8.981018601383840005e-01,0.000000000000000000e+00
1.682415378433014697e+00,5.220898317609025341e+00,0.000000000000000000e+00,2.411527243843916007e-02,7.545343013347545202e-01,0.000000000000000000e+00
1.762024378162065030e+00,5.378008035777450679e+00,0.000000000000000000e+00,-1.045091632789850976e-02,7.386677663686416206e-01,0.000000000000000000e+00
1.399999999998420730e+00,4.500000000000000000e+00,0.000000000000000000e+00,0.000000000000000000e+00,0.000000000000000000e+00,0.000000000000000000e+00
1.320432308993434001e+00,4.641346707450043851e+00,0.000000000000000000e+00,3.481747511370800185e-01,1.827514931513083210e-02,0.000000000000000000e+00
1.199999999997894085e+00,4.500000000000000000e+00,0.000000000000000000e+00,0.000000000000000000e+00,0.000000000000000000e+00,0.000000000000000000e+00
1.929100218430813252e+00,5.513163427265329375e+00,0.000000000000000000e+00,-8.252661718281557868e-02,4.133310267644940139e-01,0.000000000000000000e+00
3.062228631641255028e+00,5.602258917867818155e+00,0.000000000000000000e+00,2.436187305262371428e-01,4.408975786905900557e-02,0.000000000000000000e+00
3.210571648375609044e+00,5.611660661793591132e+00,0.000000000000000000e+00,2.323994413105172907e-01,5.673511323738647527e-02,0.000000000000000000e+00
2.973053600898069249e+00,5.713299772533457777e+00,0.000000000000000000e+00,1.944045263970159143e-01,3.122692680215585076e-02,0.000000000000000000e+00
3.123343794136501650e+00,5.703216406632365398e+00,0.000000000000000000e+00,2.066060377792200697e-01,4.710169384286871236e-02,0.000000000000000000e+00
3.340865491382782437e+00,5.645698732812006071e+00,0.000000000000000000e+00,2.302998455485338047e-01,8.131117092722252304e-02,0.000000000000000000e+00
3.505017678422458260e+00,5.670828018940581750e+00,0.000000000000000000e+00,2.536233386128545209e-01,1.778890288228452132e-01,0.000000000000000000e+00
3.253637637143675043e+00,5.737254477650781226e+00,0.000000000000000000e+00,2.065316174375836089e-01,5.317352330084261502e-02,0.000000000000000000e+00
3.383931480150847548e+00,5.771292548669195277e+00,0.000000000000000000e+00,2.180884274060398420e-01,7.596187349898700369e-02,0.000000000000000000e+00
3.933388925237627731e+00,5.232047143629700692e+00,0.000000000000000000e+00,-1.342022432879313998e-02,3.765027264774779003e-01,0.000000000000000000e+00
3.797016069401423888e+00,5.534844298879413316e+00,0.000000000000000000e+00,2.520169284451582170e-01,3.603030242268471239e-01,0.000000000000000000e+00
3.869588243687946516e+00,5.399033810039843395e+00,0.000000000000000000e+00,1.653299110492701118e-01,4.211939583660012643e-01,0.000000000000000000e+00
4.031728943658460018e+00,5.332338442136716594e+00,0.000000000000000000e+00,4.460985037406874770e-02,4.499394785112099115e-01,0.000000000000000000e+00
3.967928262108778359e+00,5.499325108546858409e+00,0.000000000000000000e+00,2.837453994945182689e-01,4.524014163661259635e-01,0.000000000000000000e+00
4.550629954158793566e+00,4.805817823042071169e+00,0.000000000000000000e+00,-3.356395458409986987e-01,-1.798209792352587211e-01,0.000000000000000000e+00
4.661394845944256460e+00,4.634928830994351046e+00,0.000000000000000000e+00,-1.817721120359338527e-01,-6.359468487393875324e-02,0.000000000000000000e+00
4.255310761739114156e+00,5.170862543523035981e+00,0.000000000000000000e+00,-3.755344589600810856e-01,1.810479243070456656e-01,0.000000000000000000e+00
4.396781057349580912e+00,5.009075647707469159e+00,0.000000000000000000e+00,-4.463807291520887066e-01,-6.122385629673354063e-02,0.000000000000000000e+00
4.701552249566606889e+00,4.914416895658257900e+00,0.000000000000000000e+00,-2.192098017978143243e-01,-4.252550116943107916e-01,0.000000000000000000e+00
4.529392511836888957e+00,4.950377056711626977e+00,0.000000000000000000e+00,-4.337963916176547086e-01,-3.121703131058494174e-01,0.000000000000000000e+00
4.547703352757394235e+00,5.117674720323655890e+00,0.000000000000000000e+00,-2.522232928371800909e-01,-5.210651411997386795e-01,0.000000000000000000e+00
4.722789691888511499e+00,4.769857661988701203e+00,0.000000000000000000e+00,-1.519909192923892538e-01,-2.247302745283262515e-01,0.000000000000000000e+00
4.415091898270086190e+00,5.176373311319497184e+00,0.000000000000000000e+00,-3.797388365676357402e-01,-1.993065883502228297e-01,0.000000000000000000e+00
4.680314807244702280e+00,5.058976129327814597e+00,0.000000000000000000e+00,-8.323826065623382564e-02,-6.655523132184386625e-01,0.000000000000000000e+00
4.800000000000000711e+00,4.500000000000000000e+00,0.000000000000000000e+00,0.000000000000000000e+00,0.000000000000000000e+00,0.000000000000000000e+00
5.000000000000000888e+00,4.500000000000000888e+00,0.000000000000000000e+00,0.000000000000000000e+00,0.000000000000000000e+00,0.000000000000000000e+00
4.861394845944255749e+00,4.634928830994351046e+00,0.000000000000000000e+00,-3.319170919974454015e-02,-7.724457028279060888e-02,0.000000000000000000e+00
4.357221550817779843e+00,5.315653552281368377e+00,0.000000000000000000e+00,-1.203125510497989326e-01,-1.646400727064739611e-02,0.000000000000000000e+00
4.197440414286807808e+00,5.310142784484907175e+00,0.000000000000000000e+00,-3.808558701401595220e-02,3.623526575528706606e-01,0.000000000000000000e+00
4.133639732737125705e+00,5.477129450895048990e+00,0.000000000000000000e+00,3.456450918998772992e-01,3.461900357236020187e-01,0.000000000000000000e+00
4.299351203365471719e+00,5.454933793243238682e+00,0.000000000000000000e+00,4.315659140137458327e-01,2.242981411808201986e-01,0.000000000000000000e+00
2.772492814941119654e+00,5.861691569217274633e+00,0.000000000000000000e+00,6.751680609898043361e-02,1.913097809253765449e-02,0.000000000000000000e+00
2.611454954127113925e+00,5.845453075825831846e+00,0.000000000000000000e+00,4.840182390519981448e-02,5.675333867478737915e-02,0.000000000000000000e+00
2.722222222222602017e+00,6.000000000000000000e+00,0.000000000000000000e+00,0.000000000000000000e+00,0.000000000000000000e+00,0.000000000000000000e+00
2.527777777778252855e+00,6.000000000000000888e+00,0.000000000000000000e+00,0.000000000000000000e+00,0.000000000000000000e+00,0.000000000000000000e+00
2.214754696016731916e+00,5.824159409376603591e+00,0.000000000000000000e+00,-2.312289067502797113e-01,6.259001557591815923e-02,0.000000000000000000e+00
2.417010509682764319e+00,5.845453075825831846e+00,0.000000000000000000e+00,-8.610724227421680255e-02,7.177021465102184639e-02,0.000000000000000000e+00
2.333333333333903248e+00,6.000000000000000888e+00,0.000000000000000000e+00,0.000000000000000000e+00,0.000000000000000000e+00,0.000000000000000000e+00
2.916666666666951624e+00,6.000000000000000888e+00,0.000000000000000000e+00,0.000000000000000000e+00,0.000000000000000000e+00,0.000000000000000000e+00
3.117227452623901662e+00,5.851608203316183143e+00,0.000000000000000000e+00,1.206784389997842544e-01,2.909098772266532559e-02,0.000000000000000000e+00
2.966937259385468817e+00,5.861691569217274633e+00,0.000000000000000000e+00,9.308893301636822493e-02,1.240157704532658320e-02,0.000000000000000000e+00
3.111111111111300787e+00,6.000000000000000000e+00,0.000000000000000000e+00,0.000000000000000000e+00,0.000000000000000000e+00,0.000000000000000000e+00
3.503463629505857213e+00,5.794403285136656478e+00,0.000000000000000000e+00,2.840951156328987426e-01,1.247778241216015160e-01,0.000000000000000000e+00
3.624549827777467481e+00,5.693938755408042951e+00,0.000000000000000000e+00,3.007980545256482841e-01,2.170955235286179119e-01,0.000000000000000000e+00
3.750551938347034486e+00,5.676928569132932978e+00,0.000000000000000000e+00,3.469256364531159709e-01,2.900014202732575930e-01,0.000000000000000000e+00
3.921464131054388957e+00,5.641409378800378960e+00,0.000000000000000000e+00,4.323818010956413382e-01,3.208367901598075944e-01,0.000000000000000000e+00
3.748997889430432995e+00,5.800503835329007707e+00,0.000000000000000000e+00,3.969992482291450075e-01,2.164189880461987736e-01,0.000000000000000000e+00
3.622995778860865546e+00,5.817514021604116792e+00,0.000000000000000000e+00,3.257570948037605274e-01,1.720706058867395027e-01,0.000000000000000000e+00
3.874999999999999556e+00,5.783493649053896846e+00,0.000000000000000000e+00,4.892518025795808967e-01,1.934266329067060863e-01,0.000000000000000000e+00
1.000000000003051337e+00,4.000000000000000000e+00,0.000000000000000000e+00,0.000000000000000000e+00,0.000000000000000000e+00,0.000000000000000000e+00
8.929219586599226322e-01,3.870315026798794467e+00,0.000000000000000000e+00,8.974294168843346964e-02,2.225286694895660389e-02,0.000000000000000000e+00
8.000000000033288261e-01,4.000000000000000888e+00,0.000000000000000000e+00,0.000000000000000000e+00,0.000000000000000000e+00,0.000000000000000000e+00
1.382037349600204967e+00,1.470194097216339646e+00,0.000000000000000000e+00,4.182643156289679309e-01,5.266237464040072203e-01,0.000000000000000000e+00
1.485034343282659375e+00,1.341398441910901074e+00,0.000000000000000000e+00,4.182284350297849063e-01,5.519556078554650469e-01,0.000000000000000000e+00
1.646217892701134611e+00,1.057582432247746063e+00,0.000000000000000000e+00,3.579022569695562428e-01,5.629913529691652485e-01,0.000000000000000000e+00
1.566067251819081241e+00,1.201147165100322489e+00,0.000000000000000000e+00,3.793799125803458128e-01,5.551148622002457511e-01,0.000000000000000000e+00
1.399271484350543604e+00,1.203209457081680700e+00,0.000000000000000000e+00,4.414519072771856401e-01,4.755309573979130677e-01,0.000000000000000000e+00
1.318238575814121960e+00,1.343460733892259062e+00,0.000000000000000000e+00,4.338740925777063717e-01,5.070348010236863656e-01,0.000000000000000000e+00
1.480304392886965248e+00,1.062958180271102115e+00,0.000000000000000000e+00,4.383393389489249614e-01,4.296531981924744392e-01,0.000000000000000000e+00
1.304420804629395914e+00,1.571554809453618029e+00,0.000000000000000000e+00,4.076313375102543213e-01,4.845337179838281605e-01,0.000000000000000000e+00
1.164905667171926007e+00,1.696809634458241511e+00,0.000000000000000000e+00,3.088943269004674197e-01,3.902812656087460419e-01,0.000000000000000000e+00
1.240622030843312906e+00,1.444821446129537446e+00,0.000000000000000000e+00,3.997607251461784972e-01,4.883069788644572307e-01,0.000000000000000000e+00
1.163005485872503852e+00,1.546182158366815829e+00,0.000000000000000000e+00,3.555632701994243527e-01,4.655335117379821308e-01,0.000000000000000000e+00
1.786344505294487295e+00,7.634970310238691216e-01,0.000000000000000000e+00,4.835705302489100993e-02,4.653515546869358976e-01,0.000000000000000000e+00
1.705049540865529512e+00,9.013622465112447468e-01,0.000000000000000000e+00,2.427207839546048906e-01,5.349723842520077710e-01,0.000000000000000000e+00
1.539136041051360149e+00,9.067379945346007997e-01,0.000000000000000000e+00,3.112800214453095848e-01,4.119002788063275688e-01,0.000000000000000000e+00
1.597967689215755049e+00,7.505178087980995949e-01,0.000000000000000000e+00,1.374135267189120213e-01,3.984968977410417446e-01,0.000000000000000000e+00
9.953046016660490602e-01,1.885538480682205531e+00,0.000000000000000000e+00,1.797063117728903425e-01,2.385352727741018308e-01,0.000000000000000000e+00
9.008212280247005488e-01,2.053493379128259022e+00,0.000000000000000000e+00,4.108203958346191842e-02,9.171654073570593979e-02,0.000000000000000000e+00
8.349073539669493726e-01,1.774042727201019520e+00,0.000000000000000000e+00,8.170895095739072467e-02,2.569177845829514473e-01,0.000000000000000000e+00
1.006408600772248363e+00,1.735941357068481183e+00,0.000000000000000000e+00,1.888849949853095012e-01,3.305024766439613182e-01,0.000000000000000000e+00
1.004508419472826430e+00,1.585313880977055501e+00,0.000000000000000000e+00,2.576799997582545076e-01,4.084980710321638453e-01,0.000000000000000000e+00
8.238033548607500700e-01,1.923639850814743868e+00,0.000000000000000000e+00,3.002814744924595797e-02,1.471047526164306063e-01,0.000000000000000000e+00
8.460113530731486753e-01,1.624445603587294951e+00,0.000000000000000000e+00,1.539301806408318318e-01,3.267433599874614569e-01,0.000000000000000000e+00
1.976582507170334679e+00,5.375481653209372990e-01,0.000000000000000000e+00,-2.707114438055052141e-01,3.263618803853023942e-01,0.000000000000000000e+00
1.898907827478848453e+00,6.469605802244680071e-01,0.000000000000000000e+00,-1.442177785056451556e-01,3.853861346375030972e-01,0.000000000000000000e+00
1.710531011400116430e+00,6.339813579986984804e-01,0.000000000000000000e+00,2.384648512548384440e-03,3.588595040014366799e-01,0.000000000000000000e+00
1.823094333584477811e+00,5.174449071992973659e-01,0.000000000000000000e+00,-1.515522931598862200e-01,2.565865069057233772e-01,0.000000000000000000e+00
1.931869026101558084e+00,4.001396799433535878e-01,0.000000000000000000e+00,-2.551857067438402793e-01,1.948594620354866247e-01,0.000000000000000000e+00
7.787664298274361574e-01,2.172373966378280841e+00,0.000000000000000000e+00,-7.042421200001502957e-02,1.349839562736730725e-02,0.000000000000000000e+00
6.787357681218408878e-01,2.330700512657393197e+00,0.000000000000000000e+00,-2.883316906866366727e-02,-3.487361947770573414e-03,0.000000000000000000e+00
7.017485566634857896e-01,2.042520438064765465e+00,0.000000000000000000e+00,-6.606327154118954437e-02,4.016108066246916464e-02,0.000000000000000000e+00
5.796937584662212872e-01,2.161401025314786839e+00,0.000000000000000000e+00,-1.042813416792733178e-01,4.147506675871597860e-03,0.000000000000000000e+00
5.833333333331112147e-01,2.500000000000000000e+00,0.000000000000000000e+00,0.000000000000000000e+00,0.000000000000000000e+00,0.000000000000000000e+00
4.842913236774916141e-01,2.330700512657393642e+00,0.000000000000000000e+00,-4.527047265039040036e-02,-5.879977838128908930e-03,0.000000000000000000e+00
3.888888888887617745e-01,2.500000000000000444e+00,0.000000000000000000e+00,0.000000000000000000e+00,0.000000000000000000e+00,0.000000000000000000e+00
2.083333333334893567e+00,0.000000000000000000e+00,0.000000000000000000e+00,0.000000000000000000e+00,0.000000000000000000e+00,0.000000000000000000e+00
1.964766303754283738e+00,1.414172263437049326e-01,0.000000000000000000e+00,-2.122355783646815985e-01,3.116385381781177494e-02,0.000000000000000000e+00
1.888888888889928896e+00,5.449522544976205746e-18,0.000000000000000000e+00,0.000000000000000000e+00,0.000000000000000000e+00,0.000000000000000000e+00
1.753272147201735631e+00,3.852067988943694843e-01,0.000000000000000000e+00,-1.561656426030842981e-01,1.697806469017405506e-01,0.000000000000000000e+00
1.862046839718815683e+00,2.679015716384257062e-01,0.000000000000000000e+00,-2.249555208432243159e-01,1.085566317587898094e-01,0.000000000000000000e+00
1.786169424854461063e+00,1.264843452947208013e-01,0.000000000000000000e+00,-1.292775669735809485e-01,2.194741130477815758e-02,0.000000000000000000e+00
1.683449960818992786e+00,2.529686905894416027e-01,0.000000000000000000e+00,-1.091651116470951505e-01,7.221919083470854095e-02,0.000000000000000000e+00
7.027688374077375455e-01,3.839760567520247747e+00,0.000000000000000000e+00,6.291302161323530928e-02,2.924833849702324941e-03,0.000000000000000000e+00
4.455798378081336497e-01,3.591062507864901221e+00,0.000000000000000000e+00,1.082507876465598207e-01,5.610575589337980134e-04,0.000000000000000000e+00
4.169510463695537128e-01,3.400041097294137504e+00,0.000000000000000000e+00,5.833186743431607174e-02,-1.328916747690503906e-02,0.000000000000000000e+00
2.856220008041208125e-01,3.502603880689305615e+00,0.000000000000000000e+00,1.342728394228625832e-01,1.585035225746470600e-01,0.000000000000000000e+00
3.167235426071339233e-01,3.113341552792161071e+00,0.000000000000000000e+00,-2.205292042975950384e-01,1.813011392006466660e-02,0.000000000000000000e+00
3.964191441302745145e-01,3.262080709741645101e+00,0.000000000000000000e+00,-1.410868647120489539e-01,-2.094272733337997419e-03,0.000000000000000000e+00
2.650900985648416697e-01,3.364643493136814101e+00,0.000000000000000000e+00,1.986917830942230845e-02,2.249331932515450383e-01,0.000000000000000000e+00
2.445581963255624713e-01,3.226683105584321698e+00,0.000000000000000000e+00,-8.485369718362824332e-02,2.159002626269911351e-01,0.000000000000000000e+00
6.000000000024966473e-01,4.000000000000000000e+00,0.000000000000000000e+00,0.000000000000000000e+00,0.000000000000000000e+00,0.000000000000000000e+00
2.690025380948045663e-01,3.636538761780395479e+00,0.000000000000000000e+00,5.461362998719737627e-02,1.092888137761167666e-01,0.000000000000000000e+00
4.289603750988173481e-01,3.724997388955990196e+00,0.000000000000000000e+00,8.085491799510005628e-02,3.781966614619478462e-03,0.000000000000000000e+00
5.027688374069054777e-01,3.839760567520247747e+00,0.000000000000000000e+00,7.641908954276818711e-02,1.131385752712702657e-03,0.000000000000000000e+00
3.261915376935763389e-01,3.885236821435742449e+00,0.000000000000000000e+00,6.457629928714551937e-02,1.791293914679595659e-02,0.000000000000000000e+00
4.000000000016644131e-01,4.000000000000000888e+00,0.000000000000000000e+00,0.000000000000000000e+00,0.000000000000000000e+00,0.000000000000000000e+00
2.523830753854883202e-01,3.770473642871484454e+00,0.000000000000000000e+00,7.497373991003845883e-02,6.501082691279537473e-02,0.000000000000000000e+00
1.944444444443527431e-01,3.000000000000000444e+00,0.000000000000000000e+00,0.000000000000000000e+00,0.000000000000000000e+00,0.000000000000000000e+00
5.268341316585425769e-18,3.000000000000000000e+00,0.000000000000000000e+00,0.000000000000000000e+00,0.000000000000000000e+00,0.000000000000000000e+00
1.222790981627812495e-01,3.113341552792161071e+00,0.000000000000000000e+00,-5.211170288817322527e-02,1.741950463913840286e-01,0.000000000000000000e+00
2.138888888889346696e+00,6.000000000000000888e+00,0.000000000000000000e+00,0.000000000000000000e+00,0.000000000000000000e+00,0.000000000000000000e+00
2.020310251572175808e+00,5.824159409376604479e+00,0.000000000000000000e+00,-3.468616578089966374e-01,4.947531406406932564e-02,0.000000000000000000e+00
1.733916444352149089e+00,5.538113449351113715e+00,0.000000000000000000e+00,-4.771884381774178507e-01,5.872522438315930238e-01,0.000000000000000000e+00
1.900992284620897088e+00,5.673268840838992411e+00,0.000000000000000000e+00,-5.554494977685444645e-01,2.714809064875060574e-01,0.000000000000000000e+00
1.825126477493511423e+00,5.849109431462388820e+00,0.000000000000000000e+00,-5.516542460190542174e-01,7.290923773319761547e-02,0.000000000000000000e+00
1.944444444444790143e+00,6.000000000000000888e+00,0.000000000000000000e+00,0.000000000000000000e+00,0.000000000000000000e+00,0.000000000000000000e+00
1.705808510542232703e+00,5.698218862924776751e+00,0.000000000000000000e+00,-9.009720388134067059e-01,2.980089848197348679e-01,0.000000000000000000e+00
1.339803801340791356e+00,4.909565872499191741e+00,0.000000000000000000e+00,5.999993509880466869e-01,9.900792642003442001e-02,0.000000000000000000e+00
1.420774681698286468e+00,5.050113464769445670e+00,0.000000000000000000e+00,5.865223043939408187e-01,2.340080440052965116e-01,0.000000000000000000e+00
1.502112423854222056e+00,5.213535371881116376e+00,0.000000000000000000e+00,8.096360908501873399e-02,6.027358865486128758e-01,0.000000000000000000e+00
1.581721423583272834e+00,5.370645090049542603e+00,0.000000000000000000e+00,-1.204006805913656053e-01,6.329354640124849052e-01,0.000000000000000000e+00
1.320080726848544606e+00,5.199860237209964708e+00,0.000000000000000000e+00,3.633688349381400395e-01,2.201768157926509428e-01,0.000000000000000000e+00
1.238742984692609239e+00,5.036438330098294891e+00,0.000000000000000000e+00,6.380278501616997167e-01,3.845560187363685628e-02,0.000000000000000000e+00
1.401418469004480194e+00,5.363282144321634526e+00,0.000000000000000000e+00,-1.755497326684701265e-01,5.565920240293051879e-01,0.000000000000000000e+00
1.206367268725520248e+00,4.815864461735978708e+00,0.000000000000000000e+00,5.849066374217580799e-01,1.293657567732708208e-02,0.000000000000000000e+00
1.085934959729980331e+00,4.674517754285933968e+00,0.000000000000000000e+00,4.263351110019147350e-01,-2.324278790085787874e-02,0.000000000000000000e+00
1.105306452077337909e+00,4.942736919335080970e+00,0.000000000000000000e+00,6.185782188535906556e-01,-4.469608908864978331e-02,0.000000000000000000e+00
9.718699194620664672e-01,4.849035508571867048e+00,0.000000000000000000e+00,5.968482990386497766e-01,-9.604910890773306342e-02,0.000000000000000000e+00
1.553613489773356449e+00,5.530750503623205638e+00,0.000000000000000000e+00,-6.418583026187443252e-01,4.827408313818195573e-01,0.000000000000000000e+00
9.999999999979221066e-01,4.500000000000000000e+00,0.000000000000000000e+00,0.000000000000000000e+00,0.000000000000000000e+00,0.000000000000000000e+00
8.859349597300082424e-01,4.674517754285933968e+00,0.000000000000000000e+00,3.922485237453148810e-01,-4.205548942811061786e-02,0.000000000000000000e+00
7.999999999979499066e-01,4.500000000000000000e+00,0.000000000000000000e+00,0.000000000000000000e+00,0.000000000000000000e+00,0.000000000000000000e+00
3.247521295631074167e+00,5.885646274334598083e+00,0.000000000000000000e+00,1.216423165978332693e-01,1.953324220017515350e-02,0.000000000000000000e+00
3.305555555555650837e+00,6.000000000000000888e+00,0.000000000000000000e+00,0.000000000000000000e+00,0.000000000000000000e+00,0.000000000000000000e+00
3.441965740075423774e+00,5.885646274334598083e+00,0.000000000000000000e+00,1.794846503793094961e-01,2.469701547616549170e-02,0.000000000000000000e+00
3.561497889430432995e+00,5.908757010802059284e+00,0.000000000000000000e+00,2.181515621126063065e-01,1.122154366639364353e-01,0.000000000000000000e+00
3.500000000000000000e+00,6.000000000000000000e+00,0.000000000000000000e+00,0.000000000000000000e+00,0.000000000000000000e+00,0.000000000000000000e+00
4.067297464387722883e+00,5.623367182888198812e+00,0.000000000000000000e+00,5.701228750240262544e-01,3.152194417220589018e-01,0.000000000000000000e+00
4.020833333333333037e+00,5.765451453141718474e+00,0.000000000000000000e+00,6.328476804548319734e-01,1.766012982432060008e-01,0.000000000000000000e+00
4.233008935016069785e+00,5.601171525236389392e+00,0.000000000000000000e+00,6.367287700618808888e-01,1.772617499383024320e-01,0.000000000000000000e+00
4.166666666666666075e+00,5.747409257229539215e+00,0.000000000000000000e+00,7.933331730078021504e-01,1.089378922984073905e-01,0.000000000000000000e+00
4.861394845944255749e+00,4.822428830999903049e+00,0.000000000000000000e+00,-4.016644311138516804e-02,-2.132855808411288079e-01,0.000000000000000000e+00
4.840157403622351140e+00,4.966988064669458858e+00,0.000000000000000000e+00,-1.942622310358244411e-02,-3.904371081775646068e-01,0.000000000000000000e+00
5.000000000000000888e+00,4.875000000011104895e+00,0.000000000000000000e+00,0.000000000000000000e+00,0.000000000000000000e+00,0.000000000000000000e+00
4.550639156752551706e+00,5.297457192124711334e+00,0.000000000000000000e+00,-1.681295406393492342e-01,-7.484661277748482222e-01,0.000000000000000000e+00
4.683250611239858863e+00,5.238758601128869152e+00,0.000000000000000000e+00,-1.301847845767901413e-01,-8.800913004651994553e-01,0.000000000000000000e+00
4.686186415235017222e+00,5.418541072929925484e+00,0.000000000000000000e+00,2.010473457172540224e-01,-1.057563850582523335e+00,0.000000000000000000e+00
5.000000000000000000e+00,4.687500000005552891e+00,0.000000000000000000e+00,0.000000000000000000e+00,0.000000000000000000e+00,0.000000000000000000e+00
4.492768809300244470e+00,5.436737433086582527e+00,0.000000000000000000e+00,3.910908277334714245e-01,-5.666577286158039906e-01,0.000000000000000000e+00
5.000000000000000000e+00,5.062500000016568968e+00,0.000000000000000000e+00,0.000000000000000000e+00,0.000000000000000000e+00,0.000000000000000000e+00
4.840157403622351140e+00,5.154488064674923820e+00,0.000000000000000000e+00,-8.451009305567481686e-03,-4.425642227147790764e-01,0.000000000000000000e+00
4.843093207617508611e+00,5.334270536475978375e+00,0.000000000000000000e+00,4.560395735776573423e-02,-5.862888111322928086e-01,0.000000000000000000e+00
5.000000000000000888e+00,5.250000000022033930e+00,0.000000000000000000e+00,0.000000000000000000e+00,0.000000000000000000e+00,0.000000000000000000e+00
4.587900140109612224e+00,5.567070776800804310e+00,0.000000000000000000e+00,6.539818512257498107e-01,-7.610650515807488858e-01,0.000000000000000000e+00
4.394482534174839472e+00,5.585267136957462242e+00,0.000000000000000000e+00,7.200893896674751549e-01,-1.224106566823044140e-01,0.000000000000000000e+00
4.328140265825435762e+00,5.731504868950612064e+00,0.000000000000000000e+00,8.733872848085281193e-01,-1.152372599800765250e-02,0.000000000000000000e+00
4.489613864984205449e+00,5.715600480671683137e+00,0.000000000000000000e+00,8.366387330166135117e-01,-3.441901881941991093e-01,0.000000000000000000e+00
3.812500000000000000e+00,5.891746824526949311e+00,0.000000000000000000e+00,3.430416944544917301e-01,1.535502028207952063e-01,0.000000000000000000e+00
3.686497889430432995e+00,5.908757010802059284e+00,0.000000000000000000e+00,2.537764655001765735e-01,1.555321611426705719e-01,0.000000000000000000e+00
3.750000000000000000e+00,6.000000000000000000e+00,0.000000000000000000e+00,1.311716042438168528e-01,1.134261716077253207e-01,0.000000000000000000e+00
3.625000000000000444e+00,6.000000000000000888e+00,0.000000000000000000e+00,7.873433695028890511e-02,1.112210392936013870e-01,0.000000000000000000e+00
3.875000000000000444e+00,6.000000000000000888e+00,0.000000000000000000e+00,6.500488934024020726e-02,1.790931906719749334e-01,0.000000000000000000e+00
3.937500000000000000e+00,5.891746824526949311e+00,0.000000000000000000e+00,3.488403915454729165e-01,9.894339988679615172e-02,0.000000000000000000e+00
4.083333333333333037e+00,5.873704628614769163e+00,0.000000000000000000e+00,5.208928349000561120e-01,3.813093631526427024e-02,0.000000000000000000e+00
4.000000000000000000e+00,6.000000000000000000e+00,0.000000000000000000e+00,0.000000000000000000e+00,0.000000000000000000e+00,0.000000000000000000e+00
1.317828053105202013e+00,1.069586487621061011e+00,0.000000000000000000e+00,5.435995768305670328e-01,3.847395949935274451e-01,0.000000000000000000e+00
1.236795144568780591e+00,1.209837764431639595e+00,0.000000000000000000e+00,5.158553275566762908e-01,4.487740249152594174e-01,0.000000000000000000e+00
1.155351713323439222e+00,1.076214794971020128e+00,0.000000000000000000e+00,6.681760335764046488e-01,2.871292515533874767e-01,0.000000000000000000e+00
1.081492906046611857e+00,1.444855938938732542e+00,0.000000000000000000e+00,4.018500347248649684e-01,4.623057220461792571e-01,0.000000000000000000e+00
1.159109451017420689e+00,1.343495226701453937e+00,0.000000000000000000e+00,4.473018187309238392e-01,4.621436925341522728e-01,0.000000000000000000e+00
1.077666019772079320e+00,1.209872257240834692e+00,0.000000000000000000e+00,6.017414104691567456e-01,3.493595954024503736e-01,0.000000000000000000e+00
9.999803262207193066e-01,1.343529719510649034e+00,0.000000000000000000e+00,4.961196948549595476e-01,4.057379044360568399e-01,0.000000000000000000e+00
1.438567847392269616e+00,7.836326019481709704e-01,0.000000000000000000e+00,1.987607531392179272e-01,3.238493304010808260e-01,0.000000000000000000e+00
1.379736199227874494e+00,9.398527876846720641e-01,0.000000000000000000e+00,3.789974857607718572e-01,3.187748427120620787e-01,0.000000000000000000e+00
1.217259859446111481e+00,9.464810950346309593e-01,0.000000000000000000e+00,4.886606699976655532e-01,2.489584431141280418e-01,0.000000000000000000e+00
1.279168005568783739e+00,8.167473950982420128e-01,0.000000000000000000e+00,2.563831363281083298e-01,2.092386279391988402e-01,0.000000000000000000e+00
9.229958396469339910e-01,1.483987661548971992e+00,0.000000000000000000e+00,3.613999329002995364e-01,3.750858316974531870e-01,0.000000000000000000e+00
1.664611409900660366e+00,4.879542022309660831e-01,0.000000000000000000e+00,-6.011129344106048988e-02,2.701937332625412580e-01,0.000000000000000000e+00
1.552048087716299207e+00,6.044906530303673087e-01,0.000000000000000000e+00,5.981682907471787269e-02,3.291772271815899820e-01,0.000000000000000000e+00
1.474433534044080396e+00,6.781240937330647034e-01,0.000000000000000000e+00,1.235290705872094386e-01,3.110285588651029998e-01,0.000000000000000000e+00
1.315033692220594963e+00,7.112388868831359678e-01,0.000000000000000000e+00,1.962349129403453130e-01,2.053943014735641059e-01,0.000000000000000000e+00
1.428513932544624332e+00,5.320969379653323061e-01,0.000000000000000000e+00,6.152307589247909408e-02,2.395151068450713516e-01,0.000000000000000000e+00
1.350899378872405743e+00,6.057303786680297009e-01,0.000000000000000000e+00,1.056500333114816365e-01,2.004865986491032037e-01,0.000000000000000000e+00
1.506128486216842921e+00,4.584634972626348004e-01,0.000000000000000000e+00,9.869382558366130570e-03,2.527358819978906546e-01,0.000000000000000000e+00
6.897297132091833038e-01,1.866331479744617994e+00,0.000000000000000000e+00,-5.781780802514634859e-02,1.018402169600984286e-01,0.000000000000000000e+00
7.008337123153824955e-01,1.716734356130893646e+00,0.000000000000000000e+00,4.015764453067915268e-02,1.910587561533440559e-01,0.000000000000000000e+00
5.556560715576163156e-01,1.809023108674492120e+00,0.000000000000000000e+00,-1.012473574380948343e-01,-3.142200516635045709e-02,0.000000000000000000e+00
5.676749150119188014e-01,1.985212066994639368e+00,0.000000000000000000e+00,-9.071993087450111459e-02,-1.540909859173662626e-02,0.000000000000000000e+00
7.021606148124438507e-01,1.586314698778708898e+00,0.000000000000000000e+00,1.169457357712215817e-01,2.200703619522888510e-01,0.000000000000000000e+00
5.569829740546776708e-01,1.678603451322307372e+00,0.000000000000000000e+00,3.566605801831013861e-02,-1.235793310696904623e-02,0.000000000000000000e+00
7.704856773962821537e-01,1.480194901530249130e+00,0.000000000000000000e+00,3.687598035070354108e-01,3.488557605166122122e-01,0.000000000000000000e+00
8.474701639700673583e-01,1.339736959491926171e+00,0.000000000000000000e+00,5.342961513507555882e-01,3.276455994816468431e-01,0.000000000000000000e+00
6.266349391355772180e-01,1.442063996721663077e+00,0.000000000000000000e+00,3.819774179457836594e-01,1.983435010754568129e-01,0.000000000000000000e+00
5.583098765517390261e-01,1.548183793970122846e+00,0.000000000000000000e+00,8.195290065636823273e-02,6.048391319888756293e-03,0.000000000000000000e+00
6.949600017194154100e-01,1.335944199473203087e+00,0.000000000000000000e+00,5.797661962822102666e-01,3.136977799317903770e-01,0.000000000000000000e+00
1.594789223517917964e+00,3.557160939260382015e-01,0.000000000000000000e+00,-3.881766744122907425e-02,1.933032600856110228e-01,0.000000000000000000e+00
4.145404754420697335e-01,2.210908661096293137e+00,0.000000000000000000e+00,-7.133257272434878615e-02,-3.998499465860629737e-02,0.000000000000000000e+00
3.191380406533400049e-01,2.380208148438899940e+00,0.000000000000000000e+00,-2.136237457494221184e-02,-1.439669420382658389e-02,0.000000000000000000e+00
4.170046931461120487e-01,1.891518450541020080e+00,0.000000000000000000e+00,-8.659339725232768903e-02,-1.199798718936755382e-01,0.000000000000000000e+00
4.290235366004145900e-01,2.067707408861167551e+00,0.000000000000000000e+00,-8.587862660849161778e-02,-7.984308994025732242e-02,0.000000000000000000e+00
2.638702535762629808e-01,2.117215044642673849e+00,0.000000000000000000e+00,-3.622403369074554680e-02,-8.870725799422622682e-02,0.000000000000000000e+00
2.493871924179181798e-01,2.260416296877799436e+00,0.000000000000000000e+00,-3.413900035649315018e-02,-3.808719376736137419e-02,0.000000000000000000e+00
2.783533147346077818e-01,1.974013792407547818e+00,0.000000000000000000e+00,-5.649411375540036584e-02,-1.440826434114700072e-01,0.000000000000000000e+00
1.944444444443808873e-01,2.500000000000000000e+00,0.000000000000000000e+00,0.000000000000000000e+00,0.000000000000000000e+00,0.000000000000000000e+00
-5.372368905982264367e-18,2.500000000000000444e+00,0.000000000000000000e+00,0.000000000000000000e+00,0.000000000000000000e+00,0.000000000000000000e+00
1.246935962089591038e-01,2.380208148438899940e+00,0.000000000000000000e+00,-4.248582458040053682e-03,-1.475448261915359577e-02,0.000000000000000000e+00
1.694444444444964670e+00,0.000000000000000000e+00,0.000000000000000000e+00,0.000000000000000000e+00,0.000000000000000000e+00,0.000000000000000000e+00
1.591724980409496393e+00,1.264843452947208013e-01,0.000000000000000000e+00,-8.291501436336815023e-02,2.330043146686747862e-02,0.000000000000000000e+00
1.500000000000000000e+00,4.969440751409550048e-18,0.000000000000000000e+00,0.000000000000000000e+00,0.000000000000000000e+00,0.000000000000000000e+00
1.444823007548016180e+00,3.445733138299777454e-01,0.000000000000000000e+00,8.205373110351001087e-03,2.392359598681801647e-01,0.000000000000000000e+00
1.533483744849091002e+00,2.418259104933810910e-01,0.000000000000000000e+00,-8.228323053627507877e-03,1.644978630075684956e-01,0.000000000000000000e+00
1.441758764439594387e+00,1.153415651986603035e-01,0.000000000000000000e+00,3.005090985563219075e-02,1.687389869740642256e-01,0.000000000000000000e+00
1.383517528879188996e+00,2.306831303973206071e-01,0.000000000000000000e+00,3.255085986881767202e-02,2.486337779835309514e-01,0.000000000000000000e+00
0.000000000000000000e+00,3.500000000000000444e+00,0.000000000000000000e+00,0.000000000000000000e+00,0.000000000000000000e+00,0.000000000000000000e+00
1.222790981627812357e-01,3.280008219458827590e+00,0.000000000000000000e+00,-1.563291909816764969e-02,2.111639150181507385e-01,0.000000000000000000e+00
1.428110004020604062e-01,3.417968607011319548e+00,0.000000000000000000e+00,2.670083856136467107e-02,2.071322628127188203e-01,0.000000000000000000e+00
1.261915376927441601e-01,3.718570154769075931e+00,0.000000000000000000e+00,1.903387174130544493e-02,7.843159359033406719e-02,0.000000000000000000e+00
1.428110004020604062e-01,3.584635273677986511e+00,0.000000000000000000e+00,3.434723103133797972e-02,1.191502757464115991e-01,0.000000000000000000e+00
6.152949319919647149e-18,3.333333333333333037e+00,0.000000000000000000e+00,0.000000000000000000e+00,0.000000000000000000e+00,0.000000000000000000e+00
5.436907057861226757e-18,3.666666666666666963e+00,0.000000000000000000e+00,0.000000000000000000e+00,0.000000000000000000e+00,0.000000000000000000e+00
0.000000000000000000e+00,3.166666666666666963e+00,0.000000000000000000e+00,0.000000000000000000e+00,0.000000000000000000e+00,0.000000000000000000e+00
2.000000000008322065e-01,4.000000000000000000e+00,0.000000000000000000e+00,0.000000000000000000e+00,0.000000000000000000e+00,0.000000000000000000e+00
5.436907057861226757e-18,4.000000000000000000e+00,0.000000000000000000e+00,0.000000000000000000e+00,0.000000000000000000e+00,0.000000000000000000e+00
1.261915376927441601e-01,3.885236821435742449e+00,0.000000000000000000e+00,1.572885582835427398e-02,2.041981776375308838e-02,0.000000000000000000e+00
0.000000000000000000e+00,3.833333333333333925e+00,0.000000000000000000e+00,0.000000000000000000e+00,0.000000000000000000e+00,0.000000000000000000e+00
1.749999999999824141e+00,6.000000000000000888e+00,0.000000000000000000e+00,0.000000000000000000e+00,0.000000000000000000e+00,0.000000000000000000e+00
1.630682033048545421e+00,5.849109431462388820e+00,0.000000000000000000e+00,-7.079764413553122360e-01,7.130671199550350781e-02,0.000000000000000000e+00
1.555555555554858138e+00,6.000000000000000888e+00,0.000000000000000000e+00,0.000000000000000000e+00,0.000000000000000000e+00,0.000000000000000000e+00
1.537490546615829512e+00,5.723686978355569721e+00,0.000000000000000000e+00,-1.225071631012963014e+00,3.121959220863713136e-01,0.000000000000000000e+00
1.385295525846953035e+00,5.556218619053996832e+00,0.000000000000000000e+00,-9.745419211663692849e-01,4.415320227282336640e-01,0.000000000000000000e+00
1.462364069122142007e+00,5.874577546893180013e+00,0.000000000000000000e+00,-9.954965248288166757e-01,9.441068249670071799e-02,0.000000000000000000e+00
1.369172582689425877e+00,5.749155093786360027e+00,0.000000000000000000e+00,-1.487703388560056794e+00,2.906164008931167997e-01,0.000000000000000000e+00
1.130457191281716955e+00,5.150097859850026438e+00,0.000000000000000000e+00,4.006877674880505724e-01,-1.798048721536867622e-01,0.000000000000000000e+00
1.211794933437652322e+00,5.313519766961696256e+00,0.000000000000000000e+00,-2.787356933417576080e-02,-1.353521512772544177e-01,0.000000000000000000e+00
1.022171397870824894e+00,5.263757389601757986e+00,0.000000000000000000e+00,5.838912773841951898e-02,-2.738306757002540448e-01,0.000000000000000000e+00
9.970206586664457360e-01,5.056396449086813405e+00,0.000000000000000000e+00,4.585047781031116876e-01,-1.639759465169100539e-01,0.000000000000000000e+00
1.170697402455618263e+00,5.706183718379621794e+00,0.000000000000000000e+00,-1.344097542874918449e+00,-2.533596075011164128e-01,0.000000000000000000e+00
1.186820345613145422e+00,5.513247243647258600e+00,0.000000000000000000e+00,-7.930847049034972507e-01,-2.697703044302494635e-01,0.000000000000000000e+00
9.971968100463177720e-01,5.463484866287320330e+00,0.000000000000000000e+00,-6.760703036500458341e-01,-3.913138004785236546e-01,0.000000000000000000e+00
9.722222222218106502e-01,5.663212342972883562e+00,0.000000000000000000e+00,-1.035107017777120664e+00,-3.324610696126562015e-01,0.000000000000000000e+00
7.683291279871123924e-01,4.831880296204285052e+00,0.000000000000000000e+00,4.260593757221421973e-01,-2.133141130690093812e-01,0.000000000000000000e+00
6.823941682550540566e-01,4.657362541918351084e+00,0.000000000000000000e+00,2.506396438725047027e-01,-5.899368506724337463e-02,0.000000000000000000e+00
8.098241023861201260e-01,5.042842441848104151e+00,0.000000000000000000e+00,4.040745097453309342e-01,-4.119586297625341120e-01,0.000000000000000000e+00
6.062833109111660512e-01,5.025687229480521268e+00,0.000000000000000000e+00,2.342689199768057395e-01,-3.999048733634096853e-01,0.000000000000000000e+00
8.349748415904993948e-01,5.250203382363049620e+00,0.000000000000000000e+00,-3.316148703254606991e-03,-4.834929359102264068e-01,0.000000000000000000e+00
5.647883365121582067e-01,4.814725083836703057e+00,0.000000000000000000e+00,2.434125583372466206e-01,-1.702608706016686957e-01,0.000000000000000000e+00
6.477782853101737848e-01,5.236649375124340366e+00,0.000000000000000000e+00,-5.313217484614663616e-02,-6.139641770098440698e-01,0.000000000000000000e+00
5.999999999985329291e-01,4.500000000000000000e+00,0.000000000000000000e+00,0.000000000000000000e+00,0.000000000000000000e+00,0.000000000000000000e+00
4.823941682556370791e-01,4.657362541918351084e+00,0.000000000000000000e+00,1.666780395835222028e-01,-5.816523864583388048e-02,0.000000000000000000e+00
3.999999999991157851e-01,4.500000000000000000e+00,0.000000000000000000e+00,0.000000000000000000e+00,0.000000000000000000e+00,0.000000000000000000e+00
4.166666666666666963e+00,6.000000000000000888e+00,0.000000000000000000e+00,0.000000000000000000e+00,0.000000000000000000e+00,0.000000000000000000e+00
4.250000000000000000e+00,5.873704628614770051e+00,0.000000000000000000e+00,5.757808252504651447e-01,1.959628698272682448e-02,0.000000000000000000e+00
4.411473599158769687e+00,5.857800240335842012e+00,0.000000000000000000e+00,6.501605101503477036e-01,-8.283732389407345853e-02,0.000000000000000000e+00
4.333333333333333037e+00,6.000000000000000000e+00,0.000000000000000000e+00,0.000000000000000000e+00,0.000000000000000000e+00,0.000000000000000000e+00
5.000000000000000000e+00,5.437500000016568968e+00,0.000000000000000000e+00,-2.763301594704584314e-03,-1.297955294131906800e+00,0.000000000000000000e+00
4.843093207617508611e+00,5.521770536470514301e+00,0.000000000000000000e+00,2.335821420219957867e-01,-5.669727359258825983e-01,0.000000000000000000e+00
4.623903397249409686e+00,5.730654505307087199e+00,0.000000000000000000e+00,5.440631759915273147e-01,-4.926517347357480259e-01,0.000000000000000000e+00
4.722189672374814684e+00,5.582124801436207484e+00,0.000000000000000000e+00,4.982567734818688643e-01,-8.665511155412144451e-01,0.000000000000000000e+00
4.879096464757306961e+00,5.685354264976797189e+00,0.000000000000000000e+00,1.216492366066269093e-01,-2.382830888239062805e-01,0.000000000000000000e+00
5.000000000000000888e+00,5.625000000011104895e+00,0.000000000000000000e+00,0.000000000000000000e+00,0.000000000000000000e+00,0.000000000000000000e+00
4.758192929514612146e+00,5.745708529942489484e+00,0.000000000000000000e+00,1.948045748248973807e-01,-5.370865114942356966e-01,0.000000000000000000e+00
4.500000000000000000e+00,6.000000000000000888e+00,0.000000000000000000e+00,0.000000000000000000e+00,0.000000000000000000e+00,0.000000000000000000e+00
4.712429798090639999e+00,5.872854264971245186e+00,0.000000000000000000e+00,2.982646361743335195e-01,-1.763250163326046949e-01,0.000000000000000000e+00
4.578140265825436650e+00,5.857800240335842012e+00,0.000000000000000000e+00,5.468585867326596350e-01,-1.540304103112530854e-01,0.000000000000000000e+00
4.666666666666666963e+00,6.000000000000000000e+00,0.000000000000000000e+00,0.000000000000000000e+00,0.000000000000000000e+00,0.000000000000000000e+00
9.215710124447150653e-01,1.214172085973820092e+00,0.000000000000000000e+00,7.197454499124922300e-01,3.157528232019821135e-01,0.000000000000000000e+00
9.992567059960750786e-01,1.080514623704005528e+00,0.000000000000000000e+00,8.026004184278267006e-01,2.287534353467961801e-01,0.000000000000000000e+00
1.134981652368583172e+00,8.190493690143919592e-01,0.000000000000000000e+00,2.993408686804552299e-01,1.486088319797677637e-01,0.000000000000000000e+00
1.073073506245910691e+00,9.487830689507807946e-01,0.000000000000000000e+00,5.469196566264802328e-01,1.423012364056984169e-01,0.000000000000000000e+00
9.169784989185467694e-01,9.530828976837664168e-01,0.000000000000000000e+00,6.783039616791201043e-01,1.067375066596340932e-01,0.000000000000000000e+00
8.431616986687109350e-01,1.084814452436990928e+00,0.000000000000000000e+00,9.309129345913392806e-01,1.681814029749517103e-01,0.000000000000000000e+00
9.907952991683824928e-01,8.213513429305419056e-01,0.000000000000000000e+00,3.284042413444039910e-01,2.566456935452908483e-02,0.000000000000000000e+00
7.690608501940632280e-01,1.210379325955097229e+00,0.000000000000000000e+00,7.895881193650555741e-01,2.400221166632872660e-01,0.000000000000000000e+00
1.233790911926833989e+00,6.030838250192036565e-01,0.000000000000000000e+00,1.015046303002740263e-01,1.593576108111922629e-01,0.000000000000000000e+00
1.197925225275022987e+00,7.085923332343098124e-01,0.000000000000000000e+00,2.064623178791508418e-01,1.473948059035978531e-01,0.000000000000000000e+00
1.053738872074822197e+00,7.108943071504596478e-01,0.000000000000000000e+00,2.434775708009923045e-01,5.737591113652890790e-02,0.000000000000000000e+00
1.116682444981262234e+00,6.004372713703777231e-01,0.000000000000000000e+00,9.406372408117538719e-02,7.990341031098047164e-02,0.000000000000000000e+00
1.302724823625894590e+00,5.041081497394123145e-01,0.000000000000000000e+00,3.558646815265655017e-02,1.907510314536563778e-01,0.000000000000000000e+00
1.380339377298112957e+00,4.304747090367148088e-01,0.000000000000000000e+00,4.249325542195019761e-03,2.204164605733696936e-01,0.000000000000000000e+00
1.254550268379382993e+00,4.024859208107948172e-01,0.000000000000000000e+00,-2.066428396414563690e-02,1.852282004930791148e-01,0.000000000000000000e+00
1.185616356680322614e+00,5.014615960905862702e-01,0.000000000000000000e+00,2.011573010916503645e-02,1.347627716259413300e-01,0.000000000000000000e+00
1.319033898629285995e+00,3.165845256040576983e-01,0.000000000000000000e+00,-1.142560864851298839e-02,2.203112638725649441e-01,0.000000000000000000e+00
4.178212447645051064e-01,1.716773845761425221e+00,0.000000000000000000e+00,-1.685779735175216981e-02,-1.836345871568139665e-01,0.000000000000000000e+00
2.791698663530008395e-01,1.799269187627952959e+00,0.000000000000000000e+00,-2.172664958835871310e-02,-2.033372458919391890e-01,0.000000000000000000e+00
4.191481472615664616e-01,1.586354188409240695e+00,0.000000000000000000e+00,6.222763391998309412e-02,-1.816943384790028204e-01,0.000000000000000000e+00
2.799864179713938972e-01,1.624524582848358323e+00,0.000000000000000000e+00,3.624820082572565577e-02,-2.325010929551428185e-01,0.000000000000000000e+00
4.866227074944300401e-01,1.447582634618695963e+00,0.000000000000000000e+00,3.580774334530425485e-01,-1.964211591851348082e-01,0.000000000000000000e+00
5.549477700782682321e-01,1.341462837370236194e+00,0.000000000000000000e+00,6.011119929263951667e-01,1.119137458184149342e-03,0.000000000000000000e+00
4.149355384371211097e-01,1.346981475267269079e+00,0.000000000000000000e+00,5.228029941805890646e-01,-3.369201925431126177e-01,0.000000000000000000e+00
3.474609782042575312e-01,1.485753029057813812e+00,0.000000000000000000e+00,3.526603869081949005e-01,-3.039213583111301520e-01,0.000000000000000000e+00
6.953281897917431564e-01,1.085339241120987452e+00,0.000000000000000000e+00,1.110737828792695447e+00,3.421443423718546067e-02,0.000000000000000000e+00
6.212273413170954495e-01,1.210904114639093532e+00,0.000000000000000000e+00,9.789023989822266403e-01,1.222301037512655564e-01,0.000000000000000000e+00
4.812151096759482716e-01,1.216422752536126417e+00,0.000000000000000000e+00,9.636563722907650620e-01,-1.544361800803938367e-01,0.000000000000000000e+00
5.474946809147754889e-01,1.085864029804984199e+00,0.000000000000000000e+00,1.265035613211733079e+00,-3.564389530974929055e-02,0.000000000000000000e+00
1.246935962089591177e-01,2.213541481772233421e+00,0.000000000000000000e+00,-5.144903225929978868e-03,-5.112969129617936370e-02,0.000000000000000000e+00
1.391766573673038909e-01,2.070340229537107390e+00,0.000000000000000000e+00,-9.939910431571928953e-03,-8.713380880520359140e-02,0.000000000000000000e+00
-5.996365244175457388e-18,2.166666666666667407e+00,0.000000000000000000e+00,0.000000000000000000e+00,0.000000000000000000e+00,0.000000000000000000e+00
0.000000000000000000e+00,2.333333333333333925e+00,0.000000000000000000e+00,0.000000000000000000e+00,0.000000000000000000e+00,0.000000000000000000e+00
0.000000000000000000e+00,2.000000000000000000e+00,0.000000000000000000e+00,0.000000000000000000e+00,0.000000000000000000e+00,0.000000000000000000e+00
1.391766573673038909e-01,1.903673562870440428e+00,0.000000000000000000e+00,-1.127116134300436452e-02,-1.353501707933065235e-01,0.000000000000000000e+00
1.399932089856969486e-01,1.728928958090845569e+00,0.000000000000000000e+00,7.572846929022300326e-03,-1.710501660061250206e-01,0.000000000000000000e+00
-6.031546012540120939e-18,1.833333333333333259e+00,0.000000000000000000e+00,0.000000000000000000e+00,0.000000000000000000e+00,0.000000000000000000e+00
1.375000000000000222e+00,0.000000000000000000e+00,0.000000000000000000e+00,1.718998530803680230e-02,3.025170069859597910e-01,0.000000000000000000e+00
1.316758764439594609e+00,1.153415651986603313e-01,0.000000000000000000e+00,9.632258622093232059e-04,3.531448721036828386e-01,0.000000000000000000e+00
1.250000000000000000e+00,4.800465950604801529e-18,0.000000000000000000e+00,-1.353766443669126435e-02,4.469116897794163656e-01,0.000000000000000000e+00
1.182217538246122635e+00,3.126625917328423321e-01,0.000000000000000000e+00,-9.003037077930646503e-02,2.047618378964899954e-01,0.000000000000000000e+00
1.246701168496025414e+00,2.267611965261051576e-01,0.000000000000000000e+00,-6.242214545649417412e-02,2.751202951669332597e-01,0.000000000000000000e+00
1.179942404056431027e+00,1.114196313274448541e-01,0.000000000000000000e+00,-1.086093614543561930e-01,3.495230856600045066e-01,0.000000000000000000e+00
1.109884808112862054e+00,2.228392626548897082e-01,0.000000000000000000e+00,-1.686888296430302248e-01,2.212313449445081071e-01,0.000000000000000000e+00
1.361111111110508975e+00,6.000000000000000888e+00,0.000000000000000000e+00,0.000000000000000000e+00,0.000000000000000000e+00,0.000000000000000000e+00
1.267919624677793067e+00,5.874577546893180013e+00,0.000000000000000000e+00,-1.188466497123410903e+00,9.762762219781402628e-02,0.000000000000000000e+00
1.166666666666160257e+00,6.000000000000000888e+00,0.000000000000000000e+00,0.000000000000000000e+00,0.000000000000000000e+00,0.000000000000000000e+00
1.069444444443985232e+00,5.831606171486441781e+00,0.000000000000000000e+00,-8.801910765829589200e-01,-1.012780895747571741e-01,0.000000000000000000e+00
8.100002537659922730e-01,5.449930859048611964e+00,0.000000000000000000e+00,-6.216802627940094528e-01,-5.952632164503848244e-01,0.000000000000000000e+00
9.722222222218104282e-01,6.000000000000000888e+00,0.000000000000000000e+00,0.000000000000000000e+00,0.000000000000000000e+00,0.000000000000000000e+00
8.749999999996356248e-01,5.831606171486441781e+00,0.000000000000000000e+00,-7.006666105444144810e-01,-1.345585853658352316e-01,0.000000000000000000e+00
6.061710249027358888e-01,5.457102298718389477e+00,0.000000000000000000e+00,-3.915871137900724386e-01,-3.666017083151070777e-01,0.000000000000000000e+00
7.683929933585542660e-01,5.670383782642661075e+00,0.000000000000000000e+00,-7.645599379337133517e-01,-3.221702230427071489e-01,0.000000000000000000e+00
6.711707711363792406e-01,5.838777611156219294e+00,0.000000000000000000e+00,-3.842143165088832135e-01,-3.435601912888255199e-02,0.000000000000000000e+00
7.777777777774607104e-01,6.000000000000000888e+00,0.000000000000000000e+00,0.000000000000000000e+00,0.000000000000000000e+00,0.000000000000000000e+00
5.645637644952979928e-01,5.677555222312439476e+00,0.000000000000000000e+00,-4.941076806665818388e-01,-7.917578785362501537e-02,0.000000000000000000e+00
4.768114894598394216e-01,5.149892074226317007e+00,0.000000000000000000e+00,-8.441731470079922965e-04,-4.661048245281281810e-01,0.000000000000000000e+00
4.353165150608316325e-01,4.938929928582497908e+00,0.000000000000000000e+00,1.362261513749996045e-01,-2.982794561724561033e-01,0.000000000000000000e+00
3.058446936095050028e-01,5.063134773328292759e+00,0.000000000000000000e+00,2.430048657066611814e-02,-3.093477503876854162e-01,0.000000000000000000e+00
3.270633030116357753e-01,4.625285985715389181e+00,0.000000000000000000e+00,7.472688845097127941e-02,-4.268738750288328387e-02,0.000000000000000000e+00
4.094574712681570139e-01,4.782648527633740265e+00,0.000000000000000000e+00,1.222278394983316585e-01,-1.698530304214909969e-01,0.000000000000000000e+00
2.799856498168303842e-01,4.906853372379536005e+00,0.000000000000000000e+00,5.665614089033445960e-02,-2.090672263537400044e-01,0.000000000000000000e+00
2.541266060241558211e-01,4.750571971430777474e+00,0.000000000000000000e+00,2.911954620827823109e-02,-1.129931327485479559e-01,0.000000000000000000e+00
4.862689058646691986e-01,5.337074687553885255e+00,0.000000000000000000e+00,-9.043061781356728779e-02,-4.750330816727628136e-01,0.000000000000000000e+00
3.153021100143347244e-01,5.250317386655861895e+00,0.000000000000000000e+00,-2.591104773902582620e-02,-3.332594033893787611e-01,0.000000000000000000e+00
4.446616454572312471e-01,5.557527611147934365e+00,0.000000000000000000e+00,-2.838256750749711399e-01,-2.916283949237766793e-01,0.000000000000000000e+00
3.247595264191645015e-01,5.437499999983430143e+00,0.000000000000000000e+00,-1.050746525006513860e-01,-3.275752738191270996e-01,0.000000000000000000e+00
1.999999999995579480e-01,4.500000000000000000e+00,0.000000000000000000e+00,0.000000000000000000e+00,0.000000000000000000e+00,0.000000000000000000e+00
5.474466684315932070e-18,4.500000000000000000e+00,0.000000000000000000e+00,0.000000000000000000e+00,0.000000000000000000e+00,0.000000000000000000e+00
1.270633030120779106e-01,4.625285985715389181e+00,0.000000000000000000e+00,3.846941712044127208e-03,-3.784238106812768537e-02,0.000000000000000000e+00
5.000000000000000000e+00,5.812500000005552891e+00,0.000000000000000000e+00,0.000000000000000000e+00,0.000000000000000000e+00,0.000000000000000000e+00
5.000000000000000888e+00,6.000000000000000888e+00,0.000000000000000000e+00,0.000000000000000000e+00,0.000000000000000000e+00,0.000000000000000000e+00
4.879096464757306961e+00,5.872854264971245186e+00,0.000000000000000000e+00,6.398993629075810929e-03,-1.332897857664985253e-01,0.000000000000000000e+00
4.833333333333333925e+00,6.000000000000000888e+00,0.000000000000000000e+00,0.000000000000000000e+00,0.000000000000000000e+00,0.000000000000000000e+00
7.681355989147466978e-01,9.581460523904808957e-01,0.000000000000000000e+00,7.436846490492484696e-01,-4.984859671029847478e-02,0.000000000000000000e+00
8.419523991645824212e-01,8.264144976372564955e-01,0.000000000000000000e+00,3.755013189208533109e-01,1.535607621258737281e-02,0.000000000000000000e+00
6.931094991607823497e-01,8.314776523439708633e-01,0.000000000000000000e+00,3.850266614408350274e-01,-2.249746682290647282e-01,0.000000000000000000e+00
6.203020900377789193e-01,9.586708410744775311e-01,0.000000000000000000e+00,9.132626240198979950e-01,-1.350586770604761400e-01,0.000000000000000000e+00
9.729331975258549425e-01,5.936932272348560691e-01,0.000000000000000000e+00,5.630972836195647507e-02,4.005474858992799647e-02,0.000000000000000000e+00
9.099896246194150162e-01,7.041502630149381048e-01,0.000000000000000000e+00,2.219685645627321180e-01,4.210529443374992284e-03,0.000000000000000000e+00
7.611467246156150557e-01,7.092134177216526947e-01,0.000000000000000000e+00,2.651813427819091906e-01,-1.054487167633440109e-01,0.000000000000000000e+00
8.291839500704477617e-01,5.869491830993344150e-01,0.000000000000000000e+00,3.535019908999174898e-02,-5.677065463501965170e-02,0.000000000000000000e+00
1.113401827810563738e+00,4.063463675733333114e-01,0.000000000000000000e+00,-7.126849529813118755e-02,1.427923627259906902e-01,0.000000000000000000e+00
1.044467916111503136e+00,5.053220428531246533e-01,0.000000000000000000e+00,-2.863986824025031852e-02,8.886125404676802064e-02,0.000000000000000000e+00
9.007186686560960664e-01,4.985779987176031103e-01,0.000000000000000000e+00,-7.411769283803250341e-02,4.645659804795395156e-03,0.000000000000000000e+00
9.722533872417442602e-01,4.102068143358718055e-01,0.000000000000000000e+00,-1.097343012456686445e-01,8.123612030754522040e-02,0.000000000000000000e+00
1.041069097677303157e+00,3.165230384953807707e-01,0.000000000000000000e+00,-1.555133226336615215e-01,1.412610850748356739e-01,0.000000000000000000e+00
0.000000000000000000e+00,1.666666666666666741e+00,0.000000000000000000e+00,0.000000000000000000e+00,0.000000000000000000e+00,0.000000000000000000e+00
1.399932089856969486e-01,1.562262291424179272e+00,0.000000000000000000e+00,2.830190441187751052e-02,-1.730049950581590279e-01,0.000000000000000000e+00
3.016968849052554802e-01,1.359877166459418696e+00,0.000000000000000000e+00,4.909643254805199919e-01,-2.417417862185678168e-01,0.000000000000000000e+00
2.342223246723918462e-01,1.498648720249962984e+00,0.000000000000000000e+00,3.132705910016813644e-01,-1.242881647863172401e-01,0.000000000000000000e+00
9.422911568669489757e-02,1.436386428825783934e+00,0.000000000000000000e+00,3.205993386558896319e-01,-4.689777565236705539e-03,0.000000000000000000e+00
-4.059820123441375091e-18,1.500000000000000222e+00,0.000000000000000000e+00,0.000000000000000000e+00,0.000000000000000000e+00,0.000000000000000000e+00
1.884582313733897951e-01,1.372772857651567868e+00,0.000000000000000000e+00,4.851271614604605875e-01,-3.656456366836961791e-02,0.000000000000000000e+00
3.320999578079124048e-01,1.228848233461484529e+00,0.000000000000000000e+00,7.191686264112676641e-01,-2.685434350365086265e-01,0.000000000000000000e+00
3.983795290467395667e-01,1.098289510730342089e+00,0.000000000000000000e+00,1.079401286514391600e+00,-6.233748574267562736e-02,0.000000000000000000e+00
2.188613042760466920e-01,1.241743924653634146e+00,0.000000000000000000e+00,6.935638234038404848e-01,-1.556879682272884757e-01,0.000000000000000000e+00
2.492643771787035889e-01,1.110714991655700201e+00,0.000000000000000000e+00,8.430389697613037692e-01,-1.953101899538606245e-01,0.000000000000000000e+00
5.532988308904770447e-01,8.515159864083128305e-01,0.000000000000000000e+00,4.159180352779838774e-01,3.654814869748084644e-02,0.000000000000000000e+00
4.804914217674735033e-01,9.787091751388192762e-01,0.000000000000000000e+00,9.297942746298591965e-01,1.079328480972940874e-01,0.000000000000000000e+00
3.313762698994375810e-01,9.911346560641773884e-01,0.000000000000000000e+00,6.993867141286633782e-01,7.701427212864961347e-02,0.000000000000000000e+00
4.134881626201716287e-01,8.715543204726545756e-01,0.000000000000000000e+00,3.962015534697657659e-01,2.906751833703324905e-01,0.000000000000000000e+00
1.125000000000000000e+00,0.000000000000000000e+00,0.000000000000000000e+00,-2.849419600924213772e-02,2.940613672193090333e-01,0.000000000000000000e+00
1.054942404056431027e+00,1.114196313274448541e-01,0.000000000000000000e+00,-1.431098542461630430e-01,1.536321198630473117e-01,0.000000000000000000e+00
1.000000000000000000e+00,5.109513429696411832e-18,0.000000000000000000e+00,0.000000000000000000e+00,0.000000000000000000e+00,0.000000000000000000e+00
9.013368133373552693e-01,3.236960830575915105e-01,0.000000000000000000e+00,-1.653154979610929609e-01,3.807211637438957796e-02,0.000000000000000000e+00
9.701525237729140549e-01,2.300123072171004202e-01,0.000000000000000000e+00,-1.908628884986230123e-01,8.796186596840673000e-02,0.000000000000000000e+00
9.152101197164830282e-01,1.185926758896555522e-01,0.000000000000000000e+00,-8.806427957808111995e-02,-2.358295895431191920e-04,0.000000000000000000e+00
8.304202394329660564e-01,2.371853517793111044e-01,0.000000000000000000e+00,-1.811141074588270838e-01,-1.555653979124864937e-02,0.000000000000000000e+00
5.833333333331112147e-01,6.000000000000000888e+00,0.000000000000000000e+00,0.000000000000000000e+00,0.000000000000000000e+00,0.000000000000000000e+00
4.767263266920298559e-01,5.838777611156220182e+00,0.000000000000000000e+00,-3.086962140726778880e-01,-9.320300272106344514e-03,0.000000000000000000e+00
3.888888888887617745e-01,6.000000000000000888e+00,0.000000000000000000e+00,0.000000000000000000e+00,0.000000000000000000e+00,0.000000000000000000e+00
3.003577063867903796e-01,5.582734807888704687e+00,0.000000000000000000e+00,-1.597357918048852299e-01,-2.235280641265408041e-01,0.000000000000000000e+00
4.202598254248570697e-01,5.702762419053208909e+00,0.000000000000000000e+00,-3.172132629077518695e-01,-1.527470739593713711e-01,0.000000000000000000e+00
3.324223876215889883e-01,5.863984807896989615e+00,0.000000000000000000e+00,-1.731143134764832892e-01,-2.458310483094476237e-02,0.000000000000000000e+00
2.759558863544162022e-01,5.727969615793978342e+00,0.000000000000000000e+00,-1.642698074309229817e-01,-1.083354999728963486e-01,0.000000000000000000e+00
0.000000000000000000e+00,5.062499999983431920e+00,0.000000000000000000e+00,0.000000000000000000e+00,0.000000000000000000e+00,0.000000000000000000e+00
1.270633030120779106e-01,4.812785985709837178e+00,0.000000000000000000e+00,8.023677964374389049e-04,-8.914640599159374956e-02,0.000000000000000000e+00
1.529223468047525014e-01,4.969067386658594820e+00,0.000000000000000000e+00,1.376084979380496698e-03,-1.644840853891981203e-01,0.000000000000000000e+00
1.529223468047525014e-01,5.156567386653129859e+00,0.000000000000000000e+00,-6.519520781702013452e-04,-2.038386929792023738e-01,0.000000000000000000e+00
1.623797632095822507e-01,5.343749999980698107e+00,0.000000000000000000e+00,-3.355405199317651466e-02,-2.239778143855927495e-01,0.000000000000000000e+00
6.588592245161831391e-18,4.874999999988895993e+00,0.000000000000000000e+00,0.000000000000000000e+00,0.000000000000000000e+00,0.000000000000000000e+00
6.996060883239199678e-18,5.249999999977966958e+00,0.000000000000000000e+00,0.000000000000000000e+00,0.000000000000000000e+00,0.000000000000000000e+00
0.000000000000000000e+00,4.687499999994448885e+00,0.000000000000000000e+00,0.000000000000000000e+00,0.000000000000000000e+00,0.000000000000000000e+00
0.000000000000000000e+00,5.437499999983431920e+00,0.000000000000000000e+00,0.000000000000000000e+00,0.000000000000000000e+00,0.000000000000000000e+00
1.623797632095822785e-01,5.531249999986163957e+00,0.000000000000000000e+00,-4.494785591129137059e-02,-1.902213209973091790e-01,0.000000000000000000e+00
1.379779431772081011e-01,5.676484807891437612e+00,0.000000000000000000e+00,-5.116143408364626222e-02,-1.109151012593320718e-01,0.000000000000000000e+00
5.944719169013438550e-18,5.624999999988895993e+00,0.000000000000000000e+00,0.000000000000000000e+00,0.000000000000000000e+00,0.000000000000000000e+00
6.146497532305801315e-01,7.122313127691466406e-01,0.000000000000000000e+00,1.602966472019250743e-01,-8.325424481334298132e-02,0.000000000000000000e+00
4.748390849602747155e-01,7.322696468334884967e-01,0.000000000000000000e+00,1.734590291010788543e-01,2.186415524535782751e-01,0.000000000000000000e+00
6.826869786854128375e-01,5.899670781468283609e-01,0.000000000000000000e+00,-6.608731837942108563e-03,-3.747447149068763861e-02,0.000000000000000000e+00
5.361900073003778022e-01,5.929849731943223068e-01,0.000000000000000000e+00,-1.004285759542553474e-01,9.523705027224248221e-02,0.000000000000000000e+00
8.383570658438059819e-01,4.119900529860371918e-01,0.000000000000000000e+00,-1.492964439414740940e-01,-7.243932698342654339e-03,0.000000000000000000e+00
7.668223472581576772e-01,5.003612373677683856e-01,0.000000000000000000e+00,-1.147191269391693580e-01,-4.691512242927362020e-02,0.000000000000000000e+00
6.203253758731227530e-01,5.033791324152624425e-01,0.000000000000000000e+00,-1.485844558545730554e-01,4.403046741302652639e-02,0.000000000000000000e+00
7.044607444458675927e-01,4.137732916362025226e-01,0.000000000000000000e+00,-1.866276606102030000e-01,-1.760792627423856879e-02,0.000000000000000000e+00
7.674404919394168800e-01,3.254793217077568412e-01,0.000000000000000000e+00,-1.709780725837075910e-01,-1.710848044579375837e-02,0.000000000000000000e+00
0.000000000000000000e+00,1.375000000000000000e+00,0.000000000000000000e+00,6.811437280626135848e-01,-7.263492287533672431e-02,0.000000000000000000e+00
9.422911568669489757e-02,1.311386428825783934e+00,0.000000000000000000e+00,7.619885419920869873e-01,-1.628943999402789611e-01,0.000000000000000000e+00
-5.369723185622930283e-18,1.250000000000000222e+00,0.000000000000000000e+00,9.802130469721703765e-01,-2.091873142903826199e-01,0.000000000000000000e+00
1.246321885893517944e-01,1.180357495827849990e+00,0.000000000000000000e+00,8.712895344190169089e-01,-3.461243128437469507e-01,0.000000000000000000e+00
0.000000000000000000e+00,1.125000000000000000e+00,0.000000000000000000e+00,6.440509578190281026e-01,-1.820055605918457775e-01,0.000000000000000000e+00
3.015429936833837754e-01,8.797535945167479499e-01,0.000000000000000000e+00,2.993800347132613004e-01,1.633814642317265864e-01,0.000000000000000000e+00
2.194311009626497277e-01,9.993339301082706516e-01,0.000000000000000000e+00,5.805973360529962379e-01,-8.569316206705329675e-02,0.000000000000000000e+00
1.246321885893517944e-01,1.055357495827850212e+00,0.000000000000000000e+00,5.251013556520892633e-01,-2.438585944439995712e-01,0.000000000000000000e+00
9.479891237329794718e-02,9.439764342804206620e-01,0.000000000000000000e+00,5.736001385419214199e-02,4.210158265413907475e-02,0.000000000000000000e+00
-4.084369563788801829e-18,1.000000000000000000e+00,0.000000000000000000e+00,0.000000000000000000e+00,0.000000000000000000e+00,0.000000000000000000e+00
1.895978247465958944e-01,8.879528685608413241e-01,0.000000000000000000e+00,1.142168225411031302e-01,1.398948962759920256e-01,0.000000000000000000e+00
4.034321268325151699e-01,6.466208262482945335e-01,0.000000000000000000e+00,2.846406017838792879e-02,2.474376206629908537e-01,0.000000000000000000e+00
3.420812044924120277e-01,7.859054998874606124e-01,0.000000000000000000e+00,2.676991497886434535e-01,2.808504569270314222e-01,0.000000000000000000e+00
2.301360355556241744e-01,7.941047739315539866e-01,0.000000000000000000e+00,1.446727539293356513e-01,2.592342834621327308e-01,0.000000000000000000e+00
2.706742463646524821e-01,7.002566793022666491e-01,0.000000000000000000e+00,9.417933467143642379e-02,3.291992692206868187e-01,0.000000000000000000e+00
8.333333333328944992e-01,0.000000000000000000e+00,0.000000000000000000e+00,0.000000000000000000e+00,0.000000000000000000e+00,0.000000000000000000e+00
7.485434530493775274e-01,1.185926758896555799e-01,0.000000000000000000e+00,-1.115421012011428570e-01,-1.552789419263576713e-03,0.000000000000000000e+00
6.666666666657888873e-01,5.946897057986268771e-18,0.000000000000000000e+00,0.000000000000000000e+00,0.000000000000000000e+00,0.000000000000000000e+00
6.122062268462115098e-01,3.449151381688524420e-01,0.000000000000000000e+00,-1.986967737693775549e-01,2.413300416855152300e-02,0.000000000000000000e+00
6.751859743397606861e-01,2.566211682404067607e-01,0.000000000000000000e+00,-1.986417607688080456e-01,1.120867053899856497e-02,0.000000000000000000e+00
5.933091879561720461e-01,1.380284923507512085e-01,0.000000000000000000e+00,-1.308855906980420092e-01,1.712616528344306638e-02,0.000000000000000000e+00
5.199517092465553159e-01,2.760569847015024725e-01,0.000000000000000000e+00,-2.025183529648058589e-01,5.086573314368526832e-02,0.000000000000000000e+00
1.944444444443808873e-01,6.000000000000000888e+00,0.000000000000000000e+00,0.000000000000000000e+00,0.000000000000000000e+00,0.000000000000000000e+00
-5.944719169013438550e-18,6.000000000000000888e+00,0.000000000000000000e+00,0.000000000000000000e+00,0.000000000000000000e+00,0.000000000000000000e+00
1.379779431772081011e-01,5.863984807896989615e+00,0.000000000000000000e+00,-5.963840856313915029e-02,-2.016197131431023831e-02,0.000000000000000000e+00
0.000000000000000000e+00,5.812499999994448885e+00,0.000000000000000000e+00,0.000000000000000000e+00,0.000000000000000000e+00,0.000000000000000000e+00
2.703459856586520327e-01,5.885054518031884729e-01,0.000000000000000000e+00,-1.570832609251894899e-02,3.199742429949226086e-01,0.000000000000000000e+00
4.031038661265147205e-01,5.348695987492162462e-01,0.000000000000000000e+00,-1.013704285096590774e-01,1.998859495516424611e-01,0.000000000000000000e+00
5.280708582734665590e-01,4.345209789479123619e-01,0.000000000000000000e+00,-1.669651296833476184e-01,7.172242747784493555e-02,0.000000000000000000e+00
3.949847170996034773e-01,3.764056045028064124e-01,0.000000000000000000e+00,-1.625797651196058680e-01,1.488513605223786285e-01,0.000000000000000000e+00
2.700177249526515832e-01,4.767542243041103522e-01,0.000000000000000000e+00,-7.482148586202445883e-02,2.732294813517970322e-01,0.000000000000000000e+00
0.000000000000000000e+00,8.333333333328944992e-01,0.000000000000000000e+00,0.000000000000000000e+00,0.000000000000000000e+00,0.000000000000000000e+00
9.479891237329794718e-02,7.773097676133151612e-01,0.000000000000000000e+00,3.018522916333588046e-02,1.178212008689052404e-01,0.000000000000000000e+00
-5.816797629161128352e-18,6.666666666657888873e-01,0.000000000000000000e+00,0.000000000000000000e+00,0.000000000000000000e+00,0.000000000000000000e+00
1.353371231823262411e-01,6.834616729840278238e-01,0.000000000000000000e+00,4.283696031991508779e-02,2.161107699082946976e-01,0.000000000000000000e+00
1.350088624763257916e-01,5.717104454849495365e-01,0.000000000000000000e+00,-8.194705842370843263e-03,2.099371425765087229e-01,0.000000000000000000e+00
4.999999999991457944e-01,0.000000000000000000e+00,0.000000000000000000e+00,0.000000000000000000e+00,0.000000000000000000e+00,0.000000000000000000e+00
4.266425212895290087e-01,1.380284923507512362e-01,0.000000000000000000e+00,-1.129867538977467056e-01,2.077443650152972429e-02,0.000000000000000000e+00
3.333333333325025905e-01,5.256681331608428154e-18,0.000000000000000000e+00,0.000000000000000000e+00,0.000000000000000000e+00,0.000000000000000000e+00
2.886751345942202285e-01,1.220084679279689471e-01,0.000000000000000000e+00,-6.894922818202001147e-02,3.117176974176421797e-02,0.000000000000000000e+00
3.819843225512465912e-01,2.600369602787201417e-01,0.000000000000000000e+00,-1.405103677688443187e-01,8.241250297869680275e-02,0.000000000000000000e+00
2.570173304042947526e-01,3.603855800800240816e-01,0.000000000000000000e+00,-7.696863579922992582e-02,1.836688925652936455e-01,0.000000000000000000e+00
2.440169358559378943e-01,2.440169358559378665e-01,0.000000000000000000e+00,-6.670199377963467735e-02,1.022984076835803946e-01,0.000000000000000000e+00
0.000000000000000000e+00,4.999999999991457944e-01,0.000000000000000000e+00,0.000000000000000000e+00,0.000000000000000000e+00,0.000000000000000000e+00
1.350088624763257916e-01,4.050437788183064436e-01,0.000000000000000000e+00,-1.593504593764448474e-02,1.502047820561009384e-01,0.000000000000000000e+00
1.220084679279689471e-01,2.886751345942202285e-01,0.000000000000000000e+00,-1.324439385616423166e-02,9.389957739385317026e-02,0.000000000000000000e+00
-5.256681331608428154e-18,3.333333333325025905e-01,0.000000000000000000e+00,0.000000000000000000e+00,0.000000000000000000e+00,0.000000000000000000e+00
1.666666666662513230e-01,0.000000000000000000e+00,0.000000000000000000e+00,0.000000000000000000e+00,0.000000000000000000e+00,0.000000000000000000e+00
5.256681331608428154e-18,5.256681331608428154e-18,0.000000000000000000e+00,0.000000000000000000e+00,0.000000000000000000e+00,0.000000000000000000e+00
1.220084679279689471e-01,1.220084679279689333e-01,0.000000000000000000e+00,-1.219863546007876783e-02,3.244020802408202619e-02,0.000000000000000000e+00
0.000000000000000000e+00,1.666666666662512952e-01,0.000000000000000000e+00,0.000000000000000000e+00,0.000000000000000000e+00,0.000000000000000000e+00
