Points:0,Points:1,Points:2,U:0,U:1,U:2
9.812499999996290967e+00,0.000000000000000000e+00,0.000000000000000000e+00,0.000000000000000000e+00,0.000000000000000000e+00,0.000000000000000000e+00
1.000000000000000178e+01,5.664362628085781756e-17,0.000000000000000000e+00,0.000000000000000000e+00,0.000000000000000000e+00,0.000000000000000000e+00
9.677732030644911276e+00,1.347679693504804932e-01,0.000000000000000000e+00,2.159545976858637528e-01,5.051430898177251827e-02,0.000000000000000000e+00
9.865232030648620309e+00,1.347679693504804932e-01,0.000000000000000000e+00,7.148202644243827064e-02,7.282376425327255487e-02,0.000000000000000000e+00
9.624999999992581934e+00,7.322853433113562488e-18,0.000000000000000000e+00,0.000000000000000000e+00,0.000000000000000000e+00,0.000000000000000000e+00
9.730464061297237066e+00,2.695359387009609309e-01,0.000000000000000000e+00,2.989626006236725808e-01,2.209152888099121803e-01,0.000000000000000000e+00
1.000000000000000000e+01,1.875000000005254130e-01,0.000000000000000000e+00,0.000000000000000000e+00,0.000000000000000000e+00,0.000000000000000000e+00
9.865232030648620309e+00,3.222679693510058785e-01,0.000000000000000000e+00,8.882382568833874226e-02,2.904081253184933042e-01,0.000000000000000000e+00
1.000000000000000178e+01,3.750000000010508261e-01,0.000000000000000000e+00,0.000000000000000000e+00,0.000000000000000000e+00,0.000000000000000000e+00
9.592977028719278820e+00,3.047326432337796875e-01,0.000000000000000000e+00,6.062735496604032548e-01,3.911428125188219362e-01,0.000000000000000000e+00
9.540244998066949478e+00,1.699646738832991943e-01,0.000000000000000000e+00,4.447801390344962025e-01,2.408834250675203070e-01,0.000000000000000000e+00
9.455489996141315245e+00,3.399293477665983332e-01,0.000000000000000000e+00,8.769631575618176411e-01,5.392943855844100076e-01,0.000000000000000000e+00
9.437499999988874677e+00,0.000000000000000000e+00,0.000000000000000000e+00,0.000000000000000000e+00,0.000000000000000000e+00,0.000000000000000000e+00
9.352744998063240445e+00,1.699646738832991943e-01,0.000000000000000000e+00,5.858785065774668732e-01,1.096797098215167576e-01,0.000000000000000000e+00
9.249999999985165644e+00,7.752900328033281086e-18,0.000000000000000000e+00,0.000000000000000000e+00,0.000000000000000000e+00,0.000000000000000000e+00
9.715235779060066079e+00,4.235446083687894880e-01,0.000000000000000000e+00,4.126784123513710378e-01,5.883841795249471485e-01,0.000000000000000000e+00
9.850003748411445770e+00,4.762766390188343246e-01,0.000000000000000000e+00,6.977554733538286758e-02,5.912720633040297047e-01,0.000000000000000000e+00
9.577748746482104281e+00,4.587413129016081337e-01,0.000000000000000000e+00,6.857970689582710833e-01,6.920444885883123565e-01,0.000000000000000000e+00
9.700007496822889763e+00,5.775532780366178232e-01,0.000000000000000000e+00,1.973600978938152839e-01,9.802334334528833848e-01,0.000000000000000000e+00
1.000000000000000000e+01,5.625000000015759616e-01,0.000000000000000000e+00,0.000000000000000000e+00,0.000000000000000000e+00,0.000000000000000000e+00
9.850003748411445770e+00,6.637766390193594601e-01,0.000000000000000000e+00,8.895289438867071130e-02,6.623634134443721067e-01,0.000000000000000000e+00
1.000000000000000178e+01,7.500000000021012081e-01,0.000000000000000000e+00,0.000000000000000000e+00,0.000000000000000000e+00,0.000000000000000000e+00
9.269229608476027948e+00,3.499108093535575614e-01,0.000000000000000000e+00,9.598286214502922409e-01,2.089176743271527539e-02,0.000000000000000000e+00
9.166484610397953148e+00,1.799461354702583948e-01,0.000000000000000000e+00,5.074735983744163015e-01,-5.282724407690812460e-03,0.000000000000000000e+00
9.518315450969218716e+00,6.554201950759886985e-01,0.000000000000000000e+00,3.173347722137971338e-01,7.842650363784310352e-01,0.000000000000000000e+00
9.396056700628431457e+00,5.366082299409788980e-01,0.000000000000000000e+00,6.497517983580707313e-01,4.557335062303636275e-01,0.000000000000000000e+00
9.209796312963142384e+00,5.465896915279381263e-01,0.000000000000000000e+00,7.780207684966130577e-01,5.888121661372106019e-02,0.000000000000000000e+00
9.082969220810742428e+00,3.598922709405169007e-01,0.000000000000000000e+00,9.465855304757279098e-01,-2.356301753770129528e-02,0.000000000000000000e+00
9.336623405115542340e+00,7.332871121153593519e-01,0.000000000000000000e+00,3.951344593731080934e-01,4.556675523509386427e-01,0.000000000000000000e+00
9.062499999981458387e+00,0.000000000000000000e+00,0.000000000000000000e+00,1.590416284889815790e+00,-9.110933542296149878e-02,0.000000000000000000e+00
8.978984610394245891e+00,1.799461354702584226e-01,0.000000000000000000e+00,4.705659028254740583e-01,-6.197530614365637062e-03,0.000000000000000000e+00
8.874999999977749354e+00,7.420802714442363974e-18,0.000000000000000000e+00,0.000000000000000000e+00,0.000000000000000000e+00,0.000000000000000000e+00
9.689897907996856574e+00,7.561567887854760972e-01,0.000000000000000000e+00,2.262570336134057947e-01,1.097434176181343313e+00,0.000000000000000000e+00
9.839894159585410804e+00,8.423801497682177342e-01,0.000000000000000000e+00,5.490027333648441615e-02,7.909060402860302874e-01,0.000000000000000000e+00
9.508205862143183751e+00,8.340237058248469726e-01,0.000000000000000000e+00,2.204462993324939890e-01,8.764111248248287467e-01,0.000000000000000000e+00
9.679788319170823385e+00,9.347602995343344823e-01,0.000000000000000000e+00,7.886344641245492462e-03,1.151887406417447801e+00,0.000000000000000000e+00
1.000000000000000000e+01,9.375000000026261215e-01,0.000000000000000000e+00,0.000000000000000000e+00,0.000000000000000000e+00,0.000000000000000000e+00
9.839894159585412581e+00,1.029880149768742648e+00,0.000000000000000000e+00,-1.690680023968410897e-02,7.609299020442253925e-01,0.000000000000000000e+00
1.000000000000000178e+01,1.125000000003151257e+00,0.000000000000000000e+00,0.000000000000000000e+00,0.000000000000000000e+00,0.000000000000000000e+00
9.133725455553651784e+00,7.315751271099966146e-01,0.000000000000000000e+00,5.569718036543226392e-01,6.267862887860703447e-02,0.000000000000000000e+00
9.006898363401250052e+00,5.448777065225753891e-01,0.000000000000000000e+00,8.002040238303987918e-01,-4.505156697403048249e-02,0.000000000000000000e+00
8.930827505991759452e+00,7.298631421046339884e-01,0.000000000000000000e+00,6.042487709905919324e-01,-5.513984372715489968e-02,0.000000000000000000e+00
8.790065006576877948e+00,1.722380933652284951e-01,0.000000000000000000e+00,5.025520720064377000e-01,5.711872508659083386e-02,0.000000000000000000e+00
8.894049616993374485e+00,3.521842288354869455e-01,0.000000000000000000e+00,9.153161755592995608e-01,8.437005135444109946e-03,0.000000000000000000e+00
8.817978759583882109e+00,5.371696644175454338e-01,0.000000000000000000e+00,7.640008142158920545e-01,1.232637530354058208e-02,0.000000000000000000e+00
8.705130013176004766e+00,3.444761867304569347e-01,0.000000000000000000e+00,8.719637984664913022e-01,1.418461180264091737e-01,0.000000000000000000e+00
9.371297295428817620e+00,9.085820870167142793e-01,0.000000000000000000e+00,1.315232157371400701e-01,6.253308580448623255e-01,0.000000000000000000e+00
9.542879752456455478e+00,1.009318680726201789e+00,0.000000000000000000e+00,-1.141254217577339636e-01,9.645754793739057531e-01,0.000000000000000000e+00
9.251122552055708326e+00,1.066773995060777525e+00,0.000000000000000000e+00,-1.270583938086830567e-01,5.274752047026517454e-01,0.000000000000000000e+00
9.216448661742436599e+00,8.914790201594227081e-01,0.000000000000000000e+00,2.685412226076872577e-01,3.174301074397601896e-01,0.000000000000000000e+00
9.013550712180542490e+00,8.897670351540598599e-01,0.000000000000000000e+00,4.137894470220522813e-01,1.964548933548581136e-02,0.000000000000000000e+00
9.405971185742087570e+00,1.083877061918068874e+00,0.000000000000000000e+00,-2.472587513339340737e-01,7.156688069199417246e-01,0.000000000000000000e+00
9.096273918369325528e+00,1.049670928203485731e+00,0.000000000000000000e+00,5.950676485604796534e-02,2.171559122563941624e-01,0.000000000000000000e+00
8.687499999974214404e+00,0.000000000000000000e+00,0.000000000000000000e+00,0.000000000000000000e+00,0.000000000000000000e+00,0.000000000000000000e+00
8.602565006573342998e+00,1.722380933652284951e-01,0.000000000000000000e+00,5.974029713037524170e-01,3.878538930012455366e-02,0.000000000000000000e+00
8.499999999970679454e+00,7.060365842124614763e-18,0.000000000000000000e+00,0.000000000000000000e+00,0.000000000000000000e+00,0.000000000000000000e+00
9.655216989787055226e+00,1.136201188209433610e+00,0.000000000000000000e+00,-1.674159914676652261e-01,1.043886887947803155e+00,0.000000000000000000e+00
9.815322830201644422e+00,1.231321038443841998e+00,0.000000000000000000e+00,-4.468632999499292519e-02,6.651575982843298540e-01,0.000000000000000000e+00
9.518308423072689095e+00,1.210759569401301139e+00,0.000000000000000000e+00,-2.382083534098846378e-01,8.251601349230817117e-01,0.000000000000000000e+00
9.630645660403287067e+00,1.337642076884532960e+00,0.000000000000000000e+00,-1.419016186698781601e-01,9.130659785590131694e-01,0.000000000000000000e+00
1.000000000000000000e+01,1.312500000003655298e+00,0.000000000000000000e+00,0.000000000000000000e+00,0.000000000000000000e+00,0.000000000000000000e+00
9.815322830201644422e+00,1.418821038444345817e+00,0.000000000000000000e+00,-5.328639567119485693e-02,6.071558312691712755e-01,0.000000000000000000e+00
1.000000000000000178e+01,1.500000000004159117e+00,0.000000000000000000e+00,0.000000000000000000e+00,0.000000000000000000e+00,0.000000000000000000e+00
8.631080794110587817e+00,5.207089379185223521e-01,0.000000000000000000e+00,7.688571473688908808e-01,2.059803057785994096e-01,0.000000000000000000e+00
8.743929540518463384e+00,7.134024156056106847e-01,0.000000000000000000e+00,6.361707320681679878e-01,8.518867415899933349e-02,0.000000000000000000e+00
8.839231600395056176e+00,8.842078800418430307e-01,0.000000000000000000e+00,4.979153718314318633e-01,2.717170445815146260e-02,0.000000000000000000e+00
8.921954806583840991e+00,1.044111773091269013e+00,0.000000000000000000e+00,2.275266277508534718e-01,1.051194837023793210e-01,0.000000000000000000e+00
8.652333634921763661e+00,8.677471535428199489e-01,0.000000000000000000e+00,5.206981159588622843e-01,1.557104236802953345e-01,0.000000000000000000e+00
8.557031575045170868e+00,6.969416891065878250e-01,0.000000000000000000e+00,6.283191872649451781e-01,2.558115217757023774e-01,0.000000000000000000e+00
8.747635694798356454e+00,1.038552617979052295e+00,0.000000000000000000e+00,3.306487195726530715e-01,9.810430181152453299e-02,0.000000000000000000e+00
8.515967776737490169e+00,3.361103856095467579e-01,0.000000000000000000e+00,9.631384571797875216e-01,1.122958032453413857e-01,0.000000000000000000e+00
8.413402770134826625e+00,1.638722922443182906e-01,0.000000000000000000e+00,6.803060394073385808e-01,2.906027910262305031e-02,0.000000000000000000e+00
8.441918557672071444e+00,5.123431367976121198e-01,0.000000000000000000e+00,8.652699996023409668e-01,1.587605551653833436e-01,0.000000000000000000e+00
8.326805540298975572e+00,3.277445844886366921e-01,0.000000000000000000e+00,1.044908117844036255e+00,7.095710784062127241e-02,0.000000000000000000e+00
9.329775889729068794e+00,1.218127446457953011e+00,0.000000000000000000e+00,-1.726414441605202410e-01,7.152488440363372613e-01,0.000000000000000000e+00
9.174927256042687773e+00,1.201024379600661440e+00,0.000000000000000000e+00,-8.402667124595594728e-02,5.223314849621446543e-01,0.000000000000000000e+00
9.253580593716046465e+00,1.352377830997836705e+00,0.000000000000000000e+00,-1.208889126362478056e-01,6.888427887163878216e-01,0.000000000000000000e+00
9.442113127059668543e+00,1.345009953941185055e+00,0.000000000000000000e+00,-1.359247470174873018e-01,8.125404771229661760e-01,0.000000000000000000e+00
9.087159108669734309e+00,1.351991093600803051e+00,0.000000000000000000e+00,-6.829896638823791666e-02,5.152795790007332899e-01,0.000000000000000000e+00
9.008505770996375617e+00,1.200637642203627564e+00,0.000000000000000000e+00,8.770302275972487183e-02,2.639644008095926031e-01,0.000000000000000000e+00
8.834186659210889303e+00,1.195078487091410402e+00,0.000000000000000000e+00,1.838120794524064072e-01,1.707306655616372959e-01,0.000000000000000000e+00
8.920737623623420376e+00,1.351604356203768731e+00,0.000000000000000000e+00,2.818820617410749269e-02,2.558604733554052935e-01,0.000000000000000000e+00
8.312499999977902121e+00,0.000000000000000000e+00,0.000000000000000000e+00,0.000000000000000000e+00,0.000000000000000000e+00,0.000000000000000000e+00
8.225902770142049292e+00,1.638722922443183183e-01,0.000000000000000000e+00,7.252070847275764454e-01,-1.616384104695036718e-03,0.000000000000000000e+00
8.124999999985121235e+00,7.472195057716834348e-18,0.000000000000000000e+00,0.000000000000000000e+00,0.000000000000000000e+00,0.000000000000000000e+00
9.648642403010732949e+00,1.532288404932576231e+00,0.000000000000000000e+00,-1.388652916289750128e-01,7.899616319763347327e-01,0.000000000000000000e+00
9.833319572809088527e+00,1.613467366492388866e+00,0.000000000000000000e+00,-2.102198847894773751e-02,4.610768901343035298e-01,0.000000000000000000e+00
9.509123319806283448e+00,1.474856358045959936e+00,0.000000000000000000e+00,-2.200510667061849612e-01,8.690888484016058291e-01,0.000000000000000000e+00
9.527120062413727553e+00,1.669502686094002986e+00,0.000000000000000000e+00,-1.715988057912350984e-01,7.622827262118444525e-01,0.000000000000000000e+00
9.320590786462663146e+00,1.482224235102612031e+00,0.000000000000000000e+00,-1.833160185874724291e-01,7.657740779159543099e-01,0.000000000000000000e+00
9.387600979209278051e+00,1.612070639207386691e+00,0.000000000000000000e+00,-2.470292130947780163e-01,8.385448899049202653e-01,0.000000000000000000e+00
9.666639145618175277e+00,1.726934732980619058e+00,0.000000000000000000e+00,-7.871399183289293222e-02,6.579975117241856353e-01,0.000000000000000000e+00
1.000000000000000000e+01,1.687500000003319123e+00,0.000000000000000000e+00,0.000000000000000000e+00,0.000000000000000000e+00,0.000000000000000000e+00
9.833319572809088527e+00,1.800967366491549093e+00,0.000000000000000000e+00,-3.074016862052842206e-02,4.275248925600579342e-01,0.000000000000000000e+00
1.000000000000000178e+01,1.875000000002479350e+00,0.000000000000000000e+00,0.000000000000000000e+00,0.000000000000000000e+00,0.000000000000000000e+00
8.477032376736268304e+00,8.597157965436139637e-01,0.000000000000000000e+00,4.480715996197836004e-01,1.130663852922026424e-01,0.000000000000000000e+00
8.572334436612859321e+00,1.030521260979845977e+00,0.000000000000000000e+00,2.958722800113532392e-01,8.196624904709816362e-02,0.000000000000000000e+00
8.397033178427365741e+00,1.022489903980640324e+00,0.000000000000000000e+00,1.897439265322186375e-01,-1.370574357993475101e-01,0.000000000000000000e+00
8.278650345808650002e+00,4.932137625201261644e-01,0.000000000000000000e+00,8.679792867738655993e-01,5.467148905509345430e-02,0.000000000000000000e+00
8.393763363181747650e+00,6.778123148291016475e-01,0.000000000000000000e+00,6.294041923309371400e-01,8.370176045422624000e-02,0.000000000000000000e+00
8.313764164872843310e+00,8.405864222661278973e-01,0.000000000000000000e+00,3.537612704425499022e-01,-9.175081058107714682e-02,0.000000000000000000e+00
8.230495151318324432e+00,6.586829405516154701e-01,0.000000000000000000e+00,6.092913985178304292e-01,2.334022016191618896e-04,0.000000000000000000e+00
8.657627397326603358e+00,1.191697040681875208e+00,0.000000000000000000e+00,1.882192073361704521e-01,7.659966009944518817e-02,0.000000000000000000e+00
8.744178361739137983e+00,1.348222909794233537e+00,0.000000000000000000e+00,3.454163605709243724e-03,9.641983891008296115e-02,0.000000000000000000e+00
8.482326139141108001e+00,1.183665683682669112e+00,0.000000000000000000e+00,1.129185444614807660e-01,-1.095430416281111402e-01,0.000000000000000000e+00
8.567619099854850262e+00,1.344841463384697677e+00,0.000000000000000000e+00,-9.951623203601721313e-02,-7.579547766227572037e-02,0.000000000000000000e+00
8.031787950502643270e+00,1.734309183950515920e-01,0.000000000000000000e+00,7.855255480009326607e-01,-6.466021797815221794e-02,0.000000000000000000e+00
8.132690720659569550e+00,3.373032106393699103e-01,0.000000000000000000e+00,1.090180156849057891e+00,-5.728303806361002143e-02,0.000000000000000000e+00
8.084535526169243980e+00,5.027723886708593826e-01,0.000000000000000000e+00,8.902525915714187832e-01,-1.202319206175613830e-01,0.000000000000000000e+00
7.938575901020164416e+00,3.468618367901031285e-01,0.000000000000000000e+00,1.086729921364829377e+00,-1.788985766001802147e-01,0.000000000000000000e+00
9.234182802407854496e+00,1.634745837723712292e+00,0.000000000000000000e+00,-2.397663922866192232e-01,7.227272221305797162e-01,0.000000000000000000e+00
9.167172609661237814e+00,1.504899433618937410e+00,0.000000000000000000e+00,-1.648493242526711533e-01,6.459149271597389719e-01,0.000000000000000000e+00
9.000751124614925658e+00,1.504512696221903312e+00,0.000000000000000000e+00,-1.207673172505150938e-01,4.646446370082347177e-01,0.000000000000000000e+00
9.080764625606427387e+00,1.657421036240037893e+00,0.000000000000000000e+00,-2.392070934122520476e-01,5.870220894929486510e-01,0.000000000000000000e+00
8.909233323940956240e+00,1.656628074663291095e+00,0.000000000000000000e+00,-1.931013940403707163e-01,3.910954665115460305e-01,0.000000000000000000e+00
8.829219822949454510e+00,1.503719734645156514e+00,0.000000000000000000e+00,-3.241497718735446287e-02,1.531636422150783328e-01,0.000000000000000000e+00
8.652660561065168565e+00,1.500338288235620876e+00,0.000000000000000000e+00,-9.193849808037862781e-02,-7.779675135031893785e-02,0.000000000000000000e+00
8.737702022275485092e+00,1.655835113086544075e+00,0.000000000000000000e+00,-1.262737478975572425e-01,-2.370619500734780574e-02,0.000000000000000000e+00
7.937499999988873789e+00,0.000000000000000000e+00,0.000000000000000000e+00,0.000000000000000000e+00,0.000000000000000000e+00,0.000000000000000000e+00
7.844287950506395823e+00,1.734309183950516198e-01,0.000000000000000000e+00,8.108789168933985270e-01,-5.716396453788524790e-02,0.000000000000000000e+00
7.749999999992624566e+00,5.152466039552466360e-18,0.000000000000000000e+00,0.000000000000000000e+00,0.000000000000000000e+00,0.000000000000000000e+00
9.349817051554815350e+00,1.777862945531365035e+00,0.000000000000000000e+00,-2.306930849317905541e-01,8.008650304901266948e-01,0.000000000000000000e+00
9.489336134759263075e+00,1.835294992417981330e+00,0.000000000000000000e+00,-1.736111838642781791e-01,7.121365652035962501e-01,0.000000000000000000e+00
9.312033123900350873e+00,1.943655251855342936e+00,0.000000000000000000e+00,-2.961804393715922745e-01,7.394378868831931184e-01,0.000000000000000000e+00
9.196398874753388242e+00,1.800538144047690414e+00,0.000000000000000000e+00,-2.602702356774619363e-01,6.768395051674523932e-01,0.000000000000000000e+00
9.668687625437662803e+00,1.906472510961889189e+00,0.000000000000000000e+00,-1.061971267006847630e-01,5.804114421945987257e-01,0.000000000000000000e+00
9.835368052628574276e+00,1.980505144472819001e+00,0.000000000000000000e+00,-2.923644120839999708e-02,3.569484601892389808e-01,0.000000000000000000e+00
9.491384614578750600e+00,2.014832770399251238e+00,0.000000000000000000e+00,-2.138493361852618624e-01,6.284391303724624622e-01,0.000000000000000000e+00
9.670736105257150328e+00,2.086010288943159541e+00,0.000000000000000000e+00,-1.117129912450008644e-01,4.851688875102379561e-01,0.000000000000000000e+00
1.000000000000000000e+01,2.062500000002528644e+00,0.000000000000000000e+00,0.000000000000000000e+00,0.000000000000000000e+00,0.000000000000000000e+00
9.835368052628574276e+00,2.168005144472868295e+00,0.000000000000000000e+00,-4.273499136961200068e-02,3.047682299209231727e-01,0.000000000000000000e+00
1.000000000000000178e+01,2.250000000002578382e+00,0.000000000000000000e+00,0.000000000000000000e+00,0.000000000000000000e+00,0.000000000000000000e+00
8.144289007302015548e+00,8.412305772149888394e-01,0.000000000000000000e+00,9.665627195813342176e-02,-5.677597729438668139e-01,0.000000000000000000e+00
8.227558020856534426e+00,1.023134058929501045e+00,0.000000000000000000e+00,4.013912149166314752e-02,-5.594976158104090214e-01,0.000000000000000000e+00
8.309346806064237256e+00,1.183203851949933716e+00,0.000000000000000000e+00,-2.990196761573784071e-02,-4.513983198829943921e-01,0.000000000000000000e+00
8.394639766777981293e+00,1.344379631651962503e+00,0.000000000000000000e+00,-2.508010699913934549e-01,-4.242723324312290267e-01,0.000000000000000000e+00
8.139871648493407719e+00,1.183848006898794658e+00,0.000000000000000000e+00,-2.570436453823424575e-02,-7.436458735102151607e-01,0.000000000000000000e+00
8.058082863285706665e+00,1.023778213878361765e+00,0.000000000000000000e+00,-3.569242670297202713e-02,-8.241231676892123437e-01,0.000000000000000000e+00
8.221660433701110549e+00,1.343917799919227329e+00,0.000000000000000000e+00,-3.770478159555145092e-01,-5.828378972542149761e-01,0.000000000000000000e+00
7.914007095791359525e+00,5.353661576332330307e-01,0.000000000000000000e+00,7.086689872063965945e-01,-4.740207714147023355e-01,0.000000000000000000e+00
8.059966720940439089e+00,6.912767095139891182e-01,0.000000000000000000e+00,2.689902716540102379e-01,-4.289172431249927975e-01,0.000000000000000000e+00
7.973760576924130206e+00,8.738243461773623766e-01,0.000000000000000000e+00,-2.131207533430773959e-01,-7.861459071775422913e-01,0.000000000000000000e+00
7.889438290562552858e+00,7.238704784763627664e-01,0.000000000000000000e+00,-8.037019479644263997e-02,-7.252074344576280307e-01,0.000000000000000000e+00
8.563353247224810616e+00,1.650608113607066274e+00,0.000000000000000000e+00,-2.718059455357209053e-01,-3.557453401487683520e-01,0.000000000000000000e+00
8.478311786014492313e+00,1.495111288756143075e+00,0.000000000000000000e+00,-2.404585681931239727e-01,-3.245764785322481916e-01,0.000000000000000000e+00
8.305332452937619792e+00,1.494649457023407457e+00,0.000000000000000000e+00,-2.255354056575012145e-01,-5.926604775897154065e-01,0.000000000000000000e+00
8.389004472174130811e+00,1.645381114127587807e+00,0.000000000000000000e+00,-4.011237803722979556e-01,-4.244764992564490913e-01,0.000000000000000000e+00
7.654349168037231088e+00,1.195896132711424947e-01,0.000000000000000000e+00,7.082056853587944678e-01,-2.077334363688125296e-01,0.000000000000000000e+00
7.748637118551001457e+00,2.930205316661940729e-01,0.000000000000000000e+00,9.741133316725558711e-01,-2.518600600372882248e-01,0.000000000000000000e+00
7.623910802373041307e+00,3.671297420347661711e-01,0.000000000000000000e+00,6.542841114215618425e-01,-6.338033846039026198e-01,0.000000000000000000e+00
7.813849584842206042e+00,4.209710471586752267e-01,0.000000000000000000e+00,8.916142893958066695e-01,-4.125875706279321098e-01,0.000000000000000000e+00
7.789280779613399375e+00,6.094753680018051289e-01,0.000000000000000000e+00,2.676579283458186409e-01,-7.706910495823816598e-01,0.000000000000000000e+00
7.689123268664246780e+00,4.950802575272474360e-01,0.000000000000000000e+00,4.734965920829995456e-01,-7.968380287125270689e-01,0.000000000000000000e+00
7.558698336081836722e+00,2.391792265422849340e-01,0.000000000000000000e+00,7.979288901862319205e-01,-5.212786862205883720e-01,0.000000000000000000e+00
9.108105597820637556e+00,1.955426612533905040e+00,0.000000000000000000e+00,-3.510022189300290307e-01,5.952227929806788165e-01,0.000000000000000000e+00
8.992471348673674925e+00,1.812309504726252296e+00,0.000000000000000000e+00,-2.810760373420213565e-01,5.209524405092895716e-01,0.000000000000000000e+00
8.820940047008203777e+00,1.811516543149505720e+00,0.000000000000000000e+00,-3.028641483719299310e-01,2.319281291861378103e-01,0.000000000000000000e+00
8.904178071740924238e+00,1.967197973212467366e+00,0.000000000000000000e+00,-4.668594121096816818e-01,3.409658373235935347e-01,0.000000000000000000e+00
8.651694876900306141e+00,1.799127179169146107e+00,0.000000000000000000e+00,-2.716143275347030484e-01,-3.201674479455839939e-01,0.000000000000000000e+00
8.734932901633024827e+00,1.954808609232107530e+00,0.000000000000000000e+00,-5.250874847870251605e-01,-1.420359626096314755e-02,0.000000000000000000e+00
8.477346101849629889e+00,1.793900179689667862e+00,0.000000000000000000e+00,-3.414302154167486170e-01,-5.092955909297824935e-01,0.000000000000000000e+00
8.565687731525127191e+00,1.942419245251747917e+00,0.000000000000000000e+00,-3.816774168167209602e-01,-4.961592733784657150e-01,0.000000000000000000e+00
7.562499999994469313e+00,0.000000000000000000e+00,0.000000000000000000e+00,0.000000000000000000e+00,0.000000000000000000e+00,0.000000000000000000e+00
7.466849168039074947e+00,1.195896132711424809e-01,0.000000000000000000e+00,4.512029300907297591e-01,-2.278628615162739401e-01,0.000000000000000000e+00
7.374999999996312283e+00,5.567846405960037255e-18,0.000000000000000000e+00,0.000000000000000000e+00,0.000000000000000000e+00,0.000000000000000000e+00
9.355322001381193076e+00,2.094979741835147458e+00,0.000000000000000000e+00,-3.372323831588021070e-01,6.244319911494743414e-01,0.000000000000000000e+00
9.534673492059591027e+00,2.166157260379055316e+00,0.000000000000000000e+00,-2.195011508237190434e-01,5.086785106259452682e-01,0.000000000000000000e+00
9.239565736126227335e+00,2.248604595661763739e+00,0.000000000000000000e+00,-4.911880495846436823e-01,5.055362097278562894e-01,0.000000000000000000e+00
9.196276858645386909e+00,2.097280105681958773e+00,0.000000000000000000e+00,-4.717670177565001510e-01,6.383794684894372740e-01,0.000000000000000000e+00
8.992349332565673592e+00,2.109051466360521321e+00,0.000000000000000000e+00,-5.713872849497902973e-01,3.927914015229730382e-01,0.000000000000000000e+00
9.398610878862033502e+00,2.246304231814951979e+00,0.000000000000000000e+00,-3.396394618383153374e-01,4.969761398188294321e-01,0.000000000000000000e+00
9.080520593390421169e+00,2.250904959508575054e+00,0.000000000000000000e+00,-6.631273635827021895e-01,4.410961060375712672e-01,0.000000000000000000e+00
9.659588272965297762e+00,2.267341425307440872e+00,0.000000000000000000e+00,-1.529644546683956996e-01,3.806640036679377892e-01,0.000000000000000000e+00
9.824220220336723486e+00,2.349336280837150071e+00,0.000000000000000000e+00,-4.586830023599547390e-02,2.341185369056534848e-01,0.000000000000000000e+00
9.523525659767740237e+00,2.347488396743337091e+00,0.000000000000000000e+00,-2.631034351342335098e-01,3.925273592274263201e-01,0.000000000000000000e+00
9.648440440673446972e+00,2.448672561671722647e+00,0.000000000000000000e+00,-1.560790350381281444e-01,2.519462622332829249e-01,0.000000000000000000e+00
1.000000000000000000e+01,2.437500000002194245e+00,0.000000000000000000e+00,0.000000000000000000e+00,0.000000000000000000e+00,0.000000000000000000e+00
9.824220220336723486e+00,2.536836280836766377e+00,0.000000000000000000e+00,-4.964416126813910035e-02,1.610091371722122133e-01,0.000000000000000000e+00
1.000000000000000178e+01,2.625000000001810552e+00,0.000000000000000000e+00,0.000000000000000000e+00,0.000000000000000000e+00,0.000000000000000000e+00
7.972136058135616210e+00,1.183416675175681831e+00,0.000000000000000000e+00,-1.483208552711182404e-01,-1.252531817158337502e+00,0.000000000000000000e+00
8.053924843343317264e+00,1.343486468196114503e+00,0.000000000000000000e+00,-4.814911656616956970e-01,-1.124638644870634252e+00,0.000000000000000000e+00
7.886189252985524867e+00,1.343055136473001676e+00,0.000000000000000000e+00,-5.794098203917750212e-01,-1.489011562640102593e+00,0.000000000000000000e+00
7.890881868002534105e+00,1.037215618873841505e+00,0.000000000000000000e+00,-2.464054954691205224e-01,-1.480862927178551391e+00,0.000000000000000000e+00
7.806559581640957646e+00,8.872617511728420059e-01,0.000000000000000000e+00,-5.291885255316056691e-01,-1.398071850552100814e+00,0.000000000000000000e+00
7.804935062852443650e+00,1.196854080171161350e+00,0.000000000000000000e+00,-1.170113993351764858e-01,-1.806099672737296657e+00,0.000000000000000000e+00
7.723680872719359769e+00,1.050653023869320801e+00,0.000000000000000000e+00,-3.963745685596858914e-01,-1.943821552690030430e+00,0.000000000000000000e+00
8.134100357805440495e+00,1.491332254971426297e+00,0.000000000000000000e+00,-3.130138134671738293e-01,-8.566216758651717944e-01,0.000000000000000000e+00
8.217772377041953291e+00,1.642063912075606424e+00,0.000000000000000000e+00,-3.294390149867616469e-01,-7.670868553654391908e-01,0.000000000000000000e+00
7.966364767447648987e+00,1.490900923248313470e+00,0.000000000000000000e+00,-2.478755923312408460e-01,-1.341210884185178420e+00,0.000000000000000000e+00
8.046540281909772219e+00,1.638746710023624820e+00,0.000000000000000000e+00,-2.928808917743402906e-01,-1.019784376314551544e+00,0.000000000000000000e+00
7.627311600038090056e+00,6.264566760210344976e-01,0.000000000000000000e+00,-1.706902395925457561e-01,-1.435331030884043235e+00,0.000000000000000000e+00
7.727469110987243539e+00,7.408517864955921350e-01,0.000000000000000000e+00,-4.498588855485409765e-01,-1.319100557401492457e+00,0.000000000000000000e+00
7.644590402065646551e+00,9.042430591920712635e-01,0.000000000000000000e+00,-7.796507555955204394e-01,-1.756743384241765016e+00,0.000000000000000000e+00
7.565499931411933332e+00,7.578330945148217257e-01,0.000000000000000000e+00,-6.510165543882309169e-01,-1.741833247933971318e+00,0.000000000000000000e+00
8.387664524811635047e+00,1.935130353952873250e+00,0.000000000000000000e+00,-3.713659291145642860e-01,-5.280055187932021221e-01,0.000000000000000000e+00
8.299322895136135969e+00,1.786611288390792973e+00,0.000000000000000000e+00,-3.920811694883397092e-01,-4.518267850097188454e-01,0.000000000000000000e+00
8.128090800003956673e+00,1.783294086338811368e+00,0.000000000000000000e+00,-1.780715623862602348e-01,-8.085382300515276954e-01,0.000000000000000000e+00
8.209641318098141127e+00,1.927841462653997917e+00,0.000000000000000000e+00,-4.438490505493046245e-01,-4.269175401143615045e-01,0.000000000000000000e+00
7.471372336628460786e+00,3.733824479529120888e-01,0.000000000000000000e+00,2.948424191175482156e-01,-1.286527808673934237e+00,0.000000000000000000e+00
7.536584802919664483e+00,5.013329634453933537e-01,0.000000000000000000e+00,5.583029352379581534e-02,-1.345435225638120791e+00,0.000000000000000000e+00
7.384046337175083963e+00,5.075856693635393269e-01,0.000000000000000000e+00,-1.789207092049885095e-01,-1.682758992763493611e+00,0.000000000000000000e+00
7.474773134293507759e+00,6.327093819391803597e-01,0.000000000000000000e+00,-4.319229640322715391e-01,-1.712059257689891867e+00,0.000000000000000000e+00
7.384608614579761365e+00,2.488202755075337724e-01,0.000000000000000000e+00,1.652507512743392748e-01,-7.585984195361565874e-01,0.000000000000000000e+00
7.292759446536997814e+00,1.292306622363912916e-01,0.000000000000000000e+00,-5.129454772585526068e-02,-2.995845667749883479e-01,0.000000000000000000e+00
7.297282615126384542e+00,3.830234969181609550e-01,0.000000000000000000e+00,-3.578760289786891979e-01,-1.208158398283325274e+00,0.000000000000000000e+00
7.210518893077684233e+00,2.584613244727825832e-01,0.000000000000000000e+00,-3.512881841484025713e-01,-6.217806252605621031e-01,0.000000000000000000e+00
8.819504673927523797e+00,2.098081035034162767e+00,0.000000000000000000e+00,-6.379767260859036115e-01,1.436191386163047645e-01,0.000000000000000000e+00
8.907675934752273150e+00,2.239934528182216944e+00,0.000000000000000000e+00,-7.217908214745843987e-01,2.362723974558009754e-01,0.000000000000000000e+00
8.650259503819626161e+00,2.085691671053803375e+00,0.000000000000000000e+00,-6.241255398644003360e-01,-1.585297660660404395e-01,0.000000000000000000e+00
8.734831276114123355e+00,2.228964096855857946e+00,0.000000000000000000e+00,-7.211387377318476677e-01,3.976176617106564476e-02,0.000000000000000000e+00
8.470849350580680337e+00,2.074537983604835212e+00,0.000000000000000000e+00,-3.949971163345259995e-01,-4.843210234001147363e-01,0.000000000000000000e+00
8.555421122875179307e+00,2.217810409406890226e+00,0.000000000000000000e+00,-6.230720523098848274e-01,-1.826882629193448127e-01,0.000000000000000000e+00
8.292826143867188193e+00,2.067249092305960101e+00,0.000000000000000000e+00,-2.629291446768413643e-01,-4.995258166682101653e-01,0.000000000000000000e+00
8.376010969636235259e+00,2.206656721957922507e+00,0.000000000000000000e+00,-4.235699125887459893e-01,-3.688660774179195467e-01,0.000000000000000000e+00
7.187499999998157030e+00,0.000000000000000000e+00,0.000000000000000000e+00,0.000000000000000000e+00,0.000000000000000000e+00,0.000000000000000000e+00
7.105259446538843449e+00,1.292306622363913193e-01,0.000000000000000000e+00,-4.409857595305078926e-01,-1.921409755423641730e-01,0.000000000000000000e+00
7.000000000000000000e+00,5.665253239786528793e-18,0.000000000000000000e+00,0.000000000000000000e+00,0.000000000000000000e+00,0.000000000000000000e+00
9.339967504975417611e+00,2.374291164455456737e+00,0.000000000000000000e+00,-4.205306249642133953e-01,3.957197844567716949e-01,0.000000000000000000e+00
9.180922362239611445e+00,2.376591528302268053e+00,0.000000000000000000e+00,-5.706725336485357625e-01,3.695502578476677069e-01,0.000000000000000000e+00
9.281324131088799945e+00,2.502278097095960607e+00,0.000000000000000000e+00,-4.656801012018415564e-01,2.866306675395108861e-01,0.000000000000000000e+00
9.464882285881124346e+00,2.475475329383841405e+00,0.000000000000000000e+00,-3.144657513090204359e-01,3.052547589294649644e-01,0.000000000000000000e+00
9.097606840219800262e+00,2.493896271362111783e+00,0.000000000000000000e+00,-6.204681081706461265e-01,2.567709470318474962e-01,0.000000000000000000e+00
8.997205071370608209e+00,2.368209702568418784e+00,0.000000000000000000e+00,-7.215423829214662188e-01,3.151807418786072845e-01,0.000000000000000000e+00
8.824360412732460190e+00,2.357239271242060674e+00,0.000000000000000000e+00,-7.391104183710803799e-01,1.471387985590076886e-01,0.000000000000000000e+00
8.913889549350795249e+00,2.485514445628262514e+00,0.000000000000000000e+00,-7.383408817765684251e-01,2.376753924981803157e-01,0.000000000000000000e+00
9.692989969413737583e+00,2.593162369076275731e+00,0.000000000000000000e+00,-1.336448000436781525e-01,1.544372897299739755e-01,0.000000000000000000e+00
9.868769749077015874e+00,2.681326088241319461e+00,0.000000000000000000e+00,-2.963151009571910605e-02,8.150518532171237285e-02,0.000000000000000000e+00
9.592713923852512536e+00,2.736489117658932990e+00,0.000000000000000000e+00,-1.823736371791219446e-01,8.760599597370526126e-02,0.000000000000000000e+00
9.548164395112220149e+00,2.591999310254379907e+00,0.000000000000000000e+00,-2.300374306083684539e-01,1.839554117603747485e-01,0.000000000000000000e+00
9.364606240319897523e+00,2.618802077966499109e+00,0.000000000000000000e+00,-3.798854213771674093e-01,2.063400686360291891e-01,0.000000000000000000e+00
9.737539498154029971e+00,2.737652176480828370e+00,0.000000000000000000e+00,-9.705845116005605566e-02,7.006684538295855635e-02,0.000000000000000000e+00
9.447888349550991549e+00,2.735326058837036722e+00,0.000000000000000000e+00,-2.772625370333051120e-01,1.061916525874603973e-01,0.000000000000000000e+00
1.000000000000000000e+01,2.812500000000905498e+00,0.000000000000000000e+00,0.000000000000000000e+00,0.000000000000000000e+00,0.000000000000000000e+00
1.000000000000000178e+01,3.000000000000000444e+00,0.000000000000000000e+00,0.000000000000000000e+00,0.000000000000000000e+00,0.000000000000000000e+00
9.868769749077015874e+00,2.868826088240414407e+00,0.000000000000000000e+00,-3.057842145452763921e-02,1.713135710349077134e-02,0.000000000000000000e+00
7.719453154956563701e+00,1.342303397366261919e+00,0.000000000000000000e+00,-7.637681694895893658e-01,-2.893167633509341030e+00,0.000000000000000000e+00
7.638198964823480708e+00,1.196102341064421370e+00,0.000000000000000000e+00,-5.856795932250377090e-01,-3.057903346875603834e+00,0.000000000000000000e+00
7.800484504897230664e+00,1.487256925148329856e+00,0.000000000000000000e+00,-5.883384911421136731e-01,-2.220816858097860447e+00,0.000000000000000000e+00
7.880660019359353896e+00,1.635102711923641650e+00,0.000000000000000000e+00,-3.821876914555840665e-01,-2.081068124175547318e+00,0.000000000000000000e+00
7.633748406868267722e+00,1.486505186041589877e+00,0.000000000000000000e+00,-5.878550779289888339e-01,-3.388398460165991555e+00,0.000000000000000000e+00
7.552717056927602535e+00,1.341551658259522162e+00,0.000000000000000000e+00,-8.422897322048485957e-01,-3.829212957596973332e+00,0.000000000000000000e+00
7.714779756808935574e+00,1.631458713823658258e+00,0.000000000000000000e+00,-4.344397671093359614e-01,-2.769713576458155302e+00,0.000000000000000000e+00
7.476215095392355181e+00,9.029881115926838842e-01,0.000000000000000000e+00,-1.262148107776891459e+00,-2.592169218201576530e+00,0.000000000000000000e+00
7.555305566046068400e+00,1.049398076269933533e+00,0.000000000000000000e+00,-1.059383656890399594e+00,-2.729068377318704997e+00,0.000000000000000000e+00
7.469823658150188450e+00,1.194847393465034102e+00,0.000000000000000000e+00,-1.191327581028249982e+00,-3.591054710340310319e+00,0.000000000000000000e+00
7.386930259372777030e+00,1.048143128670546265e+00,0.000000000000000000e+00,-1.599433473479549006e+00,-3.264453930278895299e+00,0.000000000000000000e+00
8.038145038076608628e+00,1.921304159404233713e+00,0.000000000000000000e+00,-4.632990583727304434e-01,-1.433466528472390422e+00,0.000000000000000000e+00
7.956594519982424174e+00,1.776756783089047165e+00,0.000000000000000000e+00,-3.642491392460948663e-01,-1.616271334056574638e+00,0.000000000000000000e+00
7.790714257432004963e+00,1.773112784989063551e+00,0.000000000000000000e+00,-2.859321336396822844e-01,-2.464135039551414330e+00,0.000000000000000000e+00
7.866648758055074353e+00,1.914766856154468844e+00,0.000000000000000000e+00,-4.629854875904380052e-01,-2.034402339409166593e+00,0.000000000000000000e+00
7.306018734192988973e+00,6.392411460999040118e-01,0.000000000000000000e+00,-9.175644908842370828e-01,-2.462695977271279091e+00,0.000000000000000000e+00
7.396745531311413657e+00,7.643648586755451557e-01,0.000000000000000000e+00,-1.147856156204264177e+00,-2.431367675797402761e+00,0.000000000000000000e+00
7.307460695291835506e+00,9.095198757534074252e-01,0.000000000000000000e+00,-1.689357738869110337e+00,-3.048639045981945017e+00,0.000000000000000000e+00
7.227991131210894871e+00,7.708966228362688078e-01,0.000000000000000000e+00,-1.497417079557693986e+00,-2.962914968402097671e+00,0.000000000000000000e+00
8.120269754838151499e+00,2.061373463861668309e+00,0.000000000000000000e+00,-4.298866276588326207e-01,-8.208241678820591414e-01,0.000000000000000000e+00
8.203454580607198565e+00,2.200781093513630715e+00,0.000000000000000000e+00,-4.410299514850210545e-01,-7.822010005262808319e-01,0.000000000000000000e+00
7.948773474816619000e+00,2.054836160611904106e+00,0.000000000000000000e+00,-1.641240473353203777e-01,-1.686415268516363142e+00,0.000000000000000000e+00
8.030898191578163647e+00,2.194905465069338479e+00,0.000000000000000000e+00,-5.170780751058861036e-01,-1.046784213494146298e+00,0.000000000000000000e+00
7.122353954889120153e+00,3.858814214594414316e-01,0.000000000000000000e+00,-1.183329636255918471e+00,-1.260698807286376066e+00,0.000000000000000000e+00
7.209117676937819574e+00,5.104435939048197479e-01,0.000000000000000000e+00,-9.513433974832778972e-01,-1.835589282445013515e+00,0.000000000000000000e+00
7.131090073955725472e+00,6.420990706411844329e-01,0.000000000000000000e+00,-1.595557625214413910e+00,-2.410387003353703594e+00,0.000000000000000000e+00
7.034189016700556962e+00,5.133015184461003910e-01,0.000000000000000000e+00,-1.713729256416821611e+00,-1.662598034570388794e+00,0.000000000000000000e+00
6.924186324794371572e+00,1.314914914195154938e-01,0.000000000000000000e+00,-9.269010964722089740e-01,-5.517487011798443142e-01,0.000000000000000000e+00
7.029445771333215021e+00,2.607221536559067854e-01,0.000000000000000000e+00,-9.440410959806516678e-01,-7.482163454090215993e-01,0.000000000000000000e+00
6.941280833144650941e+00,3.881422506425656893e-01,0.000000000000000000e+00,-1.684317838326687022e+00,-1.101739968882323950e+00,0.000000000000000000e+00
6.848372649588744032e+00,2.629829828390309876e-01,0.000000000000000000e+00,-1.314051553615068757e+00,-8.079245916335923150e-01,0.000000000000000000e+00
8.734478146281750455e+00,2.481002954087127677e+00,0.000000000000000000e+00,-7.251569052585091768e-01,1.056421634666960263e-01,0.000000000000000000e+00
8.644949009663413619e+00,2.352727779700924948e+00,0.000000000000000000e+00,-7.069893042141925932e-01,2.730961118225573928e-02,0.000000000000000000e+00
8.465538856424469571e+00,2.341574092251956785e+00,0.000000000000000000e+00,-5.567264637206436051e-01,-1.420429909492783860e-01,0.000000000000000000e+00
8.555066743212702107e+00,2.476491462545991507e+00,0.000000000000000000e+00,-6.646466857546191598e-01,9.603125821456766353e-02,0.000000000000000000e+00
8.377506355959390305e+00,2.471391380235844260e+00,0.000000000000000000e+00,-6.555572268872867925e-01,-3.128700132326464045e-01,0.000000000000000000e+00
8.287978469171155993e+00,2.336474009941809982e+00,0.000000000000000000e+00,-5.080227881507988208e-01,-4.859769450104701183e-01,0.000000000000000000e+00
8.115422080142121075e+00,2.330598381497518190e+00,0.000000000000000000e+00,-3.540364963717361757e-01,-9.343036241564395272e-01,0.000000000000000000e+00
8.199945968706078503e+00,2.466291297925697457e+00,0.000000000000000000e+00,-6.431802251255518410e-01,-5.382058589120338743e-01,0.000000000000000000e+00
6.833333333333333925e+00,0.000000000000000000e+00,0.000000000000000000e+00,-6.541477906711673507e-02,-6.816067639942037237e-01,0.000000000000000000e+00
6.757519658127705497e+00,1.314914914195154938e-01,0.000000000000000000e+00,-8.574755894565179171e-01,-8.331187435336672165e-01,0.000000000000000000e+00
6.666666666666666963e+00,5.956508508056608246e-18,0.000000000000000000e+00,-1.203175274387081467e-01,-7.382243462060893435e-01,0.000000000000000000e+00
9.188201317452342920e+00,2.617064742475180950e+00,0.000000000000000000e+00,-5.180751676609781642e-01,1.805224572810623651e-01,0.000000000000000000e+00
9.271483426683438722e+00,2.733588723345719007e+00,0.000000000000000000e+00,-4.225567260176483209e-01,1.140518665790088704e-01,0.000000000000000000e+00
9.004484026583339684e+00,2.608682916741331681e+00,0.000000000000000000e+00,-6.553150556874255406e-01,1.755364298241447185e-01,0.000000000000000000e+00
9.095078503815880566e+00,2.731851387854400404e+00,0.000000000000000000e+00,-5.497484918748036797e-01,8.953620107490929680e-02,0.000000000000000000e+00
8.825202798916823355e+00,2.604055557768529816e+00,0.000000000000000000e+00,-7.741845492265759798e-01,1.669100164997359137e-01,0.000000000000000000e+00
8.915797276149366013e+00,2.727224028881598983e+00,0.000000000000000000e+00,-6.890816696749783032e-01,1.017539484998807170e-01,0.000000000000000000e+00
8.645791395847776784e+00,2.599544066227394534e+00,0.000000000000000000e+00,-7.572785497162358714e-01,1.294229407029343359e-01,0.000000000000000000e+00
8.736516048482851460e+00,2.722596669908797562e+00,0.000000000000000000e+00,-8.156853535604026151e-01,1.103019774504454265e-01,0.000000000000000000e+00
9.690198320506851815e+00,2.868826088240414407e+00,0.000000000000000000e+00,-9.094642065388222618e-02,1.788186218504113009e-02,0.000000000000000000e+00
9.545372746205330827e+00,2.867663029418518583e+00,0.000000000000000000e+00,-1.507420049030533116e-01,2.715531590465171743e-02,0.000000000000000000e+00
9.642857142859671882e+00,3.000000000000000444e+00,0.000000000000000000e+00,0.000000000000000000e+00,0.000000000000000000e+00,0.000000000000000000e+00
9.821428571429835941e+00,3.000000000000000444e+00,0.000000000000000000e+00,0.000000000000000000e+00,0.000000000000000000e+00,0.000000000000000000e+00
9.464285714289506046e+00,3.000000000000000444e+00,0.000000000000000000e+00,0.000000000000000000e+00,0.000000000000000000e+00,0.000000000000000000e+00
9.366801317635166768e+00,2.867663029418518583e+00,0.000000000000000000e+00,-2.323673171108017188e-01,2.711993042008451968e-02,0.000000000000000000e+00
9.190396394767610388e+00,2.865925693927200424e+00,0.000000000000000000e+00,-3.360848481165624180e-01,2.951146845424582402e-02,0.000000000000000000e+00
9.285714285719341987e+00,3.000000000000000444e+00,0.000000000000000000e+00,0.000000000000000000e+00,0.000000000000000000e+00,0.000000000000000000e+00
7.469137771298809625e+00,1.485059885352276732e+00,0.000000000000000000e+00,-4.101967779707186845e-01,-3.901371085518814397e+00,0.000000000000000000e+00
7.550169121239474812e+00,1.630013413134344447e+00,0.000000000000000000e+00,-2.594793955981138933e-01,-3.408070367868918815e+00,0.000000000000000000e+00
7.385558485670014939e+00,1.628568112445031080e+00,0.000000000000000000e+00,-1.213458127646983992e-01,-3.919170958571597030e+00,0.000000000000000000e+00
7.302437950007695022e+00,1.193887516119425118e+00,0.000000000000000000e+00,-1.355275948356373439e+00,-3.367456139563853590e+00,0.000000000000000000e+00
7.385331348785107330e+00,1.340591780913912956e+00,0.000000000000000000e+00,-9.434625778777263605e-01,-3.653491660271594110e+00,0.000000000000000000e+00
7.301752063156314421e+00,1.484100008006667748e+00,0.000000000000000000e+00,-5.903253855023359309e-01,-3.727623112908608594e+00,0.000000000000000000e+00
7.217945640642613903e+00,1.339631903568304194e+00,0.000000000000000000e+00,-1.036667577884705649e+00,-3.470861030725351348e+00,0.000000000000000000e+00
7.631692472519311821e+00,1.772759427908113139e+00,0.000000000000000000e+00,-2.824045205697922056e-01,-3.104193018839259910e+00,0.000000000000000000e+00
7.707626973142382099e+00,1.914413499073518432e+00,0.000000000000000000e+00,-3.352117535751545363e-01,-2.795903103452419547e+00,0.000000000000000000e+00
7.467081836949851947e+00,1.771314127218799772e+00,0.000000000000000000e+00,-2.633701428518276932e-01,-3.658464629405755897e+00,0.000000000000000000e+00
7.548605188229688956e+00,1.914060141992568465e+00,0.000000000000000000e+00,-2.202500056236318948e-01,-3.391703028397308639e+00,0.000000000000000000e+00
7.139675838346640546e+00,9.096419157776274300e-01,0.000000000000000000e+00,-1.736227343197890072e+00,-2.968101490440452128e+00,0.000000000000000000e+00
7.219145402427581182e+00,1.048265168694765936e+00,0.000000000000000000e+00,-1.766027654747595044e+00,-3.124469736071611603e+00,0.000000000000000000e+00
7.134653093062500062e+00,1.194009556143645012e+00,0.000000000000000000e+00,-1.512864644465366393e+00,-3.252111741353417518e+00,0.000000000000000000e+00
7.051360545482385334e+00,1.048387208718985830e+00,0.000000000000000000e+00,-1.925472287658306136e+00,-2.964705856677432472e+00,0.000000000000000000e+00
7.864062717808841363e+00,2.192928176627089165e+00,0.000000000000000000e+00,-1.116251455514396390e-01,-2.003380527206219508e+00,0.000000000000000000e+00
7.781938001047297604e+00,2.052858872169653903e+00,0.000000000000000000e+00,-1.289833099513544024e-01,-2.369934534152877692e+00,0.000000000000000000e+00
7.622916216134603573e+00,2.052505515088703270e+00,0.000000000000000000e+00,-1.646439765518973057e-03,-3.032241438081796581e+00,0.000000000000000000e+00
7.697227244039518190e+00,2.190950888184838519e+00,0.000000000000000000e+00,2.283587924329237295e-01,-2.617707811782306493e+00,0.000000000000000000e+00
6.952929903379287069e+00,6.454193644383671158e-01,0.000000000000000000e+00,-1.964912449683853257e+00,-1.779101648537856573e+00,0.000000000000000000e+00
7.049830960634455579e+00,7.742169166334511576e-01,0.000000000000000000e+00,-1.826360592523730508e+00,-2.511695300256904684e+00,0.000000000000000000e+00
6.961515667770202143e+00,9.129622095748098909e-01,0.000000000000000000e+00,-1.975339910924085673e+00,-2.549024277613319622e+00,0.000000000000000000e+00
6.871670790058016287e+00,7.775372104306336185e-01,0.000000000000000000e+00,-2.175281341482372621e+00,-1.899005630537436540e+00,0.000000000000000000e+00
7.933406541256053934e+00,2.328915514304226164e+00,0.000000000000000000e+00,-1.798764256933774730e-01,-1.074905770195473176e+00,0.000000000000000000e+00
8.017930429820010474e+00,2.464608430732404987e+00,0.000000000000000000e+00,-1.984172701517930015e-01,-8.273633450151384183e-01,0.000000000000000000e+00
7.766571067486731650e+00,2.326938225861975962e+00,0.000000000000000000e+00,5.079842809170588280e-01,-1.906594840109542943e+00,0.000000000000000000e+00
7.835914890933943333e+00,2.462925563539112517e+00,0.000000000000000000e+00,2.048863200096468218e-01,-9.452317376731649290e-01,0.000000000000000000e+00
6.760942401765499099e+00,3.857697652760996854e-01,0.000000000000000000e+00,-1.940523055494093763e+00,-9.552657371609932779e-01,0.000000000000000000e+00
6.853850585321405120e+00,5.109290330796343316e-01,0.000000000000000000e+00,-2.157476223624785749e+00,-1.288873928349962616e+00,0.000000000000000000e+00
6.772591472000135226e+00,6.430468790719010563e-01,0.000000000000000000e+00,-2.345133728348804514e+00,-1.452256981845080785e+00,0.000000000000000000e+00
6.673512153942252390e+00,5.085565477131682721e-01,0.000000000000000000e+00,-2.414644070768008799e+00,-1.065283983125192124e+00,0.000000000000000000e+00
6.673456472958759989e+00,2.697430671614163833e-01,0.000000000000000000e+00,-1.331899336183008931e+00,-8.851972045284319801e-01,0.000000000000000000e+00
6.582603481497720566e+00,1.382515757419008617e-01,0.000000000000000000e+00,-9.115106782750928005e-01,-8.168243755177414522e-01,0.000000000000000000e+00
6.586026225135513279e+00,3.925298495984850256e-01,0.000000000000000000e+00,-1.995254768070674700e+00,-8.970989127512223327e-01,0.000000000000000000e+00
6.498540296328773280e+00,2.765031514838017235e-01,0.000000000000000000e+00,-1.388036069507988968e+00,-8.280619404946509832e-01,0.000000000000000000e+00
8.466827358603264742e+00,2.598359689380896675e+00,0.000000000000000000e+00,-8.367902166756200355e-01,-4.788149993830628087e-02,0.000000000000000000e+00
8.557552011238339418e+00,2.721412293062299703e+00,0.000000000000000000e+00,-9.181691303268573190e-01,3.401463827585320815e-02,0.000000000000000000e+00
8.289266971349952939e+00,2.593259607070749428e+00,0.000000000000000000e+00,-7.732894094805645713e-01,-4.662673251189649593e-01,0.000000000000000000e+00
8.378587973993825599e+00,2.720227916215801400e+00,0.000000000000000000e+00,-9.637243079843671456e-01,-1.610782482673416560e-01,0.000000000000000000e+00
8.110195081946439899e+00,2.588582832545347934e+00,0.000000000000000000e+00,-7.202163118346162074e-01,-3.748177293419886480e-01,0.000000000000000000e+00
8.199516084590314335e+00,2.715551141690399906e+00,0.000000000000000000e+00,-7.855087604262062095e-01,-4.712073370437722120e-01,0.000000000000000000e+00
7.928179543060373646e+00,2.586899965352055464e+00,0.000000000000000000e+00,-3.598583126241857166e-01,-6.767909820749107297e-01,0.000000000000000000e+00
8.020444195186803071e+00,2.710874367164997523e+00,0.000000000000000000e+00,-7.252963445191757952e-01,-1.831592101017054663e-01,0.000000000000000000e+00
6.500000000000000888e+00,0.000000000000000000e+00,0.000000000000000000e+00,-2.295973430143708194e-01,-6.413507186428205609e-01,0.000000000000000000e+00
6.415936814831054491e+00,1.382515757419008895e-01,0.000000000000000000e+00,-9.880773343631593653e-01,-7.032636733429787901e-01,0.000000000000000000e+00
6.333333333333333037e+00,5.182267320918111547e-18,0.000000000000000000e+00,-3.385687357416729548e-01,-5.487791339768874899e-01,0.000000000000000000e+00
9.107142857149177928e+00,3.000000000000000444e+00,0.000000000000000000e+00,0.000000000000000000e+00,0.000000000000000000e+00,0.000000000000000000e+00
9.011824966197448106e+00,2.865925693927200424e+00,0.000000000000000000e+00,-3.997288924963697254e-01,1.854490964160269637e-02,0.000000000000000000e+00
8.832543738530930000e+00,2.861298334954398559e+00,0.000000000000000000e+00,-5.200801407574267010e-01,3.311200597846111066e-02,0.000000000000000000e+00
8.928571428579013869e+00,3.000000000000000444e+00,0.000000000000000000e+00,0.000000000000000000e+00,0.000000000000000000e+00,0.000000000000000000e+00
8.750000000008848033e+00,3.000000000000000444e+00,0.000000000000000000e+00,0.000000000000000000e+00,0.000000000000000000e+00,0.000000000000000000e+00
8.653972309960767717e+00,2.861298334954399003e+00,0.000000000000000000e+00,-5.879787632419177790e-01,2.316866561836956190e-02,0.000000000000000000e+00
8.475008272716255675e+00,2.860113958107900700e+00,0.000000000000000000e+00,-6.807798769223699642e-01,-3.448839912702883481e-02,0.000000000000000000e+00
8.571428571438683974e+00,3.000000000000000444e+00,0.000000000000000000e+00,0.000000000000000000e+00,0.000000000000000000e+00,0.000000000000000000e+00
7.137726755065566309e+00,1.483435529228873229e+00,0.000000000000000000e+00,-4.481276918239535112e-01,-3.000936450882156326e+00,0.000000000000000000e+00
7.221533177579267715e+00,1.627903633667236782e+00,0.000000000000000000e+00,1.706922917241144103e-02,-3.213292390230221063e+00,0.000000000000000000e+00
7.307878236105106673e+00,1.770229236555999508e+00,0.000000000000000000e+00,1.518066966897813064e-01,-3.469440385007172001e+00,0.000000000000000000e+00
7.389401587384943682e+00,1.912975251329767978e+00,0.000000000000000000e+00,1.083921262961734244e-01,-3.185667639827733044e+00,0.000000000000000000e+00
7.143852928014359449e+00,1.769564757778205211e+00,0.000000000000000000e+00,3.401210911223970235e-01,-2.630517142104729977e+00,0.000000000000000000e+00
7.057507869488517827e+00,1.627239154889442041e+00,0.000000000000000000e+00,1.990056683263609072e-01,-2.300562389583734824e+00,0.000000000000000000e+00
7.230197986540199295e+00,1.911890360666968380e+00,0.000000000000000000e+00,4.844864238521284783e-01,-2.915636942848117918e+00,0.000000000000000000e+00
6.966317857805607971e+00,1.194037127529659070e+00,0.000000000000000000e+00,-1.359500070052564125e+00,-2.415162240345358757e+00,0.000000000000000000e+00
7.049610405385720924e+00,1.339659474954318030e+00,0.000000000000000000e+00,-7.669588308052058823e-01,-2.732206466166115177e+00,0.000000000000000000e+00
6.969391519808674218e+00,1.483463100614887287e+00,0.000000000000000000e+00,-1.748458182245314074e-01,-2.015685898111612140e+00,0.000000000000000000e+00
6.881275170128829721e+00,1.339687046340332310e+00,0.000000000000000000e+00,-5.465960096597304307e-01,-1.615705768370887530e+00,0.000000000000000000e+00
7.468613644581131084e+00,2.052850627087588808e+00,0.000000000000000000e+00,3.527487515307489163e-01,-3.127149927723027467e+00,0.000000000000000000e+00
7.542924672486044813e+00,2.191296000183724058e+00,0.000000000000000000e+00,3.774423674550622110e-01,-2.735453422365629716e+00,0.000000000000000000e+00
7.309410043736385809e+00,2.051765736424788766e+00,0.000000000000000000e+00,5.988989581876058566e-01,-2.848689213664069797e+00,0.000000000000000000e+00
7.388622100932572323e+00,2.191641112182609596e+00,0.000000000000000000e+00,5.536517698421694611e-01,-2.815539542603583634e+00,0.000000000000000000e+00
6.792521191302311578e+00,9.099225172422948926e-01,0.000000000000000000e+00,-1.890233156776413903e+00,-1.427048584361025441e+00,0.000000000000000000e+00
6.882366069014495658e+00,1.045347516386470943e+00,0.000000000000000000e+00,-1.843652351226274799e+00,-2.062020108691769771e+00,0.000000000000000000e+00
6.797323381337717407e+00,1.190997435197143961e+00,0.000000000000000000e+00,-1.102982487379764454e+00,-1.257586477712232975e+00,0.000000000000000000e+00
6.713371592546605982e+00,1.042307824053956278e+00,0.000000000000000000e+00,-1.522189170039105255e+00,-7.809677325825591376e-01,0.000000000000000000e+00
7.686278216915031436e+00,2.462636355918981224e+00,0.000000000000000000e+00,7.080005696517419622e-01,-2.196630321324355428e+00,0.000000000000000000e+00
7.616934393467818865e+00,2.326649018241844225e+00,0.000000000000000000e+00,8.303615535601692743e-01,-2.775413375872889610e+00,0.000000000000000000e+00
7.462631821914344599e+00,2.326994130240729319e+00,0.000000000000000000e+00,7.722106491084895774e-01,-2.902807424424246996e+00,0.000000000000000000e+00
7.536641542896119539e+00,2.462347148298850374e+00,0.000000000000000000e+00,9.756034965428179717e-01,-2.978319774733316994e+00,0.000000000000000000e+00
6.598151791795568322e+00,6.346273668050790295e-01,0.000000000000000000e+00,-2.094651060451804270e+00,-7.155386733989779202e-01,0.000000000000000000e+00
6.697231109853450270e+00,7.691176981638115917e-01,0.000000000000000000e+00,-2.119660644165111130e+00,-1.022510338266663599e+00,0.000000000000000000e+00
6.618081511097743785e+00,9.015030049754728658e-01,0.000000000000000000e+00,-1.649916265005628491e+00,-3.825990247154943957e-01,0.000000000000000000e+00
6.522791429648884254e+00,7.606981858969897869e-01,0.000000000000000000e+00,-1.662522404157547706e+00,-2.318103425625342162e-01,0.000000000000000000e+00
7.760554218115490954e+00,2.596407766018837382e+00,0.000000000000000000e+00,-1.514914668223110994e-01,-9.268778903835434013e-01,0.000000000000000000e+00
7.852818870241920379e+00,2.720382167831779885e+00,0.000000000000000000e+00,-4.244321511087611465e-01,-5.383454511046464885e-01,0.000000000000000000e+00
7.610917544096578169e+00,2.596118558398705645e+00,0.000000000000000000e+00,4.513527103539187735e-01,-2.248364875232910620e+00,0.000000000000000000e+00
7.685193545297037687e+00,2.729889968498562247e+00,0.000000000000000000e+00,-6.649940795715528208e-02,-8.921142546411703345e-01,0.000000000000000000e+00
6.501126669601501540e+00,5.023247837468184374e-01,0.000000000000000000e+00,-2.292751597257277396e+00,-6.470518198537293930e-01,0.000000000000000000e+00
6.413640740794761541e+00,3.862980856321351908e-01,0.000000000000000000e+00,-1.743366422973660956e+00,-6.762215989488737922e-01,0.000000000000000000e+00
6.425766307454816584e+00,6.283956028387290838e-01,0.000000000000000000e+00,-1.855320810955208621e+00,-3.562052322150549566e-01,0.000000000000000000e+00
6.328741185260750690e+00,4.960930197804687136e-01,0.000000000000000000e+00,-2.020429110104369208e+00,-5.127837628351075150e-01,0.000000000000000000e+00
6.250000000000000000e+00,1.202813060811763479e-01,0.000000000000000000e+00,-8.869311841522786732e-01,-4.715366661087021516e-01,0.000000000000000000e+00
6.332603481497720566e+00,2.585328818230772097e-01,0.000000000000000000e+00,-1.346153021764412427e+00,-5.668198648573186116e-01,0.000000000000000000e+00
6.247703925963708826e+00,3.683278159714107325e-01,0.000000000000000000e+00,-1.680806312936365510e+00,-4.331675470689976826e-01,0.000000000000000000e+00
6.166666666666666075e+00,2.405626121623526958e-01,0.000000000000000000e+00,-1.240434128686015436e+00,-3.494264583994279860e-01,0.000000000000000000e+00
8.392857142868518139e+00,3.000000000000000444e+00,0.000000000000000000e+00,0.000000000000000000e+00,0.000000000000000000e+00,0.000000000000000000e+00
8.296436844146089840e+00,2.860113958107900700e+00,0.000000000000000000e+00,-6.676343418090127102e-01,-1.232969322984558830e-01,0.000000000000000000e+00
8.117364954742576799e+00,2.855437183582498761e+00,0.000000000000000000e+00,-4.841683048067067507e-01,-1.730632588905545999e-01,0.000000000000000000e+00
8.214285714298354080e+00,3.000000000000000444e+00,0.000000000000000000e+00,0.000000000000000000e+00,0.000000000000000000e+00,0.000000000000000000e+00
8.035714285725685357e+00,3.000000000000000444e+00,0.000000000000000000e+00,0.000000000000000000e+00,0.000000000000000000e+00,0.000000000000000000e+00
7.938793526169910741e+00,2.855437183582498761e+00,0.000000000000000000e+00,-4.770596332596894751e-01,-7.138214162709012600e-02,0.000000000000000000e+00
7.771168201225027161e+00,2.864944984249280679e+00,0.000000000000000000e+00,-2.716800664590458547e-01,-3.322049835990378841e-01,0.000000000000000000e+00
7.857142857153019300e+00,3.000000000000000444e+00,0.000000000000000000e+00,0.000000000000000000e+00,0.000000000000000000e+00,0.000000000000000000e+00
6.166666666666667851e+00,0.000000000000000000e+00,0.000000000000000000e+00,-2.518640474988886879e-01,-3.747218169856755265e-01,0.000000000000000000e+00
6.083333333333333037e+00,1.202813060811763479e-01,0.000000000000000000e+00,-8.893404672264713096e-01,-1.122778369621180022e-01,0.000000000000000000e+00
6.000000000000000000e+00,5.328391400176496816e-18,0.000000000000000000e+00,0.000000000000000000e+00,0.000000000000000000e+00,0.000000000000000000e+00
6.988609994209250331e+00,1.769485899399119599e+00,0.000000000000000000e+00,3.810934005024249061e-01,-1.963099929740082628e+00,0.000000000000000000e+00
7.074955052735090177e+00,1.911811502287882547e+00,0.000000000000000000e+00,6.076285641645333691e-01,-2.305537144646815584e+00,0.000000000000000000e+00
6.919712118929983724e+00,1.911732643908797380e+00,0.000000000000000000e+00,7.611079643579065079e-01,-1.452265851947007302e+00,0.000000000000000000e+00
6.805475397362460654e+00,1.484061096832717919e+00,0.000000000000000000e+00,-1.682697230950385148e-01,-1.259974997021844789e+00,0.000000000000000000e+00
6.893591747042306039e+00,1.627837151107272895e+00,0.000000000000000000e+00,2.693133021825281359e-01,-1.662738533878289848e+00,0.000000000000000000e+00
6.824693871763038544e+00,1.770083895616950231e+00,0.000000000000000000e+00,5.685675488774694086e-01,-1.115239071801917836e+00,0.000000000000000000e+00
6.729675624596091588e+00,1.628435147325103083e+00,0.000000000000000000e+00,3.803715335605460379e-01,-6.165371540353131730e-01,0.000000000000000000e+00
7.153740050658811356e+00,2.049468419086256432e+00,0.000000000000000000e+00,8.633494480614219979e-01,-2.534748637971915297e+00,0.000000000000000000e+00
7.232952107854996981e+00,2.189343794844076818e+00,0.000000000000000000e+00,8.998390547886383484e-01,-2.464634932969560044e+00,0.000000000000000000e+00
6.998497116853703126e+00,2.049389560707170599e+00,0.000000000000000000e+00,1.035211353564984060e+00,-1.751064241842375635e+00,0.000000000000000000e+00
7.077282114777422528e+00,2.187046477505543596e+00,0.000000000000000000e+00,1.266655317292097127e+00,-2.002140092662872295e+00,0.000000000000000000e+00
6.628557371184877312e+00,1.189713073292055778e+00,0.000000000000000000e+00,-1.136898990507124507e+00,-4.076298489908825040e-01,0.000000000000000000e+00
6.712509159975988737e+00,1.338402684435243462e+00,0.000000000000000000e+00,-6.254270732109086239e-01,-9.592003373031474656e-01,0.000000000000000000e+00
6.636709387209620559e+00,1.482776734927629292e+00,0.000000000000000000e+00,5.285938656847218725e-02,-3.335351996730914204e-01,0.000000000000000000e+00
6.543743149823148642e+00,1.337118322530155279e+00,0.000000000000000000e+00,-4.949354646199362051e-01,2.137254759133278836e-01,0.000000000000000000e+00
7.310753106823790759e+00,2.327925707926865151e+00,0.000000000000000000e+00,9.243007068131657844e-01,-2.377649321628650725e+00,0.000000000000000000e+00
7.384762827805563035e+00,2.463278725984985762e+00,0.000000000000000000e+00,9.503453894647762024e-01,-2.551823847278361868e+00,0.000000000000000000e+00
7.155083113746215417e+00,2.325628390588332373e+00,0.000000000000000000e+00,1.185696059478962505e+00,-1.955872700076205062e+00,0.000000000000000000e+00
7.232884112715008307e+00,2.464210303671121594e+00,0.000000000000000000e+00,1.030806916444642507e+00,-1.947239835242093431e+00,0.000000000000000000e+00
6.451405998383151541e+00,9.030297228989794256e-01,0.000000000000000000e+00,-1.504397088345082123e+00,1.952672945904511681e-01,0.000000000000000000e+00
6.546696079832011073e+00,1.043834541977462393e+00,0.000000000000000000e+00,-1.533452674059253118e+00,-4.272011052740546516e-02,0.000000000000000000e+00
6.461881858470283291e+00,1.191239791215562116e+00,0.000000000000000000e+00,-8.628763081486998665e-01,5.942771931757333537e-01,0.000000000000000000e+00
6.380020567117417940e+00,1.045361259900969175e+00,0.000000000000000000e+00,-1.139704566689643039e+00,8.111346091572344541e-01,0.000000000000000000e+00
7.455714648486616802e+00,2.595429451613409988e+00,0.000000000000000000e+00,1.096900122668794664e+00,-2.790825911251522573e+00,0.000000000000000000e+00
7.529990649687075432e+00,2.729200861713265702e+00,0.000000000000000000e+00,9.220248239229283937e-01,-1.814935153952534908e+00,0.000000000000000000e+00
7.303835933396061186e+00,2.596361029299545375e+00,0.000000000000000000e+00,1.308497037741690683e+00,-2.138450683707804334e+00,0.000000000000000000e+00
7.374787754077113178e+00,2.728511754927969157e+00,0.000000000000000000e+00,1.628665270726677994e+00,-2.247922173033271243e+00,0.000000000000000000e+00
6.233816957145592141e+00,6.287436096702291310e-01,0.000000000000000000e+00,-1.450599552634623368e+00,-2.119864394905129346e-01,0.000000000000000000e+00
6.330842079339658923e+00,7.610461927284895012e-01,0.000000000000000000e+00,-1.172009792128868577e+00,1.971726336343484695e-02,0.000000000000000000e+00
6.259456648073926210e+00,9.033777297304792508e-01,0.000000000000000000e+00,-7.982217899673091921e-01,6.091742897635649134e-01,0.000000000000000000e+00
6.138892729030433593e+00,7.613941995599894375e-01,0.000000000000000000e+00,-4.055163823715049465e-01,3.211193724218206480e-01,0.000000000000000000e+00
7.678571428576510094e+00,3.000000000000000444e+00,0.000000000000000000e+00,0.000000000000000000e+00,0.000000000000000000e+00,0.000000000000000000e+00
7.592596772648519732e+00,2.864944984249281568e+00,0.000000000000000000e+00,2.140486527856966803e-01,-3.931299722918484840e-01,0.000000000000000000e+00
7.437393877038557477e+00,2.864255877463985023e+00,0.000000000000000000e+00,1.225904817336285424e+00,-1.411978137229387142e+00,0.000000000000000000e+00
7.500000000000000888e+00,3.000000000000000444e+00,0.000000000000000000e+00,0.000000000000000000e+00,0.000000000000000000e+00,0.000000000000000000e+00
6.116701120374845146e+00,3.481203139052501117e-01,0.000000000000000000e+00,-1.584401861171912396e+00,-1.700730834034826222e-01,0.000000000000000000e+00
6.197738379671886122e+00,4.758855177143080928e-01,0.000000000000000000e+00,-1.954017800630836632e+00,-3.276195335181815160e-01,0.000000000000000000e+00
6.102814151556728461e+00,6.085361076040685102e-01,0.000000000000000000e+00,-1.301633659616404870e+00,1.959429615248497736e-01,0.000000000000000000e+00
6.066735574083022442e+00,4.556780156481475275e-01,0.000000000000000000e+00,-1.852727179024926452e+00,9.239194445759510432e-02,0.000000000000000000e+00
6.035868830228574566e+00,2.439541768993092052e-01,0.000000000000000000e+00,-1.214294369250858541e+00,6.525130215619610874e-02,0.000000000000000000e+00
5.952535496895240641e+00,1.236728708181328434e-01,0.000000000000000000e+00,-8.207602111788708799e-01,1.291317160323422197e-01,0.000000000000000000e+00
5.985903283936752750e+00,3.515118786422066210e-01,0.000000000000000000e+00,-1.494495569800912138e+00,3.774718052466130014e-01,0.000000000000000000e+00
5.905070993790483058e+00,2.473457416362657701e-01,0.000000000000000000e+00,-1.036517438510876632e+00,4.802096179258264486e-01,0.000000000000000000e+00
5.875000000000000888e+00,0.000000000000000000e+00,0.000000000000000000e+00,0.000000000000000000e+00,0.000000000000000000e+00,0.000000000000000000e+00
5.827535496895241529e+00,1.236728708181328712e-01,0.000000000000000000e+00,-6.791000461551706113e-01,2.028454456144451468e-01,0.000000000000000000e+00
5.750000000000000000e+00,4.977732783493497817e-18,0.000000000000000000e+00,0.000000000000000000e+00,0.000000000000000000e+00,0.000000000000000000e+00
6.650875927461831871e+00,1.772272174840622494e+00,0.000000000000000000e+00,4.478956602193757131e-01,-2.943380612833699228e-01,0.000000000000000000e+00
6.745894174628777051e+00,1.913920923132469643e+00,0.000000000000000000e+00,7.112224612145634506e-01,-9.198114746681287368e-01,0.000000000000000000e+00
6.844196781188268019e+00,2.047293026715662823e+00,0.000000000000000000e+00,9.863405681033134975e-01,-1.297275404762111117e+00,0.000000000000000000e+00
6.922981779111987422e+00,2.184949943514036264e+00,0.000000000000000000e+00,1.268183763884045634e+00,-1.588325852461827337e+00,0.000000000000000000e+00
6.670378836887062235e+00,2.049481305939334863e+00,0.000000000000000000e+00,9.651552643808015697e-01,-6.898536683365998901e-01,0.000000000000000000e+00
6.572076230327571267e+00,1.916109202356141683e+00,0.000000000000000000e+00,4.667076650707050467e-01,-1.088286671399387173e-01,0.000000000000000000e+00
6.768681443446552315e+00,2.182853409522528487e+00,0.000000000000000000e+00,1.280345335667645079e+00,-1.023247099706702468e+00,0.000000000000000000e+00
6.466622885746212468e+00,1.482954026929854230e+00,0.000000000000000000e+00,2.077477039877013293e-02,5.492790386629421429e-01,0.000000000000000000e+00
6.559589123132684385e+00,1.628612439327328243e+00,0.000000000000000000e+00,5.124234178820721297e-01,6.319043267509084905e-02,0.000000000000000000e+00
6.480789425998423781e+00,1.772449466842847432e+00,0.000000000000000000e+00,4.029600954568244298e-01,2.776465594320524088e-01,0.000000000000000000e+00
6.389502621669276294e+00,1.628789731329553181e+00,0.000000000000000000e+00,3.438863637399345863e-01,6.607288837506135604e-01,0.000000000000000000e+00
7.000438520438828860e+00,2.323498756293393086e+00,0.000000000000000000e+00,1.356692975985963834e+00,-1.804428618547313512e+00,0.000000000000000000e+00
7.078239519407620861e+00,2.462080669376181419e+00,0.000000000000000000e+00,1.304965932524686956e+00,-1.726436813825950045e+00,0.000000000000000000e+00
6.846138184773392865e+00,2.321402222301885310e+00,0.000000000000000000e+00,1.422380087069884169e+00,-1.270388052825170311e+00,0.000000000000000000e+00
6.923594926100234304e+00,2.459951035081242576e+00,0.000000000000000000e+00,1.565330172641718365e+00,-1.463264478323892170e+00,0.000000000000000000e+00
6.302023656912206562e+00,1.189660054366949105e+00,0.000000000000000000e+00,-6.647433709663682633e-01,1.430355337179573416e+00,0.000000000000000000e+00
6.383884948265070136e+00,1.335538585681542045e+00,0.000000000000000000e+00,-5.255160101886626745e-01,1.146659524276951503e+00,0.000000000000000000e+00
6.306764684188134851e+00,1.481374290081241218e+00,0.000000000000000000e+00,-2.127634824510165612e-01,1.308993697752108831e+00,0.000000000000000000e+00
6.224026746706993407e+00,1.333958848832929034e+00,0.000000000000000000e+00,-5.391052910321044722e-01,1.655814469095974628e+00,0.000000000000000000e+00
7.156074367560322003e+00,2.596135705842491426e+00,0.000000000000000000e+00,1.366792576049829400e+00,-1.639545141277290119e+00,0.000000000000000000e+00
7.227026188241374882e+00,2.728286431470915208e+00,0.000000000000000000e+00,1.599156287921680963e+00,-1.859888151414670121e+00,0.000000000000000000e+00
7.001429774252935445e+00,2.594006071547551695e+00,0.000000000000000000e+00,1.507486334306869180e+00,-1.467124466998506627e+00,0.000000000000000000e+00
7.079264622405634810e+00,2.728061108013860814e+00,0.000000000000000000e+00,1.417353140611992579e+00,-1.507149383785977514e+00,0.000000000000000000e+00
6.111583974154509491e+00,9.200976904408546542e-01,0.000000000000000000e+00,-2.607612387469694926e-01,8.927738929835242754e-01,0.000000000000000000e+00
6.232147893198002109e+00,1.062081220611344357e+00,0.000000000000000000e+00,-5.530476219642471714e-01,1.201301290969917002e+00,0.000000000000000000e+00
6.154150982992789842e+00,1.206380015077324508e+00,0.000000000000000000e+00,-3.529159858364672719e-01,1.507896075238526201e+00,0.000000000000000000e+00
6.084275219278585389e+00,1.078801181321719760e+00,0.000000000000000000e+00,-6.944983206416308064e-02,1.291591396029405869e+00,0.000000000000000000e+00
7.294211385764353572e+00,2.848205491139722767e+00,0.000000000000000000e+00,1.622566483456988840e+00,-2.074607414145445361e+00,0.000000000000000000e+00
7.356817508725797872e+00,2.983949613675738632e+00,0.000000000000000000e+00,7.395341477887031889e-01,-1.466530725471600238e+00,0.000000000000000000e+00
7.146449819928614389e+00,2.847980167682668817e+00,0.000000000000000000e+00,1.365618111695545478e+00,-1.822899772002963381e+00,0.000000000000000000e+00
7.213635017451593967e+00,2.967899227351476821e+00,0.000000000000000000e+00,1.224061987559809994e+00,-2.129617746231699194e+00,0.000000000000000000e+00
5.930520934874904171e+00,4.943362603749046347e-01,0.000000000000000000e+00,-1.568795515515937433e+00,1.222396706944503864e+00,0.000000000000000000e+00
5.966599512348610190e+00,6.471943523308255619e-01,0.000000000000000000e+00,-6.484452547823239543e-01,1.362962082503755834e+00,0.000000000000000000e+00
5.807204415989538404e+00,7.307318941896048248e-01,0.000000000000000000e+00,-1.483639748903885780e-01,2.067485249106958189e+00,0.000000000000000000e+00
5.979497632671363583e+00,8.449317414187687003e-01,0.000000000000000000e+00,1.716745567234391479e-02,1.364413209641259783e+00,0.000000000000000000e+00
5.952188877795439481e+00,1.003635232299633806e+00,0.000000000000000000e+00,4.492151463066995642e-02,1.628412728296593892e+00,0.000000000000000000e+00
5.820102536312291797e+00,9.284692832775478522e-01,0.000000000000000000e+00,1.333329977609324646e-01,1.897152244466959514e+00,0.000000000000000000e+00
5.794306295666785012e+00,5.329945051016615754e-01,0.000000000000000000e+00,-7.940124070065789352e-01,2.000792463683409572e+00,0.000000000000000000e+00
7.500000000000000888e+00,3.125000000000000444e+00,0.000000000000000000e+00,0.000000000000000000e+00,0.000000000000000000e+00,0.000000000000000000e+00
7.260990334498515608e+00,3.067972079168338695e+00,0.000000000000000000e+00,6.592577638544561136e-01,-1.798809936500620488e+00,0.000000000000000000e+00
7.404172825772718625e+00,3.084022465492600507e+00,0.000000000000000000e+00,1.845174458032410383e-02,-6.790300647295279823e-01,0.000000000000000000e+00
7.404172825772718625e+00,3.209022465492600507e+00,0.000000000000000000e+00,9.110170447829340351e-03,-7.544284191658868766e-01,0.000000000000000000e+00
7.500000000000000888e+00,3.250000000000000444e+00,0.000000000000000000e+00,0.000000000000000000e+00,0.000000000000000000e+00,0.000000000000000000e+00
7.308345651545437249e+00,3.168044930985200569e+00,0.000000000000000000e+00,-2.392519245712153644e-02,-1.158816252655367807e+00,0.000000000000000000e+00
5.849688644728634479e+00,3.901701233689637283e-01,0.000000000000000000e+00,-1.206014917222110627e+00,1.217276151766990999e+00,0.000000000000000000e+00
5.719937728945726718e+00,1.155340246738977977e-01,0.000000000000000000e+00,-3.685781415658487825e-01,1.994704374381795764e-01,0.000000000000000000e+00
5.797473225840967359e+00,2.392068954920306689e-01,0.000000000000000000e+00,-6.223619429544374748e-01,6.698286563328690324e-01,0.000000000000000000e+00
5.742090876779119668e+00,3.820312772247286270e-01,0.000000000000000000e+00,-7.412309025425531939e-01,1.401997037157932668e+00,0.000000000000000000e+00
5.689875457891452548e+00,2.310680493477955399e-01,0.000000000000000000e+00,-1.516208402760144403e-01,6.708317250384253638e-01,0.000000000000000000e+00
5.625000000000000000e+00,0.000000000000000000e+00,0.000000000000000000e+00,0.000000000000000000e+00,0.000000000000000000e+00,0.000000000000000000e+00
5.500000000000000000e+00,4.977732783493497817e-18,0.000000000000000000e+00,0.000000000000000000e+00,0.000000000000000000e+00,0.000000000000000000e+00
5.594937728945726718e+00,1.155340246738977839e-01,0.000000000000000000e+00,-2.705132541569706117e-02,2.485391834697486257e-01,0.000000000000000000e+00
6.505736235770498865e+00,2.067693392584665446e+00,0.000000000000000000e+00,9.695047108632691701e-01,1.884721111385216086e-01,0.000000000000000000e+00
6.604038842329988057e+00,2.201065496167858626e+00,0.000000000000000000e+00,1.433220750001881205e+00,-4.034927789819546806e-01,0.000000000000000000e+00
6.439396241213424688e+00,2.219277582813189209e+00,0.000000000000000000e+00,1.301753638033654736e+00,3.664427752389612936e-01,0.000000000000000000e+00
6.378782781218844455e+00,1.920837950796911331e+00,0.000000000000000000e+00,5.738608450763417190e-01,7.975798767809452183e-01,0.000000000000000000e+00
6.287495976889696969e+00,1.777178215283617302e+00,0.000000000000000000e+00,4.607137928577799135e-01,1.060429134739274915e+00,0.000000000000000000e+00
6.312442786661771166e+00,2.072422141025435316e+00,0.000000000000000000e+00,9.516266367034460494e-01,9.691227201927484769e-01,0.000000000000000000e+00
6.185489332110115868e+00,1.925566699237680757e+00,0.000000000000000000e+00,4.680331455613206404e-01,1.368001820762192899e+00,0.000000000000000000e+00
6.692624734532534703e+00,2.322042554884018450e+00,0.000000000000000000e+00,1.428936798021285925e+00,-6.966348184633398555e-01,0.000000000000000000e+00
6.770081475859374365e+00,2.460591367663375273e+00,0.000000000000000000e+00,1.551069906838672408e+00,-1.041561596354565467e+00,0.000000000000000000e+00
6.527982133415971333e+00,2.340254641529349477e+00,0.000000000000000000e+00,1.429613286986684439e+00,-1.587115237240603882e-01,0.000000000000000000e+00
6.616568025618517090e+00,2.461231700245509302e+00,0.000000000000000000e+00,1.455233832891209556e+00,-4.930523463001085238e-01,0.000000000000000000e+00
6.159430955286948617e+00,1.459849533242281616e+00,0.000000000000000000e+00,-3.272368284988513287e-01,1.850366801914067105e+00,0.000000000000000000e+00
6.242168892768089172e+00,1.607264974490593357e+00,0.000000000000000000e+00,1.200437396203174467e-01,1.484583090297346031e+00,0.000000000000000000e+00
6.140162247988509847e+00,1.755653458444657478e+00,0.000000000000000000e+00,3.062402478061255762e-01,1.723997045132823036e+00,0.000000000000000000e+00
6.094835163866902050e+00,1.585740217651633754e+00,0.000000000000000000e+00,-4.914680023853318369e-02,1.997080028313890976e+00,0.000000000000000000e+00
6.847032751955786978e+00,2.593764905129384957e+00,0.000000000000000000e+00,1.464934671752579298e+00,-1.322078045615400210e+00,0.000000000000000000e+00
6.924867600108487231e+00,2.727819941595694075e+00,0.000000000000000000e+00,1.241740493194751771e+00,-1.474505875916301001e+00,0.000000000000000000e+00
6.693519301714927927e+00,2.594405237711518097e+00,0.000000000000000000e+00,1.363711877096634995e+00,-9.402156374401258176e-01,0.000000000000000000e+00
6.770470577811337876e+00,2.727578775177526893e+00,0.000000000000000000e+00,1.230383387263236816e+00,-1.272881491073599713e+00,0.000000000000000000e+00
5.971304368252191352e+00,1.201811748179441475e+00,0.000000000000000000e+00,3.838770696690262151e-04,1.548337161367648429e+00,0.000000000000000000e+00
6.041180131966395805e+00,1.329390581935046001e+00,0.000000000000000000e+00,-2.928028413781336159e-01,1.731312043970810066e+00,0.000000000000000000e+00
5.976584340546349239e+00,1.455281266344398361e+00,0.000000000000000000e+00,-1.422147568287588371e-01,1.886651583800874832e+00,0.000000000000000000e+00
5.858333517225795539e+00,1.324822315037162745e+00,0.000000000000000000e+00,-5.412007778023584376e-02,1.738875053457979547e+00,0.000000000000000000e+00
7.076628964358429030e+00,2.970752496447713220e+00,0.000000000000000000e+00,1.244030025584790700e+00,-1.810720756449369473e+00,0.000000000000000000e+00
7.009443766835447676e+00,2.850833436778905217e+00,0.000000000000000000e+00,1.193343332393687062e+00,-1.593861832810393953e+00,0.000000000000000000e+00
6.855046744538300985e+00,2.850592270360738034e+00,0.000000000000000000e+00,1.293776966306839471e+00,-1.317286782568187320e+00,0.000000000000000000e+00
6.939622911265261429e+00,2.973605765543949175e+00,0.000000000000000000e+00,1.351712446924676847e+00,-1.350242673820962747e+00,0.000000000000000000e+00
5.839218026769044556e+00,1.126645799157355299e+00,0.000000000000000000e+00,5.139720777202481244e-02,1.825864579855254410e+00,0.000000000000000000e+00
7.199734153933182057e+00,3.182248486261803677e+00,0.000000000000000000e+00,4.018015609548716283e-01,-1.469810118741296856e+00,0.000000000000000000e+00
7.152378836886260416e+00,3.082175634444941359e+00,0.000000000000000000e+00,9.590707809168488307e-01,-1.941848219411980603e+00,0.000000000000000000e+00
7.015372783793095479e+00,3.085028903541178202e+00,0.000000000000000000e+00,1.114700240993223845e+00,-1.492229622741226613e+00,0.000000000000000000e+00
7.091122656320927753e+00,3.196452041538406341e+00,0.000000000000000000e+00,8.531246682938407044e-01,-1.601831905018302304e+00,0.000000000000000000e+00
5.647153147833392950e+00,6.414972525518813917e-01,0.000000000000000000e+00,-3.201618357567753148e-01,1.633904722361406936e+00,0.000000000000000000e+00
5.660051268156145454e+00,8.392346416398244191e-01,0.000000000000000000e+00,1.994103454893590699e-02,1.356538048228373761e+00,0.000000000000000000e+00
5.500000000000000000e+00,7.500000000021009861e-01,0.000000000000000000e+00,0.000000000000000000e+00,0.000000000000000000e+00,0.000000000000000000e+00
5.500000000000000000e+00,9.375000000026261215e-01,0.000000000000000000e+00,0.000000000000000000e+00,0.000000000000000000e+00,0.000000000000000000e+00
5.660051268156146342e+00,1.026734641640349555e+00,0.000000000000000000e+00,3.616834915019248586e-02,1.255763211702432880e+00,0.000000000000000000e+00
5.679166758612898214e+00,1.224911157520157001e+00,0.000000000000000000e+00,-3.594110292387252270e-02,1.172820594811249340e+00,0.000000000000000000e+00
5.500000000000000000e+00,1.125000000003151035e+00,0.000000000000000000e+00,0.000000000000000000e+00,0.000000000000000000e+00,0.000000000000000000e+00
5.500000000000000000e+00,5.625000000015758506e-01,0.000000000000000000e+00,0.000000000000000000e+00,0.000000000000000000e+00,0.000000000000000000e+00
5.594937728945726718e+00,3.030340246744231414e-01,0.000000000000000000e+00,-5.504679424350115979e-02,4.622614720131647537e-01,0.000000000000000000e+00
5.647153147833392950e+00,4.539972525513561452e-01,0.000000000000000000e+00,-3.395139353616276612e-01,1.420514882238073096e+00,0.000000000000000000e+00
5.500000000000000000e+00,3.750000000010507151e-01,0.000000000000000000e+00,0.000000000000000000e+00,0.000000000000000000e+00,0.000000000000000000e+00
7.286077818132991268e+00,3.269132205633366262e+00,0.000000000000000000e+00,3.575184017217797328e-01,-9.930465824077844283e-01,0.000000000000000000e+00
7.381904992360272644e+00,3.310109740140766199e+00,0.000000000000000000e+00,1.543768086543405305e-01,-6.988977925761743482e-01,0.000000000000000000e+00
7.263809984720544399e+00,3.370219480281531954e+00,0.000000000000000000e+00,6.053764682604251268e-01,-7.294425172550388359e-01,0.000000000000000000e+00
7.500000000000000888e+00,3.375000000000000444e+00,0.000000000000000000e+00,0.000000000000000000e+00,0.000000000000000000e+00,0.000000000000000000e+00
7.381904992360272644e+00,3.435109740140766199e+00,0.000000000000000000e+00,2.988656257798970040e-01,-4.814790946051745180e-01,0.000000000000000000e+00
7.500000000000000888e+00,3.500000000000000444e+00,0.000000000000000000e+00,0.000000000000000000e+00,0.000000000000000000e+00,0.000000000000000000e+00
7.177466320520736076e+00,3.283335760909968926e+00,0.000000000000000000e+00,7.723225532891437872e-01,-1.214403219380517651e+00,0.000000000000000000e+00
5.500000000000000000e+00,1.875000000005253575e-01,0.000000000000000000e+00,-1.620624653638737811e-01,6.763284036998978843e-01,0.000000000000000000e+00
6.157903860358551640e+00,2.118609658598337830e+00,0.000000000000000000e+00,8.992598965851754667e-01,1.293915495577188102e+00,0.000000000000000000e+00
6.284857314910206938e+00,2.265465100386092168e+00,0.000000000000000000e+00,1.279435154062899205e+00,8.483915801440834459e-01,0.000000000000000000e+00
6.392625883310190993e+00,2.351494283158554133e+00,0.000000000000000000e+00,1.399757659338278781e+00,4.572197419214052982e-01,0.000000000000000000e+00
6.481211775512736750e+00,2.472471341874713957e+00,0.000000000000000000e+00,1.562021624060462299e+00,3.820231056697126482e-02,0.000000000000000000e+00
6.238086957006972355e+00,2.397681800731457091e+00,0.000000000000000000e+00,1.400596094939507763e+00,8.854476164367507396e-01,0.000000000000000000e+00
6.345855525406956410e+00,2.483710983503918612e+00,0.000000000000000000e+00,1.506995046895556856e+00,5.223102873667454515e-01,0.000000000000000000e+00
6.130318388606986524e+00,2.311652617958994682e+00,0.000000000000000000e+00,1.252634932833214920e+00,1.179392773455630428e+00,0.000000000000000000e+00
5.955829382744617817e+00,1.650651855736239071e+00,0.000000000000000000e+00,-6.988350532672803206e-02,1.794372375692379062e+00,0.000000000000000000e+00
6.001156466866225614e+00,1.820565096529262350e+00,0.000000000000000000e+00,9.106380789485828131e-02,1.522201625612354725e+00,0.000000000000000000e+00
6.004098134583450985e+00,2.006681497597482711e+00,0.000000000000000000e+00,4.832617843371360689e-01,1.368541172351543711e+00,0.000000000000000000e+00
5.819765269339558955e+00,1.901679894889063860e+00,0.000000000000000000e+00,1.248510792318976992e-01,1.498068242006990625e+00,0.000000000000000000e+00
5.976512662831885869e+00,2.199724456958139562e+00,0.000000000000000000e+00,9.406380474881756992e-01,1.298618372584011249e+00,0.000000000000000000e+00
5.816823601622333584e+00,1.715563493820843943e+00,0.000000000000000000e+00,-1.305702733649012903e-01,1.556985342705848430e+00,0.000000000000000000e+00
5.822706937056784327e+00,2.087796295957283998e+00,0.000000000000000000e+00,4.908164716907209013e-01,1.329171958494077543e+00,0.000000000000000000e+00
6.544402707801951991e+00,2.586460865106847695e+00,0.000000000000000000e+00,1.235342741724109628e+00,-1.446879470502443754e-01,0.000000000000000000e+00
6.621353983898362827e+00,2.719634402572856935e+00,0.000000000000000000e+00,1.156257601497699072e+00,-7.359139879843392684e-01,0.000000000000000000e+00
6.409046457696171650e+00,2.597700506736052795e+00,0.000000000000000000e+00,1.235169162536216447e+00,2.871109031264388878e-01,0.000000000000000000e+00
6.472237389985386002e+00,2.711690029968186089e+00,0.000000000000000000e+00,8.549470774697299769e-01,2.684600043716586087e-02,0.000000000000000000e+00
5.837578559424065006e+00,1.520192904429003455e+00,0.000000000000000000e+00,-1.032241514582269842e-01,1.660350096678243181e+00,0.000000000000000000e+00
6.699325892727061138e+00,2.868716134896058367e+00,0.000000000000000000e+00,1.435459001286863545e+00,-1.141379600243170644e+00,0.000000000000000000e+00
6.783902059454023359e+00,2.991729630079269953e+00,0.000000000000000000e+00,1.496113341943904995e+00,-1.164779488643534089e+00,0.000000000000000000e+00
6.550209298814086090e+00,2.860771762291388409e+00,0.000000000000000000e+00,1.243259753868937389e+00,-7.222016783152354069e-01,0.000000000000000000e+00
6.628181207642783512e+00,3.009853494614589398e+00,0.000000000000000000e+00,1.456490045909115905e+00,-1.229025766658175645e+00,0.000000000000000000e+00
5.500000000000000000e+00,1.312500000003655076e+00,0.000000000000000000e+00,0.000000000000000000e+00,0.000000000000000000e+00,0.000000000000000000e+00
5.679166758612898214e+00,1.412411157520661042e+00,0.000000000000000000e+00,-4.573191044650087161e-02,1.162983989945083785e+00,0.000000000000000000e+00
5.658411800811166792e+00,1.607781746912501308e+00,0.000000000000000000e+00,-8.163417102192885300e-02,1.033641746718378496e+00,0.000000000000000000e+00
5.500000000000000000e+00,1.500000000004158895e+00,0.000000000000000000e+00,0.000000000000000000e+00,0.000000000000000000e+00,0.000000000000000000e+00
6.897682099596918803e+00,3.088298201576287649e+00,0.000000000000000000e+00,1.230162166523313338e+00,-1.183956117871294511e+00,0.000000000000000000e+00
6.973431972124751965e+00,3.199721339573516232e+00,0.000000000000000000e+00,1.025530516683902604e+00,-1.301501172741215795e+00,0.000000000000000000e+00
6.741961247785679845e+00,3.106422066111607982e+00,0.000000000000000000e+00,1.310588682449956854e+00,-1.107150773029232926e+00,0.000000000000000000e+00
6.855741287928575289e+00,3.202990637608625679e+00,0.000000000000000000e+00,1.153584948142979183e+00,-9.690922369959559246e-01,0.000000000000000000e+00
7.025648818879972168e+00,3.344971872762589893e+00,0.000000000000000000e+00,1.351923463553448945e+00,-1.302972964179447413e+00,0.000000000000000000e+00
7.111992483079781380e+00,3.431855592134152921e+00,0.000000000000000000e+00,1.234880013525342379e+00,-9.023415534379747305e-01,0.000000000000000000e+00
6.907958134683795492e+00,3.348241170797699340e+00,0.000000000000000000e+00,1.436790874377409377e+00,-9.826136799553135681e-01,0.000000000000000000e+00
6.960174981439015696e+00,3.493491703986773000e+00,0.000000000000000000e+00,1.653487049833633371e+00,-1.035305890564431675e+00,0.000000000000000000e+00
7.251696410292464812e+00,3.483729768699717066e+00,0.000000000000000000e+00,9.396133179655704604e-01,-3.857128823373576210e-01,0.000000000000000000e+00
7.369791417932193056e+00,3.548620028558951311e+00,0.000000000000000000e+00,6.560582740828142523e-01,-9.187034593187658194e-02,0.000000000000000000e+00
7.099878908651700016e+00,3.545365880552337590e+00,0.000000000000000000e+00,1.425409155106936110e+00,-6.519550516100330873e-01,0.000000000000000000e+00
7.239582835864384336e+00,3.597240057117901735e+00,0.000000000000000000e+00,1.047231274386313027e+00,-8.657423570503924859e-02,0.000000000000000000e+00
7.678571428576509206e+00,3.500000000000000444e+00,0.000000000000000000e+00,0.000000000000000000e+00,0.000000000000000000e+00,0.000000000000000000e+00
7.314348776034474753e+00,3.682326805887417898e+00,0.000000000000000000e+00,9.177633328506373811e-01,1.758094747191902008e-01,0.000000000000000000e+00
7.444557358102281697e+00,3.633706777328467030e+00,0.000000000000000000e+00,4.853486255337119970e-01,3.436566643251156572e-01,0.000000000000000000e+00
7.539117392233275261e+00,3.769443359286466233e+00,0.000000000000000000e+00,4.719605006532596736e-01,4.426529853059129049e-01,0.000000000000000000e+00
7.594560034130992676e+00,3.635736581957998759e+00,0.000000000000000000e+00,1.693786652413392102e-01,6.828764938932588291e-02,0.000000000000000000e+00
7.773131462707501882e+00,3.635736581957999647e+00,0.000000000000000000e+00,-2.114524155499504163e-02,7.320843978047535117e-02,0.000000000000000000e+00
7.857142857153018412e+00,3.500000000000000444e+00,0.000000000000000000e+00,0.000000000000000000e+00,0.000000000000000000e+00,0.000000000000000000e+00
7.389114716204564282e+00,3.767413554656934949e+00,0.000000000000000000e+00,6.934776283866823654e-01,5.446529633762690059e-01,0.000000000000000000e+00
7.689120068261987129e+00,3.771473163915998406e+00,0.000000000000000000e+00,1.532285661223679596e-01,2.391093397099890439e-01,0.000000000000000000e+00
6.242597828591174292e+00,2.577488665759062769e+00,0.000000000000000000e+00,1.267198186028402063e+00,5.730246888783824266e-01,0.000000000000000000e+00
6.134829260191189348e+00,2.491459482986600804e+00,0.000000000000000000e+00,1.191152088900708117e+00,8.501201267459860267e-01,0.000000000000000000e+00
6.139340131775391285e+00,2.671266348014205594e+00,0.000000000000000000e+00,1.013360346709289317e+00,5.257617894744330833e-01,0.000000000000000000e+00
6.305788760880389532e+00,2.691478188991196063e+00,0.000000000000000000e+00,8.902322063898910898e-01,4.964692082550216101e-01,0.000000000000000000e+00
5.973738861724416260e+00,2.385006392823440180e+00,0.000000000000000000e+00,9.143940568872442887e-01,8.686444832618877010e-01,0.000000000000000000e+00
5.819933135949314718e+00,2.273078231822584172e+00,0.000000000000000000e+00,5.957928701128216709e-01,8.780194637562043214e-01,0.000000000000000000e+00
5.978249733308619085e+00,2.564813257851045414e+00,0.000000000000000000e+00,7.925187695438459246e-01,3.552844865024965548e-01,0.000000000000000000e+00
5.817159334841844220e+00,2.458360167687884346e+00,0.000000000000000000e+00,3.901312382306740822e-01,3.543694549313354258e-01,0.000000000000000000e+00
5.658411800811167680e+00,1.795281746911661536e+00,0.000000000000000000e+00,-3.188276003969758160e-02,1.063501653907540589e+00,0.000000000000000000e+00
5.661353468528392163e+00,1.981398147979881230e+00,0.000000000000000000e+00,9.304002419878582009e-02,9.856511451853295913e-01,0.000000000000000000e+00
5.500000000000000000e+00,1.875000000002478906e+00,0.000000000000000000e+00,0.000000000000000000e+00,0.000000000000000000e+00,0.000000000000000000e+00
5.500000000000000000e+00,1.687500000003319123e+00,0.000000000000000000e+00,0.000000000000000000e+00,0.000000000000000000e+00,0.000000000000000000e+00
5.500000000000000000e+00,2.062500000002528644e+00,0.000000000000000000e+00,0.000000000000000000e+00,0.000000000000000000e+00,0.000000000000000000e+00
5.661353468528393051e+00,2.168898147979930968e+00,0.000000000000000000e+00,2.407137566320562971e-01,8.547702631190918776e-01,0.000000000000000000e+00
5.658579667420922554e+00,2.354180083845231586e+00,0.000000000000000000e+00,1.052583071746546750e-01,3.853397613644651276e-01,0.000000000000000000e+00
5.500000000000000000e+00,2.250000000002577938e+00,0.000000000000000000e+00,0.000000000000000000e+00,0.000000000000000000e+00,0.000000000000000000e+00
6.403734366282601620e+00,2.819719459349216528e+00,0.000000000000000000e+00,9.332591469283574304e-01,2.816411370663493563e-01,0.000000000000000000e+00
6.481706275111300819e+00,2.968801191672418405e+00,0.000000000000000000e+00,1.451764027088006115e+00,-4.046810035888414592e-01,0.000000000000000000e+00
6.237285737177604261e+00,2.799507618372226503e+00,0.000000000000000000e+00,9.446755523044100267e-01,6.198579700522731661e-01,0.000000000000000000e+00
6.335231342579816349e+00,2.927748888730246524e+00,0.000000000000000000e+00,1.000568885371629024e+00,4.504110132034441771e-01,0.000000000000000000e+00
6.752266881876595406e+00,3.269809906511137676e+00,0.000000000000000000e+00,1.160487631246732931e+00,-1.144014334504482200e+00,0.000000000000000000e+00
6.638486841733699961e+00,3.173241335014119535e+00,0.000000000000000000e+00,1.209269712534284391e+00,-1.349561876727942700e+00,0.000000000000000000e+00
6.354184450891029456e+00,3.053555090736641997e+00,0.000000000000000000e+00,8.544473366853928553e-01,-3.602616526815893426e-04,0.000000000000000000e+00
6.500659383422513926e+00,3.094607393678813434e+00,0.000000000000000000e+00,1.175991547897127898e+00,-7.117758682095028933e-01,0.000000000000000000e+00
6.510965017513428599e+00,3.257995234078342683e+00,0.000000000000000000e+00,7.363943475863249377e-01,-1.105816766019159569e+00,0.000000000000000000e+00
6.648792475824614634e+00,3.336629175413648785e+00,0.000000000000000000e+00,9.166991844565005598e-01,-1.513439236495949691e+00,0.000000000000000000e+00
6.373137559202242564e+00,3.179361292743037026e+00,0.000000000000000000e+00,4.006526035718249168e-01,-5.161657657802346533e-01,0.000000000000000000e+00
6.804483728631815609e+00,3.415060439700210893e+00,0.000000000000000000e+00,1.314623005737292072e+00,-1.309445028310304737e+00,0.000000000000000000e+00
7.169719666507395672e+00,3.692906604765046730e+00,0.000000000000000000e+00,1.033076746236635257e+00,-1.249726613810802772e-01,0.000000000000000000e+00
7.030015739294711352e+00,3.641032428199482140e+00,0.000000000000000000e+00,1.407685977829346236e+00,-6.804190905153123525e-01,0.000000000000000000e+00
6.799849423551647121e+00,3.581386469168211129e+00,0.000000000000000000e+00,2.040744205291864066e+00,-1.295180625048870882e+00,0.000000000000000000e+00
6.644158170744445258e+00,3.502955204881648577e+00,0.000000000000000000e+00,1.796552038889980940e+00,-1.479758813408854845e+00,0.000000000000000000e+00
6.910166475872385305e+00,3.643654161222936061e+00,0.000000000000000000e+00,1.638014277648787154e+00,-7.713475792966850708e-01,0.000000000000000000e+00
6.980007233728080962e+00,3.791194885435645201e+00,0.000000000000000000e+00,1.309426655161650688e+00,-4.240527292450160801e-01,0.000000000000000000e+00
6.749840917985015842e+00,3.731548926404373745e+00,0.000000000000000000e+00,2.082942383588943791e+00,-9.778114536706064008e-01,0.000000000000000000e+00
6.860157970305754027e+00,3.793816618459098677e+00,0.000000000000000000e+00,1.578343715256060431e+00,-4.540895045156020382e-01,0.000000000000000000e+00
7.099856497150405232e+00,3.788573152412190392e+00,0.000000000000000000e+00,1.022060472816171295e+00,-1.583264831896663838e-01,0.000000000000000000e+00
6.639523865664276769e+00,3.669281234349648813e+00,0.000000000000000000e+00,2.457550364773300799e+00,-1.352124155995177768e+00,0.000000000000000000e+00
7.244485606677484313e+00,3.777993353534562893e+00,0.000000000000000000e+00,9.248982935728602417e-01,9.815516662738688058e-02,0.000000000000000000e+00
7.463922034108206205e+00,3.903188274557508386e+00,0.000000000000000000e+00,4.975416835352557965e-01,7.040335829901440690e-01,0.000000000000000000e+00
7.613924710136917184e+00,3.905218079187040559e+00,0.000000000000000000e+00,2.578348468132652949e-01,5.893961101123003088e-01,0.000000000000000000e+00
7.538729352011847240e+00,4.038962994458081823e+00,0.000000000000000000e+00,2.502912036962306463e-01,8.207719377951273598e-01,0.000000000000000000e+00
7.861474332240399043e+00,3.777587092882823683e+00,0.000000000000000000e+00,-1.792154489345295365e-01,3.157631412006659533e-01,0.000000000000000000e+00
7.945485726685914685e+00,3.641850510924824480e+00,0.000000000000000000e+00,-2.549982288334881608e-01,7.204750791593075854e-02,0.000000000000000000e+00
8.033828596218812734e+00,3.783701021849649404e+00,0.000000000000000000e+00,-5.093145752328794851e-01,2.163785176154612577e-01,0.000000000000000000e+00
8.035714285725685357e+00,3.500000000000000444e+00,0.000000000000000000e+00,0.000000000000000000e+00,0.000000000000000000e+00,0.000000000000000000e+00
8.124057155258583407e+00,3.641850510924824924e+00,0.000000000000000000e+00,-3.983965253671024054e-01,6.683316951092087288e-02,0.000000000000000000e+00
8.214285714298354080e+00,3.500000000000000444e+00,0.000000000000000000e+00,0.000000000000000000e+00,0.000000000000000000e+00,0.000000000000000000e+00
7.162288222496841605e+00,3.912442904648250952e+00,0.000000000000000000e+00,8.136798105966618344e-01,5.616288696872580311e-02,0.000000000000000000e+00
7.306917332023919798e+00,3.901863105770623008e+00,0.000000000000000000e+00,5.906754748906114516e-01,4.635921567716814184e-01,0.000000000000000000e+00
7.381724649927562609e+00,4.037637825671197334e+00,0.000000000000000000e+00,3.321207464604324922e-01,6.636985590589851158e-01,0.000000000000000000e+00
7.224719947843277978e+00,4.036312656884311956e+00,0.000000000000000000e+00,4.585999174300933179e-01,4.058850044328324302e-01,0.000000000000000000e+00
7.702354752028199414e+00,4.039242549765917900e+00,0.000000000000000000e+00,6.577113580776428048e-02,7.612645472107584244e-01,0.000000000000000000e+00
7.777550110153269358e+00,3.905497634494875747e+00,0.000000000000000000e+00,-8.295705348378296096e-02,4.974963232890378673e-01,0.000000000000000000e+00
7.949904374131682161e+00,3.911611563461701468e+00,0.000000000000000000e+00,-3.281212915758360271e-01,4.995391667259364010e-01,0.000000000000000000e+00
7.865980152044551588e+00,4.039522105073753089e+00,0.000000000000000000e+00,-1.359106400947961424e-01,6.463388969236363302e-01,0.000000000000000000e+00
5.811141397919693752e+00,2.631775119904598448e+00,0.000000000000000000e+00,5.086034749776980890e-01,-7.083864664869095329e-02,0.000000000000000000e+00
5.972231796386466840e+00,2.738228210067759072e+00,0.000000000000000000e+00,8.772161367899690143e-01,1.542238483989279325e-02,0.000000000000000000e+00
6.213944292210303644e+00,2.967036127232761000e+00,0.000000000000000000e+00,6.417547780218250120e-01,2.819618822705144967e-01,0.000000000000000000e+00
6.115998686808091556e+00,2.838794856874740535e+00,0.000000000000000000e+00,7.304169043591767219e-01,3.667785422629178393e-01,0.000000000000000000e+00
5.948890351419166223e+00,2.905756718928293569e+00,0.000000000000000000e+00,2.708205059132530179e-01,-3.550608674696256739e-01,0.000000000000000000e+00
5.805123460997542395e+00,2.805190072121312106e+00,0.000000000000000000e+00,3.564840356333108806e-01,-5.718655779062378208e-01,0.000000000000000000e+00
6.092657241840790938e+00,3.006323365735275033e+00,0.000000000000000000e+00,1.516490678744913390e-01,1.077904489697786850e-02,0.000000000000000000e+00
5.500000000000000000e+00,2.437500000002194245e+00,0.000000000000000000e+00,0.000000000000000000e+00,0.000000000000000000e+00,0.000000000000000000e+00
5.658579667420922554e+00,2.541680083844847449e+00,0.000000000000000000e+00,1.459747773921636904e-01,1.189740204592148881e-01,0.000000000000000000e+00
5.652561730498771198e+00,2.715095036061561107e+00,0.000000000000000000e+00,1.323784819318047645e-01,-2.182344209888759656e-01,0.000000000000000000e+00
5.500000000000000000e+00,2.625000000001810108e+00,0.000000000000000000e+00,0.000000000000000000e+00,0.000000000000000000e+00,0.000000000000000000e+00
6.232897400521516751e+00,3.092842329239156030e+00,0.000000000000000000e+00,1.782748347965160129e-01,-1.470294648921932068e-01,0.000000000000000000e+00
6.520913114949864919e+00,3.415217198717367175e+00,0.000000000000000000e+00,1.367534397836904336e+00,-1.097956221577697900e+00,0.000000000000000000e+00
6.383085656638678884e+00,3.336583257382061074e+00,0.000000000000000000e+00,1.068167338020109103e+00,-7.536385559063791817e-01,0.000000000000000000e+00
6.393033754075114317e+00,3.493805222021085122e+00,0.000000000000000000e+00,1.629704589448569996e+00,-7.352040809253651554e-01,0.000000000000000000e+00
6.516278809869695543e+00,3.581543228185366967e+00,0.000000000000000000e+00,2.078861944376542592e+00,-1.095883321000306498e+00,0.000000000000000000e+00
6.239563048661485922e+00,3.251255860774679540e+00,0.000000000000000000e+00,4.120967969554637511e-01,-4.894972459990245550e-01,0.000000000000000000e+00
6.099322889980758333e+00,3.164736897270798099e+00,0.000000000000000000e+00,-2.282397612692225741e-01,-2.369724722094693758e-01,0.000000000000000000e+00
6.249511146097921355e+00,3.408477825413703588e+00,0.000000000000000000e+00,1.276490621890256083e+00,-5.494496178273611253e-01,0.000000000000000000e+00
6.105988538120727505e+00,3.323150428806321610e+00,0.000000000000000000e+00,8.405667801523917237e-01,-1.169889880591058196e-01,0.000000000000000000e+00
6.892773250775601213e+00,3.918490470913614132e+00,0.000000000000000000e+00,1.248853066169567594e+00,-2.368386939418114789e-01,0.000000000000000000e+00
7.012622514197927259e+00,3.915868737890160212e+00,0.000000000000000000e+00,9.278479821373071257e-01,-5.344067360529530103e-02,0.000000000000000000e+00
6.925388531245449286e+00,4.043164323368130475e+00,0.000000000000000000e+00,7.753511173752773988e-01,7.863564897397888609e-02,0.000000000000000000e+00
6.748225961891173519e+00,3.897403380774743908e+00,0.000000000000000000e+00,1.418401535291634818e+00,-6.607326075304795765e-01,0.000000000000000000e+00
6.637908909570434446e+00,3.835135688720018976e+00,0.000000000000000000e+00,1.881306491180571472e+00,-1.222343908912754795e+00,0.000000000000000000e+00
6.636293953476591234e+00,4.000990143090388251e+00,0.000000000000000000e+00,1.177154735260009577e+00,-9.209995462024792579e-01,0.000000000000000000e+00
6.780841242361020704e+00,4.022077233229259363e+00,0.000000000000000000e+00,1.062697787667989280e+00,-4.941195152376176569e-01,0.000000000000000000e+00
7.075054239544362744e+00,4.039738490126220327e+00,0.000000000000000000e+00,6.718527518947993160e-01,7.263590094608125824e-02,0.000000000000000000e+00
6.507511288423149409e+00,3.761481478291242020e+00,0.000000000000000000e+00,2.269010763130971942e+00,-1.292194674701017565e+00,0.000000000000000000e+00
6.384266232628567295e+00,3.673743472126959730e+00,0.000000000000000000e+00,1.987317331120328934e+00,-7.546094883555013455e-01,0.000000000000000000e+00
6.505896332329305309e+00,3.927335932661611739e+00,0.000000000000000000e+00,1.760357847115310292e+00,-9.419670160316663265e-01,0.000000000000000000e+00
6.375498711182020273e+00,3.853681722232835671e+00,0.000000000000000000e+00,2.250416745418299946e+00,-8.057252980886698834e-01,0.000000000000000000e+00
7.792696609721716960e+00,4.175647865532386760e+00,0.000000000000000000e+00,4.505074643922002409e-02,8.281096653895886339e-01,0.000000000000000000e+00
7.629071209705365675e+00,4.175368310224550683e+00,0.000000000000000000e+00,1.664874568232254382e-01,9.003565596085805200e-01,0.000000000000000000e+00
7.303679540595966913e+00,4.177190452771801787e+00,0.000000000000000000e+00,2.612709226690090314e-01,6.391632373824353008e-01,0.000000000000000000e+00
7.460684242680252432e+00,4.178515621558686277e+00,0.000000000000000000e+00,1.948556386781940264e-01,7.958611003350911650e-01,0.000000000000000000e+00
7.551026100373769978e+00,4.314920937325156025e+00,0.000000000000000000e+00,1.400746082002602422e-01,8.548276826913372428e-01,0.000000000000000000e+00
7.719413067398884110e+00,4.311773625991021319e+00,0.000000000000000000e+00,1.608284623787422929e-01,9.402571745813487203e-01,0.000000000000000000e+00
7.382639133348655847e+00,4.318068248659290731e+00,0.000000000000000000e+00,1.249589434586111797e-01,7.544967160635900338e-01,0.000000000000000000e+00
8.210433336367213286e+00,3.788060527925070531e+00,0.000000000000000000e+00,-5.930471209605296945e-01,1.045727816946148692e-01,0.000000000000000000e+00
8.300661895406983959e+00,3.646210017000245607e+00,0.000000000000000000e+00,-5.072147560558626367e-01,9.529104310693993149e-03,0.000000000000000000e+00
8.039567000750723835e+00,4.032403076603818803e+00,0.000000000000000000e+00,-2.603656229810840106e-01,4.884397040408559043e-01,0.000000000000000000e+00
8.123491222837852632e+00,3.904492534991766295e+00,0.000000000000000000e+00,-5.460904106885038356e-01,1.859667809843607855e-01,0.000000000000000000e+00
8.300095962986256737e+00,3.908852041067187866e+00,0.000000000000000000e+00,-5.348975750023318154e-01,1.034974930778057578e-01,0.000000000000000000e+00
8.387038076515617391e+00,3.792420034000491658e+00,0.000000000000000000e+00,-6.346102478037550787e-01,1.131792227870330736e-01,0.000000000000000000e+00
8.213153849456896083e+00,4.025284048133883630e+00,0.000000000000000000e+00,-4.549803275242481071e-01,1.314126328654807718e-01,0.000000000000000000e+00
8.392857142868518139e+00,3.500000000000000444e+00,0.000000000000000000e+00,0.000000000000000000e+00,0.000000000000000000e+00,0.000000000000000000e+00
8.479233323977148018e+00,3.646210017000245607e+00,0.000000000000000000e+00,-4.968405818649303529e-01,3.994878401500987636e-02,0.000000000000000000e+00
8.571428571438683974e+00,3.500000000000000444e+00,0.000000000000000000e+00,0.000000000000000000e+00,0.000000000000000000e+00,0.000000000000000000e+00
6.989400439561126888e+00,4.178915345840964690e+00,0.000000000000000000e+00,5.573644039386190796e-01,1.505511671762680692e-01,0.000000000000000000e+00
7.139066147860040346e+00,4.175489512599055431e+00,0.000000000000000000e+00,3.778622254301834960e-01,3.574398590055363756e-01,0.000000000000000000e+00
7.218025740612730168e+00,4.316367308486546150e+00,0.000000000000000000e+00,1.440004867423131385e-01,5.708916110507883390e-01,0.000000000000000000e+00
7.053412347876803601e+00,4.314666368313800682e+00,0.000000000000000000e+00,2.039660267833236229e-01,3.166810731933580869e-01,0.000000000000000000e+00
7.964933788621907595e+00,4.172831076552967033e+00,0.000000000000000000e+00,-5.818585381323851391e-02,6.115280262509206199e-01,0.000000000000000000e+00
7.891650246299073856e+00,4.308956837011600705e+00,0.000000000000000000e+00,1.410165447877796963e-01,7.590878123980876468e-01,0.000000000000000000e+00
8.138520637328078067e+00,4.165712048083031860e+00,0.000000000000000000e+00,-1.217288299171638138e-01,4.261504285872875775e-01,0.000000000000000000e+00
8.063887425199260051e+00,4.306140048032179202e+00,0.000000000000000000e+00,1.074005603945578230e-01,5.264387465583345582e-01,0.000000000000000000e+00
5.955190609713944205e+00,3.086666289534028884e+00,0.000000000000000000e+00,-1.518094204483971255e-01,-5.607739732182032144e-01,0.000000000000000000e+00
5.811423719292319490e+00,2.986099642727046977e+00,0.000000000000000000e+00,-3.731632095069802729e-02,-7.822123444523592095e-01,0.000000000000000000e+00
5.817723977587096584e+00,3.167009213332782291e+00,0.000000000000000000e+00,2.820664937733463051e-01,-6.713290671731140247e-01,0.000000000000000000e+00
5.500000000000000000e+00,2.812500000000905054e+00,0.000000000000000000e+00,0.000000000000000000e+00,0.000000000000000000e+00,0.000000000000000000e+00
5.652561730498771198e+00,2.902595036060656497e+00,0.000000000000000000e+00,-1.788575721272422578e-02,-4.516075099800955783e-01,0.000000000000000000e+00
5.658861988793548292e+00,3.083504606666391368e+00,0.000000000000000000e+00,2.419680564682176738e-01,-4.956324094935403712e-01,0.000000000000000000e+00
5.500000000000000000e+00,3.000000000000000000e+00,0.000000000000000000e+00,0.000000000000000000e+00,0.000000000000000000e+00,0.000000000000000000e+00
5.961856257853911600e+00,3.245079821069551951e+00,0.000000000000000000e+00,5.922273437227406623e-01,-3.961124070145183307e-01,0.000000000000000000e+00
6.113693841243776461e+00,3.490104490452569763e+00,0.000000000000000000e+00,1.644533957608662611e+00,3.548375375968055440e-02,0.000000000000000000e+00
6.257216449220971199e+00,3.575431887059951741e+00,0.000000000000000000e+00,1.908412382406116103e+00,-5.310680579879715202e-01,0.000000000000000000e+00
6.248448927774423289e+00,3.755370137165826350e+00,0.000000000000000000e+00,2.236030483571299854e+00,-3.674999373414406523e-01,0.000000000000000000e+00
6.121399144366826306e+00,3.657058552098817916e+00,0.000000000000000000e+00,2.162510302505090909e+00,1.509818284875828198e-01,0.000000000000000000e+00
5.835677958727532477e+00,3.341663844824347862e+00,0.000000000000000000e+00,1.568773824548913121e+00,-6.590458579071277745e-01,0.000000000000000000e+00
5.979810238994347493e+00,3.419734452561117077e+00,0.000000000000000000e+00,1.750132587702790898e+00,-9.792346195948799237e-02,0.000000000000000000e+00
5.987515542117398226e+00,3.586688514207365230e+00,0.000000000000000000e+00,2.249778381858413390e+00,2.475932893718225114e-01,0.000000000000000000e+00
5.853631939867968370e+00,3.516318476315912989e+00,0.000000000000000000e+00,2.295648079721805956e+00,-6.221032880767328743e-01,0.000000000000000000e+00
6.678610342804939926e+00,4.154080870032984762e+00,0.000000000000000000e+00,8.234143949847622102e-01,-7.006110517076167277e-01,0.000000000000000000e+00
6.823157631689367619e+00,4.175167960171854986e+00,0.000000000000000000e+00,5.755468113051819268e-01,-1.182389013630056884e-01,0.000000000000000000e+00
6.887169540005045221e+00,4.310918982644690090e+00,0.000000000000000000e+00,2.777898973422825435e-01,-2.799531208848335395e-03,0.000000000000000000e+00
6.720926732133286841e+00,4.307171596975579497e+00,0.000000000000000000e+00,2.435177583790776590e-01,-3.831597576085681300e-01,0.000000000000000000e+00
6.504412043553584155e+00,4.122022430004554039e+00,0.000000000000000000e+00,1.131809904431026581e+00,-4.841659658314186876e-01,0.000000000000000000e+00
6.374014422406299119e+00,4.048368219575777971e+00,0.000000000000000000e+00,1.651413515289205769e+00,-6.792351564402072661e-01,0.000000000000000000e+00
6.546728432881931958e+00,4.275113156947149662e+00,0.000000000000000000e+00,5.902567220101682111e-01,-4.044733766049588564e-01,0.000000000000000000e+00
6.372530133630577076e+00,4.243054716918720715e+00,0.000000000000000000e+00,7.309760936798594955e-01,-5.175840338906859683e-01,0.000000000000000000e+00
6.115215512334849279e+00,3.836885724017908395e+00,0.000000000000000000e+00,2.000317676469632211e+00,2.845865507529419256e-04,0.000000000000000000e+00
6.242265295742445375e+00,3.935197309084916828e+00,0.000000000000000000e+00,2.067348405188341953e+00,-4.908521336923161726e-01,0.000000000000000000e+00
6.240781006966725108e+00,4.129883806427859128e+00,0.000000000000000000e+00,1.367660001730752750e+00,-4.130575118320767847e-01,0.000000000000000000e+00
6.109031880302872253e+00,4.016712895936998429e+00,0.000000000000000000e+00,1.813840589529486680e+00,-1.390075888265754067e-01,0.000000000000000000e+00
7.468749921374694623e+00,4.462729879266044364e+00,0.000000000000000000e+00,8.595141811523673847e-02,7.827040792113839629e-01,0.000000000000000000e+00
7.637136888399808754e+00,4.459582567931909658e+00,0.000000000000000000e+00,1.149119585995241888e-01,8.752264577127734091e-01,0.000000000000000000e+00
7.554860709400733398e+00,4.607391509872797997e+00,0.000000000000000000e+00,6.212093656160221078e-02,8.023560090753599772e-01,0.000000000000000000e+00
7.813245402497281944e+00,4.455432689509933653e+00,0.000000000000000000e+00,2.050147013820310671e-01,8.481138281817833802e-01,0.000000000000000000e+00
7.985482581397470803e+00,4.452615900530513038e+00,0.000000000000000000e+00,2.004495657436947131e-01,6.461761154686240793e-01,0.000000000000000000e+00
7.730969223498206588e+00,4.603241631450822879e+00,0.000000000000000000e+00,1.524779566206604930e-01,7.819724930658776829e-01,0.000000000000000000e+00
7.907077737595678890e+00,4.599091753028845098e+00,0.000000000000000000e+00,2.434347786721425266e-01,7.408127437444937957e-01,0.000000000000000000e+00
7.135731552383363763e+00,4.460522225168496391e+00,0.000000000000000000e+00,1.950492902749767846e-02,4.600585423163265908e-01,0.000000000000000000e+00
7.300344945119290330e+00,4.462223165341242748e+00,0.000000000000000000e+00,4.357951113073071925e-02,6.575566661062562934e-01,0.000000000000000000e+00
7.386455733145329106e+00,4.606884795947996381e+00,0.000000000000000000e+00,6.049739326198123358e-03,6.777511726376462819e-01,0.000000000000000000e+00
7.218050756889923036e+00,4.606378082023192988e+00,0.000000000000000000e+00,-7.364013629117072135e-02,5.185472604000525010e-01,0.000000000000000000e+00
8.392888894388832455e+00,4.026061835331560701e+00,0.000000000000000000e+00,-3.819974420437166063e-01,7.198194634682952842e-02,0.000000000000000000e+00
8.479831007918191332e+00,3.909629828264864493e+00,0.000000000000000000e+00,-4.281716247154946919e-01,2.060244409582950298e-01,0.000000000000000000e+00
8.572623939320767050e+00,4.026839622529237772e+00,0.000000000000000000e+00,-2.141190814259599229e-01,1.867119695327426887e-01,0.000000000000000000e+00
8.568194678372883288e+00,3.796382459039969959e+00,0.000000000000000000e+00,-6.856167111776594325e-01,5.182302737084780453e-02,0.000000000000000000e+00
8.660389925834415692e+00,3.650172442039723908e+00,0.000000000000000000e+00,-4.962799297539275956e-01,-1.512346058000161794e-02,0.000000000000000000e+00
8.660987609775457230e+00,3.913592253304343238e+00,0.000000000000000000e+00,-5.146010900666504462e-01,-2.219091440827286946e-02,0.000000000000000000e+00
8.749351280230149186e+00,3.800344884079448260e+00,0.000000000000000000e+00,-6.588798730035825280e-01,-1.218931587881878498e-01,0.000000000000000000e+00
8.319771005335743652e+00,4.156806159137943268e+00,0.000000000000000000e+00,-3.067248438244356001e-01,6.458114977381285149e-02,0.000000000000000000e+00
8.245137793206925636e+00,4.297234159087091498e+00,0.000000000000000000e+00,4.875417590310062582e-02,3.378972538897676570e-01,0.000000000000000000e+00
8.499506050267678248e+00,4.157583946335620340e+00,0.000000000000000000e+00,-2.675301838466428994e-01,3.215702434887322825e-02,0.000000000000000000e+00
8.426388161214589445e+00,4.288328270142002907e+00,0.000000000000000000e+00,-1.294174370263906915e-01,2.097654424612861029e-02,0.000000000000000000e+00
8.750000000008848033e+00,3.500000000000000444e+00,0.000000000000000000e+00,0.000000000000000000e+00,0.000000000000000000e+00,0.000000000000000000e+00
8.838961354404581527e+00,3.650172442039724352e+00,0.000000000000000000e+00,-4.242758310068605598e-01,-4.384135321077118480e-02,0.000000000000000000e+00
8.928571428579013869e+00,3.500000000000000444e+00,0.000000000000000000e+00,0.000000000000000000e+00,0.000000000000000000e+00,0.000000000000000000e+00
6.799138287082095999e+00,4.455336756900704742e+00,0.000000000000000000e+00,7.717480785918587327e-02,-2.061770626172535203e-01,0.000000000000000000e+00
6.965381094953853491e+00,4.459084142569814446e+00,0.000000000000000000e+00,4.451043091659578205e-02,2.070963184568365145e-01,0.000000000000000000e+00
7.047700299460414541e+00,4.604939999424511043e+00,0.000000000000000000e+00,-1.081685161231722564e-01,3.411576602601942843e-01,0.000000000000000000e+00
6.877349842030905158e+00,4.603501916825829987e+00,0.000000000000000000e+00,-1.382310404910300772e-01,1.510646688282317116e-02,0.000000000000000000e+00
8.088310044496424212e+00,4.589820924033913840e+00,0.000000000000000000e+00,2.164667883005068905e-01,5.864447711415538000e-01,0.000000000000000000e+00
8.166714888298216124e+00,4.443345071535581781e+00,0.000000000000000000e+00,1.450399290059905255e-01,4.651042095278290489e-01,0.000000000000000000e+00
8.347965256305879933e+00,4.434439182590493189e+00,0.000000000000000000e+00,8.561066986488667652e-02,2.809377714839607076e-01,0.000000000000000000e+00
8.269542351397170421e+00,4.580550095038982583e+00,0.000000000000000000e+00,1.697199025719237364e-01,4.048837330486753094e-01,0.000000000000000000e+00
5.536180932027198409e+00,3.193186100252034976e+00,0.000000000000000000e+00,8.889493818260685298e-01,-2.682167981691018777e-01,0.000000000000000000e+00
5.695042920820746701e+00,3.276690706918425899e+00,0.000000000000000000e+00,1.092698812679537390e+00,-3.127250156907143697e-01,0.000000000000000000e+00
5.712996901961183482e+00,3.451345338409991470e+00,0.000000000000000000e+00,1.879734283582136012e+00,-6.384652873942545659e-01,0.000000000000000000e+00
5.572361864054396818e+00,3.386372200504069507e+00,0.000000000000000000e+00,1.403805613665068064e+00,-4.753575313275730796e-01,0.000000000000000000e+00
5.333333333333333925e+00,3.000000000000000444e+00,0.000000000000000000e+00,0.000000000000000000e+00,0.000000000000000000e+00,0.000000000000000000e+00
5.442582153313652249e+00,3.342631785040137693e+00,0.000000000000000000e+00,1.159461420552131639e+00,-3.587669895096061712e-01,0.000000000000000000e+00
5.406401221286452952e+00,3.149445684788102717e+00,0.000000000000000000e+00,5.429377747470967019e-01,-5.097038535532044667e-02,0.000000000000000000e+00
5.239734554619786877e+00,3.149445684788102717e+00,0.000000000000000000e+00,4.772589833932064374e-01,5.389781922160834238e-02,0.000000000000000000e+00
5.166666666666666963e+00,3.000000000000000000e+00,0.000000000000000000e+00,0.000000000000000000e+00,0.000000000000000000e+00,0.000000000000000000e+00
5.312802442572906791e+00,3.298891369576204990e+00,0.000000000000000000e+00,8.724417084882387652e-01,-1.377038808828922600e-01,0.000000000000000000e+00
5.872895641423328428e+00,3.676850449623333184e+00,0.000000000000000000e+00,2.260608134895189636e+00,-4.521520551833901891e-02,0.000000000000000000e+00
6.006779243672756508e+00,3.747220487514785425e+00,0.000000000000000000e+00,2.071522384587177967e+00,3.651360673678822888e-01,0.000000000000000000e+00
6.000595611640779481e+00,3.927047659433875459e+00,0.000000000000000000e+00,1.919279548542498937e+00,3.103252084598691063e-01,0.000000000000000000e+00
5.892159342978686709e+00,3.837382422930752490e+00,0.000000000000000000e+00,1.979208911159468620e+00,6.064813765870673556e-01,0.000000000000000000e+00
5.597634572780187057e+00,3.531334896487732244e+00,0.000000000000000000e+00,2.890571307823899261e+00,-5.070980266437301598e-01,0.000000000000000000e+00
5.738269610686973721e+00,3.596308034393654651e+00,0.000000000000000000e+00,3.189007835981606753e+00,-5.268658979915761265e-01,0.000000000000000000e+00
5.757533312242332002e+00,3.756840007701073958e+00,0.000000000000000000e+00,3.100661029656593293e+00,4.143283642005806677e-01,0.000000000000000000e+00
5.622907281505976407e+00,3.676297592471394537e+00,0.000000000000000000e+00,3.871197237705532146e+00,-4.379311402347056403e-01,0.000000000000000000e+00
6.622965305396878222e+00,4.450375824602481600e+00,0.000000000000000000e+00,2.379154068948028944e-01,-1.606071951278001397e-01,0.000000000000000000e+00
6.448767006145523339e+00,4.418317384574050877e+00,0.000000000000000000e+00,4.333300384961371599e-01,-4.124867475274967554e-01,0.000000000000000000e+00
6.701176860345686492e+00,4.598540984527605957e+00,0.000000000000000000e+00,-4.001320650155511249e-02,-1.215037193683895789e-01,0.000000000000000000e+00
6.525003878660470491e+00,4.593580052229382815e+00,0.000000000000000000e+00,-8.236790793126455568e-02,-2.059986764079766997e-01,0.000000000000000000e+00
6.094331161933133068e+00,4.166382981671789665e+00,0.000000000000000000e+00,1.264970058463832370e+00,-2.239090297471861279e-01,0.000000000000000000e+00
6.226080288596985035e+00,4.279553892162649475e+00,0.000000000000000000e+00,5.887363489592727372e-01,-3.392994952891182914e-01,0.000000000000000000e+00
6.284872640542191746e+00,4.414105421806988616e+00,0.000000000000000000e+00,4.649748127644587337e-01,-5.623980180084151570e-01,0.000000000000000000e+00
6.361109513057137121e+00,4.589368089462319666e+00,0.000000000000000000e+00,-1.233766566300583539e-02,-4.632646815931330542e-01,0.000000000000000000e+00
6.138422795508599705e+00,4.450604597050919153e+00,0.000000000000000000e+00,2.136906145146550695e-01,-5.218248507323027807e-01,0.000000000000000000e+00
6.079630443563392994e+00,4.316053067406579125e+00,0.000000000000000000e+00,3.078429019227680863e-01,-3.443716409211144414e-01,0.000000000000000000e+00
6.197215147453804640e+00,4.585156126695257406e+00,0.000000000000000000e+00,4.145698438891548716e-03,-6.445709523242768579e-01,0.000000000000000000e+00
5.852566424537209322e+00,4.015214658482518573e+00,0.000000000000000000e+00,1.427811513034129565e+00,2.209657471026456876e-01,0.000000000000000000e+00
5.961002693199302982e+00,4.104879894985641542e+00,0.000000000000000000e+00,1.286992127991521073e+00,5.327437162134685683e-02,0.000000000000000000e+00
5.946301974829562909e+00,4.254549980720431890e+00,0.000000000000000000e+00,3.809186787970892940e-01,-3.217413938816590657e-01,0.000000000000000000e+00
5.812973506095731047e+00,4.193046894034283767e+00,0.000000000000000000e+00,3.696538507544357977e-01,-3.937365600665206355e-01,0.000000000000000000e+00
7.473287023288463615e+00,4.755320950396326296e+00,0.000000000000000000e+00,-5.346978135489802164e-02,6.787078637993636532e-01,0.000000000000000000e+00
7.304882047033057546e+00,4.754814236471522904e+00,0.000000000000000000e+00,-1.576333246281002576e-01,5.112658170721795514e-01,0.000000000000000000e+00
7.648067232923313696e+00,4.752607293711180958e+00,0.000000000000000000e+00,6.961967114283069968e-02,7.244156985320973074e-01,0.000000000000000000e+00
7.824175747020786886e+00,4.748457415289204953e+00,0.000000000000000000e+00,1.477307220847536573e-01,6.997145824895558697e-01,0.000000000000000000e+00
7.566493546811043025e+00,4.900536734234708369e+00,0.000000000000000000e+00,-4.793042351983263505e-02,6.005761263789164417e-01,0.000000000000000000e+00
7.391713337176192056e+00,4.903250390919852819e+00,0.000000000000000000e+00,-1.986788911500707022e-01,4.967451341168448442e-01,0.000000000000000000e+00
7.741273756445893994e+00,4.897823077549563919e+00,0.000000000000000000e+00,5.857641406670701517e-02,6.514277161654010717e-01,0.000000000000000000e+00
8.001192642494512342e+00,4.744748406980235700e+00,0.000000000000000000e+00,2.129930220986561429e-01,6.740294160165604120e-01,0.000000000000000000e+00
8.182424949395258551e+00,4.735477577985303554e+00,0.000000000000000000e+00,2.033961212090553694e-01,5.131953115276871591e-01,0.000000000000000000e+00
7.918290651919619449e+00,4.894114069240594667e+00,0.000000000000000000e+00,1.291259976704023926e-01,6.294324068918869530e-01,0.000000000000000000e+00
8.095307547393344905e+00,4.890405060931625414e+00,0.000000000000000000e+00,1.999203346328713715e-01,5.948152521052013642e-01,0.000000000000000000e+00
6.961778360493559248e+00,4.753184368584904007e+00,0.000000000000000000e+00,-3.034586363489113481e-01,1.435430545024765359e-01,0.000000000000000000e+00
7.132128817923069519e+00,4.754622451183585952e+00,0.000000000000000000e+00,-2.375837588575235859e-01,4.006117475112588866e-01,0.000000000000000000e+00
7.218960108066204029e+00,4.903058605631915867e+00,0.000000000000000000e+00,-2.850017891418525351e-01,3.868270274602627623e-01,0.000000000000000000e+00
7.046206878956214226e+00,4.902866820343978915e+00,0.000000000000000000e+00,-3.888528631513183398e-01,2.124740275183918115e-01,0.000000000000000000e+00
8.753698420855101858e+00,4.027292768801893352e+00,0.000000000000000000e+00,-3.315204167796388379e-01,-9.919576087629775052e-02,0.000000000000000000e+00
8.842062091309792038e+00,3.914045399576998374e+00,0.000000000000000000e+00,-5.269175029649114661e-01,-2.021232021578855120e-01,0.000000000000000000e+00
8.674950329755134248e+00,4.157683822277450147e+00,0.000000000000000000e+00,-1.799807930783716703e-01,9.236230022030601783e-02,0.000000000000000000e+00
8.601832440702043669e+00,4.288428146083832715e+00,0.000000000000000000e+00,-1.824027768424404394e-01,4.864268017873803890e-02,0.000000000000000000e+00
8.856024811289467280e+00,4.158136968550104839e+00,0.000000000000000000e+00,-2.614805207027269818e-01,-1.801246706718480084e-01,0.000000000000000000e+00
8.934772902389436666e+00,4.027745915074548932e+00,0.000000000000000000e+00,-3.640592958269929236e-01,-2.699597790257396990e-01,0.000000000000000000e+00
8.777276720189496118e+00,4.288528022025660746e+00,0.000000000000000000e+00,-1.492697924228887640e-01,-2.352014551304341256e-02,0.000000000000000000e+00
8.927614126203355482e+00,3.797830253418963409e+00,0.000000000000000000e+00,-5.394340648792205206e-01,-1.274450927068517536e-01,0.000000000000000000e+00
9.017224200377786048e+00,3.647657811379239057e+00,0.000000000000000000e+00,-3.184871087698176173e-01,-3.028731365575236881e-02,0.000000000000000000e+00
9.020324937283000111e+00,3.911530768916513967e+00,0.000000000000000000e+00,-4.044437226301392796e-01,-1.967654211686986065e-01,0.000000000000000000e+00
9.105876972176563555e+00,3.795315622758478558e+00,0.000000000000000000e+00,-4.104881254841128979e-01,-1.129224914824552145e-01,0.000000000000000000e+00
8.526210390491481661e+00,4.430381215697708264e+00,0.000000000000000000e+00,-1.208915966490000382e-01,1.143259967353391776e-01,0.000000000000000000e+00
8.447787485582770373e+00,4.576492128146197658e+00,0.000000000000000000e+00,5.462370971040247936e-02,3.418962670666646497e-01,0.000000000000000000e+00
8.701654669978934109e+00,4.430481091639537183e+00,0.000000000000000000e+00,-1.921112906217646021e-01,1.902863171419498511e-02,0.000000000000000000e+00
8.626032619768370324e+00,4.572434161253412732e+00,0.000000000000000000e+00,-1.131130616836145825e-01,1.580707735637978950e-01,0.000000000000000000e+00
9.107142857149177928e+00,3.500000000000000444e+00,0.000000000000000000e+00,0.000000000000000000e+00,0.000000000000000000e+00,0.000000000000000000e+00
9.195795628947951883e+00,3.647657811379239501e+00,0.000000000000000000e+00,-2.503118315518021997e-01,-3.370630112524108241e-02,0.000000000000000000e+00
9.285714285719341987e+00,3.500000000000000444e+00,0.000000000000000000e+00,0.000000000000000000e+00,0.000000000000000000e+00,0.000000000000000000e+00
6.610709745205838317e+00,4.747956226246902389e+00,0.000000000000000000e+00,-2.349193036108877808e-01,-1.984685944787339673e-01,0.000000000000000000e+00
6.786882726891054318e+00,4.752917158545125531e+00,0.000000000000000000e+00,-2.669330684516862950e-01,-9.374739674174042969e-04,0.000000000000000000e+00
6.871311245353709296e+00,4.902599610304200439e+00,0.000000000000000000e+00,-4.032032870171832761e-01,8.343232954687324066e-02,0.000000000000000000e+00
6.696415611751204366e+00,4.902332400264421963e+00,0.000000000000000000e+00,-4.050058531299422504e-01,-8.413154272199369066e-02,0.000000000000000000e+00
8.361662495705848741e+00,4.732862080344478528e+00,0.000000000000000000e+00,1.190040331456030387e-01,4.799090230714432859e-01,0.000000000000000000e+00
8.274545093703935095e+00,4.887789563290799499e+00,0.000000000000000000e+00,1.494414875548265853e-01,5.556753856552012483e-01,0.000000000000000000e+00
8.539907629891448693e+00,4.728804113451693603e+00,0.000000000000000000e+00,6.436662373389690807e-03,3.958271249925969792e-01,0.000000000000000000e+00
8.453782640014527061e+00,4.885174065649974473e+00,0.000000000000000000e+00,9.938512568615771869e-02,5.400926759521964549e-01,0.000000000000000000e+00
5.449733703423419229e+00,3.523044375916099646e+00,0.000000000000000000e+00,2.725191033338811852e+00,-1.684704840832841055e-01,0.000000000000000000e+00
5.319953992682674659e+00,3.479303960452167832e+00,0.000000000000000000e+00,2.560075211208547419e+00,-6.370286309561971894e-02,0.000000000000000000e+00
5.475006412149209467e+00,3.668007071899761939e+00,0.000000000000000000e+00,3.769463322529390314e+00,-3.810696759625112895e-01,0.000000000000000000e+00
5.327105542792440751e+00,3.659716551328129341e+00,0.000000000000000000e+00,3.530095814774049767e+00,-3.730723298687435574e-02,0.000000000000000000e+00
5.076227742118372355e+00,3.129787158562312488e+00,0.000000000000000000e+00,4.953216535584126223e-01,-1.543470275347334254e-02,0.000000000000000000e+00
5.149295630071492269e+00,3.279232843350415649e+00,0.000000000000000000e+00,7.921451963614135616e-01,2.484331750039972531e-01,0.000000000000000000e+00
4.985788817570077747e+00,3.259574317124624976e+00,0.000000000000000000e+00,8.505273133376274330e-01,-2.414822466834158354e-01,0.000000000000000000e+00
5.000000000000000000e+00,3.000000000000000444e+00,0.000000000000000000e+00,0.000000000000000000e+00,0.000000000000000000e+00,0.000000000000000000e+00
4.909561075451705392e+00,3.129787158562312488e+00,0.000000000000000000e+00,2.706641658213707613e-01,-3.306453308850787476e-02,0.000000000000000000e+00
4.833333333333333037e+00,3.000000000000000000e+00,0.000000000000000000e+00,0.000000000000000000e+00,0.000000000000000000e+00,0.000000000000000000e+00
5.215814055804727012e+00,3.392682305324922432e+00,0.000000000000000000e+00,1.927829593979316192e+00,4.384050998219815587e-01,0.000000000000000000e+00
5.222965605914493992e+00,3.573094896200884829e+00,0.000000000000000000e+00,3.126874626724070350e+00,4.968181224482485780e-01,0.000000000000000000e+00
5.052307243303312490e+00,3.373023779099132646e+00,0.000000000000000000e+00,1.968314133228283636e+00,2.483093391875551836e-01,0.000000000000000000e+00
5.118825669036546344e+00,3.486473241073639429e+00,0.000000000000000000e+00,2.614665926241416471e+00,7.820769529171579526e-01,0.000000000000000000e+00
5.696079671489343355e+00,3.918691211465376245e+00,0.000000000000000000e+00,1.219670743997189888e+00,5.384430835449536268e-01,0.000000000000000000e+00
5.561453640752988647e+00,3.838148796235697269e+00,0.000000000000000000e+00,2.600890681375122249e+00,-1.209256384611764601e-01,0.000000000000000000e+00
5.656486753047865079e+00,4.096523447017141883e+00,0.000000000000000000e+00,1.855322706125743237e-01,-1.552339406316029236e-01,0.000000000000000000e+00
5.500000000000000888e+00,4.000000000000000888e+00,0.000000000000000000e+00,0.000000000000000000e+00,0.000000000000000000e+00,0.000000000000000000e+00
5.413552771396220820e+00,3.829858275664064671e+00,0.000000000000000000e+00,2.401707269463984051e+00,-2.129748416785529896e-01,0.000000000000000000e+00
6.275422260077393233e+00,4.738042110343454461e+00,0.000000000000000000e+00,-1.906936179602615189e-01,-5.415889840025962521e-01,0.000000000000000000e+00
6.439316625680724826e+00,4.742254073110515833e+00,0.000000000000000000e+00,-2.549814013439223870e-01,-2.885206358100712021e-01,0.000000000000000000e+00
6.525022492226092652e+00,4.896630247128037183e+00,0.000000000000000000e+00,-3.617111705369539520e-01,-2.535341731365660101e-01,0.000000000000000000e+00
6.353629372700980049e+00,4.890928093991651515e+00,0.000000000000000000e+00,-3.511307299318430775e-01,-3.578733401988239415e-01,0.000000000000000000e+00
5.965992782198750177e+00,4.454008043862488719e+00,0.000000000000000000e+00,3.611905046458711160e-02,-4.596336317277244787e-01,0.000000000000000000e+00
6.024785134143956000e+00,4.588559573506827860e+00,0.000000000000000000e+00,-3.315952547336386419e-02,-5.581374319610440393e-01,0.000000000000000000e+00
5.852355120834104696e+00,4.591963020318396538e+00,0.000000000000000000e+00,-5.975595163438476159e-02,-4.946582223383113042e-01,0.000000000000000000e+00
5.832664313464918315e+00,4.392504957176340596e+00,0.000000000000000000e+00,4.917517496057756399e-02,-5.077352959133767385e-01,0.000000000000000000e+00
6.133549210339430680e+00,4.720399438856173191e+00,0.000000000000000000e+00,-1.041319457113840663e-01,-6.057299586215799669e-01,0.000000000000000000e+00
6.211756322963017496e+00,4.873285422504370246e+00,0.000000000000000000e+00,-2.296184060103032554e-01,-4.866151257787513784e-01,0.000000000000000000e+00
5.961119197029581152e+00,4.723802885667743645e+00,0.000000000000000000e+00,-9.311065329324738626e-02,-5.306627123582354777e-01,0.000000000000000000e+00
6.069883273225055831e+00,4.855642751017088976e+00,0.000000000000000000e+00,-1.370102359406247805e-01,-5.513025626408593061e-01,0.000000000000000000e+00
5.500000000000000000e+00,4.199999999999999289e+00,0.000000000000000000e+00,0.000000000000000000e+00,0.000000000000000000e+00,0.000000000000000000e+00
5.656486753047865967e+00,4.296523447017142061e+00,0.000000000000000000e+00,7.780892470051753440e-02,-3.544593000638083247e-01,0.000000000000000000e+00
5.676177560417052348e+00,4.495981510159198002e+00,0.000000000000000000e+00,-9.299730497785416161e-03,-3.781861464813775497e-01,0.000000000000000000e+00
5.500000000000000000e+00,4.399999999999998579e+00,0.000000000000000000e+00,0.000000000000000000e+00,0.000000000000000000e+00,0.000000000000000000e+00
7.652185216651620436e+00,5.048166391216276416e+00,0.000000000000000000e+00,-9.728559639758546651e-02,5.330791980930632556e-01,0.000000000000000000e+00
7.477405007016768579e+00,5.050880047901420866e+00,0.000000000000000000e+00,-2.587824045130716621e-01,4.121760505299084110e-01,0.000000000000000000e+00
7.563096676857345990e+00,5.198509704882988025e+00,0.000000000000000000e+00,-2.702922447971872200e-01,3.221005323804741471e-01,0.000000000000000000e+00
7.135633250333961897e+00,5.052390273925214004e+00,0.000000000000000000e+00,-4.441478497867062392e-01,2.329119945367780498e-01,0.000000000000000000e+00
7.308386479443950812e+00,5.052582059213150956e+00,0.000000000000000000e+00,-3.774787108914616218e-01,3.806538350975315343e-01,0.000000000000000000e+00
7.394078149284528223e+00,5.200211716194719003e+00,0.000000000000000000e+00,-4.012865490252084943e-01,2.933786742433522332e-01,0.000000000000000000e+00
7.225059621711708679e+00,5.201913727506449980e+00,0.000000000000000000e+00,-4.962375772841648991e-01,2.652092450698996795e-01,0.000000000000000000e+00
8.004382208236620500e+00,5.036640821233831389e+00,0.000000000000000000e+00,1.188719146410507771e-01,5.521669900892505201e-01,0.000000000000000000e+00
7.827365312762894156e+00,5.040349829542800641e+00,0.000000000000000000e+00,3.058965248891007058e-02,5.777386761181860786e-01,0.000000000000000000e+00
7.738276772968621486e+00,5.190693143209513138e+00,0.000000000000000000e+00,-7.968182193298532778e-02,4.432551729286008380e-01,0.000000000000000000e+00
7.913456869079894318e+00,5.182876581536037364e+00,0.000000000000000000e+00,6.971234485931887548e-02,4.861761933180366868e-01,0.000000000000000000e+00
8.365851047450684419e+00,5.037459347643268082e+00,0.000000000000000000e+00,1.460236942772191460e-01,5.564117867803402007e-01,0.000000000000000000e+00
8.186613501140094229e+00,5.040074845284093996e+00,0.000000000000000000e+00,1.553744067197247725e-01,5.979178345132619699e-01,0.000000000000000000e+00
8.095688161983368047e+00,5.186310605586299971e+00,0.000000000000000000e+00,1.384876380831854548e-01,5.331136241100321582e-01,0.000000000000000000e+00
8.277919454886841777e+00,5.189744629636561690e+00,0.000000000000000000e+00,2.105552280665047016e-01,5.686169939087964975e-01,0.000000000000000000e+00
6.786741475041221605e+00,5.045685666439389649e+00,0.000000000000000000e+00,-4.666548591132045898e-01,7.358207906074453603e-03,0.000000000000000000e+00
6.961637108643725647e+00,5.045952876479168125e+00,0.000000000000000000e+00,-4.646323706162738265e-01,1.404274270732310259e-01,0.000000000000000000e+00
7.051063480021474206e+00,5.195476330060404102e+00,0.000000000000000000e+00,-5.102703723751402798e-01,1.685668204963632066e-01,0.000000000000000000e+00
6.877067338331238844e+00,5.189038932614359112e+00,0.000000000000000000e+00,-5.202465139914564940e-01,7.878764846193676841e-02,0.000000000000000000e+00
9.035064928737748247e+00,4.149450087310215807e+00,0.000000000000000000e+00,-3.165068179038679208e-01,-2.806183086868785925e-01,0.000000000000000000e+00
8.956316837637778860e+00,4.279841140785771714e+00,0.000000000000000000e+00,-2.340631014464056858e-01,-2.079306528533021448e-01,0.000000000000000000e+00
9.135356955086058051e+00,4.271154259545882681e+00,0.000000000000000000e+00,-2.651541593160193222e-01,-3.075762741079755558e-01,0.000000000000000000e+00
9.108903993434008584e+00,4.018061139437506313e+00,0.000000000000000000e+00,-3.120826403170930408e-01,-2.303309628483595495e-01,0.000000000000000000e+00
9.194456028327572028e+00,3.901845993279471347e+00,0.000000000000000000e+00,-3.206833502904634092e-01,-1.772703057188220188e-01,0.000000000000000000e+00
9.209196019782318388e+00,4.139765311673173187e+00,0.000000000000000000e+00,-2.612420134446782893e-01,-2.669098307368824585e-01,0.000000000000000000e+00
9.283035084478578725e+00,4.008376363800463693e+00,0.000000000000000000e+00,-2.511268645260200105e-01,-2.268061179261669502e-01,0.000000000000000000e+00
8.879978138840403545e+00,4.426091634587484336e+00,0.000000000000000000e+00,-1.879539489440175404e-01,-9.022315790848429995e-02,0.000000000000000000e+00
8.804356088629839761e+00,4.568044704201360773e+00,0.000000000000000000e+00,-1.835443931950556384e-01,-4.537954216862245815e-02,0.000000000000000000e+00
9.059018256288684512e+00,4.417404753347595303e+00,0.000000000000000000e+00,-2.079249134228705609e-01,-2.657892894607827849e-01,0.000000000000000000e+00
8.982679557491309197e+00,4.563655247149307925e+00,0.000000000000000000e+00,-1.521822642062985176e-01,-2.071740588159065033e-01,0.000000000000000000e+00
9.279155223747528325e+00,3.781033391549406542e+00,0.000000000000000000e+00,-2.957401143429111978e-01,-1.026189895694588905e-01,0.000000000000000000e+00
9.369073880518916653e+00,3.633375580170167041e+00,0.000000000000000000e+00,-1.619806346938284514e-01,-2.522616940393877794e-02,0.000000000000000000e+00
9.367734279898536798e+00,3.887563762070399775e+00,0.000000000000000000e+00,-2.237885888997450390e-01,-1.661021979021454487e-01,0.000000000000000000e+00
9.452433475318493095e+00,3.766751160340334081e+00,0.000000000000000000e+00,-1.814678275057334256e-01,-9.445827164114270480e-02,0.000000000000000000e+00
8.632546330027018655e+00,4.881548853827073486e+00,0.000000000000000000e+00,9.099840992673864648e-02,3.027061903704252321e-01,0.000000000000000000e+00
8.718671319903940287e+00,4.725178901628792616e+00,0.000000000000000000e+00,-8.096653471436149330e-02,9.722434965188579692e-02,0.000000000000000000e+00
8.896994788765411499e+00,4.720789444576739768e+00,0.000000000000000000e+00,-8.080175626480702589e-02,-1.707224411106222639e-01,0.000000000000000000e+00
8.811310020039512025e+00,4.877923642004172500e+00,0.000000000000000000e+00,7.313844605743402560e-02,-5.895887437068497716e-02,0.000000000000000000e+00
9.464285714289506046e+00,3.500000000000000444e+00,0.000000000000000000e+00,0.000000000000000000e+00,0.000000000000000000e+00,0.000000000000000000e+00
9.547645309089082488e+00,3.633375580170167485e+00,0.000000000000000000e+00,-9.544022734630124016e-02,-2.443982465558711820e-02,0.000000000000000000e+00
9.642857142859671882e+00,3.500000000000000444e+00,0.000000000000000000e+00,0.000000000000000000e+00,0.000000000000000000e+00,0.000000000000000000e+00
6.435740063199379080e+00,5.053119267046935370e+00,0.000000000000000000e+00,-3.973701526919080629e-01,-2.950106033550558005e-01,0.000000000000000000e+00
6.607133182724492571e+00,5.058821420183321038e+00,0.000000000000000000e+00,-4.418843150214918358e-01,-1.348099600741969328e-01,0.000000000000000000e+00
6.697459046014508921e+00,5.202174686358288724e+00,0.000000000000000000e+00,-5.095806459259671906e-01,-4.073282567268071697e-02,0.000000000000000000e+00
6.517850753697778998e+00,5.215310440102220113e+00,0.000000000000000000e+00,-4.747980653855370381e-01,-1.741540753954997356e-01,0.000000000000000000e+00
8.462720897469013792e+00,5.177595159093119292e+00,0.000000000000000000e+00,2.669613492657967324e-01,4.238675310502316718e-01,0.000000000000000000e+00
8.550652490032854658e+00,5.025309877099823908e+00,0.000000000000000000e+00,2.086817894148152164e-01,4.017946778142986175e-01,0.000000000000000000e+00
8.729416180045348028e+00,5.021684665276923809e+00,0.000000000000000000e+00,2.629744470752347629e-01,9.625813814846426175e-02,0.000000000000000000e+00
8.647522340051185807e+00,5.165445688549676007e+00,0.000000000000000000e+00,3.610471119092937831e-01,1.771125920888286520e-01,0.000000000000000000e+00
5.321428571428572063e+00,4.000000000000000000e+00,0.000000000000000000e+00,0.000000000000000000e+00,0.000000000000000000e+00,0.000000000000000000e+00
5.041873769481329148e+00,3.594977481256490748e+00,0.000000000000000000e+00,2.479957269224964289e+00,5.539666959546446501e-01,0.000000000000000000e+00
5.146013706359276796e+00,3.681599136383735704e+00,0.000000000000000000e+00,2.978960110585207488e+00,3.677625876568875740e-01,0.000000000000000000e+00
5.234981342824791994e+00,3.829858275664064671e+00,0.000000000000000000e+00,2.392404558050047925e+00,-3.916602715841756982e-02,0.000000000000000000e+00
5.053889506391627151e+00,3.851740860719670589e+00,0.000000000000000000e+00,1.550877345399979346e+00,7.362815499595222381e-04,0.000000000000000000e+00
5.142857142857144126e+00,4.000000000000000888e+00,0.000000000000000000e+00,0.000000000000000000e+00,0.000000000000000000e+00,0.000000000000000000e+00
4.964921869926111953e+00,3.703481721439342067e+00,0.000000000000000000e+00,2.305335018728455143e+00,2.021471337642040123e-01,0.000000000000000000e+00
4.828120144477571429e+00,3.253386625552232125e+00,0.000000000000000000e+00,8.610393870177116549e-01,4.841312746919803622e-01,0.000000000000000000e+00
4.751892402359198186e+00,3.123599466989919193e+00,0.000000000000000000e+00,3.028926217503252194e-01,7.196266624415847968e-01,0.000000000000000000e+00
4.962375478753304314e+00,3.482304659309011008e+00,0.000000000000000000e+00,2.875935751339552038e+00,2.264008118740915843e-01,0.000000000000000000e+00
4.895857053020069571e+00,3.368855197334503337e+00,0.000000000000000000e+00,2.188764753794829154e+00,1.391133818786438325e-01,0.000000000000000000e+00
4.738188379927562366e+00,3.362667505762110487e+00,0.000000000000000000e+00,2.093950099179801683e+00,1.029608146353494957e+00,0.000000000000000000e+00
4.670451471385063336e+00,3.247198933979837943e+00,0.000000000000000000e+00,4.972687921752412810e-01,1.408712914081541534e+00,0.000000000000000000e+00
4.805925288470062284e+00,3.478136077544382587e+00,0.000000000000000000e+00,2.966313261855633598e+00,5.149129278486519468e-01,0.000000000000000000e+00
4.666666666666666963e+00,3.000000000000000444e+00,0.000000000000000000e+00,0.000000000000000000e+00,0.000000000000000000e+00,0.000000000000000000e+00
4.585225735692532112e+00,3.123599466989919193e+00,0.000000000000000000e+00,7.547036181678697941e-01,5.592679787540661973e-01,0.000000000000000000e+00
4.500000000000000000e+00,3.000000000000000000e+00,0.000000000000000000e+00,0.000000000000000000e+00,0.000000000000000000e+00,0.000000000000000000e+00
4.885423579198086230e+00,3.590808899491861439e+00,0.000000000000000000e+00,2.677284796553344393e+00,2.828555678077218083e-01,0.000000000000000000e+00
6.105170382086232195e+00,5.028437032099460247e+00,0.000000000000000000e+00,-2.338913732338835649e-01,-4.452582537164384568e-01,0.000000000000000000e+00
6.247043431824193860e+00,5.046079703586740628e+00,0.000000000000000000e+00,-3.355850914960900044e-01,-3.335702667163242263e-01,0.000000000000000000e+00
6.329154122322593778e+00,5.208270876642025371e+00,0.000000000000000000e+00,-3.754926988158177603e-01,-2.620395174366444979e-01,0.000000000000000000e+00
6.140457490947409447e+00,5.201231313181831517e+00,0.000000000000000000e+00,-2.995519911978736793e-01,-3.064129943778410303e-01,0.000000000000000000e+00
5.500000000000000000e+00,4.599999999999999645e+00,0.000000000000000000e+00,0.000000000000000000e+00,0.000000000000000000e+00,0.000000000000000000e+00
5.676177560417052348e+00,4.695981510159198180e+00,0.000000000000000000e+00,-2.221537194405680954e-02,-3.358863370292647921e-01,0.000000000000000000e+00
5.937821253707020297e+00,4.932288975957698440e+00,0.000000000000000000e+00,-9.943239604534198639e-02,-4.571982532653630082e-01,0.000000000000000000e+00
5.829057177511544729e+00,4.800449110608351333e+00,0.000000000000000000e+00,-6.519706984816349415e-02,-4.263826628109736450e-01,0.000000000000000000e+00
5.652879617094491493e+00,4.904467600449152087e+00,0.000000000000000000e+00,-1.249702352274429350e-02,-2.508160910087478546e-01,0.000000000000000000e+00
5.500000000000000000e+00,4.799999999999998934e+00,0.000000000000000000e+00,0.000000000000000000e+00,0.000000000000000000e+00,0.000000000000000000e+00
5.805759234188983875e+00,5.008935200898306128e+00,0.000000000000000000e+00,-5.111102561431864200e-02,-3.450725938126582015e-01,0.000000000000000000e+00
5.973108362568197549e+00,5.105083257040068823e+00,0.000000000000000000e+00,-1.573543111948076390e-01,-3.624110330996211382e-01,0.000000000000000000e+00
7.309085476396129266e+00,5.340298649037706014e+00,0.000000000000000000e+00,-3.773043571773720961e-01,2.073923576369742783e-01,0.000000000000000000e+00
7.478104003968947922e+00,5.338596637725975924e+00,0.000000000000000000e+00,-2.782132031374147663e-01,2.004350540535218828e-01,0.000000000000000000e+00
7.654296209722555311e+00,5.330067021291752916e+00,0.000000000000000000e+00,-1.471355693941715226e-01,2.337806984614916317e-01,0.000000000000000000e+00
7.829476305833830807e+00,5.322250459618278029e+00,0.000000000000000000e+00,6.900576951931784719e-02,3.379363688339746541e-01,0.000000000000000000e+00
7.569303536834157242e+00,5.470153954134740815e+00,0.000000000000000000e+00,-1.421607436081868403e-01,1.131038517213733829e-01,0.000000000000000000e+00
7.393111331080549853e+00,5.478683570568962935e+00,0.000000000000000000e+00,-2.325481339331110786e-01,1.252176814303618546e-01,0.000000000000000000e+00
7.745495742587765520e+00,5.461624337700518694e+00,0.000000000000000000e+00,5.635392482753188471e-03,1.103202486733614318e-01,0.000000000000000000e+00
6.960237807484039863e+00,5.324669760113107664e+00,0.000000000000000000e+00,-4.717549446334677876e-01,1.082734595684209794e-01,0.000000000000000000e+00
7.134233949174273448e+00,5.331107157559152654e+00,0.000000000000000000e+00,-4.531560785627348209e-01,1.996131862961398606e-01,0.000000000000000000e+00
7.218259803858694923e+00,5.469492079090409575e+00,0.000000000000000000e+00,-3.261431456124379014e-01,1.480395172548769067e-01,0.000000000000000000e+00
7.043408276636839105e+00,5.460300587611856216e+00,0.000000000000000000e+00,-4.078009334839451383e-01,1.282784277541532403e-01,0.000000000000000000e+00
8.008187363968771066e+00,5.311842630475147153e+00,0.000000000000000000e+00,1.936041365080496957e-01,4.569795244078329044e-01,0.000000000000000000e+00
8.190418656872246572e+00,5.315276654525409761e+00,0.000000000000000000e+00,2.894593874754198826e-01,4.944457282370821050e-01,0.000000000000000000e+00
7.924206800722705779e+00,5.451216508557386931e+00,0.000000000000000000e+00,1.886282106322157981e-01,3.040739367849125130e-01,0.000000000000000000e+00
8.102917858857646038e+00,5.440808679414256055e+00,0.000000000000000000e+00,3.161566410576939212e-01,4.053227896057450819e-01,0.000000000000000000e+00
8.379525824879282325e+00,5.317051216965506200e+00,0.000000000000000000e+00,4.365086273177216092e-01,4.468769867398961204e-01,0.000000000000000000e+00
8.564327267461454340e+00,5.304901746422062914e+00,0.000000000000000000e+00,5.055391624269227613e-01,2.136986114264836645e-01,0.000000000000000000e+00
8.292025026864685344e+00,5.442583241854353382e+00,0.000000000000000000e+00,4.749635291898191558e-01,3.846827041286141058e-01,0.000000000000000000e+00
8.481132194871721097e+00,5.444357804294448933e+00,0.000000000000000000e+00,6.181688355033158055e-01,2.620981437582096674e-01,0.000000000000000000e+00
6.599564536741512555e+00,5.333202395402333096e+00,0.000000000000000000e+00,-4.706338168531142285e-01,-9.225854089377916178e-02,0.000000000000000000e+00
6.779172829058241589e+00,5.320066641658401707e+00,0.000000000000000000e+00,-4.896214706911816705e-01,1.854599343466262554e-02,0.000000000000000000e+00
6.862343298211042608e+00,5.455697469157151147e+00,0.000000000000000000e+00,-4.367237882944729477e-01,4.473830119792551047e-02,0.000000000000000000e+00
6.681278319785245223e+00,5.451094350702444302e+00,0.000000000000000000e+00,-4.499457470235983525e-01,-3.063711827395631734e-02,0.000000000000000000e+00
9.355737302306412317e+00,4.131118872961413224e+00,0.000000000000000000e+00,-2.051616833135317675e-01,-2.772891525738123142e-01,0.000000000000000000e+00
9.281898237610150204e+00,4.262507820834121830e+00,0.000000000000000000e+00,-2.046933378492004907e-01,-3.244820111545284047e-01,0.000000000000000000e+00
9.252300843418534981e+00,4.417541297981307125e+00,0.000000000000000000e+00,-1.965333083434614991e-01,-3.819765290569869798e-01,0.000000000000000000e+00
9.175962144621159666e+00,4.563791791783018859e+00,0.000000000000000000e+00,-1.409298977338872272e-01,-3.488119483990966274e-01,0.000000000000000000e+00
9.398842125942625358e+00,4.408894859269546274e+00,0.000000000000000000e+00,-1.448483272433078728e-01,-3.824815399792318993e-01,0.000000000000000000e+00
9.428439520134240581e+00,4.253861382122360979e+00,0.000000000000000000e+00,-1.469452997356641699e-01,-3.249753185944775913e-01,0.000000000000000000e+00
9.369244731751010136e+00,4.563928336416730680e+00,0.000000000000000000e+00,-1.312516497517058622e-01,-4.343739200548399904e-01,0.000000000000000000e+00
9.470799584072016941e+00,4.021872311147114409e+00,0.000000000000000000e+00,-1.657142590071010446e-01,-2.139202232122269509e-01,0.000000000000000000e+00
9.555498779491973238e+00,3.901059709417049604e+00,0.000000000000000000e+00,-1.306305556309216298e-01,-1.382716867608230205e-01,0.000000000000000000e+00
9.543501801899846981e+00,4.144614820308063052e+00,0.000000000000000000e+00,-1.164866041440260902e-01,-2.544647053151579685e-01,0.000000000000000000e+00
9.658564083665455158e+00,4.035368258493765126e+00,0.000000000000000000e+00,-7.853947795150886813e-02,-1.695193587899911924e-01,0.000000000000000000e+00
8.984191518009424726e+00,4.877580136581122439e+00,0.000000000000000000e+00,2.613372663177559313e-02,-2.277410102140852433e-01,0.000000000000000000e+00
9.069876286735325976e+00,4.720445939153690595e+00,0.000000000000000000e+00,-7.013044044316109338e-02,-2.836218555244693351e-01,0.000000000000000000e+00
9.263158873865174670e+00,4.720582483787401529e+00,0.000000000000000000e+00,-7.263436217068278133e-02,-3.971741111754916731e-01,0.000000000000000000e+00
9.157073015979339203e+00,4.877236631158072377e+00,0.000000000000000000e+00,8.982612384064175490e-03,-3.322943744386201437e-01,0.000000000000000000e+00
9.595493379164931724e+00,3.764098938664816707e+00,0.000000000000000000e+00,-1.109400572195508028e-01,-6.790304515330679302e-02,0.000000000000000000e+00
9.690705212935519341e+00,3.630723358494650110e+00,0.000000000000000000e+00,-5.519233539308549680e-02,-1.498492674295144426e-02,0.000000000000000000e+00
9.698558683338411868e+00,3.898407487741532229e+00,0.000000000000000000e+00,-6.812242421675690496e-02,-1.070103155284766044e-01,0.000000000000000000e+00
9.738553283011366801e+00,3.761446716989299777e+00,0.000000000000000000e+00,-5.227063052030131440e-02,-5.314422173908371627e-02,0.000000000000000000e+00
8.825792114598431937e+00,5.164823262772435086e+00,0.000000000000000000e+00,3.690328329968684540e-01,1.207316915011576522e-02,0.000000000000000000e+00
8.907685954592594157e+00,5.021062239499682889e+00,0.000000000000000000e+00,2.083606324805329368e-01,-1.008614695638929831e-01,0.000000000000000000e+00
9.080567452562510411e+00,5.020718734076632828e+00,0.000000000000000000e+00,1.229336710921027226e-01,-2.643633039840624366e-01,0.000000000000000000e+00
9.004061889145681619e+00,5.164200836995194166e+00,0.000000000000000000e+00,3.110248738705512772e-01,-1.008472063966389942e-01,0.000000000000000000e+00
9.821428571429835941e+00,3.500000000000000444e+00,0.000000000000000000e+00,0.000000000000000000e+00,0.000000000000000000e+00,0.000000000000000000e+00
1.000000000000000178e+01,3.500000000000000444e+00,0.000000000000000000e+00,0.000000000000000000e+00,0.000000000000000000e+00,0.000000000000000000e+00
9.869276641505685177e+00,3.630723358494650110e+00,0.000000000000000000e+00,-1.542164620030518109e-02,-1.335271657765532000e-02,0.000000000000000000e+00
6.245209855014238087e+00,5.314233564704122337e+00,0.000000000000000000e+00,-3.293095782770962821e-01,-2.404209048515335567e-01,0.000000000000000000e+00
6.433906486389423307e+00,5.321273128164316191e+00,0.000000000000000000e+00,-4.168643671330111711e-01,-1.626337072888125457e-01,0.000000000000000000e+00
6.515620269433156864e+00,5.439165083464429173e+00,0.000000000000000000e+00,-4.140170956283382719e-01,-9.399157527999243977e-02,0.000000000000000000e+00
6.349962219081066728e+00,5.427235816226413156e+00,0.000000000000000000e+00,-3.635804577949764971e-01,-1.503910100119152937e-01,0.000000000000000000e+00
8.663734097278332769e+00,5.442210344008049816e+00,0.000000000000000000e+00,6.566760644668286906e-01,8.996338365824177452e-02,0.000000000000000000e+00
8.746929169868064236e+00,5.302754286135662909e+00,0.000000000000000000e+00,5.463100893490823173e-01,6.684779570161210327e-02,0.000000000000000000e+00
8.925198944415310365e+00,5.302131860358421989e+00,0.000000000000000000e+00,5.273588870605105949e-01,-1.737826975575776020e-02,0.000000000000000000e+00
8.846335999684940887e+00,5.440062883721648923e+00,0.000000000000000000e+00,6.649033508790713753e-01,2.444958457015020126e-02,0.000000000000000000e+00
4.964285714285715301e+00,4.000000000000000000e+00,0.000000000000000000e+00,0.000000000000000000e+00,0.000000000000000000e+00,0.000000000000000000e+00
4.875318077820198326e+00,3.851740860719671034e+00,0.000000000000000000e+00,1.551346232551701565e+00,9.444875031143404320e-02,0.000000000000000000e+00
4.785714285714286476e+00,4.000000000000000888e+00,0.000000000000000000e+00,0.000000000000000000e+00,0.000000000000000000e+00,0.000000000000000000e+00
4.690472407483142092e+00,3.592314167064663000e+00,0.000000000000000000e+00,2.293607716986421075e+00,9.739348191016543588e-01,0.000000000000000000e+00
4.769970698211166926e+00,3.704986989012142296e+00,0.000000000000000000e+00,2.019249439141521663e+00,4.224906817324004527e-01,0.000000000000000000e+00
4.680366906105254188e+00,3.853246128292471262e+00,0.000000000000000000e+00,1.209110100389322318e+00,1.757122900870804472e-01,0.000000000000000000e+00
4.575019526496222788e+00,3.706492256584942968e+00,0.000000000000000000e+00,1.401631541000002867e+00,1.065344612356099452e+00,0.000000000000000000e+00
4.604940697706882524e+00,3.343949056785492147e+00,0.000000000000000000e+00,1.693405974710193274e+00,2.369656772558005553e+00,0.000000000000000000e+00
4.672677606249381554e+00,3.459417628567764247e+00,0.000000000000000000e+00,3.067570039094698497e+00,1.615604279973633206e+00,0.000000000000000000e+00
4.539429924028700825e+00,3.440699179591146351e+00,0.000000000000000000e+00,2.630581402258242107e+00,2.800604321438923794e+00,0.000000000000000000e+00
4.442415591699932165e+00,3.128073773051045059e+00,0.000000000000000000e+00,1.795300527607665231e+00,1.391860866214642334e+00,0.000000000000000000e+00
4.527641327392464277e+00,3.251673240040963808e+00,0.000000000000000000e+00,1.447440579889012868e+00,2.144383903923490209e+00,0.000000000000000000e+00
4.462130553714283465e+00,3.348423362846618012e+00,0.000000000000000000e+00,1.780645259339362685e+00,3.172946716976678072e+00,0.000000000000000000e+00
4.384831183399864329e+00,3.256147546102088786e+00,0.000000000000000000e+00,2.441921161649431404e+00,2.296434614378944250e+00,0.000000000000000000e+00
4.557224725262462250e+00,3.573595718088045103e+00,0.000000000000000000e+00,2.124137246108986687e+00,2.093444096169027713e+00,0.000000000000000000e+00
4.500000000000000000e+00,2.875000000000000444e+00,0.000000000000000000e+00,0.000000000000000000e+00,0.000000000000000000e+00,0.000000000000000000e+00
4.358840003652717954e+00,3.010759827642945474e+00,0.000000000000000000e+00,6.624843329927460056e-01,1.939719742155579629e+00,0.000000000000000000e+00
4.301255595352650118e+00,3.138833600693989645e+00,0.000000000000000000e+00,1.910632834874285368e+00,2.598077015006790891e+00,0.000000000000000000e+00
4.406920138930201958e+00,2.915635730526217273e+00,0.000000000000000000e+00,-2.512166015304392180e-02,9.388562173584300563e-01,0.000000000000000000e+00
4.265760142582918135e+00,2.926395558169162747e+00,0.000000000000000000e+00,6.428531513171032996e-01,2.331965064469474491e+00,0.000000000000000000e+00
4.406920138930201958e+00,2.790635730526217273e+00,0.000000000000000000e+00,8.281243444623889727e-02,9.797557759154631452e-01,0.000000000000000000e+00
4.500000000000000000e+00,2.750000000000000000e+00,0.000000000000000000e+00,0.000000000000000000e+00,0.000000000000000000e+00,0.000000000000000000e+00
4.313840277860402139e+00,2.831271461052434546e+00,0.000000000000000000e+00,1.078079909589665375e-01,1.513453856350827520e+00,0.000000000000000000e+00
4.217680007305434131e+00,3.021519655285890060e+00,0.000000000000000000e+00,1.074284559890239743e+00,2.862183502533650614e+00,0.000000000000000000e+00
5.803353457442058883e+00,5.201630483465335075e+00,0.000000000000000000e+00,-9.135565615250741678e-02,-2.571134787333876348e-01,0.000000000000000000e+00
5.970702585821270780e+00,5.297778539607096882e+00,0.000000000000000000e+00,-2.073056121364222903e-01,-2.427634066985986105e-01,0.000000000000000000e+00
6.219786958068089788e+00,5.530117103223020081e+00,0.000000000000000000e+00,-2.662065467826388310e-01,-1.304586825804210648e-01,0.000000000000000000e+00
6.115034594001262036e+00,5.417114851700729261e+00,0.000000000000000000e+00,-2.425829830754572258e-01,-2.084578296404791253e-01,0.000000000000000000e+00
5.945279688875123369e+00,5.513662078125994626e+00,0.000000000000000000e+00,-1.197782726927317798e-01,-1.270547123671598722e-01,0.000000000000000000e+00
5.800947680695133002e+00,5.394325766032363134e+00,0.000000000000000000e+00,-9.558708158045171877e-02,-1.441007582941978282e-01,0.000000000000000000e+00
6.089611697055111961e+00,5.632998390219625229e+00,0.000000000000000000e+00,-1.494248183662655050e-01,-8.903824059500749233e-02,0.000000000000000000e+00
5.500000000000000000e+00,5.000000000000000000e+00,0.000000000000000000e+00,0.000000000000000000e+00,0.000000000000000000e+00,0.000000000000000000e+00
5.652879617094492382e+00,5.104467600449153153e+00,0.000000000000000000e+00,-1.857809130997452665e-02,-2.139844992048797745e-01,0.000000000000000000e+00
5.500000000000000000e+00,5.199999999999999289e+00,0.000000000000000000e+00,0.000000000000000000e+00,0.000000000000000000e+00,0.000000000000000000e+00
5.650473840347566501e+00,5.297162883016181212e+00,0.000000000000000000e+00,-2.505281945068329325e-02,-1.465942711460736236e-01,0.000000000000000000e+00
7.482581509207630432e+00,5.612971462927855093e+00,0.000000000000000000e+00,-1.629865853984108492e-01,6.236733355096166914e-02,0.000000000000000000e+00
7.658773714961236934e+00,5.604441846493632085e+00,0.000000000000000000e+00,-9.421846493444573090e-02,1.087750488835983846e-02,0.000000000000000000e+00
7.572051687334709236e+00,5.747259355286746363e+00,0.000000000000000000e+00,-1.170542304838700642e-01,3.273727750962887074e-03,0.000000000000000000e+00
7.123940257496511386e+00,5.597544064137935038e+00,0.000000000000000000e+00,-3.063619748626255634e-01,8.638201420950107623e-02,0.000000000000000000e+00
7.298791784718366316e+00,5.606735555616487510e+00,0.000000000000000000e+00,-2.245603109508601536e-01,7.390527065539580220e-02,0.000000000000000000e+00
7.388261962845446895e+00,5.741023447975379668e+00,0.000000000000000000e+00,-1.518276170638627465e-01,3.602593892104075796e-02,0.000000000000000000e+00
7.204472238356182778e+00,5.734787540664012084e+00,0.000000000000000000e+00,-1.881983988016031062e-01,3.104726238040948078e-02,0.000000000000000000e+00
8.015335068375909700e+00,5.582262222607292657e+00,0.000000000000000000e+00,1.112523310617981875e-01,2.985708579035997179e-01,0.000000000000000000e+00
7.836624010240969440e+00,5.592670051750423532e+00,0.000000000000000000e+00,-2.236054991438704911e-02,8.890507645263737158e-02,0.000000000000000000e+00
7.749901982614441742e+00,5.735487560543537811e+00,0.000000000000000000e+00,-1.382361007261623531e-01,1.263700161701672604e-02,0.000000000000000000e+00
7.927752277894172472e+00,5.723715765800327482e+00,0.000000000000000000e+00,-1.280147201250275701e-01,1.237639420975084614e-01,0.000000000000000000e+00
6.762270227435129399e+00,5.586788040609479644e+00,0.000000000000000000e+00,-3.765100514233376550e-01,-5.787279510300082780e-03,0.000000000000000000e+00
6.943335205860926784e+00,5.591391159064185601e+00,0.000000000000000000e+00,-3.592491799809562902e-01,6.205697232906816352e-02,0.000000000000000000e+00
7.023867186720598177e+00,5.728634635590263535e+00,0.000000000000000000e+00,-2.403816416728816741e-01,4.255168450906739869e-02,0.000000000000000000e+00
6.843262135085011799e+00,5.722481730516513210e+00,0.000000000000000000e+00,-2.772057443755127082e-01,1.141799295915817657e-02,0.000000000000000000e+00
8.390370887734000860e+00,5.579238432900107014e+00,0.000000000000000000e+00,4.422120695408996993e-01,2.197308296506886305e-01,0.000000000000000000e+00
8.201263719726963330e+00,5.577463870460009687e+00,0.000000000000000000e+00,2.745737568169800413e-01,2.770588126208547997e-01,0.000000000000000000e+00
8.113680929245225215e+00,5.718917413653045401e+00,0.000000000000000000e+00,5.397507459392968110e-02,1.652184070604027499e-01,0.000000000000000000e+00
8.299609580596275293e+00,5.714119061505762431e+00,0.000000000000000000e+00,2.102021440935179231e-01,1.302839569897845384e-01,0.000000000000000000e+00
8.764204599036238719e+00,5.572418126025404206e+00,0.000000000000000000e+00,5.571374062341035716e-01,2.599890282328093036e-02,0.000000000000000000e+00
8.581602696629628824e+00,5.574565586311804211e+00,0.000000000000000000e+00,5.394546986560055934e-01,1.279711779224462498e-01,0.000000000000000000e+00
8.490841389491905034e+00,5.709446214917461404e+00,0.000000000000000000e+00,3.300195594513281039e-01,1.041387315184265222e-01,0.000000000000000000e+00
8.682073198387532997e+00,5.704773368329157712e+00,0.000000000000000000e+00,4.040122846591491790e-01,3.867404554419164031e-02,0.000000000000000000e+00
6.411817026260083985e+00,5.563386507864746200e+00,0.000000000000000000e+00,-3.261854534194577604e-01,-8.665090146915974123e-02,0.000000000000000000e+00
6.577475076612173233e+00,5.575315775102762217e+00,0.000000000000000000e+00,-3.665250932219798474e-01,-3.888154023885463662e-02,0.000000000000000000e+00
6.658466984262056521e+00,5.711009465009796671e+00,0.000000000000000000e+00,-2.746027935075540660e-01,-1.218806760975098789e-02,0.000000000000000000e+00
6.473671833439099466e+00,5.699537199503077467e+00,0.000000000000000000e+00,-2.593724245580995014e-01,-3.389493137286699043e-02,0.000000000000000000e+00
9.562218132912178703e+00,4.322170537238665844e+00,0.000000000000000000e+00,-9.969389309173797009e-02,-3.068544706690723989e-01,0.000000000000000000e+00
9.532620738720559928e+00,4.477204014385850250e+00,0.000000000000000000e+00,-9.935410143869748134e-02,-3.621601634292512251e-01,0.000000000000000000e+00
9.695996745690111496e+00,4.390479692354969821e+00,0.000000000000000000e+00,-6.086419894778533762e-02,-2.713052163676190065e-01,0.000000000000000000e+00
9.677280414677783327e+00,4.212923975424367029e+00,0.000000000000000000e+00,-6.475636870073256390e-02,-2.259679494181761894e-01,0.000000000000000000e+00
9.306615534281888813e+00,4.890087305207366342e+00,0.000000000000000000e+00,-2.529431031566471699e-02,-3.886115543624651392e-01,0.000000000000000000e+00
9.412701392167722503e+00,4.733433157836695493e+00,0.000000000000000000e+00,-8.021401699321320522e-02,-4.447798271406504522e-01,0.000000000000000000e+00
9.696642752150074429e+00,4.567030625787141140e+00,0.000000000000000000e+00,-4.854142292446589346e-02,-3.205814918687227011e-01,0.000000000000000000e+00
9.533266745180522861e+00,4.653754947818020682e+00,0.000000000000000000e+00,-8.477922842005325421e-02,-4.060788155954407896e-01,0.000000000000000000e+00
9.576723405597237004e+00,4.823259769237986383e+00,0.000000000000000000e+00,-5.355995710259905257e-02,-4.108384996184892279e-01,0.000000000000000000e+00
9.456158052584436646e+00,4.902937979256660306e+00,0.000000000000000000e+00,-5.056826260750341140e-02,-4.433187232352465146e-01,0.000000000000000000e+00
9.697288758610037362e+00,4.743581559219312460e+00,0.000000000000000000e+00,-4.930700720372467594e-02,-3.633337946549247688e-01,0.000000000000000000e+00
1.000000000000000000e+01,4.035714285714286476e+00,0.000000000000000000e+00,-1.600431184201817902e-01,-1.614741068559224224e-01,0.000000000000000000e+00
9.869276641505685177e+00,3.809294787066078936e+00,0.000000000000000000e+00,-1.435535780629959395e-02,-4.886713381573671439e-02,0.000000000000000000e+00
9.829282041832726691e+00,3.946255557818310944e+00,0.000000000000000000e+00,-2.222487678434419481e-02,-9.273323622906276542e-02,0.000000000000000000e+00
9.829282041832726691e+00,4.124826986389740213e+00,0.000000000000000000e+00,-2.222869114389751724e-02,-1.326862102931692655e-01,0.000000000000000000e+00
9.847998372845056636e+00,4.302382703320342117e+00,0.000000000000000000e+00,-1.985414208565387459e-02,-1.574645838918392604e-01,0.000000000000000000e+00
1.000000000000000178e+01,3.857142857142858094e+00,0.000000000000000000e+00,0.000000000000000000e+00,0.000000000000000000e+00,0.000000000000000000e+00
1.000000000000000178e+01,4.214285714285715301e+00,0.000000000000000000e+00,0.000000000000000000e+00,0.000000000000000000e+00,0.000000000000000000e+00
9.188453728764077511e+00,5.192930157950369718e+00,0.000000000000000000e+00,1.791273700867233309e-01,-2.214729606279035590e-01,0.000000000000000000e+00
9.264959292180908079e+00,5.049448055031809268e+00,0.000000000000000000e+00,6.409717597486996876e-02,-3.225293411105117913e-01,0.000000000000000000e+00
9.414501810483455913e+00,5.062298729081103232e+00,0.000000000000000000e+00,2.048816927583219788e-02,-3.932878796700787216e-01,0.000000000000000000e+00
9.372845568382473402e+00,5.221659478905545271e+00,0.000000000000000000e+00,9.425761807306261286e-02,-3.183461415698836117e-01,0.000000000000000000e+00
1.000000000000000000e+01,3.678571428571428825e+00,0.000000000000000000e+00,0.000000000000000000e+00,0.000000000000000000e+00,0.000000000000000000e+00
8.994782151811630655e+00,5.437306309863356724e+00,0.000000000000000000e+00,6.148155724745169026e-01,3.860672663193426973e-02,0.000000000000000000e+00
9.073645096541998356e+00,5.299375286500128013e+00,0.000000000000000000e+00,4.497864624149907065e-01,-2.555205470829409811e-02,0.000000000000000000e+00
9.258036936160396024e+00,5.328104607455304453e+00,0.000000000000000000e+00,3.449769924379633146e-01,-1.768313077294428881e-01,0.000000000000000000e+00
9.143228303938316870e+00,5.434549736005062748e+00,0.000000000000000000e+00,5.432398961032415263e-01,3.163344161996926862e-02,0.000000000000000000e+00
6.281641765247107045e+00,5.666267794861352236e+00,0.000000000000000000e+00,-2.155400571749369887e-01,-6.456276612960890060e-02,0.000000000000000000e+00
8.946669351580990082e+00,5.570125358407435279e+00,0.000000000000000000e+00,5.652430189742850830e-01,6.635547658236129465e-02,0.000000000000000000e+00
8.864537950932287913e+00,5.702480600711189673e+00,0.000000000000000000e+00,4.201394229388639712e-01,2.024577802594310777e-02,0.000000000000000000e+00
9.095115503707678073e+00,5.567368784549142191e+00,0.000000000000000000e+00,5.205597052141798242e-01,1.063188856707373842e-01,0.000000000000000000e+00
9.047002703477037500e+00,5.700187833093219858e+00,0.000000000000000000e+00,4.430438478049993911e-01,1.232845032543805897e-01,0.000000000000000000e+00
4.607142857142857650e+00,4.000000000000000000e+00,0.000000000000000000e+00,0.000000000000000000e+00,0.000000000000000000e+00,0.000000000000000000e+00
4.501795477533827139e+00,3.853246128292472150e+00,0.000000000000000000e+00,9.885943377492800721e-01,5.429459920727508493e-01,0.000000000000000000e+00
4.428571428571430602e+00,4.000000000000000888e+00,0.000000000000000000e+00,0.000000000000000000e+00,0.000000000000000000e+00,0.000000000000000000e+00
4.400176037210497881e+00,3.478110131667813576e+00,0.000000000000000000e+00,1.793823468017919254e+00,2.330615112068672445e+00,0.000000000000000000e+00
4.417970838444259307e+00,3.611006670164712329e+00,0.000000000000000000e+00,9.089505993212636525e-01,1.422027229167883711e+00,0.000000000000000000e+00
4.412509763248112726e+00,3.748900213329142694e+00,0.000000000000000000e+00,8.550337248643841148e-01,9.371005027462212533e-01,0.000000000000000000e+00
4.339285714285716189e+00,3.895654085036671432e+00,0.000000000000000000e+00,2.839971906188370476e-01,1.968520572441405658e-01,0.000000000000000000e+00
4.255461075196148357e+00,3.653414626908912055e+00,0.000000000000000000e+00,4.833521156541008001e-01,1.090931043336009765e+00,0.000000000000000000e+00
4.250000000000001776e+00,3.791308170073342421e+00,0.000000000000000000e+00,1.789166158510094307e-01,5.549484868441000307e-01,0.000000000000000000e+00
4.260922150392295826e+00,3.515521083744481246e+00,0.000000000000000000e+00,7.921438427234185342e-01,1.414826289868984066e+00,0.000000000000000000e+00
4.322876666896079634e+00,3.385834314923284794e+00,0.000000000000000000e+00,1.676244622941472251e+00,2.016215173023686802e+00,0.000000000000000000e+00
4.165298465132774020e+00,3.132873570489404180e+00,0.000000000000000000e+00,1.478826278851018694e+00,2.737364400807405396e+00,0.000000000000000000e+00
4.248874053179989119e+00,3.250187515897503765e+00,0.000000000000000000e+00,2.143837807313907273e+00,2.448375010724131329e+00,0.000000000000000000e+00
4.186919536676204423e+00,3.379874284718699773e+00,0.000000000000000000e+00,1.314014897692989070e+00,2.121768271381909265e+00,0.000000000000000000e+00
4.112916922960113908e+00,3.244227485692918300e+00,0.000000000000000000e+00,1.704987555329432025e+00,2.649065620096588525e+00,0.000000000000000000e+00
4.190273852390571818e+00,2.798340001806629562e+00,0.000000000000000000e+00,6.270134202277343194e-01,2.239546006400603417e+00,0.000000000000000000e+00
4.142193717113087814e+00,2.893464098923357319e+00,0.000000000000000000e+00,9.791194909081083475e-01,2.831654439250902211e+00,0.000000000000000000e+00
4.066707426920740609e+00,2.765408542560824134e+00,0.000000000000000000e+00,1.063277737461540307e+00,2.717827632830238649e+00,0.000000000000000000e+00
4.299327116468123933e+00,2.725350284233948539e+00,0.000000000000000000e+00,3.973947559349407244e-01,1.279052824125175070e+00,0.000000000000000000e+00
4.392406977537921975e+00,2.684714553707730822e+00,0.000000000000000000e+00,7.926652082306186176e-02,7.789599395501527468e-01,0.000000000000000000e+00
4.284813955075843950e+00,2.619429107415462088e+00,0.000000000000000000e+00,4.753222763964411873e-02,1.137708794109645982e+00,0.000000000000000000e+00
4.500000000000000000e+00,2.625000000000000000e+00,0.000000000000000000e+00,0.000000000000000000e+00,0.000000000000000000e+00,0.000000000000000000e+00
4.392406977537921975e+00,2.559714553707731266e+00,0.000000000000000000e+00,1.572084574143007424e-02,7.409287398795547652e-01,0.000000000000000000e+00
4.500000000000000000e+00,2.500000000000000000e+00,0.000000000000000000e+00,0.000000000000000000e+00,0.000000000000000000e+00,0.000000000000000000e+00
4.175760690998291835e+00,2.692418824988143111e+00,0.000000000000000000e+00,6.786876337827790762e-01,2.098411836243182726e+00,0.000000000000000000e+00
4.080383066212744936e+00,3.011509867079364966e+00,0.000000000000000000e+00,8.998505106386136543e-01,2.549447215967064917e+00,0.000000000000000000e+00
4.028001524040084824e+00,3.122863782282879086e+00,0.000000000000000000e+00,1.333986642092185981e+00,2.413977880010858446e+00,0.000000000000000000e+00
4.004896776020398619e+00,2.883454310716832225e+00,0.000000000000000000e+00,8.491063644188703297e-01,2.475020375142007456e+00,0.000000000000000000e+00
3.943086125120055740e+00,3.001500078872839428e+00,0.000000000000000000e+00,7.785340262146158707e-01,2.137983076363565882e+00,0.000000000000000000e+00
5.785402671337214642e+00,5.558557728963386069e+00,0.000000000000000000e+00,-5.519446776786673253e-02,-8.536658190017124004e-02,0.000000000000000000e+00
5.929734679517205009e+00,5.677894041057017560e+00,0.000000000000000000e+00,-8.525888972243861330e-02,-6.584011916499153683e-02,0.000000000000000000e+00
5.769857661979295393e+00,5.722789691894409003e+00,0.000000000000000000e+00,-3.880357376407077286e-02,-3.938868392624905040e-02,0.000000000000000000e+00
5.500000000000000000e+00,5.400000000000000355e+00,0.000000000000000000e+00,0.000000000000000000e+00,0.000000000000000000e+00,0.000000000000000000e+00
5.650473840347567389e+00,5.497162883016182278e+00,0.000000000000000000e+00,-2.594406261071947536e-02,-8.061866025592209772e-02,0.000000000000000000e+00
5.634928830989648141e+00,5.661394845947205212e+00,0.000000000000000000e+00,-1.096697726621610573e-02,-4.344101816737001159e-02,0.000000000000000000e+00
5.500000000000000000e+00,5.599999999999999645e+00,0.000000000000000000e+00,0.000000000000000000e+00,0.000000000000000000e+00,0.000000000000000000e+00
6.062500000000000000e+00,6.000000000000000888e+00,0.000000000000000000e+00,0.000000000000000000e+00,0.000000000000000000e+00,0.000000000000000000e+00
6.361835916719550177e+00,5.849768599751539178e+00,0.000000000000000000e+00,-1.469359214454223905e-01,-1.179560785275606677e-02,0.000000000000000000e+00
6.169805848527555980e+00,5.816499195109813058e+00,0.000000000000000000e+00,-1.273641427306886620e-01,-2.551573163528159452e-02,0.000000000000000000e+00
5.822428830989648141e+00,5.861394845947204502e+00,0.000000000000000000e+00,-3.884391248772261357e-02,-1.204688143994206775e-02,0.000000000000000000e+00
5.982305848527555980e+00,5.816499195109813058e+00,0.000000000000000000e+00,-8.206541041833453898e-02,-2.445086807921574568e-02,0.000000000000000000e+00
6.250000000000000000e+00,6.000000000000000000e+00,0.000000000000000000e+00,0.000000000000000000e+00,0.000000000000000000e+00,0.000000000000000000e+00
5.875000000000000888e+00,6.000000000000000888e+00,0.000000000000000000e+00,0.000000000000000000e+00,0.000000000000000000e+00,0.000000000000000000e+00
7.562500000000000888e+00,6.000000000000000888e+00,0.000000000000000000e+00,0.000000000000000000e+00,0.000000000000000000e+00,0.000000000000000000e+00
7.289736119178091833e+00,5.867393770332006042e+00,0.000000000000000000e+00,-1.137609780813098603e-01,1.220831691880613565e-02,0.000000000000000000e+00
7.473525843667355062e+00,5.873629677643373626e+00,0.000000000000000000e+00,-8.614147250677846313e-02,2.987588753285240831e-03,0.000000000000000000e+00
7.661025843667355062e+00,5.873629677643373626e+00,0.000000000000000000e+00,-8.688800178070300861e-02,3.581486253906755041e-03,0.000000000000000000e+00
7.838876138947085792e+00,5.861857882900164185e+00,0.000000000000000000e+00,-8.866400438269508855e-02,3.551309851796852213e-02,0.000000000000000000e+00
7.375000000000000888e+00,6.000000000000000888e+00,0.000000000000000000e+00,0.000000000000000000e+00,0.000000000000000000e+00,0.000000000000000000e+00
7.750000000000000000e+00,6.000000000000000000e+00,0.000000000000000000e+00,0.000000000000000000e+00,0.000000000000000000e+00,0.000000000000000000e+00
7.187500000000000888e+00,6.000000000000000888e+00,0.000000000000000000e+00,0.000000000000000000e+00,0.000000000000000000e+00,0.000000000000000000e+00
7.102236119178091833e+00,5.867393770332006042e+00,0.000000000000000000e+00,-1.333348453002402845e-01,9.063989889065770383e-03,0.000000000000000000e+00
6.921631067542506344e+00,5.861240865258256605e+00,0.000000000000000000e+00,-1.662122872968580800e-01,7.210586927215936574e-03,0.000000000000000000e+00
7.000000000000000888e+00,6.000000000000000888e+00,0.000000000000000000e+00,0.000000000000000000e+00,0.000000000000000000e+00,0.000000000000000000e+00
7.937500000000000888e+00,6.000000000000000888e+00,0.000000000000000000e+00,0.000000000000000000e+00,0.000000000000000000e+00,0.000000000000000000e+00
8.212304790298137647e+00,5.857059530752881216e+00,0.000000000000000000e+00,9.471481763947968424e-02,4.794769144767702107e-02,0.000000000000000000e+00
8.026376138947085792e+00,5.861857882900164185e+00,0.000000000000000000e+00,-1.051172649867366041e-02,3.736058515964951754e-02,0.000000000000000000e+00
8.125000000000000000e+00,6.000000000000000000e+00,0.000000000000000000e+00,0.000000000000000000e+00,0.000000000000000000e+00,0.000000000000000000e+00
6.812500000000000888e+00,6.000000000000000888e+00,0.000000000000000000e+00,0.000000000000000000e+00,0.000000000000000000e+00,0.000000000000000000e+00
6.549335916719550177e+00,5.849768599751539178e+00,0.000000000000000000e+00,-1.700147673474983467e-01,-9.106838951125248785e-03,0.000000000000000000e+00
6.734131067542506344e+00,5.861240865258256605e+00,0.000000000000000000e+00,-1.710057892143752312e-01,1.497563355378332380e-03,0.000000000000000000e+00
6.625000000000000000e+00,6.000000000000000000e+00,0.000000000000000000e+00,0.000000000000000000e+00,0.000000000000000000e+00,0.000000000000000000e+00
8.312500000000000000e+00,6.000000000000000888e+00,0.000000000000000000e+00,0.000000000000000000e+00,0.000000000000000000e+00,0.000000000000000000e+00
8.399804790298137647e+00,5.857059530752881216e+00,0.000000000000000000e+00,1.716036355661745838e-01,3.623173245226130740e-02,0.000000000000000000e+00
8.591036599193767387e+00,5.852386684164579300e+00,0.000000000000000000e+00,2.404633162060074991e-01,2.291481485332630061e-02,0.000000000000000000e+00
8.500000000000000000e+00,6.000000000000000000e+00,0.000000000000000000e+00,0.000000000000000000e+00,0.000000000000000000e+00,0.000000000000000000e+00
8.687500000000000000e+00,6.000000000000000888e+00,0.000000000000000000e+00,0.000000000000000000e+00,0.000000000000000000e+00,0.000000000000000000e+00
8.961001351738520526e+00,5.850093916546610373e+00,0.000000000000000000e+00,2.583544955112203612e-01,3.814692377871427981e-02,0.000000000000000000e+00
8.778536599193767387e+00,5.852386684164579300e+00,0.000000000000000000e+00,2.526442521088884674e-01,5.716742132653836184e-03,0.000000000000000000e+00
8.875000000000000000e+00,6.000000000000000000e+00,0.000000000000000000e+00,0.000000000000000000e+00,0.000000000000000000e+00,0.000000000000000000e+00
6.437500000000000888e+00,6.000000000000000888e+00,0.000000000000000000e+00,0.000000000000000000e+00,0.000000000000000000e+00,0.000000000000000000e+00
1.000000000000000000e+01,4.392857142857142350e+00,0.000000000000000000e+00,0.000000000000000000e+00,0.000000000000000000e+00,0.000000000000000000e+00
9.847998372845056636e+00,4.480954131891770942e+00,0.000000000000000000e+00,-1.620247020033980384e-02,-1.938049455044188463e-01,0.000000000000000000e+00
9.848644379305017793e+00,4.657505065323940485e+00,0.000000000000000000e+00,-1.601462669247081735e-02,-2.260920500922712351e-01,0.000000000000000000e+00
1.000000000000000178e+01,4.571428571428571175e+00,0.000000000000000000e+00,0.000000000000000000e+00,0.000000000000000000e+00,0.000000000000000000e+00
9.579805556987306403e+00,4.996257701924530004e+00,0.000000000000000000e+00,-4.449554338487771848e-02,-4.307232599969275100e-01,0.000000000000000000e+00
9.700370910000104985e+00,4.916579491905855193e+00,0.000000000000000000e+00,-2.892140620914883387e-02,-3.960655833263369563e-01,0.000000000000000000e+00
9.703453061390172607e+00,5.089577424592397925e+00,0.000000000000000000e+00,-4.116548486413919294e-02,-4.252499700367184388e-01,0.000000000000000000e+00
9.538149314886325669e+00,5.155618451748972930e+00,0.000000000000000000e+00,7.525667977078409274e-03,-3.891731973683703605e-01,0.000000000000000000e+00
1.000000000000000000e+01,4.749999999999999112e+00,0.000000000000000000e+00,0.000000000000000000e+00,0.000000000000000000e+00,0.000000000000000000e+00
9.848644379305017793e+00,4.836076493895369310e+00,0.000000000000000000e+00,-1.122657735487483932e-02,-2.560658389437223681e-01,0.000000000000000000e+00
9.851726530695087192e+00,5.009074426581912931e+00,0.000000000000000000e+00,-1.186034725415419447e-02,-2.760286930256188320e-01,0.000000000000000000e+00
1.000000000000000178e+01,4.928571428571427937e+00,0.000000000000000000e+00,0.000000000000000000e+00,0.000000000000000000e+00,0.000000000000000000e+00
9.279354463086932014e+00,5.534997434352565193e+00,0.000000000000000000e+00,4.949204267479281327e-01,-2.361003437013970904e-02,0.000000000000000000e+00
9.394163095309011169e+00,5.428552305802806011e+00,0.000000000000000000e+00,3.257373046041404652e-01,-1.476132133560418558e-01,0.000000000000000000e+00
9.537484076270725808e+00,5.330625426291726754e+00,0.000000000000000000e+00,6.814848193262196263e-02,-3.473821831141282179e-01,0.000000000000000000e+00
9.702787822774574522e+00,5.264584399135152637e+00,0.000000000000000000e+00,1.733619182711779172e-02,-4.234539536299162243e-01,0.000000000000000000e+00
9.558801603197263574e+00,5.537518253188986606e+00,0.000000000000000000e+00,2.911172309828033433e-01,-1.745682234950330647e-01,0.000000000000000000e+00
9.702122584158978214e+00,5.439591373677908237e+00,0.000000000000000000e+00,3.016406592337503301e-02,-4.071244056658551713e-01,0.000000000000000000e+00
9.415480622235547159e+00,5.635445132700065862e+00,0.000000000000000000e+00,4.605278081814841995e-01,-1.952800488291429187e-02,0.000000000000000000e+00
9.231241662856293217e+00,5.667816482896643748e+00,0.000000000000000000e+00,4.744727009312220134e-01,1.134214797815445187e-02,0.000000000000000000e+00
9.062500000000000000e+00,6.000000000000000888e+00,0.000000000000000000e+00,0.000000000000000000e+00,0.000000000000000000e+00,0.000000000000000000e+00
9.148501351738520526e+00,5.850093916546610373e+00,0.000000000000000000e+00,3.110257525195820882e-01,2.997014827894714170e-02,0.000000000000000000e+00
9.332740311117774468e+00,5.817722566350033375e+00,0.000000000000000000e+00,3.456415951291317290e-01,3.291316600492979501e-05,0.000000000000000000e+00
9.250000000000000000e+00,6.000000000000000000e+00,0.000000000000000000e+00,0.000000000000000000e+00,0.000000000000000000e+00,0.000000000000000000e+00
4.250000000000001776e+00,4.000000000000000000e+00,0.000000000000000000e+00,0.000000000000000000e+00,0.000000000000000000e+00,0.000000000000000000e+00
4.160714285714288252e+00,3.895654085036671432e+00,0.000000000000000000e+00,-1.132623542199641259e-01,2.060991652995874390e-01,0.000000000000000000e+00
4.071428571428573839e+00,4.000000000000000888e+00,0.000000000000000000e+00,0.000000000000000000e+00,0.000000000000000000e+00,0.000000000000000000e+00
4.093661746168688609e+00,3.743922269390815849e+00,0.000000000000000000e+00,-2.683253816637294897e-01,7.034138603446844495e-01,0.000000000000000000e+00
4.099122821364835190e+00,3.606028726226385039e+00,0.000000000000000000e+00,1.324805349993027070e-01,1.278585298120413771e+00,0.000000000000000000e+00
3.937323492337374109e+00,3.696536368708288833e+00,0.000000000000000000e+00,-7.436386179349934178e-01,6.657268296735592283e-01,0.000000000000000000e+00
4.004376031882973308e+00,3.848268184354144417e+00,0.000000000000000000e+00,-5.222256735198109734e-01,2.863631957958309715e-01,0.000000000000000000e+00
4.046082848861431991e+00,3.337101212249184101e+00,0.000000000000000000e+00,9.712569434171288707e-01,2.355342076227331383e+00,0.000000000000000000e+00
4.120085462577522506e+00,3.472748011274965130e+00,0.000000000000000000e+00,4.137096653976874427e-01,1.619532446157161187e+00,0.000000000000000000e+00
3.958286133550061869e+00,3.563255653756868924e+00,0.000000000000000000e+00,-2.460179496536649413e-01,1.330496554025529576e+00,0.000000000000000000e+00
3.979248774762750518e+00,3.429974938805449458e+00,0.000000000000000000e+00,1.341494272403872534e-01,1.687432366665773564e+00,0.000000000000000000e+00
3.919074982815515362e+00,3.122656382301848055e+00,0.000000000000000000e+00,1.082250265955321478e+00,1.727539555350122713e+00,0.000000000000000000e+00
4.003990381735543558e+00,3.244020085711886825e+00,0.000000000000000000e+00,1.440670943307964302e+00,2.115736000556202701e+00,0.000000000000000000e+00
3.937156307636862085e+00,3.336893812268152182e+00,0.000000000000000000e+00,7.807702315594855502e-01,1.519862156645586992e+00,0.000000000000000000e+00
3.895063840510973652e+00,3.243812685730855350e+00,0.000000000000000000e+00,1.118683946396276774e+00,1.338937403087115063e+00,0.000000000000000000e+00
3.977727960925892425e+00,2.788754724953242281e+00,0.000000000000000000e+00,9.516211797824312146e-01,2.486368496331179845e+00,0.000000000000000000e+00
3.915917310025549991e+00,2.906800493109249928e+00,0.000000000000000000e+00,6.936042255873449136e-01,2.215191035760369687e+00,0.000000000000000000e+00
4.041091258403695541e+00,2.633057124227965229e+00,0.000000000000000000e+00,8.769060099517956841e-01,2.433185267579060618e+00,0.000000000000000000e+00
4.150144522481246767e+00,2.560067406655283762e+00,0.000000000000000000e+00,1.013224148780815376e-01,1.736445198915086419e+00,0.000000000000000000e+00
3.861506228865193346e+00,2.723437203438632714e+00,0.000000000000000000e+00,1.087483370308566233e+00,2.257901196792438725e+00,0.000000000000000000e+00
3.950485694860041974e+00,2.700091021046215012e+00,0.000000000000000000e+00,1.341893631021065847e+00,2.452599467595783622e+00,0.000000000000000000e+00
3.924869526342996906e+00,2.567739602713356106e+00,0.000000000000000000e+00,5.355783193989306357e-01,2.360261745573710712e+00,0.000000000000000000e+00
3.888748494931043354e+00,2.812100907345659540e+00,0.000000000000000000e+00,8.028285931233360984e-01,2.231710367049812849e+00,0.000000000000000000e+00
4.015475089886649585e+00,2.500705705895105879e+00,0.000000000000000000e+00,-1.566983426834217194e-02,2.202160611153254344e+00,0.000000000000000000e+00
3.834263962799342895e+00,2.634773499531605889e+00,0.000000000000000000e+00,9.626906704014611682e-01,2.442229810166330228e+00,0.000000000000000000e+00
4.378254139181560589e+00,2.430215860972100739e+00,0.000000000000000000e+00,-1.510808528287814756e-01,7.996953466579364012e-01,0.000000000000000000e+00
4.270661116719482564e+00,2.489930414679832005e+00,0.000000000000000000e+00,-4.481449228514981092e-02,1.165614103155101722e+00,0.000000000000000000e+00
4.135991684124885381e+00,2.430568713919653678e+00,0.000000000000000000e+00,-1.081402334194301734e-01,1.770840583312728755e+00,0.000000000000000000e+00
4.256508278363119402e+00,2.360431721944201033e+00,0.000000000000000000e+00,-2.600239456917490255e-01,1.185709620686961729e+00,0.000000000000000000e+00
4.625000000000000000e+00,2.500000000000000000e+00,0.000000000000000000e+00,0.000000000000000000e+00,0.000000000000000000e+00,0.000000000000000000e+00
4.502815880240119029e+00,2.370122752356083495e+00,0.000000000000000000e+00,-1.372302982378156289e-01,1.139631495622834279e-01,0.000000000000000000e+00
4.381070019421678730e+00,2.300338613328184234e+00,0.000000000000000000e+00,-2.598654427568240499e-01,8.332368414425627146e-01,0.000000000000000000e+00
4.627815880240119029e+00,2.370122752356083495e+00,0.000000000000000000e+00,-7.630536125658629598e-02,5.268254614584479828e-02,0.000000000000000000e+00
4.750000000000000000e+00,2.500000000000000000e+00,0.000000000000000000e+00,0.000000000000000000e+00,0.000000000000000000e+00,0.000000000000000000e+00
4.505631760480238057e+00,2.240245504712167435e+00,0.000000000000000000e+00,-2.571813205458915452e-01,2.339405864447942074e-01,0.000000000000000000e+00
3.805150903223368353e+00,3.182514758002795485e+00,0.000000000000000000e+00,8.323161898017502613e-01,1.123791643261405238e+00,0.000000000000000000e+00
3.829162045527909619e+00,3.061358454573787746e+00,0.000000000000000000e+00,7.490794262153923633e-01,1.535675857471815009e+00,0.000000000000000000e+00
3.802796645479471938e+00,2.840203178020411556e+00,0.000000000000000000e+00,5.226611006105778001e-01,1.710248066823067958e+00,0.000000000000000000e+00
3.829965460573978131e+00,2.934902763784001500e+00,0.000000000000000000e+00,4.510145956000140566e-01,1.677561065701657750e+00,0.000000000000000000e+00
3.716041380981831566e+00,2.994761139484949375e+00,0.000000000000000000e+00,3.917639465617792083e-01,8.092247776659695635e-01,0.000000000000000000e+00
3.715237965935763054e+00,3.121216830274735177e+00,0.000000000000000000e+00,6.369549098504454498e-01,5.980620852345964744e-01,0.000000000000000000e+00
3.716844796027900522e+00,2.868305448695163573e+00,0.000000000000000000e+00,1.479291959208531015e-01,9.604223707315455716e-01,0.000000000000000000e+00
5.500000000000000000e+00,5.800000000000000711e+00,0.000000000000000000e+00,0.000000000000000000e+00,0.000000000000000000e+00,0.000000000000000000e+00
5.687500000000000000e+00,6.000000000000000888e+00,0.000000000000000000e+00,0.000000000000000000e+00,0.000000000000000000e+00,0.000000000000000000e+00
5.500000000000000000e+00,6.000000000000000000e+00,0.000000000000000000e+00,0.000000000000000000e+00,0.000000000000000000e+00,0.000000000000000000e+00
5.634928830989648141e+00,5.861394845947204502e+00,0.000000000000000000e+00,-1.084841581845971334e-02,-1.154676910097420829e-02,0.000000000000000000e+00
1.000000000000000000e+01,5.107142857142855874e+00,0.000000000000000000e+00,0.000000000000000000e+00,0.000000000000000000e+00,0.000000000000000000e+00
9.851061292079489107e+00,5.362652829696095580e+00,0.000000000000000000e+00,1.037603985730001059e-02,-3.061787892590945859e-01,0.000000000000000000e+00
9.851726530695087192e+00,5.187645855153341756e+00,0.000000000000000000e+00,-6.677085949098705148e-03,-3.049708317931433821e-01,0.000000000000000000e+00
1.000000000000000178e+01,5.285714285714284699e+00,0.000000000000000000e+00,0.000000000000000000e+00,0.000000000000000000e+00,0.000000000000000000e+00
9.572675633766737135e+00,5.685056440845731807e+00,0.000000000000000000e+00,4.335705865188063113e-01,-5.981719351237194116e-02,0.000000000000000000e+00
9.715996614728451775e+00,5.587129561334652550e+00,0.000000000000000000e+00,1.768496943612063443e-01,-2.856297501852208542e-01,0.000000000000000000e+00
9.729870645297925336e+00,5.734667748991396863e+00,0.000000000000000000e+00,4.003868430355411734e-01,-1.429258754607327653e-01,0.000000000000000000e+00
1.000000000000000000e+01,5.464285714285713524e+00,0.000000000000000000e+00,0.000000000000000000e+00,0.000000000000000000e+00,0.000000000000000000e+00
9.851061292079489107e+00,5.541224258267525293e+00,0.000000000000000000e+00,1.508947713480796385e-02,-3.120981118759199036e-01,0.000000000000000000e+00
9.864935322648964444e+00,5.688762445924270494e+00,0.000000000000000000e+00,1.344494808477473269e-01,-2.169474666916623162e-01,0.000000000000000000e+00
1.000000000000000178e+01,5.642857142857143238e+00,0.000000000000000000e+00,0.000000000000000000e+00,0.000000000000000000e+00,0.000000000000000000e+00
9.437500000000000000e+00,6.000000000000000888e+00,0.000000000000000000e+00,0.000000000000000000e+00,0.000000000000000000e+00,0.000000000000000000e+00
9.520240311117774468e+00,5.817722566350033375e+00,0.000000000000000000e+00,3.295235301041776754e-01,-1.526128902913171347e-02,0.000000000000000000e+00
9.677435322648964444e+00,5.867333874495699320e+00,0.000000000000000000e+00,2.165911803572895533e-01,-6.634984644012002775e-02,0.000000000000000000e+00
9.625000000000000000e+00,6.000000000000000000e+00,0.000000000000000000e+00,0.000000000000000000e+00,0.000000000000000000e+00,0.000000000000000000e+00
3.892857142857145014e+00,4.000000000000000000e+00,0.000000000000000000e+00,0.000000000000000000e+00,0.000000000000000000e+00,0.000000000000000000e+00
3.825804603311545371e+00,3.848268184354144861e+00,0.000000000000000000e+00,-7.354994901214636505e-01,9.884532659794158238e-02,0.000000000000000000e+00
3.714285714285716633e+00,4.000000000000000888e+00,0.000000000000000000e+00,0.000000000000000000e+00,0.000000000000000000e+00,0.000000000000000000e+00
3.852039094269469111e+00,3.426059516906893698e+00,0.000000000000000000e+00,6.411234093646343835e-02,1.086386537257594043e+00,0.000000000000000000e+00
3.831076453056780906e+00,3.559340231858313608e+00,0.000000000000000000e+00,-5.855513647687818901e-01,4.544015950583115138e-01,0.000000000000000000e+00
3.759191451477756019e+00,3.704459315259415408e+00,0.000000000000000000e+00,-1.005535881724298308e+00,9.785192277002610628e-02,0.000000000000000000e+00
3.647672562451926837e+00,3.856191130905270992e+00,0.000000000000000000e+00,-7.101909832473747297e-01,-4.099998492252812654e-02,0.000000000000000000e+00
3.652944412197162816e+00,3.567263178409439739e+00,0.000000000000000000e+00,-6.820750238756907446e-01,-1.723426075471862495e-01,0.000000000000000000e+00
3.581059410618138372e+00,3.712382261810542428e+00,0.000000000000000000e+00,-9.803611796089543029e-01,-1.763791604484025721e-01,0.000000000000000000e+00
3.724829413776186815e+00,3.422144095008337050e+00,0.000000000000000000e+00,-1.210612173636271410e-01,1.664349341911771502e-02,0.000000000000000000e+00
3.809946627143580677e+00,3.332978390369596422e+00,0.000000000000000000e+00,7.014337218633945881e-01,9.026791446149237119e-01,0.000000000000000000e+00
3.720033689855974934e+00,3.271680462641536113e+00,0.000000000000000000e+00,5.679230817747745741e-01,3.452572249902186585e-01,0.000000000000000000e+00
3.775554379413621930e+00,2.751539474113384731e+00,0.000000000000000000e+00,7.045803437953920279e-01,1.838368240781878216e+00,0.000000000000000000e+00
3.874588115653628151e+00,2.465013986020105019e+00,0.000000000000000000e+00,2.321622064431253518e-01,2.133913853405496219e+00,0.000000000000000000e+00
3.783982552109975472e+00,2.532047882838355246e+00,0.000000000000000000e+00,5.733780080121526623e-01,2.308184560754444892e+00,0.000000000000000000e+00
3.733701141420606717e+00,2.429322266145103715e+00,0.000000000000000000e+00,6.476530184270026247e-01,1.978335041892079982e+00,0.000000000000000000e+00
4.098739887233893597e+00,2.285718446507758017e+00,0.000000000000000000e+00,2.183006390610111591e-01,1.511353142229725943e+00,0.000000000000000000e+00
3.978223292995658689e+00,2.355855438483210662e+00,0.000000000000000000e+00,4.049046067073148181e-01,1.959802153251820611e+00,0.000000000000000000e+00
3.837336318762637255e+00,2.320163718608209358e+00,0.000000000000000000e+00,8.654453176466910813e-01,1.741486478080864320e+00,0.000000000000000000e+00
3.940971496104666461e+00,2.211005171071314557e+00,0.000000000000000000e+00,9.311243216962125091e-01,1.514954610008325986e+00,0.000000000000000000e+00
3.739083289965623447e+00,2.629886749765803167e+00,0.000000000000000000e+00,6.459737073925215789e-01,1.891071069557520357e+00,0.000000000000000000e+00
3.680373706579902038e+00,2.746652724347581565e+00,0.000000000000000000e+00,3.448832101061643507e-01,9.421831040384598399e-01,0.000000000000000000e+00
3.688801879276255580e+00,2.527161133072552079e+00,0.000000000000000000e+00,4.676947608536585199e-01,1.595176832072742634e+00,0.000000000000000000e+00
3.643902617131903554e+00,2.624999999999999556e+00,0.000000000000000000e+00,2.544787987448414168e-01,1.017881218533185583e+00,0.000000000000000000e+00
4.381404518325796360e+00,2.163956811170798744e+00,0.000000000000000000e+00,-5.260519681662854247e-02,6.261456185736523627e-01,0.000000000000000000e+00
4.256842777267237032e+00,2.224049919786815543e+00,0.000000000000000000e+00,9.167694414513899437e-02,1.022676504908695216e+00,0.000000000000000000e+00
4.099074386138010340e+00,2.149336644350372971e+00,0.000000000000000000e+00,6.208445908066563268e-01,1.210161054260235680e+00,0.000000000000000000e+00
4.257177276171353775e+00,2.087668117629430053e+00,0.000000000000000000e+00,2.779015359621105352e-01,7.412120327657821806e-01,0.000000000000000000e+00
4.756474870110871223e+00,2.371496694791819237e+00,0.000000000000000000e+00,-2.261824144264821396e-02,3.134720378397720664e-02,0.000000000000000000e+00
4.634290750350990251e+00,2.241619447147902733e+00,0.000000000000000000e+00,-1.145672159152252845e-01,1.633998229286682813e-01,0.000000000000000000e+00
4.762949740221743333e+00,2.242993389583638919e+00,0.000000000000000000e+00,-7.989447904347767027e-03,1.041498592927267708e-01,0.000000000000000000e+00
4.875000000000000000e+00,2.500000000000000000e+00,0.000000000000000000e+00,0.000000000000000000e+00,0.000000000000000000e+00,0.000000000000000000e+00
5.000000000000000000e+00,2.500000000000000000e+00,0.000000000000000000e+00,4.766283413682435161e-02,9.739814481549173564e-02,0.000000000000000000e+00
4.881474870110871223e+00,2.371496694791819237e+00,0.000000000000000000e+00,8.044367606553033678e-03,2.881393182987055518e-02,0.000000000000000000e+00
4.517904631879812172e+00,2.098863265041629678e+00,0.000000000000000000e+00,1.201727491190745234e-01,3.382209191204996190e-01,0.000000000000000000e+00
4.393677389725370475e+00,2.022574571500260987e+00,0.000000000000000000e+00,2.923541090265524001e-01,5.583051417870652511e-01,0.000000000000000000e+00
4.646563621750564366e+00,2.100237207477365864e+00,0.000000000000000000e+00,1.317474570092009023e-01,2.390167994662127926e-01,0.000000000000000000e+00
4.530177503279386286e+00,1.957481025371092143e+00,0.000000000000000000e+00,2.694120696176149354e-01,3.160732937914657037e-01,0.000000000000000000e+00
3.607618982967881749e+00,3.060608415137368254e+00,0.000000000000000000e+00,3.068854474560056000e-01,4.421807501419328101e-01,0.000000000000000000e+00
3.608422398013949817e+00,2.934152724347581565e+00,0.000000000000000000e+00,7.109185610987990567e-02,6.210675624412020923e-01,0.000000000000000000e+00
3.500000000000000000e+00,3.000000000000000000e+00,0.000000000000000000e+00,0.000000000000000000e+00,0.000000000000000000e+00,0.000000000000000000e+00
3.610231874380782635e+00,3.339852824311243751e+00,0.000000000000000000e+00,4.657075826628179205e-02,2.040182279762393566e-03,0.000000000000000000e+00
3.605436150460570310e+00,3.189389191944442814e+00,0.000000000000000000e+00,5.218042940501500526e-01,2.578509739536024581e-01,0.000000000000000000e+00
3.497817167492689006e+00,3.128780776807075004e+00,0.000000000000000000e+00,2.964895891014451279e-01,-3.893959853763821755e-02,0.000000000000000000e+00
3.495634334985378011e+00,3.257561553614150007e+00,0.000000000000000000e+00,1.957836039961875774e-01,-2.007980558917965008e-01,0.000000000000000000e+00
3.500000000000000444e+00,2.875000000000000000e+00,0.000000000000000000e+00,0.000000000000000000e+00,0.000000000000000000e+00,0.000000000000000000e+00
3.608422398013950705e+00,2.809152724347582009e+00,0.000000000000000000e+00,1.245268728578140804e-01,6.301420220484539314e-01,0.000000000000000000e+00
3.571951308565951777e+00,2.687500000000000000e+00,0.000000000000000000e+00,1.358782004563158230e-01,6.301858420769800295e-01,0.000000000000000000e+00
3.500000000000000444e+00,2.750000000000000444e+00,0.000000000000000000e+00,0.000000000000000000e+00,0.000000000000000000e+00,0.000000000000000000e+00
9.812500000000000000e+00,6.000000000000000888e+00,0.000000000000000000e+00,0.000000000000000000e+00,0.000000000000000000e+00,0.000000000000000000e+00
1.000000000000000000e+01,5.821428571428572063e+00,0.000000000000000000e+00,0.000000000000000000e+00,0.000000000000000000e+00,0.000000000000000000e+00
1.000000000000000000e+01,6.000000000000000000e+00,0.000000000000000000e+00,0.000000000000000000e+00,0.000000000000000000e+00,0.000000000000000000e+00
9.864935322648964444e+00,5.867333874495699320e+00,0.000000000000000000e+00,1.068590385744260379e-01,-5.425281155923378923e-03,0.000000000000000000e+00
3.535714285714287364e+00,4.000000000000000000e+00,0.000000000000000000e+00,0.000000000000000000e+00,0.000000000000000000e+00,0.000000000000000000e+00
3.469101133880498011e+00,3.856191130905270992e+00,0.000000000000000000e+00,-6.302027962135576811e-01,-8.157531003858850549e-02,0.000000000000000000e+00
3.357142857142858539e+00,4.000000000000000888e+00,0.000000000000000000e+00,0.000000000000000000e+00,0.000000000000000000e+00,0.000000000000000000e+00
3.597826060779876656e+00,3.453691598387055972e+00,0.000000000000000000e+00,-3.848497797822418853e-01,-1.335535913910603778e-01,0.000000000000000000e+00
3.525941059200852656e+00,3.598810681788158661e+00,0.000000000000000000e+00,-7.913094119849604091e-01,-2.129629907026111268e-01,0.000000000000000000e+00
3.470822707783566496e+00,3.485239101765774450e+00,0.000000000000000000e+00,-5.107182539288309675e-01,-2.665381433331203143e-01,0.000000000000000000e+00
3.424702755083791406e+00,3.686480692327054332e+00,0.000000000000000000e+00,-9.402670050738913821e-01,-1.844964548002775429e-01,0.000000000000000000e+00
3.312744478346151489e+00,3.830289561421783340e+00,0.000000000000000000e+00,-6.307106814346667978e-01,-2.222829928567316912e-02,0.000000000000000000e+00
3.369584403666505246e+00,3.572909112304670565e+00,0.000000000000000000e+00,-7.405167450101940441e-01,-1.710341351536025789e-01,0.000000000000000000e+00
3.268346099549443551e+00,3.660579122843565347e+00,0.000000000000000000e+00,-9.199466949352668177e-01,-3.849500470606374153e-02,0.000000000000000000e+00
3.483228521384472476e+00,3.371400327689962673e+00,0.000000000000000000e+00,-2.052634183784737831e-01,-2.815398692056927943e-01,0.000000000000000000e+00
3.674081720162539089e+00,2.315262864534073373e+00,0.000000000000000000e+00,1.464267148529938556e+00,1.563337228959843506e+00,0.000000000000000000e+00
3.777716897504569182e+00,2.206104316997178572e+00,0.000000000000000000e+00,1.466930265304003056e+00,1.349602378956453963e+00,0.000000000000000000e+00
3.571951308565951777e+00,2.562500000000000000e+00,0.000000000000000000e+00,3.453093245108393439e-02,6.777088240719555401e-01,0.000000000000000000e+00
3.616850570710303359e+00,2.464661133072552079e+00,0.000000000000000000e+00,4.083912126249247820e-01,1.330245979053454430e+00,0.000000000000000000e+00
3.557231149452235286e+00,2.350601731461520849e+00,0.000000000000000000e+00,1.371595861949963080e+00,5.897193458964806734e-01,0.000000000000000000e+00
3.500000000000000444e+00,2.500000000000000444e+00,0.000000000000000000e+00,0.000000000000000000e+00,0.000000000000000000e+00,0.000000000000000000e+00
3.614462298904471460e+00,2.201203462923042586e+00,0.000000000000000000e+00,2.012833721781846830e+00,8.886398446357515191e-01,0.000000000000000000e+00
4.150170280334359418e+00,2.007973247550783658e+00,0.000000000000000000e+00,5.326572932217765732e-01,7.687082964456813938e-01,0.000000000000000000e+00
3.992067390301015983e+00,2.069641774271726131e+00,0.000000000000000000e+00,9.816521596178144904e-01,1.078231686702046943e+00,0.000000000000000000e+00
3.904308282454176826e+00,1.930215785860859068e+00,0.000000000000000000e+00,1.196978949175553364e+00,7.230715403327608870e-01,0.000000000000000000e+00
3.853212388257827747e+00,2.071579182660447938e+00,0.000000000000000000e+00,1.349601939514466720e+00,1.055923914839790090e+00,0.000000000000000000e+00
3.689957789657729581e+00,2.066678328586311508e+00,0.000000000000000000e+00,1.783272906483935660e+00,7.559771898040826832e-01,0.000000000000000000e+00
4.043163284497365062e+00,1.928278377472136818e+00,0.000000000000000000e+00,8.919413748897663252e-01,5.945498498206357452e-01,0.000000000000000000e+00
3.765453280410988590e+00,1.932153194249581318e+00,0.000000000000000000e+00,1.519475308736621955e+00,6.166996181220163464e-01,0.000000000000000000e+00
3.500000000000000444e+00,2.625000000000000000e+00,0.000000000000000000e+00,0.000000000000000000e+00,0.000000000000000000e+00,0.000000000000000000e+00
4.402692178487246366e+00,1.868997446453810607e+00,0.000000000000000000e+00,4.725060006378271060e-01,4.375907870367818364e-01,0.000000000000000000e+00
4.266192064933231443e+00,1.934090992582979673e+00,0.000000000000000000e+00,5.117138000366304729e-01,6.410409907326365397e-01,0.000000000000000000e+00
4.159185069096237086e+00,1.854396122504333055e+00,0.000000000000000000e+00,7.963785550443494010e-01,5.180345796734525665e-01,0.000000000000000000e+00
4.275206853695108222e+00,1.780513867536529071e+00,0.000000000000000000e+00,7.181612739611016316e-01,5.002918552617767745e-01,0.000000000000000000e+00
5.000000000000000000e+00,2.321428571428300280e+00,0.000000000000000000e+00,0.000000000000000000e+00,0.000000000000000000e+00,0.000000000000000000e+00
4.881474870110872111e+00,2.192925266220119518e+00,0.000000000000000000e+00,7.791224617121274461e-03,5.252472241458346069e-02,0.000000000000000000e+00
4.776621388328086582e+00,2.107238273119238947e+00,0.000000000000000000e+00,8.054115651172694124e-02,7.791544860541581297e-02,0.000000000000000000e+00
4.660235269856906726e+00,1.964482091012965448e+00,0.000000000000000000e+00,1.922314754034371298e-01,1.729766529545466447e-01,0.000000000000000000e+00
4.895146518217214471e+00,2.057170149755719546e+00,0.000000000000000000e+00,3.119870881259271742e-02,1.577144626784963977e-02,0.000000000000000000e+00
5.000000000000000000e+00,2.142857142856600117e+00,0.000000000000000000e+00,0.000000000000000000e+00,0.000000000000000000e+00,0.000000000000000000e+00
4.790293036434428053e+00,1.971483156654838753e+00,0.000000000000000000e+00,9.693988293803124101e-02,4.582787135765832229e-03,0.000000000000000000e+00
4.467311546345660744e+00,1.716010923784053288e+00,0.000000000000000000e+00,5.328400796467697154e-01,1.778761280384076326e-01,0.000000000000000000e+00
4.594796871137798888e+00,1.804494502701334824e+00,0.000000000000000000e+00,3.050125777120098469e-01,1.283150728511334715e-01,0.000000000000000000e+00
4.724854637715321104e+00,1.811495568343207907e+00,0.000000000000000000e+00,1.457385814631412257e-01,-5.520925232169578145e-02,0.000000000000000000e+00
4.659416238996212378e+00,1.651507980031577061e+00,0.000000000000000000e+00,1.874912216278434296e-01,-1.704173291105501586e-01,0.000000000000000000e+00
3.305555555555647729e+00,3.000000000000000444e+00,0.000000000000000000e+00,0.000000000000000000e+00,0.000000000000000000e+00,0.000000000000000000e+00
3.303372723048336290e+00,3.128780776807075448e+00,0.000000000000000000e+00,1.077524322896628861e-01,-3.729373015539041297e-02,0.000000000000000000e+00
3.111111111111294125e+00,3.000000000000000000e+00,0.000000000000000000e+00,0.000000000000000000e+00,0.000000000000000000e+00,0.000000000000000000e+00
3.363927315052440470e+00,3.419588906121743932e+00,0.000000000000000000e+00,-3.572522360975404210e-01,-1.525236978507477636e-01,0.000000000000000000e+00
3.376333128653346005e+00,3.305750132045931267e+00,0.000000000000000000e+00,-3.980437979553436839e-02,-1.888149678599611303e-01,0.000000000000000000e+00
3.184071516716303840e+00,3.176969355238856707e+00,0.000000000000000000e+00,1.582586854323947759e-02,-1.517119852191605063e-02,0.000000000000000000e+00
3.257031922321313555e+00,3.353938710477712526e+00,0.000000000000000000e+00,-1.540761270470799027e-01,-6.921171711002022109e-02,0.000000000000000000e+00
3.178571428571429713e+00,4.000000000000000000e+00,0.000000000000000000e+00,0.000000000000000000e+00,0.000000000000000000e+00,0.000000000000000000e+00
3.213074752415172597e+00,3.754710028262830512e+00,0.000000000000000000e+00,-7.924252472686299509e-01,-3.666946148370196085e-02,0.000000000000000000e+00
3.257473131211879647e+00,3.924420466841047173e+00,0.000000000000000000e+00,-3.474869679135742517e-01,-2.049955647895694219e-02,0.000000000000000000e+00
3.078901702640450821e+00,3.924420466841047173e+00,0.000000000000000000e+00,-3.422151908963156908e-01,-2.413271581683809272e-02,0.000000000000000000e+00
3.157803405280900755e+00,3.848840933682094345e+00,0.000000000000000000e+00,-5.956366642132724376e-01,-5.929932043598924729e-02,0.000000000000000000e+00
3.000000000000000444e+00,4.000000000000000888e+00,0.000000000000000000e+00,0.000000000000000000e+00,0.000000000000000000e+00,0.000000000000000000e+00
3.262689010935378775e+00,3.507258916660639159e+00,0.000000000000000000e+00,-6.242769190135927238e-01,-4.515861299536529788e-02,0.000000000000000000e+00
3.081764034856102619e+00,3.791812772783455188e+00,0.000000000000000000e+00,-9.571098167968028481e-01,1.851075916424259060e-01,0.000000000000000000e+00
3.137035381990374017e+00,3.697681867364190911e+00,0.000000000000000000e+00,-1.065485488465438335e+00,2.166969062502152876e-01,0.000000000000000000e+00
3.138044910909916219e+00,3.402897959235609449e+00,0.000000000000000000e+00,-2.539558487150757604e-01,5.075325743631745046e-02,0.000000000000000000e+00
3.143701999523980994e+00,3.556218165418536081e+00,0.000000000000000000e+00,-6.785198216177765751e-01,1.869439467687140088e-01,0.000000000000000000e+00
3.012391281964911016e+00,3.593320909939160757e+00,0.000000000000000000e+00,-7.820972408187910618e-01,3.035639607741398849e-01,0.000000000000000000e+00
3.005724664431304483e+00,3.734784611884816474e+00,0.000000000000000000e+00,-1.177853084015734630e+00,3.373543687476532327e-01,0.000000000000000000e+00
3.019057899498518438e+00,3.451857207993506371e+00,0.000000000000000000e+00,-2.919746740482893621e-01,1.734360541114020604e-01,0.000000000000000000e+00
3.456739074118171828e+00,2.208192717736205957e+00,0.000000000000000000e+00,2.009703050872392538e+00,3.323551783395537473e-01,0.000000000000000000e+00
3.399507924665936098e+00,2.357590986274684219e+00,0.000000000000000000e+00,1.228426227691575168e+00,8.113655563983118713e-02,0.000000000000000000e+00
3.299015849331872641e+00,2.215181972549369327e+00,0.000000000000000000e+00,1.799362634007953154e+00,4.813492349320551700e-01,0.000000000000000000e+00
3.305555555555650837e+00,2.500000000000000000e+00,0.000000000000000000e+00,0.000000000000000000e+00,0.000000000000000000e+00,0.000000000000000000e+00
3.205063480221586936e+00,2.357590986274684663e+00,0.000000000000000000e+00,1.168093125892639694e+00,2.031144933152690124e-01,0.000000000000000000e+00
3.111111111111301231e+00,2.500000000000000444e+00,0.000000000000000000e+00,0.000000000000000000e+00,0.000000000000000000e+00,0.000000000000000000e+00
3.607976599373891702e+00,1.930744209607772266e+00,0.000000000000000000e+00,1.643816228321427708e+00,5.604495075144702021e-01,0.000000000000000000e+00
3.532481108620632249e+00,2.065269343944502456e+00,0.000000000000000000e+00,1.929857951731673626e+00,5.970522022526760786e-01,0.000000000000000000e+00
3.374757883834333505e+00,2.072258598757666270e+00,0.000000000000000000e+00,1.760885347298172476e+00,5.225117805883057187e-01,0.000000000000000000e+00
3.450499918336793925e+00,1.929335224965962992e+00,0.000000000000000000e+00,1.715680859591449003e+00,5.957621621891385777e-01,0.000000000000000000e+00
4.010085400301036884e+00,1.779164957172983508e+00,0.000000000000000000e+00,9.812895818714679752e-01,3.349404721777437532e-01,0.000000000000000000e+00
3.871230398257848648e+00,1.781102365561705536e+00,0.000000000000000000e+00,1.267115189033084066e+00,4.192484711217636661e-01,0.000000000000000000e+00
3.977007516104709595e+00,1.630051536873830198e+00,0.000000000000000000e+00,9.361516100627624848e-01,1.489084432966066018e-01,0.000000000000000000e+00
4.126107184899908908e+00,1.705282702205179524e+00,0.000000000000000000e+00,8.507298039252157995e-01,3.019607478507601028e-01,0.000000000000000000e+00
3.796818421076052275e+00,1.631813440519680469e+00,0.000000000000000000e+00,1.049591290596531001e+00,3.695956172163029074e-01,0.000000000000000000e+00
3.691041303229191328e+00,1.782864269207556029e+00,0.000000000000000000e+00,1.381087937331223037e+00,4.885822164417729652e-01,0.000000000000000000e+00
3.533564622192094884e+00,1.781455284565747199e+00,0.000000000000000000e+00,1.469680888150064479e+00,5.159018241749581124e-01,0.000000000000000000e+00
3.616629326047395399e+00,1.633575344165531185e+00,0.000000000000000000e+00,1.172319800662060985e+00,4.147706580904118590e-01,0.000000000000000000e+00
4.500609202429584954e+00,1.548176911137163270e+00,0.000000000000000000e+00,2.682537909190930159e-01,-7.562626187181149817e-02,0.000000000000000000e+00
4.308504509779032432e+00,1.612679854889639275e+00,0.000000000000000000e+00,5.809709335089628945e-01,3.146911370723301515e-01,0.000000000000000000e+00
4.159404840983833118e+00,1.537448689558289727e+00,0.000000000000000000e+00,7.163890045348805247e-01,1.582848260752379999e-01,0.000000000000000000e+00
4.341802165862956642e+00,1.444845842242749034e+00,0.000000000000000000e+00,3.807916172295737200e-01,6.033448779673512147e-02,0.000000000000000000e+00
5.000000000000000000e+00,1.964285714284900397e+00,0.000000000000000000e+00,0.000000000000000000e+00,0.000000000000000000e+00,0.000000000000000000e+00
4.895146518217214471e+00,1.878598721184019382e+00,0.000000000000000000e+00,3.584162179186611841e-02,-5.092449839108834087e-02,0.000000000000000000e+00
5.000000000000000000e+00,1.785714285713200011e+00,0.000000000000000000e+00,0.000000000000000000e+00,0.000000000000000000e+00,0.000000000000000000e+00
4.829708119498105745e+00,1.718611132872388536e+00,0.000000000000000000e+00,5.399635556094523059e-02,-1.323147999488302751e-01,0.000000000000000000e+00
5.000000000000000000e+00,1.607142857141500736e+00,0.000000000000000000e+00,0.000000000000000000e+00,0.000000000000000000e+00,0.000000000000000000e+00
4.671541060414118540e+00,1.455194168445221425e+00,0.000000000000000000e+00,1.414838570753292057e-01,-2.808556249272841643e-01,0.000000000000000000e+00
4.512734023847491116e+00,1.351863099550807634e+00,0.000000000000000000e+00,2.607760815559385104e-01,-2.266919115940222995e-01,0.000000000000000000e+00
4.829708119498106633e+00,1.540039704300689261e+00,0.000000000000000000e+00,5.979205397386640891e-02,-2.123380589738310953e-01,0.000000000000000000e+00
4.841832940916011907e+00,1.343725892714333625e+00,0.000000000000000000e+00,5.454533125526336845e-02,-2.785788793924881546e-01,0.000000000000000000e+00
5.000000000000000000e+00,1.428571428569801016e+00,0.000000000000000000e+00,0.000000000000000000e+00,0.000000000000000000e+00,0.000000000000000000e+00
4.683665881832023814e+00,1.258880356858866012e+00,0.000000000000000000e+00,1.580369818044222441e-01,-3.873238429402450222e-01,0.000000000000000000e+00
2.916666666666941410e+00,3.000000000000000444e+00,0.000000000000000000e+00,0.000000000000000000e+00,0.000000000000000000e+00,0.000000000000000000e+00
3.065084505304906504e+00,3.225928603996753630e+00,0.000000000000000000e+00,-1.988799418504554745e-02,3.461558884530193531e-02,0.000000000000000000e+00
2.958025864856001608e+00,3.134544060044564429e+00,0.000000000000000000e+00,4.219347914063441979e-02,1.312582662222291363e-01,0.000000000000000000e+00
2.911999259049613542e+00,3.360472664041317614e+00,0.000000000000000000e+00,-9.525738420924499683e-02,3.910698448212239220e-01,0.000000000000000000e+00
2.763581420411648448e+00,3.134544060044564429e+00,0.000000000000000000e+00,3.128500815969056936e-01,1.243043592225583360e-01,0.000000000000000000e+00
2.722222222222587806e+00,3.000000000000000000e+00,0.000000000000000000e+00,0.000000000000000000e+00,0.000000000000000000e+00,0.000000000000000000e+00
2.804940618600708646e+00,3.269088120089128413e+00,0.000000000000000000e+00,1.127438433432710607e-01,4.067245737569706310e-01,0.000000000000000000e+00
3.002862332215651797e+00,3.867392305942408015e+00,0.000000000000000000e+00,-8.026524406882993290e-01,2.561781933686581025e-01,0.000000000000000000e+00
3.000000000000000444e+00,4.125000000000000000e+00,0.000000000000000000e+00,0.000000000000000000e+00,0.000000000000000000e+00,0.000000000000000000e+00
2.897923380433415907e+00,3.802364162232676037e+00,0.000000000000000000e+00,-1.179020906415994219e+00,1.039633402759392533e+00,0.000000000000000000e+00
2.895061048217763222e+00,3.934971856290267578e+00,0.000000000000000000e+00,-8.902239634765504173e-01,8.480574501522087916e-01,0.000000000000000000e+00
2.786807872744708980e+00,3.997471856290268022e+00,0.000000000000000000e+00,-1.375755561229897506e+00,5.010274745548936037e-01,0.000000000000000000e+00
2.891746824526944870e+00,4.062500000000000000e+00,0.000000000000000000e+00,-3.991271469119380133e-01,1.068967614759882279e-01,0.000000000000000000e+00
2.891746824526945758e+00,4.187500000000000000e+00,0.000000000000000000e+00,-2.693402670995718728e-01,-3.394754966546976727e-01,0.000000000000000000e+00
3.000000000000000444e+00,4.250000000000000888e+00,0.000000000000000000e+00,0.000000000000000000e+00,0.000000000000000000e+00,0.000000000000000000e+00
2.790122096435526888e+00,3.869943712580535156e+00,0.000000000000000000e+00,-1.393510187592921667e+00,1.214831519773911905e+00,0.000000000000000000e+00
2.783493649053890628e+00,4.125000000000000888e+00,0.000000000000000000e+00,-8.415848642382699474e-01,-3.502456532261100097e-01,0.000000000000000000e+00
2.877260224616722706e+00,3.506760491891505183e+00,0.000000000000000000e+00,-3.557748848970692657e-01,7.637333802376418124e-01,0.000000000000000000e+00
2.870593607083115728e+00,3.648224193837160012e+00,0.000000000000000000e+00,-8.080319717231488896e-01,9.325845443694604775e-01,0.000000000000000000e+00
2.735462549734927418e+00,3.561663775789504438e+00,0.000000000000000000e+00,-3.387483036222589394e-01,1.197363541831737432e+00,0.000000000000000000e+00
2.762792323085227153e+00,3.715803744185020019e+00,0.000000000000000000e+00,-9.548231819694178446e-01,1.259786952309650987e+00,0.000000000000000000e+00
2.770201584167818254e+00,3.415375947939316426e+00,0.000000000000000000e+00,1.225544427813440446e-01,8.523216272812288441e-01,0.000000000000000000e+00
3.280889862707014437e+00,1.926004459353060527e+00,0.000000000000000000e+00,1.787854233583361818e+00,5.448746453982394877e-01,0.000000000000000000e+00
3.205147828204553573e+00,2.068927833144763362e+00,0.000000000000000000e+00,1.774875075489271925e+00,6.189498887107035552e-01,0.000000000000000000e+00
3.111513697887570373e+00,2.210703959990405920e+00,0.000000000000000000e+00,1.501191860450206805e+00,3.636981820608529703e-01,0.000000000000000000e+00
3.017561328777284224e+00,2.353112973715721701e+00,0.000000000000000000e+00,8.309677209410277765e-01,3.975121246277074638e-02,0.000000000000000000e+00
3.017645676760251749e+00,2.064449820585800843e+00,0.000000000000000000e+00,1.559172896916833917e+00,4.183871421667405555e-01,0.000000000000000000e+00
3.111279807077234949e+00,1.922673693740158063e+00,0.000000000000000000e+00,1.821584706617155103e+00,6.490978734111526594e-01,0.000000000000000000e+00
2.924011546443268550e+00,2.206225947431443402e+00,0.000000000000000000e+00,1.201070547035864466e+00,1.426010791546341305e-01,0.000000000000000000e+00
2.916666666666951624e+00,2.500000000000000000e+00,0.000000000000000000e+00,0.000000000000000000e+00,0.000000000000000000e+00,0.000000000000000000e+00
2.823116884332935062e+00,2.353112973715721701e+00,0.000000000000000000e+00,7.810159496002830881e-01,5.539351295336774478e-02,0.000000000000000000e+00
2.722222222222602461e+00,2.500000000000000444e+00,0.000000000000000000e+00,0.000000000000000000e+00,0.000000000000000000e+00,0.000000000000000000e+00
3.445485148547898113e+00,1.632718792814939146e+00,0.000000000000000000e+00,1.338488303271829771e+00,3.927707165529571443e-01,0.000000000000000000e+00
3.362420444692597599e+00,1.780598733215155161e+00,0.000000000000000000e+00,1.601088359836786434e+00,4.916339115155096140e-01,0.000000000000000000e+00
3.192810389062817222e+00,1.777267967602252696e+00,0.000000000000000000e+00,1.667024577416532649e+00,5.159134948602033255e-01,0.000000000000000000e+00
3.274340971048399940e+00,1.631862241464347107e+00,0.000000000000000000e+00,1.490900690990720534e+00,3.657222375458398789e-01,0.000000000000000000e+00
4.217436339819822244e+00,1.362066518184474884e+00,0.000000000000000000e+00,4.441340435146994281e-01,-3.035084787023572747e-02,0.000000000000000000e+00
4.035039014940698721e+00,1.454669365500015576e+00,0.000000000000000000e+00,7.409905467017505742e-01,7.534195542018920499e-02,0.000000000000000000e+00
3.886165526361566869e+00,1.480257738079567176e+00,0.000000000000000000e+00,8.170813333646309573e-01,1.781665558138204042e-01,0.000000000000000000e+00
3.705976431332909549e+00,1.482019641725417447e+00,0.000000000000000000e+00,9.796507177594794280e-01,2.891119960501122299e-01,0.000000000000000000e+00
3.944197025197555995e+00,1.304875566705752554e+00,0.000000000000000000e+00,5.909113192783176371e-01,8.586526652000954496e-02,0.000000000000000000e+00
4.093070513776687847e+00,1.279287194126200733e+00,0.000000000000000000e+00,4.696842015650674051e-01,-6.314779782238624795e-02,0.000000000000000000e+00
3.795323536618424143e+00,1.330463939285303931e+00,0.000000000000000000e+00,7.151495711454768367e-01,9.752544434585970479e-02,0.000000000000000000e+00
3.619164087948668396e+00,1.329302928004421069e+00,0.000000000000000000e+00,9.127197489808005493e-01,1.489425515641564779e-01,0.000000000000000000e+00
3.529816982663153802e+00,1.480858630444534363e+00,0.000000000000000000e+00,1.143859564809286189e+00,2.739738088114155312e-01,0.000000000000000000e+00
3.358672805163656516e+00,1.480002079093942768e+00,0.000000000000000000e+00,1.307971208484656422e+00,2.468407321793445741e-01,0.000000000000000000e+00
3.443004639278912649e+00,1.328141916723538207e+00,0.000000000000000000e+00,1.097173604156606697e+00,1.219200196722259322e-01,0.000000000000000000e+00
4.520523593362424819e+00,1.147917908002817455e+00,0.000000000000000000e+00,7.120087549979506325e-02,-2.993880398668286036e-01,0.000000000000000000e+00
4.349591735377892121e+00,1.240900650694759078e+00,0.000000000000000000e+00,2.723833142472136815e-01,-8.728492381751497275e-02,0.000000000000000000e+00
4.225225909334756835e+00,1.158121326636484927e+00,0.000000000000000000e+00,2.826845294798759345e-01,-1.600026224318503720e-01,0.000000000000000000e+00
4.357381304892826712e+00,1.036955459146769121e+00,0.000000000000000000e+00,-6.583911684131972877e-03,-2.392782114533622551e-01,0.000000000000000000e+00
5.000000000000000000e+00,1.249999999998101075e+00,0.000000000000000000e+00,0.000000000000000000e+00,0.000000000000000000e+00,0.000000000000000000e+00
4.841832940916011907e+00,1.165154464142633461e+00,0.000000000000000000e+00,4.694041634637859811e-02,-3.598180317329202627e-01,0.000000000000000000e+00
5.000000000000000000e+00,1.071428571426400911e+00,0.000000000000000000e+00,0.000000000000000000e+00,0.000000000000000000e+00,0.000000000000000000e+00
4.533182299938887994e+00,9.638946479003301926e-01,0.000000000000000000e+00,-1.342373801997731042e-01,-3.315573223400339331e-01,0.000000000000000000e+00
4.696324588408486989e+00,1.074857096756378638e+00,0.000000000000000000e+00,-3.974423578835872134e-02,-4.184075638477358083e-01,0.000000000000000000e+00
4.854491647492475082e+00,9.811312040401460877e-01,0.000000000000000000e+00,-1.524759146837419976e-01,-3.387330613516817412e-01,0.000000000000000000e+00
4.708983294984950163e+00,8.908338366538912645e-01,0.000000000000000000e+00,-2.292899274425724832e-01,-4.283651797630518288e-01,0.000000000000000000e+00
2.663439474497097059e+00,3.273811083798382704e+00,0.000000000000000000e+00,4.935560517522131208e-01,4.679164263299205317e-01,0.000000000000000000e+00
2.622080276308036417e+00,3.139267023753817831e+00,0.000000000000000000e+00,5.819530801805750109e-01,6.884884422447451469e-02,0.000000000000000000e+00
2.521938330393485028e+00,3.278534047507636107e+00,0.000000000000000000e+00,9.140002943608759312e-01,1.547788356395801701e-01,0.000000000000000000e+00
2.527777777778235091e+00,3.000000000000000444e+00,0.000000000000000000e+00,0.000000000000000000e+00,0.000000000000000000e+00,0.000000000000000000e+00
2.427635831863683702e+00,3.139267023753818719e+00,0.000000000000000000e+00,6.524108103768441191e-01,1.545074884791953519e-02,0.000000000000000000e+00
2.333333333333881932e+00,3.000000000000000000e+00,0.000000000000000000e+00,0.000000000000000000e+00,0.000000000000000000e+00,0.000000000000000000e+00
2.628700440064206223e+00,3.420098911648570272e+00,0.000000000000000000e+00,4.910639233377376844e-01,8.997407494136175909e-01,0.000000000000000000e+00
2.713901113826192368e+00,3.934971856290267578e+00,0.000000000000000000e+00,-1.985984261377036875e+00,9.650017902632275213e-01,0.000000000000000000e+00
2.710586890135374016e+00,4.062500000000000000e+00,0.000000000000000000e+00,-1.841711261422328105e+00,1.507732571384166886e-01,0.000000000000000000e+00
2.637680131216857404e+00,3.999999999999999556e+00,0.000000000000000000e+00,-2.423691677956714141e+00,5.566285192938643656e-01,0.000000000000000000e+00
2.784538955981475272e+00,4.244726258596918100e+00,0.000000000000000000e+00,-2.775722990582576433e-01,-5.448686033221059599e-01,0.000000000000000000e+00
2.892792131454529958e+00,4.307226258596918100e+00,0.000000000000000000e+00,-2.958969807596495416e-02,-3.937084392282898526e-01,0.000000000000000000e+00
2.785584262909060360e+00,4.364452517193836201e+00,0.000000000000000000e+00,9.403842700585619829e-02,-4.800626054617713745e-01,0.000000000000000000e+00
3.000000000000000444e+00,4.375000000000000000e+00,0.000000000000000000e+00,0.000000000000000000e+00,0.000000000000000000e+00,0.000000000000000000e+00
2.892792131454529958e+00,4.432226258596918100e+00,0.000000000000000000e+00,2.410010136274092635e-02,-3.118056427494927396e-01,0.000000000000000000e+00
3.000000000000000444e+00,4.500000000000000888e+00,0.000000000000000000e+00,0.000000000000000000e+00,0.000000000000000000e+00,0.000000000000000000e+00
2.629320544926310177e+00,3.664033227291689343e+00,0.000000000000000000e+00,-8.851265111594470714e-01,1.087263016007021799e+00,0.000000000000000000e+00
2.656650318276610356e+00,3.818173195687204924e+00,0.000000000000000000e+00,-1.442915511423259689e+00,9.872795123468268708e-01,0.000000000000000000e+00
2.580429335667275392e+00,3.883201339396936902e+00,0.000000000000000000e+00,-2.101819509526851704e+00,4.703376396968453332e-01,0.000000000000000000e+00
2.523178540117692492e+00,3.766402678793873360e+00,0.000000000000000000e+00,-1.499589204985341429e+00,5.273692560476711533e-01,0.000000000000000000e+00
2.627530918117432002e+00,4.115788186588182462e+00,0.000000000000000000e+00,-1.648255469507450055e+00,5.625388863712610377e-01,0.000000000000000000e+00
2.700437677035948170e+00,4.178288186588182462e+00,0.000000000000000000e+00,-6.922290543552999109e-01,-1.820699031634043508e-01,0.000000000000000000e+00
2.701482983963533258e+00,4.298014445185099675e+00,0.000000000000000000e+00,-6.835836228547199911e-02,-1.737811923095672062e-01,0.000000000000000000e+00
2.617381705018005711e+00,4.231576373176364037e+00,0.000000000000000000e+00,-4.093420017545912892e-01,3.823596599644468741e-01,0.000000000000000000e+00
2.488669514693651497e+00,3.408021043957000451e+00,0.000000000000000000e+00,6.791195675617243133e-01,1.780889723559211379e-01,0.000000000000000000e+00
2.595431624364372247e+00,3.549585908097934173e+00,0.000000000000000000e+00,-8.183100604088851260e-02,8.940850254470030789e-01,0.000000000000000000e+00
2.489289619555755451e+00,3.651955359600119522e+00,0.000000000000000000e+00,-8.710537685607419034e-01,5.287539166084195275e-01,0.000000000000000000e+00
2.455400698993817521e+00,3.537508040406364351e+00,0.000000000000000000e+00,2.419200909601022520e-01,2.149976479949185781e-01,0.000000000000000000e+00
2.919098879594360429e+00,1.922221308660431394e+00,0.000000000000000000e+00,1.818157610712788808e+00,3.152068597212698275e-01,0.000000000000000000e+00
2.825464749277377230e+00,2.063997435506073952e+00,0.000000000000000000e+00,1.490329285897665779e+00,2.262877516023394375e-01,0.000000000000000000e+00
2.726917952111485910e+00,1.921768923580704946e+00,0.000000000000000000e+00,1.719854657735527370e+00,3.645187465347878852e-01,0.000000000000000000e+00
3.015349220924908202e+00,1.778312305665486370e+00,0.000000000000000000e+00,1.832762481575354707e+00,4.641558532075616417e-01,0.000000000000000000e+00
3.096879802910490476e+00,1.632906579527580559e+00,0.000000000000000000e+00,1.667397599189872848e+00,3.697039769752387128e-01,0.000000000000000000e+00
2.823168293442033239e+00,1.777859920585759479e+00,0.000000000000000000e+00,1.777056890026658120e+00,3.502915639934797709e-01,0.000000000000000000e+00
2.919418634772580567e+00,1.633950917590813789e+00,0.000000000000000000e+00,1.816324995530177677e+00,3.678066727069060904e-01,0.000000000000000000e+00
2.727169104706978153e+00,2.191467786267505158e+00,0.000000000000000000e+00,1.092558634584814614e+00,1.578985221072720657e-01,0.000000000000000000e+00
2.626274442596645109e+00,2.338354812551783457e+00,0.000000000000000000e+00,6.815146495694018869e-01,4.018103886140473452e-02,0.000000000000000000e+00
2.628622307541087277e+00,2.049239274342136152e+00,0.000000000000000000e+00,1.397570511504498958e+00,2.677092312376748717e-01,0.000000000000000000e+00
2.530326662970688645e+00,2.176709625103567358e+00,0.000000000000000000e+00,9.709414929499894376e-01,1.382179105537399422e-01,0.000000000000000000e+00
2.527777777778252855e+00,2.500000000000000000e+00,0.000000000000000000e+00,0.000000000000000000e+00,0.000000000000000000e+00,0.000000000000000000e+00
2.431829998152295502e+00,2.338354812551783901e+00,0.000000000000000000e+00,6.313007843131616115e-01,6.726271792271965033e-02,0.000000000000000000e+00
2.333333333333903248e+00,2.500000000000000444e+00,0.000000000000000000e+00,0.000000000000000000e+00,0.000000000000000000e+00,0.000000000000000000e+00
3.265110896353306646e+00,1.330061188819143592e+00,0.000000000000000000e+00,1.185241057977533430e+00,1.568147194200280869e-01,0.000000000000000000e+00
3.180779062238050514e+00,1.481921351189548375e+00,0.000000000000000000e+00,1.395587222051918097e+00,2.210507324421241981e-01,0.000000000000000000e+00
3.003317894100140606e+00,1.482965689252781605e+00,0.000000000000000000e+00,1.555363690181798209e+00,2.920249618765761723e-01,0.000000000000000000e+00
3.087217153427700200e+00,1.331980460914748976e+00,0.000000000000000000e+00,1.248947372729279914e+00,1.547450916432369650e-01,0.000000000000000000e+00
4.050525878617248665e+00,1.134345707890749733e+00,0.000000000000000000e+00,3.319075912829835828e-01,-9.117806141571999090e-02,0.000000000000000000e+00
3.901652390038116813e+00,1.159934080470301332e+00,0.000000000000000000e+00,4.779950162534281621e-01,-4.896662051769393870e-03,0.000000000000000000e+00
4.007981243457808596e+00,9.894042216552987323e-01,0.000000000000000000e+00,1.120481443619323336e-01,-1.413338893198736734e-01,0.000000000000000000e+00
4.182681274175317654e+00,1.013179840401033704e+00,0.000000000000000000e+00,4.890018651605566175e-02,-2.129541100172044621e-01,0.000000000000000000e+00
3.712372814299129242e+00,1.168469130706884851e+00,0.000000000000000000e+00,5.788204080415241259e-01,-2.951587840624713202e-02,0.000000000000000000e+00
3.536213365629373495e+00,1.167308119426001989e+00,0.000000000000000000e+00,7.849268075372682896e-01,-3.377149292861315183e-02,0.000000000000000000e+00
3.818701667718821469e+00,9.979392718918823624e-01,0.000000000000000000e+00,2.183965646977518438e-01,-7.031970870874178214e-02,0.000000000000000000e+00
3.629422091979834342e+00,1.006474322128465992e+00,0.000000000000000000e+00,3.268313455806406975e-01,-1.782575599658532406e-01,0.000000000000000000e+00
3.446125300509061518e+00,1.012495225059438120e+00,0.000000000000000000e+00,4.734768266820048033e-01,-8.525813013762990888e-02,0.000000000000000000e+00
3.352916574158600227e+00,1.173329022356973894e+00,0.000000000000000000e+00,9.412792915284643458e-01,6.818320222253422547e-02,0.000000000000000000e+00
3.175022831232994669e+00,1.175248294452579501e+00,0.000000000000000000e+00,9.890112396822363650e-01,1.087068454575780135e-01,0.000000000000000000e+00
3.262828509038288249e+00,1.018516127990410247e+00,0.000000000000000000e+00,6.077915534901316974e-01,6.178510256830229558e-02,0.000000000000000000e+00
4.594527671227801591e+00,7.969168324376585399e-01,0.000000000000000000e+00,-1.651481645324234526e-01,-4.110299785718352084e-01,0.000000000000000000e+00
4.418726676181739421e+00,8.699776436840973570e-01,0.000000000000000000e+00,-9.463339226395707515e-02,-3.354206534429794440e-01,0.000000000000000000e+00
4.273725359997498252e+00,8.624561276825376543e-01,0.000000000000000000e+00,-4.762031358884542820e-02,-2.867630930155275482e-01,0.000000000000000000e+00
4.099025329279989194e+00,8.386805089368025712e-01,0.000000000000000000e+00,7.000619651243563009e-03,-2.455725002944122715e-01,0.000000000000000000e+00
4.335070731286411849e+00,6.954783122198660017e-01,0.000000000000000000e+00,-1.295582533310022100e-01,-3.276503246967386596e-01,0.000000000000000000e+00
4.480072047470653018e+00,7.029998282214255934e-01,0.000000000000000000e+00,-1.332688773177251318e-01,-3.946011288243839177e-01,0.000000000000000000e+00
4.190069415102168904e+00,6.879567962183062990e-01,0.000000000000000000e+00,-1.285403158256455125e-01,-3.197838486209670372e-01,0.000000000000000000e+00
5.000000000000000000e+00,8.928571428553481182e-01,0.000000000000000000e+00,0.000000000000000000e+00,0.000000000000000000e+00,0.000000000000000000e+00
4.854491647492475082e+00,8.025597754690932950e-01,0.000000000000000000e+00,-4.666990005364649030e-02,-2.124625511796482402e-01,0.000000000000000000e+00
5.000000000000000000e+00,7.142857142842951035e-01,0.000000000000000000e+00,0.000000000000000000e+00,0.000000000000000000e+00,0.000000000000000000e+00
4.601815569122234884e+00,6.246003317621355855e-01,0.000000000000000000e+00,-8.503105736058372277e-02,-3.303985893095401360e-01,0.000000000000000000e+00
4.716271192879382568e+00,7.185173359783683100e-01,0.000000000000000000e+00,-5.535741933536495601e-02,-3.266236703799677565e-01,0.000000000000000000e+00
4.861779545386907486e+00,6.302432747935702295e-01,0.000000000000000000e+00,-3.737473260315714568e-03,-1.598274719947335165e-01,0.000000000000000000e+00
4.723559090773815861e+00,5.462008353028453556e-01,0.000000000000000000e+00,-4.983373870520062254e-02,-2.427389062246174400e-01,0.000000000000000000e+00
2.237403802804329267e+00,3.157449659235981976e+00,0.000000000000000000e+00,6.733592686174713071e-01,-9.197375568155564951e-02,0.000000000000000000e+00
2.331706301334131481e+00,3.296716682989800695e+00,0.000000000000000000e+00,9.511135505516841171e-01,-1.040027205735952198e-01,0.000000000000000000e+00
2.298437485634297506e+00,3.426203679439164596e+00,0.000000000000000000e+00,7.137845707903099912e-01,-1.730053437628984170e-01,0.000000000000000000e+00
2.141474272274777046e+00,3.314899318471963952e+00,0.000000000000000000e+00,8.842326762852811273e-01,-3.163972537069883462e-01,0.000000000000000000e+00
2.138888888889529216e+00,3.000000000000000444e+00,0.000000000000000000e+00,0.000000000000000000e+00,0.000000000000000000e+00,0.000000000000000000e+00
2.042959358359976552e+00,3.157449659235981976e+00,0.000000000000000000e+00,5.744986301050745148e-01,-1.684213201005452243e-01,0.000000000000000000e+00
1.944444444445176057e+00,3.000000000000000000e+00,0.000000000000000000e+00,0.000000000000000000e+00,0.000000000000000000e+00,0.000000000000000000e+00
2.543144032543689814e+00,4.010461565351291391e+00,0.000000000000000000e+00,-2.314772628757572726e+00,7.690525373694657718e-01,0.000000000000000000e+00
2.532994819444263968e+00,4.126249751939473853e+00,0.000000000000000000e+00,-1.497633031684643568e+00,8.135255013083706466e-01,0.000000000000000000e+00
2.485893236994107358e+00,3.893662904748228293e+00,0.000000000000000000e+00,-1.903390755748838314e+00,7.525541596838088987e-01,0.000000000000000000e+00
2.448607933870521336e+00,4.020923130702582782e+00,0.000000000000000000e+00,-2.165732451960892480e+00,9.710724498214476919e-01,0.000000000000000000e+00
2.783388750899004727e+00,4.472537912983820974e+00,0.000000000000000000e+00,1.712511379480780860e-01,-2.552415569370353743e-01,0.000000000000000000e+00
2.890596619444474769e+00,4.540311654386902873e+00,0.000000000000000000e+00,-1.468685645262342472e-02,-2.101135115055341729e-01,0.000000000000000000e+00
2.585143224521340155e+00,4.370128002213526486e+00,0.000000000000000000e+00,1.771472711845304693e-01,4.669005835740261956e-01,0.000000000000000000e+00
2.669244503466867258e+00,4.436566074222261236e+00,0.000000000000000000e+00,3.681219139509106508e-01,6.327659207154734400e-02,0.000000000000000000e+00
2.667048991456812068e+00,4.544651470012246897e+00,0.000000000000000000e+00,1.649143718735867903e-01,1.956674488829764635e-01,0.000000000000000000e+00
2.781193238888949093e+00,4.580623308773804858e+00,0.000000000000000000e+00,-1.322888053195641830e-02,-1.097422176366365659e-01,0.000000000000000000e+00
2.552904744024673711e+00,4.508679631250687159e+00,0.000000000000000000e+00,3.258566138922849853e-01,4.650915717218920831e-01,0.000000000000000000e+00
3.200000000000000178e+00,4.500000000000000000e+00,0.000000000000000000e+00,0.000000000000000000e+00,0.000000000000000000e+00,0.000000000000000000e+00
2.847349524267875243e+00,4.676936200599908666e+00,0.000000000000000000e+00,-2.783487241918440325e-01,-8.252189669795247096e-02,0.000000000000000000e+00
2.956752904823400474e+00,4.636624546213005793e+00,0.000000000000000000e+00,-2.861044996417405062e-01,-2.623036698179541382e-02,0.000000000000000000e+00
3.055150884812154022e+00,4.771342684186176797e+00,0.000000000000000000e+00,-4.201934172397987499e-01,3.177818089347726749e-02,0.000000000000000000e+00
3.098397979988753104e+00,4.634718137973170116e+00,0.000000000000000000e+00,-2.988719054325616464e-01,1.227693792741591135e-02,0.000000000000000000e+00
3.298397979988752837e+00,4.634718137973170116e+00,0.000000000000000000e+00,-3.362642090599958777e-01,1.365296617138782830e-02,0.000000000000000000e+00
3.399999999999999467e+00,4.500000000000000888e+00,0.000000000000000000e+00,0.000000000000000000e+00,0.000000000000000000e+00,0.000000000000000000e+00
2.913505809646801392e+00,4.773249092426012474e+00,0.000000000000000000e+00,-3.931013966942660254e-01,-3.438320738855007302e-02,0.000000000000000000e+00
3.196795959977506207e+00,4.769436275946340231e+00,0.000000000000000000e+00,-4.643916286013524131e-01,4.811860981712313967e-02,0.000000000000000000e+00
2.331637745710720022e+00,3.576943976577902085e+00,0.000000000000000000e+00,1.806960780528658328e-01,-1.019645744014347627e-01,0.000000000000000000e+00
2.365526666272657508e+00,3.691391295771656367e+00,0.000000000000000000e+00,-9.144512102621115135e-01,2.423476565788244830e-01,0.000000000000000000e+00
2.381100603441155705e+00,3.817291720729530269e+00,0.000000000000000000e+00,-1.409825611728453332e+00,5.439165396860702328e-01,0.000000000000000000e+00
2.343815300317570127e+00,3.944551946683884758e+00,0.000000000000000000e+00,-1.867547818316750208e+00,6.237672361949984090e-01,0.000000000000000000e+00
2.223448729596119833e+00,3.742280337707312832e+00,0.000000000000000000e+00,-6.896682613204662138e-01,-2.545270188418944368e-01,0.000000000000000000e+00
2.207874792427622523e+00,3.616379912749439374e+00,0.000000000000000000e+00,1.591145631904741509e-01,-4.371647928710395981e-01,0.000000000000000000e+00
2.239022666764618474e+00,3.868180762665187622e+00,0.000000000000000000e+00,-1.431625638603370776e+00,1.461444651318139221e-01,0.000000000000000000e+00
2.513909128154079298e+00,4.254647406067325832e+00,0.000000000000000000e+00,-3.114788750744219570e-01,8.873515632750524906e-01,0.000000000000000000e+00
2.429522242580336666e+00,4.149320784830434761e+00,0.000000000000000000e+00,-1.312143813474853316e+00,1.338442280725657074e+00,0.000000000000000000e+00
2.481670647657413298e+00,4.393199035104487393e+00,0.000000000000000000e+00,1.451490885245428630e-01,9.517002704919739209e-01,0.000000000000000000e+00
2.410436551290152440e+00,4.277718438958287628e+00,0.000000000000000000e+00,-2.005033537956047718e-01,1.256004110160553910e+00,0.000000000000000000e+00
2.174674532351200007e+00,3.465639615610701885e+00,0.000000000000000000e+00,5.643744640837857762e-01,-4.213489351731027344e-01,0.000000000000000000e+00
2.533224255138897263e+00,1.919388498338614468e+00,0.000000000000000000e+00,1.616963758925362482e+00,3.609864079197507847e-01,0.000000000000000000e+00
2.434928610568498630e+00,2.046858849100045674e+00,0.000000000000000000e+00,1.262641924861835241e+00,2.923617716551167312e-01,0.000000000000000000e+00
2.637660917782767456e+00,1.789117446155375823e+00,0.000000000000000000e+00,1.864249456838571017e+00,4.099528268197824010e-01,0.000000000000000000e+00
2.733911259113314784e+00,1.645208443160429912e+00,0.000000000000000000e+00,1.934351546322291560e+00,2.869612624146742341e-01,0.000000000000000000e+00
2.443967220810178809e+00,1.786737020913284901e+00,0.000000000000000000e+00,1.752948608504425909e+00,4.920177026857433522e-01,0.000000000000000000e+00
2.339530558166308616e+00,1.917008073096523768e+00,0.000000000000000000e+00,1.484302929450765918e+00,4.303981580659540507e-01,0.000000000000000000e+00
2.548403883454049002e+00,1.656465968730046034e+00,0.000000000000000000e+00,1.991123647288101761e+00,5.019941049159938329e-01,0.000000000000000000e+00
2.822287501227386919e+00,1.485941832545417007e+00,0.000000000000000000e+00,1.589882475142067486e+00,2.246643742397164689e-01,0.000000000000000000e+00
2.906186760554946513e+00,1.334956604207384601e+00,0.000000000000000000e+00,1.266956902299864351e+00,2.394629542655216381e-01,0.000000000000000000e+00
2.636780125568121136e+00,1.497199358115032908e+00,0.000000000000000000e+00,1.683558164692496639e+00,3.366477813119840845e-01,0.000000000000000000e+00
2.725156367682192826e+00,1.337932747500020003e+00,0.000000000000000000e+00,1.291748159380790906e+00,1.684074213078178839e-01,0.000000000000000000e+00
2.330536459414167538e+00,2.180276806209226592e+00,0.000000000000000000e+00,8.103819608263638230e-01,2.206768803623389286e-01,0.000000000000000000e+00
2.232039794595774840e+00,2.341921993657442691e+00,0.000000000000000000e+00,4.625362916441090877e-01,3.968729640731658709e-02,0.000000000000000000e+00
2.235138407011977968e+00,2.050426030205704908e+00,0.000000000000000000e+00,1.144121866480422467e+00,2.836460186331790090e-01,0.000000000000000000e+00
2.130746255857647320e+00,2.183843987314886270e+00,0.000000000000000000e+00,6.572434758475911298e-01,6.554458522240048934e-02,0.000000000000000000e+00
2.138888888889346696e+00,2.500000000000000000e+00,0.000000000000000000e+00,0.000000000000000000e+00,0.000000000000000000e+00,0.000000000000000000e+00
2.037595350151218287e+00,2.341921993657442691e+00,0.000000000000000000e+00,4.396202183379528394e-01,1.753628021194270428e-02,0.000000000000000000e+00
1.944444444444790143e+00,2.500000000000000444e+00,0.000000000000000000e+00,0.000000000000000000e+00,0.000000000000000000e+00,0.000000000000000000e+00
3.082093859676744430e+00,1.017085152529012104e+00,0.000000000000000000e+00,5.200787036491736348e-01,2.097101583462201713e-01,0.000000000000000000e+00
2.994288181871450405e+00,1.173817318991181580e+00,0.000000000000000000e+00,9.401353784404155034e-01,1.968500992623837820e-01,0.000000000000000000e+00
2.813257788998696718e+00,1.176793462283816982e+00,0.000000000000000000e+00,9.718006256122445619e-01,1.827050930536143480e-01,0.000000000000000000e+00
2.901359210315200610e+00,1.015654177067614183e+00,0.000000000000000000e+00,4.794926929004765248e-01,1.733096867720367584e-01,0.000000000000000000e+00
3.915164875785694498e+00,8.306980931887206765e-01,0.000000000000000000e+00,6.864091789343609862e-02,-1.541698337790975148e-01,0.000000000000000000e+00
4.006208961607875096e+00,6.799743804702242933e-01,0.000000000000000000e+00,-1.090895704142174905e-01,-2.319253810883871447e-01,0.000000000000000000e+00
3.725885300046707371e+00,8.392331434253041955e-01,0.000000000000000000e+00,1.664795479039310466e-01,-1.889406513870652837e-01,0.000000000000000000e+00
3.822348508113579513e+00,6.719919647221422876e-01,0.000000000000000000e+00,-5.557871617736989678e-02,-2.000258651795760179e-01,0.000000000000000000e+00
3.537234103675916952e+00,8.534010422612829938e-01,0.000000000000000000e+00,1.722223912871615192e-01,-2.126925725665770039e-01,0.000000000000000000e+00
3.353937312205143684e+00,8.594219451922551212e-01,0.000000000000000000e+00,2.771255600757238646e-01,-1.039130319801781221e-01,0.000000000000000000e+00
3.633697311742789537e+00,6.861598635581211969e-01,0.000000000000000000e+00,-1.266003628036662110e-01,-1.235814272903366928e-01,0.000000000000000000e+00
3.445046115371999118e+00,7.003277623941001062e-01,0.000000000000000000e+00,-1.913003988976830771e-01,-1.994473911716645176e-01,0.000000000000000000e+00
3.262617645194182181e+00,7.033736301045869777e-01,0.000000000000000000e+00,-2.044647415139791147e-01,5.028436221943327622e-02,0.000000000000000000e+00
3.171508842027325858e+00,8.624678129027418816e-01,0.000000000000000000e+00,2.918278314251327998e-01,2.128736045463898718e-01,0.000000000000000000e+00
2.990774192665782039e+00,8.610368374413439607e-01,0.000000000000000000e+00,2.595145664045509504e-01,2.311657925122742319e-01,0.000000000000000000e+00
3.080189175016363912e+00,7.064194978150737381e-01,0.000000000000000000e+00,-1.434368394450614148e-01,2.429694804429742838e-01,0.000000000000000000e+00
4.450219589535080900e+00,5.280260210033708157e-01,0.000000000000000000e+00,-1.430503209232738826e-01,-3.439712018863689269e-01,0.000000000000000000e+00
4.305218273350838842e+00,5.205045050018111130e-01,0.000000000000000000e+00,-1.942388088943024504e-01,-2.694759859931418755e-01,0.000000000000000000e+00
4.420367131599507893e+00,3.530522137853159270e-01,0.000000000000000000e+00,-2.287131412011567944e-01,-2.450809783099631434e-01,0.000000000000000000e+00
4.571963111186662765e+00,4.496265245440806968e-01,0.000000000000000000e+00,-1.058495202188078216e-01,-2.718196245067935335e-01,0.000000000000000000e+00
4.105949406081535358e+00,5.138373624322682964e-01,0.000000000000000000e+00,-2.901509313618182984e-01,-2.763081782925598806e-01,0.000000000000000000e+00
3.922088952587239774e+00,5.058549466841864017e-01,0.000000000000000000e+00,-2.779307286005140432e-01,-2.475046975119689630e-01,0.000000000000000000e+00
4.221098264330204408e+00,3.463850712157731659e-01,0.000000000000000000e+00,-3.269735885507186191e-01,-1.652018019836791474e-01,0.000000000000000000e+00
4.021829397060899147e+00,3.397179286462304049e-01,0.000000000000000000e+00,-3.930968800234713179e-01,-2.677540023282040660e-01,0.000000000000000000e+00
5.000000000000000000e+00,5.357142857133878611e-01,0.000000000000000000e+00,0.000000000000000000e+00,0.000000000000000000e+00,0.000000000000000000e+00
4.861779545386908374e+00,4.516718462226629316e-01,0.000000000000000000e+00,-1.518942529523608330e-02,-1.214065788224933801e-01,0.000000000000000000e+00
5.000000000000000000e+00,3.571428571424803966e-01,0.000000000000000000e+00,0.000000000000000000e+00,0.000000000000000000e+00,0.000000000000000000e+00
4.737283278735739955e+00,3.987400082744868568e-01,0.000000000000000000e+00,-4.079182737419483062e-02,-1.918972804479582295e-01,0.000000000000000000e+00
4.585687299148586860e+00,3.021656975157220870e-01,0.000000000000000000e+00,-1.271526446513616959e-01,-1.785553914861927050e-01,0.000000000000000000e+00
4.875503733348832469e+00,3.042110191943043773e-01,0.000000000000000000e+00,-8.457523059671333623e-03,-8.131601804651254761e-02,0.000000000000000000e+00
4.751007466697664050e+00,2.512791812461283025e-01,0.000000000000000000e+00,-4.630154071948056060e-02,-1.318332580100264328e-01,0.000000000000000000e+00
1.953263960989399362e+00,3.309873512641452908e+00,0.000000000000000000e+00,6.033187058899650568e-01,-4.908946872564319830e-01,0.000000000000000000e+00
1.854749047074598423e+00,3.152423853405470489e+00,0.000000000000000000e+00,2.844854561849947672e-01,-1.368323923267139308e-01,0.000000000000000000e+00
2.040742380244581877e+00,3.409628252387583380e+00,0.000000000000000000e+00,6.561961793383492836e-01,-6.369227617432413613e-01,0.000000000000000000e+00
2.073942640321004394e+00,3.560368549526320869e+00,0.000000000000000000e+00,2.600075618332486904e-01,-6.511981849952305224e-01,0.000000000000000000e+00
1.852532068959203970e+00,3.404602446557071893e+00,0.000000000000000000e+00,3.283481264714422920e-01,-6.338136583485549647e-01,0.000000000000000000e+00
1.940010488214386708e+00,3.504357186303202365e+00,0.000000000000000000e+00,3.201392458273859543e-01,-8.748223411981894682e-01,0.000000000000000000e+00
1.765053649704021010e+00,3.304847706810940977e+00,0.000000000000000000e+00,2.815995962301884314e-01,-3.314467158923890544e-01,0.000000000000000000e+00
1.750000000000206724e+00,3.000000000000000444e+00,0.000000000000000000e+00,0.000000000000000000e+00,0.000000000000000000e+00,0.000000000000000000e+00
1.660304602629629311e+00,3.152423853405470933e+00,0.000000000000000000e+00,1.058447778149913393e-01,-1.058280332411432739e-01,0.000000000000000000e+00
1.555555555555236946e+00,3.000000000000000000e+00,0.000000000000000000e+00,0.000000000000000000e+00,0.000000000000000000e+00,0.000000000000000000e+00
2.313677237774951934e+00,4.199882797792422906e+00,0.000000000000000000e+00,-7.828421189000306368e-01,1.058486460303777132e+00,0.000000000000000000e+00
2.332762929065136603e+00,4.071485143664570927e+00,0.000000000000000000e+00,-1.624122080553564551e+00,1.042061867370378980e+00,0.000000000000000000e+00
2.227970295512184951e+00,3.995113959645872903e+00,0.000000000000000000e+00,-1.415267198125064629e+00,5.842138456982687300e-01,0.000000000000000000e+00
2.216917924259751871e+00,4.122047156626558184e+00,0.000000000000000000e+00,-1.127818912483471436e+00,7.297602706385022397e-01,0.000000000000000000e+00
2.729588583070535091e+00,4.688507410299038725e+00,0.000000000000000000e+00,-1.615241353472849917e-01,1.222087163185867770e-01,0.000000000000000000e+00
2.615444335638397622e+00,4.652535571537479875e+00,0.000000000000000000e+00,-5.561553142566450642e-02,3.903304605800335669e-01,0.000000000000000000e+00
2.677983927252121088e+00,4.796391511824271703e+00,0.000000000000000000e+00,-2.275526289773026622e-01,2.888345102595119007e-01,0.000000000000000000e+00
2.795744868449460796e+00,4.784820302125141644e+00,0.000000000000000000e+00,-2.970734999283129452e-01,1.058348318274779931e-01,0.000000000000000000e+00
2.421050798343459487e+00,4.532387102834977810e+00,0.000000000000000000e+00,1.785014546821967751e-01,1.002593226262894932e+00,0.000000000000000000e+00
2.349816701976198630e+00,4.416906506688777156e+00,0.000000000000000000e+00,7.227597173793441632e-02,1.303204368449843553e+00,0.000000000000000000e+00
2.536697499193107497e+00,4.802457953568479709e+00,0.000000000000000000e+00,-1.277089396496924878e-01,7.432632472661401257e-01,0.000000000000000000e+00
2.474157907579383586e+00,4.658602013281686993e+00,0.000000000000000000e+00,3.397511241680252481e-02,7.941648303603761061e-01,0.000000000000000000e+00
2.342303961898168918e+00,4.682309484865976756e+00,0.000000000000000000e+00,-1.433047345577837320e-02,1.174381136851855967e+00,0.000000000000000000e+00
2.289196852662244375e+00,4.556094574419266685e+00,0.000000000000000000e+00,4.812506110055020381e-02,1.326974560355457911e+00,0.000000000000000000e+00
2.395411071134092573e+00,4.808524395312685051e+00,0.000000000000000000e+00,-6.953710716980078532e-02,1.040924079159498028e+00,0.000000000000000000e+00
2.981694945437904032e+00,4.895160001218934909e+00,0.000000000000000000e+00,-2.663462986191263981e-01,3.116842845025866518e-02,0.000000000000000000e+00
3.123340020603256662e+00,4.893253592979100119e+00,0.000000000000000000e+00,-3.223004858544538664e-01,9.334398853273948027e-02,0.000000000000000000e+00
3.049884081229006227e+00,5.017070910011859119e+00,0.000000000000000000e+00,-6.933122500336454108e-02,1.244587481045501820e-01,0.000000000000000000e+00
3.339091562545493552e+00,4.780999394261389313e+00,0.000000000000000000e+00,-5.447641060195644869e-01,7.805582356200159444e-02,0.000000000000000000e+00
3.440693582556740182e+00,4.646281256288219197e+00,0.000000000000000000e+00,-4.095440901052880278e-01,8.940358061814956611e-03,0.000000000000000000e+00
3.481387165113480897e+00,4.792562512576438394e+00,0.000000000000000000e+00,-6.276230040410664124e-01,2.726757349844605161e-02,0.000000000000000000e+00
3.599999999999999645e+00,4.500000000000000000e+00,0.000000000000000000e+00,0.000000000000000000e+00,0.000000000000000000e+00,0.000000000000000000e+00
3.640693582556740360e+00,4.646281256288219197e+00,0.000000000000000000e+00,-4.211966997261882284e-01,-1.630846885386486034e-02,0.000000000000000000e+00
3.799999999999999822e+00,4.500000000000000888e+00,0.000000000000000000e+00,0.000000000000000000e+00,0.000000000000000000e+00,0.000000000000000000e+00
2.732029065056686967e+00,4.919410672536962181e+00,0.000000000000000000e+00,-1.778389192783933481e-01,2.294723843496691562e-01,0.000000000000000000e+00
2.849790006254026231e+00,4.907839462837831235e+00,0.000000000000000000e+00,-1.923045885074021744e-01,9.668789284894253877e-02,0.000000000000000000e+00
2.917979142045129315e+00,5.029750371630755446e+00,0.000000000000000000e+00,-6.779866594758740365e-03,7.792514517976656396e-02,0.000000000000000000e+00
2.786074202861251958e+00,5.042429833249651772e+00,0.000000000000000000e+00,-3.694661334255913698e-02,1.143134946876874225e-01,0.000000000000000000e+00
3.191739670938050111e+00,5.025421191341409966e+00,0.000000000000000000e+00,-9.959192995551462146e-02,1.612286771827041443e-01,0.000000000000000000e+00
3.265195610312300101e+00,4.901603874308650077e+00,0.000000000000000000e+00,-3.696324352831981130e-01,1.318430847543308193e-01,0.000000000000000000e+00
3.407491212880287001e+00,4.913166992623699159e+00,0.000000000000000000e+00,-4.390816097988185507e-01,1.519814622431282791e-01,0.000000000000000000e+00
3.333595260647093106e+00,5.033771472670959923e+00,0.000000000000000000e+00,-1.401503727812916100e-01,2.148342715978333595e-01,0.000000000000000000e+00
2.100785238444355052e+00,3.677730258964548860e+00,0.000000000000000000e+00,-2.643190437479989163e-01,-7.092653226390530641e-01,0.000000000000000000e+00
2.116359175612853250e+00,3.803630683922422762e+00,0.000000000000000000e+00,-1.019131489199722296e+00,-6.759958997719023310e-01,0.000000000000000000e+00
1.993695684461088247e+00,3.739080605179658789e+00,0.000000000000000000e+00,-7.014837022396789301e-01,-9.229752297626604429e-01,0.000000000000000000e+00
1.966853086337737366e+00,3.621718895741430355e+00,0.000000000000000000e+00,-7.034523107205757630e-02,-9.777866602966832632e-01,0.000000000000000000e+00
2.119511333382309459e+00,3.934090381332594255e+00,0.000000000000000000e+00,-9.378798092344684534e-01,-2.279140195397363067e-01,0.000000000000000000e+00
2.108458962129875935e+00,4.061023578313279536e+00,0.000000000000000000e+00,-7.308126545927611240e-01,4.600798400767733276e-01,0.000000000000000000e+00
1.996847842230544012e+00,3.869540302589828951e+00,0.000000000000000000e+00,-6.303151775418701641e-01,-4.056216628985919725e-01,0.000000000000000000e+00
2.000000000000000444e+00,4.000000000000000888e+00,0.000000000000000000e+00,0.000000000000000000e+00,0.000000000000000000e+00,0.000000000000000000e+00
2.200114094951090671e+00,4.231609595313690519e+00,0.000000000000000000e+00,-3.025172050096946452e-01,1.194655705192663619e+00,0.000000000000000000e+00
2.296873408466290734e+00,4.309445236479554353e+00,0.000000000000000000e+00,2.561545058438680425e-02,1.213800499623288953e+00,0.000000000000000000e+00
2.236253559152337367e+00,4.448633304210044770e+00,0.000000000000000000e+00,1.283722314017076704e-01,1.259037536010006786e+00,0.000000000000000000e+00
2.183310265642429471e+00,4.341172034000821967e+00,0.000000000000000000e+00,1.399155786711492322e-01,1.178931059040981388e+00,0.000000000000000000e+00
2.250043504282517759e+00,1.778155479749875978e+00,0.000000000000000000e+00,1.669607921814594720e+00,4.566832841297772116e-01,0.000000000000000000e+00
2.354480166926387508e+00,1.647884427566637111e+00,0.000000000000000000e+00,1.888962035472817158e+00,6.088122481415525478e-01,0.000000000000000000e+00
2.160556450398726014e+00,1.639302886403227744e+00,0.000000000000000000e+00,1.861025042353118275e+00,3.755820012113919026e-01,0.000000000000000000e+00
2.139881351185784375e+00,1.920482560271621342e+00,0.000000000000000000e+00,1.390895394311813194e+00,2.500422551238086211e-01,0.000000000000000000e+00
2.035489200031452839e+00,2.053900517380802260e+00,0.000000000000000000e+00,1.009989072718128877e+00,1.410107078894964373e-02,0.000000000000000000e+00
2.050394297301992630e+00,1.781629966924973552e+00,0.000000000000000000e+00,1.607738192734107230e+00,1.702761343418791873e-01,0.000000000000000000e+00
1.940232144205258802e+00,1.923957047446718693e+00,0.000000000000000000e+00,1.282433880811265414e+00,-3.903365638295933776e-02,0.000000000000000000e+00
2.453852474550958007e+00,1.501325607902505688e+00,0.000000000000000000e+00,1.702882893296630673e+00,6.313232179602766836e-01,0.000000000000000000e+00
2.542228716665030142e+00,1.342058997287492339e+00,0.000000000000000000e+00,1.343832740375038304e+00,4.689086183193086899e-01,0.000000000000000000e+00
2.259928758023296513e+00,1.492744066739096542e+00,0.000000000000000000e+00,1.651918888900952842e+00,5.188430068095097880e-01,0.000000000000000000e+00
2.359301065647867013e+00,1.346185247074964897e+00,0.000000000000000000e+00,1.406542755993911653e+00,6.296510118719764737e-01,0.000000000000000000e+00
2.718956854450989891e+00,1.017902700375421521e+00,0.000000000000000000e+00,4.904903921888856266e-01,2.165234683553860229e-01,0.000000000000000000e+00
2.630855433134485999e+00,1.179041985591624542e+00,0.000000000000000000e+00,9.591000336299324580e-01,2.683996940895453931e-01,0.000000000000000000e+00
2.447927782117323314e+00,1.183168235379097100e+00,0.000000000000000000e+00,1.050737855691827205e+00,4.933116070577212575e-01,0.000000000000000000e+00
2.536554498586779616e+00,1.020151223683229302e+00,0.000000000000000000e+00,5.180788683096012592e-01,2.904803755871685489e-01,0.000000000000000000e+00
1.935157610018536145e+00,2.184583096570531957e+00,0.000000000000000000e+00,6.628008939588712067e-01,1.430650154432193920e-02,0.000000000000000000e+00
1.842006704312107335e+00,2.342661102913088378e+00,0.000000000000000000e+00,4.408665190891717933e-01,3.006217728017239119e-02,0.000000000000000000e+00
1.839900554192341886e+00,2.054639626636447947e+00,0.000000000000000000e+00,1.025117859908956541e+00,6.564674617316752780e-02,0.000000000000000000e+00
1.739568964179425192e+00,2.185322205826177644e+00,0.000000000000000000e+00,6.438588157632806341e-01,1.413058916198418613e-01,0.000000000000000000e+00
1.749999999999824141e+00,2.500000000000000000e+00,0.000000000000000000e+00,0.000000000000000000e+00,0.000000000000000000e+00,0.000000000000000000e+00
1.647562259867141332e+00,2.342661102913088378e+00,0.000000000000000000e+00,3.797661943009311702e-01,7.302489114032070794e-02,0.000000000000000000e+00
1.555555555554858138e+00,2.500000000000000444e+00,0.000000000000000000e+00,0.000000000000000000e+00,0.000000000000000000e+00,0.000000000000000000e+00
2.890205068390305776e+00,6.976614759121402276e-01,0.000000000000000000e+00,-1.281182025163189742e-01,1.687314645896098031e-01,0.000000000000000000e+00
2.800790086039723903e+00,8.522788155384102282e-01,0.000000000000000000e+00,2.330956573385973563e-01,1.550849007799688095e-01,0.000000000000000000e+00
2.618387730175513184e+00,8.545273388462177877e-01,0.000000000000000000e+00,2.999368397017742049e-01,2.043787983976048939e-01,0.000000000000000000e+00
2.700220961764246752e+00,6.889034540092064951e-01,0.000000000000000000e+00,-1.164402601834963330e-01,7.692796155913532441e-02,0.000000000000000000e+00
3.829838570681086907e+00,3.409583116798224900e-01,0.000000000000000000e+00,-5.427599287138844542e-01,-3.002267695152729954e-02,0.000000000000000000e+00
3.730098126207426645e+00,5.070953297177784869e-01,0.000000000000000000e+00,-3.830439314509110904e-01,-4.372475167624207543e-02,0.000000000000000000e+00
3.541446929836636670e+00,5.212632285537573962e-01,0.000000000000000000e+00,-4.287164524833071977e-01,-7.181438114182708832e-02,0.000000000000000000e+00
3.637847744301273778e+00,3.421986947134145751e-01,0.000000000000000000e+00,-5.928607781919823516e-01,2.950039963160416487e-02,0.000000000000000000e+00
3.350563537360561561e+00,5.299576563403438634e-01,0.000000000000000000e+00,-4.955513987678082377e-01,-5.014780943077392500e-02,0.000000000000000000e+00
3.168135067182744180e+00,5.330035240508306238e-01,0.000000000000000000e+00,-4.785677594628825471e-01,1.110369757593858281e-01,0.000000000000000000e+00
3.446964351825198669e+00,3.508931225000010423e-01,0.000000000000000000e+00,-6.175594696712167764e-01,-2.197104536536834823e-02,0.000000000000000000e+00
3.256080959349123560e+00,3.595875502865875095e-01,0.000000000000000000e+00,-6.325506342764558587e-01,3.108993381798178315e-02,0.000000000000000000e+00
3.060193645478563429e+00,3.499050274728897625e-01,0.000000000000000000e+00,-5.823618770859715355e-01,6.739219213471073222e-02,0.000000000000000000e+00
2.972247753312183605e+00,5.233210012371329878e-01,0.000000000000000000e+00,-3.947107572904353101e-01,1.654752797922464658e-01,0.000000000000000000e+00
2.782263646686125025e+00,5.145629793341992553e-01,0.000000000000000000e+00,-3.796355918445559752e-01,8.944566301696064980e-02,0.000000000000000000e+00
2.864306331608002854e+00,3.402225046591920155e-01,0.000000000000000000e+00,-5.148717729073771787e-01,9.250378198952563524e-02,0.000000000000000000e+00
4.416666666672504959e+00,0.000000000000000000e+00,0.000000000000000000e+00,0.000000000000000000e+00,0.000000000000000000e+00,0.000000000000000000e+00
4.681059288906333826e+00,1.256395906230641513e-01,0.000000000000000000e+00,-1.200059421593482334e-01,-4.226445770923178968e-02,0.000000000000000000e+00
4.515739121357255748e+00,1.765261068926579635e-01,0.000000000000000000e+00,-2.387009838349797852e-01,-6.986504026866573180e-02,0.000000000000000000e+00
4.122025809645452732e+00,1.698589643231152024e-01,0.000000000000000000e+00,-5.078494806759562552e-01,-4.796928946307144059e-02,0.000000000000000000e+00
4.321294676914757105e+00,1.765261068926579635e-01,0.000000000000000000e+00,-3.728117179720677465e-01,-8.582748146907644149e-02,0.000000000000000000e+00
4.611111111115003602e+00,-5.413126660430650266e-18,0.000000000000000000e+00,0.000000000000000000e+00,0.000000000000000000e+00,0.000000000000000000e+00
4.222222222230005428e+00,7.318298983073916439e-18,0.000000000000000000e+00,0.000000000000000000e+00,0.000000000000000000e+00,0.000000000000000000e+00
4.027777777786438307e+00,0.000000000000000000e+00,0.000000000000000000e+00,0.000000000000000000e+00,0.000000000000000000e+00,0.000000000000000000e+00
3.927581365201885166e+00,1.698589643231152024e-01,0.000000000000000000e+00,-5.067819239425835898e-01,-4.664290165965052221e-02,0.000000000000000000e+00
3.735590538822071593e+00,1.710993473567072876e-01,0.000000000000000000e+00,-4.660962588520222161e-01,2.110182460828099321e-02,0.000000000000000000e+00
3.833333333342869853e+00,7.371740342083331167e-18,0.000000000000000000e+00,0.000000000000000000e+00,0.000000000000000000e+00,0.000000000000000000e+00
5.000000000000000000e+00,1.785714285712402261e-01,0.000000000000000000e+00,0.000000000000000000e+00,0.000000000000000000e+00,0.000000000000000000e+00
5.000000000000000000e+00,5.413126660430650266e-18,0.000000000000000000e+00,0.000000000000000000e+00,0.000000000000000000e+00,0.000000000000000000e+00
4.875503733348832469e+00,1.256395906230641513e-01,0.000000000000000000e+00,-1.651400573920847742e-02,-3.616815057293277375e-02,0.000000000000000000e+00
4.805555555557502245e+00,0.000000000000000000e+00,0.000000000000000000e+00,0.000000000000000000e+00,0.000000000000000000e+00,0.000000000000000000e+00
1.811202320774194519e+00,3.552873238207420403e+00,0.000000000000000000e+00,1.503734527519732800e-01,-7.042329604388392061e-01,0.000000000000000000e+00
1.723723901519011559e+00,3.453118498461289487e+00,0.000000000000000000e+00,1.576936802883925071e-01,-4.218855368145761342e-01,0.000000000000000000e+00
1.682394153334001885e+00,3.601389290111637553e+00,0.000000000000000000e+00,1.159267277380201383e-01,-3.753013261798536782e-01,0.000000000000000000e+00
1.838044918897545177e+00,3.670234947645647949e+00,0.000000000000000000e+00,-1.525118694276277886e-01,-7.399378537190686167e-01,0.000000000000000000e+00
1.481488737980615866e+00,3.155025049407421456e+00,0.000000000000000000e+00,-8.092288366050852388e-03,-5.980465684074597055e-02,0.000000000000000000e+00
1.586237785055008231e+00,3.307448902812892388e+00,0.000000000000000000e+00,1.076046419006825017e-01,-2.265532912658544951e-01,0.000000000000000000e+00
1.544908036869998558e+00,3.455719694463240454e+00,0.000000000000000000e+00,1.301479032505290512e-01,-2.894328654586494909e-01,0.000000000000000000e+00
1.407421920405994786e+00,3.310050098814842467e+00,0.000000000000000000e+00,-2.505583077108061718e-02,-1.587240481814027326e-01,0.000000000000000000e+00
1.361111111110677285e+00,3.000000000000000444e+00,0.000000000000000000e+00,0.000000000000000000e+00,0.000000000000000000e+00,0.000000000000000000e+00
1.287044293536055983e+00,3.155025049407421456e+00,0.000000000000000000e+00,-9.408453892095992865e-02,-5.888322943555446970e-02,0.000000000000000000e+00
1.166666666666116958e+00,3.000000000000000000e+00,0.000000000000000000e+00,0.000000000000000000e+00,0.000000000000000000e+00,0.000000000000000000e+00
2.000000000000000000e+00,4.125000000000000000e+00,0.000000000000000000e+00,0.000000000000000000e+00,0.000000000000000000e+00,0.000000000000000000e+00
2.091655132821214735e+00,4.295586017000411871e+00,0.000000000000000000e+00,1.005663641786442956e-02,8.247749653194583752e-01,0.000000000000000000e+00
2.108458962129875935e+00,4.186023578313279536e+00,0.000000000000000000e+00,-2.306614698472423675e-01,9.155349452145368216e-01,0.000000000000000000e+00
2.000000000000000000e+00,4.250000000000000000e+00,0.000000000000000000e+00,0.000000000000000000e+00,0.000000000000000000e+00,0.000000000000000000e+00
2.603336106851125820e+00,4.951319018025758467e+00,0.000000000000000000e+00,-5.218185932440513874e-02,6.490629556757967489e-01,0.000000000000000000e+00
2.657381244655691255e+00,5.074338178738448946e+00,0.000000000000000000e+00,5.036741616986547404e-02,5.809065079388217034e-01,0.000000000000000000e+00
2.462049678792111784e+00,4.957385459769965586e+00,0.000000000000000000e+00,-8.442116094102825735e-03,9.473959881029698771e-01,0.000000000000000000e+00
2.528688286450129663e+00,5.106246524227244343e+00,0.000000000000000000e+00,1.045135436356982028e-01,8.644437542299392430e-01,0.000000000000000000e+00
2.253094976827824780e+00,4.799514912214609907e+00,0.000000000000000000e+00,-1.342712203090067058e-01,9.387528032075960205e-01,0.000000000000000000e+00
2.199987867591900681e+00,4.673300001767900724e+00,0.000000000000000000e+00,-2.259668160463000064e-01,1.055156864513806747e+00,0.000000000000000000e+00
2.110778882521556099e+00,4.790505429116533875e+00,0.000000000000000000e+00,-2.094876422262036963e-01,7.554980370150706781e-01,0.000000000000000000e+00
2.091655132821214735e+00,4.420586017000411871e+00,0.000000000000000000e+00,5.552738895635243171e-02,7.325912592415705360e-01,0.000000000000000000e+00
2.144598426331122187e+00,4.528047287209633787e+00,0.000000000000000000e+00,5.394718129857529847e-03,9.103851291191219497e-01,0.000000000000000000e+00
2.055389441260778050e+00,4.645252714558266938e+00,0.000000000000000000e+00,-2.194698135908224323e-01,4.386281285583288336e-01,0.000000000000000000e+00
2.000000000000000000e+00,4.500000000000000000e+00,0.000000000000000000e+00,0.000000000000000000e+00,0.000000000000000000e+00,0.000000000000000000e+00
2.385574617846683232e+00,5.098288857800423735e+00,0.000000000000000000e+00,1.414991457469977065e-01,9.976136453367995260e-01,0.000000000000000000e+00
2.318936010188664465e+00,4.949427793343144089e+00,0.000000000000000000e+00,-5.345606061893757449e-02,1.052098722272982734e+00,0.000000000000000000e+00
2.176619915882396228e+00,4.940418310245068056e+00,0.000000000000000000e+00,-3.421119266426745492e-03,9.336894819482280949e-01,0.000000000000000000e+00
2.242460949243235913e+00,5.090331191373602238e+00,0.000000000000000000e+00,1.845310434263923993e-01,1.096613093784055248e+00,0.000000000000000000e+00
3.115157342816873509e+00,5.147379004274545089e+00,0.000000000000000000e+00,1.999294822741431443e-01,1.890160161029619534e-01,0.000000000000000000e+00
3.257012932525917392e+00,5.155729285604095935e+00,0.000000000000000000e+00,1.490295286338112202e-01,2.442494132447752264e-01,0.000000000000000000e+00
2.862913993322167006e+00,5.141114321675051002e+00,0.000000000000000000e+00,3.090116838420301493e-01,4.964558345643594467e-02,0.000000000000000000e+00
2.994818932506043918e+00,5.128434860056154676e+00,0.000000000000000000e+00,2.366677839621171564e-01,1.574314243918507328e-01,0.000000000000000000e+00
3.060092194093911644e+00,5.258742954318840646e+00,0.000000000000000000e+00,3.710471086517507233e-01,2.647258449917579415e-01,0.000000000000000000e+00
2.939753783783081609e+00,5.239798810100450233e+00,0.000000000000000000e+00,4.543615237862751455e-01,1.846081361348068384e-01,0.000000000000000000e+00
3.180430604404741235e+00,5.277687098537231947e+00,0.000000000000000000e+00,2.772555443702158784e-01,2.729924020680677410e-01,0.000000000000000000e+00
3.615898552675095967e+00,4.817525336336341724e+00,0.000000000000000000e+00,-6.360408714747624037e-01,-4.977350945932857568e-02,0.000000000000000000e+00
3.775204970118354986e+00,4.671244080048122527e+00,0.000000000000000000e+00,-4.554464599837632077e-01,-2.622665690783202927e-02,0.000000000000000000e+00
3.551317291226711248e+00,4.921801939962998418e+00,0.000000000000000000e+00,-4.962607742191457172e-01,-1.654329040164888992e-02,0.000000000000000000e+00
3.477421338993517352e+00,5.042406420010258294e+00,0.000000000000000000e+00,-1.709586906129197115e-01,1.571826484450118688e-01,0.000000000000000000e+00
3.685828678788326762e+00,4.946764763722900859e+00,0.000000000000000000e+00,-4.719464059125003108e-01,-6.510631003942707329e-02,0.000000000000000000e+00
3.750409940236711037e+00,4.842488160096244165e+00,0.000000000000000000e+00,-6.450653276591464813e-01,-4.549972678473402504e-02,0.000000000000000000e+00
3.621247417339941155e+00,5.051041367349556666e+00,0.000000000000000000e+00,-2.563154151165241146e-01,-7.178221199920002682e-02,0.000000000000000000e+00
3.999999999999999556e+00,4.500000000000000000e+00,0.000000000000000000e+00,0.000000000000000000e+00,0.000000000000000000e+00,0.000000000000000000e+00
3.877857701589324968e+00,4.837945579345479530e+00,0.000000000000000000e+00,-6.922435780790635595e-01,4.111195327248438197e-02,0.000000000000000000e+00
3.902652731470968916e+00,4.666701499297357003e+00,0.000000000000000000e+00,-4.922117204381899480e-01,-1.200359497820514300e-02,0.000000000000000000e+00
4.102652731470969094e+00,4.666701499297357891e+00,0.000000000000000000e+00,-5.260821832609380300e-01,3.455540552148111521e-03,0.000000000000000000e+00
4.200000000000000178e+00,4.500000000000000888e+00,0.000000000000000000e+00,0.000000000000000000e+00,0.000000000000000000e+00,0.000000000000000000e+00
4.005305462941938899e+00,4.833402998594715783e+00,0.000000000000000000e+00,-7.538691531123624667e-01,1.008829929599622905e-03,0.000000000000000000e+00
2.604977423862268715e+00,5.233375651913744875e+00,0.000000000000000000e+00,5.637210040981689430e-01,6.513578737283595155e-01,0.000000000000000000e+00
2.733670382067829863e+00,5.201467306424948589e+00,0.000000000000000000e+00,5.458432651437590266e-01,2.575741978013598166e-01,0.000000000000000000e+00
2.810510172528744466e+00,5.300151794850348708e+00,0.000000000000000000e+00,7.155611090958058362e-01,2.015511537019236687e-01,0.000000000000000000e+00
2.681266561274406879e+00,5.360504779600245406e+00,0.000000000000000000e+00,8.618111003277120208e-01,3.443055521797802054e-01,0.000000000000000000e+00
3.325934956420359967e+00,5.283398919463495602e+00,0.000000000000000000e+00,1.960393255462189177e-01,2.885046515993580640e-01,0.000000000000000000e+00
3.402517284541535680e+00,5.161441106530360479e+00,0.000000000000000000e+00,1.152035341049773426e-01,2.247566341378551824e-01,0.000000000000000000e+00
3.546343362887959927e+00,5.170076053869658850e+00,0.000000000000000000e+00,7.826986239342122176e-02,1.678723438502739418e-01,0.000000000000000000e+00
3.471439308435978255e+00,5.289110740389761034e+00,0.000000000000000000e+00,9.807998452904963249e-02,2.540160408979639795e-01,0.000000000000000000e+00
1.800000000000000266e+00,4.000000000000000000e+00,0.000000000000000000e+00,2.973505925940842301e-02,-1.203264880249998031e-01,0.000000000000000000e+00
1.796847842230544279e+00,3.869540302589829395e+00,0.000000000000000000e+00,-2.435532356616353644e-01,-2.493496884307879191e-01,0.000000000000000000e+00
1.641197076667001209e+00,3.800694645055818999e+00,0.000000000000000000e+00,3.999249969943927813e-02,-1.662697533430545216e-01,0.000000000000000000e+00
1.600000000000000311e+00,4.000000000000000888e+00,0.000000000000000000e+00,0.000000000000000000e+00,0.000000000000000000e+00,0.000000000000000000e+00
2.000000000000000000e+00,4.375000000000000000e+00,0.000000000000000000e+00,0.000000000000000000e+00,0.000000000000000000e+00,0.000000000000000000e+00
1.868208746788859509e+00,1.770669729547881932e+00,0.000000000000000000e+00,1.448889905005390721e+00,1.345269004406972613e-01,0.000000000000000000e+00
1.978370899885593115e+00,1.628342649026136346e+00,0.000000000000000000e+00,1.745317218156109851e+00,2.449290125835928422e-01,0.000000000000000000e+00
2.080281412036018907e+00,1.493706028193435564e+00,0.000000000000000000e+00,1.604530260380537809e+00,3.553051629843772541e-01,0.000000000000000000e+00
2.179653719660589406e+00,1.347147208529303919e+00,0.000000000000000000e+00,1.368837948418971662e+00,4.671083211629927789e-01,0.000000000000000000e+00
1.898095861522886008e+00,1.482745790816343945e+00,0.000000000000000000e+00,1.425953263019430040e+00,4.142813229108138762e-01,0.000000000000000000e+00
1.796185349372459994e+00,1.617382411649044949e+00,0.000000000000000000e+00,1.552745019543746885e+00,4.285707753307863577e-01,0.000000000000000000e+00
2.000006373673311799e+00,1.348109169983642941e+00,0.000000000000000000e+00,1.272330356504316695e+00,4.305258776538434251e-01,0.000000000000000000e+00
1.759591757120677169e+00,1.905861623150955975e+00,0.000000000000000000e+00,1.257946708182465789e+00,3.133828147917489537e-01,0.000000000000000000e+00
1.659260167107760031e+00,2.036544202340685228e+00,0.000000000000000000e+00,9.593926732491572240e-01,4.173229330015522653e-01,0.000000000000000000e+00
1.687568359704277654e+00,1.752574305252119213e+00,0.000000000000000000e+00,1.323523996662913094e+00,6.542593973117893924e-01,0.000000000000000000e+00
1.578951370036095314e+00,1.887766198855193256e+00,0.000000000000000000e+00,1.045162924803930249e+00,8.176867010199303509e-01,0.000000000000000000e+00
2.353108126002368294e+00,1.025435797628975632e+00,0.000000000000000000e+00,6.805380131270755140e-01,4.331419630069398008e-01,0.000000000000000000e+00
2.264481409532912437e+00,1.188452809324843429e+00,0.000000000000000000e+00,1.154538997233657716e+00,5.737978879886765915e-01,0.000000000000000000e+00
2.084834063545634386e+00,1.189414770779182451e+00,0.000000000000000000e+00,1.056181417837288139e+00,5.121680523351508363e-01,0.000000000000000000e+00
2.169661753417957417e+00,1.030720371574722183e+00,0.000000000000000000e+00,7.660823482913944327e-01,6.017791439779865970e-01,0.000000000000000000e+00
2.524877126710144637e+00,7.028934537847131292e-01,0.000000000000000000e+00,3.355840892169955486e-02,1.137578414540276334e-01,0.000000000000000000e+00
2.443043895121410625e+00,8.685173386217243108e-01,0.000000000000000000e+00,3.920307539332072988e-01,2.091829140107213936e-01,0.000000000000000000e+00
2.259597522536999747e+00,8.738019125674708620e-01,0.000000000000000000e+00,5.403001734164371017e-01,4.376113071493899498e-01,0.000000000000000000e+00
2.349533291656042522e+00,7.168834535602196523e-01,0.000000000000000000e+00,1.490632584584480336e-01,1.768795484675672602e-01,0.000000000000000000e+00
1.547675422148004021e+00,2.178326457272384609e+00,0.000000000000000000e+00,4.227608611385643700e-01,3.111721983787913981e-01,0.000000000000000000e+00
1.455668717835720383e+00,2.335665354359296231e+00,0.000000000000000000e+00,1.916591852775416660e-01,8.469627628213377557e-02,0.000000000000000000e+00
1.467366625076339082e+00,2.029548453786892637e+00,0.000000000000000000e+00,6.812843828452659345e-01,6.229173889010323206e-01,0.000000000000000000e+00
1.355781880116583293e+00,2.171330708718592462e+00,0.000000000000000000e+00,1.158725080345171937e-01,2.819800619871772884e-01,0.000000000000000000e+00
1.361111111110508975e+00,2.500000000000000000e+00,0.000000000000000000e+00,0.000000000000000000e+00,0.000000000000000000e+00,0.000000000000000000e+00
1.261224273391371664e+00,2.335665354359296231e+00,0.000000000000000000e+00,2.101821641974931792e-02,9.363169531379682275e-02,0.000000000000000000e+00
1.166666666666160257e+00,2.500000000000000444e+00,0.000000000000000000e+00,0.000000000000000000e+00,0.000000000000000000e+00,0.000000000000000000e+00
2.567888903339063944e+00,5.299431910644044619e-01,0.000000000000000000e+00,-3.656349021409915356e-01,9.978325649263663361e-03,0.000000000000000000e+00
2.649931588260941773e+00,3.556027163893972221e-01,0.000000000000000000e+00,-4.929732391502147926e-01,2.770771239842249531e-02,0.000000000000000000e+00
2.392545068284961829e+00,5.439331908399109849e-01,0.000000000000000000e+00,-2.979018727281045331e-01,9.638645992074010294e-02,0.000000000000000000e+00
2.435556844913880692e+00,3.709829281196023731e-01,0.000000000000000000e+00,-4.934260546611811127e-01,2.863675269863905082e-02,0.000000000000000000e+00
3.638888888897491292e+00,0.000000000000000000e+00,0.000000000000000000e+00,0.000000000000000000e+00,0.000000000000000000e+00,0.000000000000000000e+00
3.541146094376693476e+00,1.710993473567073153e-01,0.000000000000000000e+00,-4.247445535155652818e-01,5.035712488924289423e-03,0.000000000000000000e+00
3.350262701900617923e+00,1.797937751432937548e-01,0.000000000000000000e+00,-4.416192337435156379e-01,3.628155712756507556e-03,0.000000000000000000e+00
3.444444444452111842e+00,7.746335950166446649e-18,0.000000000000000000e+00,0.000000000000000000e+00,0.000000000000000000e+00,0.000000000000000000e+00
3.250000000005914380e+00,0.000000000000000000e+00,0.000000000000000000e+00,0.000000000000000000e+00,0.000000000000000000e+00,0.000000000000000000e+00
3.155818257454420017e+00,1.797937751432937548e-01,0.000000000000000000e+00,-4.259649242593306906e-01,1.436289363512295407e-02,0.000000000000000000e+00
2.959930943583859442e+00,1.701112523295960077e-01,0.000000000000000000e+00,-3.685590138123072124e-01,2.705108148154126285e-02,0.000000000000000000e+00
3.055555555559716030e+00,7.329168701187574142e-18,0.000000000000000000e+00,0.000000000000000000e+00,0.000000000000000000e+00,0.000000000000000000e+00
2.861111111114752248e+00,0.000000000000000000e+00,0.000000000000000000e+00,0.000000000000000000e+00,0.000000000000000000e+00,0.000000000000000000e+00
2.765486499138895216e+00,1.701112523295960355e-01,0.000000000000000000e+00,-3.288495461559042821e-01,2.675405551585012184e-02,0.000000000000000000e+00
2.551111755791834135e+00,1.854914640598011866e-01,0.000000000000000000e+00,-3.397789141952547443e-01,1.076542719517755049e-02,0.000000000000000000e+00
2.666666666669787134e+00,7.991818378307411238e-18,0.000000000000000000e+00,0.000000000000000000e+00,0.000000000000000000e+00,0.000000000000000000e+00
1.511208616951390526e+00,3.632566968711517408e+00,0.000000000000000000e+00,2.601372962533606281e-01,-2.121749177637373140e-01,0.000000000000000000e+00
1.373722500487386977e+00,3.486897373063119865e+00,0.000000000000000000e+00,1.878385426070231512e-01,-1.820559820807435003e-01,0.000000000000000000e+00
1.470011540284389628e+00,3.831872323655698409e+00,0.000000000000000000e+00,1.716765028657168124e-01,-3.870902691705057491e-02,0.000000000000000000e+00
1.340023080568779168e+00,3.663744647311397706e+00,0.000000000000000000e+00,3.702344015890677853e-01,-1.496101206050243770e-01,0.000000000000000000e+00
1.195540375800774768e+00,3.334967292225448521e+00,0.000000000000000000e+00,-5.704728785049315021e-02,-1.470670019467816003e-01,0.000000000000000000e+00
1.075162748930835743e+00,3.179942242818027065e+00,0.000000000000000000e+00,-1.804157739926411652e-01,-1.060464129214506862e-01,0.000000000000000000e+00
1.161840955882166959e+00,3.511814566473725918e+00,0.000000000000000000e+00,2.269946009286214761e-01,-2.265032356114327905e-01,0.000000000000000000e+00
9.836588311955547503e-01,3.359884485636054130e+00,0.000000000000000000e+00,-1.233542618718986988e-01,-2.960488873145578070e-01,0.000000000000000000e+00
9.722222222217644649e-01,3.000000000000000444e+00,0.000000000000000000e+00,0.000000000000000000e+00,0.000000000000000000e+00,0.000000000000000000e+00
8.807183044864833610e-01,3.179942242818027509e+00,0.000000000000000000e+00,-3.250168666114267024e-01,-6.742290792819892464e-02,0.000000000000000000e+00
7.777777777774117496e-01,3.000000000000000000e+00,0.000000000000000000e+00,0.000000000000000000e+00,0.000000000000000000e+00,0.000000000000000000e+00
2.439288000578001547e+00,5.241691965895962646e+00,0.000000000000000000e+00,5.624119664613296266e-01,1.086456299949150051e+00,0.000000000000000000e+00
2.515577137990139711e+00,5.368821093582463178e+00,0.000000000000000000e+00,8.702632588156780091e-01,8.987476849133414492e-01,0.000000000000000000e+00
2.296174331974554672e+00,5.233734299469141149e+00,0.000000000000000000e+00,6.081398284220230765e-01,1.176780926615136780e+00,0.000000000000000000e+00
2.349887714705873432e+00,5.377137407564680949e+00,0.000000000000000000e+00,8.709441455646433905e-01,1.237096176305427342e+00,0.000000000000000000e+00
1.955389441260514616e+00,4.785981842673466602e+00,0.000000000000000000e+00,-4.159726469130175380e-02,5.053363053211155087e-01,0.000000000000000000e+00
1.899999999999736566e+00,4.640729128115198776e+00,0.000000000000000000e+00,8.356937309235597244e-02,8.017050945496284609e-02,0.000000000000000000e+00
2.088645752182011428e+00,5.081976503799186418e+00,0.000000000000000000e+00,1.916771649780476261e-01,8.885936779414170816e-01,0.000000000000000000e+00
2.022804718821171299e+00,4.932063622670651348e+00,0.000000000000000000e+00,4.836857558056886081e-02,7.237107816114861647e-01,0.000000000000000000e+00
1.867415277560130260e+00,4.927540036227584075e+00,0.000000000000000000e+00,1.092563635243529868e-01,5.019832436950119048e-01,0.000000000000000000e+00
1.799999999999473133e+00,4.781458256230399329e+00,0.000000000000000000e+00,2.088119143533901378e-01,1.668531426168476939e-01,0.000000000000000000e+00
1.934830555120786943e+00,5.073621816224768821e+00,0.000000000000000000e+00,2.319413659509392545e-01,6.419874325488433842e-01,0.000000000000000000e+00
1.799999999999473577e+00,4.500000000000000000e+00,0.000000000000000000e+00,0.000000000000000000e+00,0.000000000000000000e+00,0.000000000000000000e+00
1.699999999999210143e+00,4.640729128115199664e+00,0.000000000000000000e+00,1.761321074201832593e-01,4.579479913952952397e-02,0.000000000000000000e+00
1.599999999998946931e+00,4.500000000000000000e+00,0.000000000000000000e+00,0.000000000000000000e+00,0.000000000000000000e+00,0.000000000000000000e+00
2.159768440214770102e+00,5.201907322656172283e+00,0.000000000000000000e+00,4.589487513142938568e-01,8.988904850563178561e-01,0.000000000000000000e+00
2.213481822946088418e+00,5.345310430751711195e+00,0.000000000000000000e+00,7.683656820777094998e-01,9.782445466780007592e-01,0.000000000000000000e+00
2.005953243153545174e+00,5.193552635081754687e+00,0.000000000000000000e+00,2.701321136984497495e-01,7.477269142040099403e-01,0.000000000000000000e+00
2.077075931186303848e+00,5.313483453938740553e+00,0.000000000000000000e+00,6.197435324571858306e-01,6.324387185598000505e-01,0.000000000000000000e+00
2.970433626464545007e+00,5.370550119601860573e+00,0.000000000000000000e+00,7.981627188637132608e-01,3.544859791061387710e-01,0.000000000000000000e+00
3.090772036775374154e+00,5.389494263820250097e+00,0.000000000000000000e+00,6.995383939167180154e-01,4.386701158797616240e-01,0.000000000000000000e+00
3.001113469146007962e+00,5.501301429103270024e+00,0.000000000000000000e+00,9.779174111452618723e-01,5.615844910919790545e-01,0.000000000000000000e+00
2.841190015210207864e+00,5.430903104351758159e+00,0.000000000000000000e+00,1.001480158283665656e+00,2.343166121892473752e-01,0.000000000000000000e+00
3.239115053509729059e+00,5.398896007746023074e+00,0.000000000000000000e+00,5.980394684078367273e-01,3.527455633875424268e-01,0.000000000000000000e+00
3.384619405525347346e+00,5.404607828672288505e+00,0.000000000000000000e+00,5.225748525727421656e-01,3.744273235803026179e-01,0.000000000000000000e+00
3.149456485880362422e+00,5.510703173029043000e+00,0.000000000000000000e+00,8.939146446212926644e-01,4.794924342440565201e-01,0.000000000000000000e+00
3.297799502614716438e+00,5.520104916954815977e+00,0.000000000000000000e+00,7.841943453961599531e-01,4.479486391171232373e-01,0.000000000000000000e+00
3.801687660352276232e+00,4.946569398443289245e+00,0.000000000000000000e+00,-5.160702486582705584e-01,3.879628443820448691e-02,0.000000000000000000e+00
3.737106398903891069e+00,5.050846002069945051e+00,0.000000000000000000e+00,-3.105446573479587746e-01,-4.440025014455681665e-03,0.000000000000000000e+00
3.852965380467840539e+00,5.050650636790332548e+00,0.000000000000000000e+00,-3.720277296242227028e-01,1.485703380333819879e-01,0.000000000000000000e+00
3.929135421704889275e+00,4.942026817692523721e+00,0.000000000000000000e+00,-5.957404278415426857e-01,7.833319295039252450e-02,0.000000000000000000e+00
3.621343766851545798e+00,5.293926625961294263e+00,0.000000000000000000e+00,1.831442543757455244e-01,4.113237282450841331e-02,0.000000000000000000e+00
3.696247821303527470e+00,5.174891939441192079e+00,0.000000000000000000e+00,-5.742044636698528243e-02,3.524542372358447501e-02,0.000000000000000000e+00
3.812106802867476496e+00,5.174696574161579576e+00,0.000000000000000000e+00,-1.912296492674870341e-01,1.626883339808868345e-01,0.000000000000000000e+00
3.771248225267112897e+00,5.298742511532826605e+00,0.000000000000000000e+00,2.125101270627374195e-01,1.973821958813740673e-01,0.000000000000000000e+00
4.191887839685506378e+00,4.837590491345077126e+00,0.000000000000000000e+00,-8.535174069692625931e-01,8.677268160229756333e-02,0.000000000000000000e+00
4.289235108214537462e+00,4.670888992047720123e+00,0.000000000000000000e+00,-6.461267146021918428e-01,-1.362760562675252932e-02,0.000000000000000000e+00
4.378470216429075634e+00,4.841777984095440246e+00,0.000000000000000000e+00,-9.511897213444988619e-01,-7.072018652102608771e-02,0.000000000000000000e+00
4.400000000000000355e+00,4.500000000000000000e+00,0.000000000000000000e+00,0.000000000000000000e+00,0.000000000000000000e+00,0.000000000000000000e+00
4.489235108214537640e+00,4.670888992047720123e+00,0.000000000000000000e+00,-6.665926320613048128e-01,-7.883403473828169694e-02,0.000000000000000000e+00
4.600000000000000533e+00,4.500000000000000888e+00,0.000000000000000000e+00,0.000000000000000000e+00,0.000000000000000000e+00,0.000000000000000000e+00
3.974247502837991775e+00,5.108001206258453664e+00,0.000000000000000000e+00,-2.624682949042511648e-01,8.783978580268329839e-02,0.000000000000000000e+00
4.050417544075040510e+00,4.999377387160644837e+00,0.000000000000000000e+00,-5.413454487563872375e-01,8.679740671917704486e-02,0.000000000000000000e+00
4.236999920818608878e+00,5.003564879911007068e+00,0.000000000000000000e+00,-6.440885896871548777e-01,1.436604646935858987e-01,0.000000000000000000e+00
4.095529625208141233e+00,5.165351775726573891e+00,0.000000000000000000e+00,-1.025690774855388815e-01,1.614325738856438042e-01,0.000000000000000000e+00
2.590977123653016356e+00,5.525705465625955881e+00,0.000000000000000000e+00,8.327562646790772627e-01,5.797783898444501816e-01,0.000000000000000000e+00
2.425287700368749633e+00,5.534021779608172764e+00,0.000000000000000000e+00,8.137519843236569184e-01,1.100064855301887468e+00,0.000000000000000000e+00
2.752014984467021641e+00,5.541943959017396892e+00,0.000000000000000000e+00,9.342828948824258850e-01,8.970182857982503255e-02,0.000000000000000000e+00
2.911938438402822626e+00,5.612342283768910534e+00,0.000000000000000000e+00,1.007210797758276932e+00,3.110660521085843455e-01,0.000000000000000000e+00
2.661725546845631563e+00,5.707144645043106479e+00,0.000000000000000000e+00,9.432026567149255358e-01,2.181492177031721380e-01,0.000000000000000000e+00
2.500687686031625390e+00,5.690906151651663691e+00,0.000000000000000000e+00,7.313033342163801631e-01,7.425200337925750294e-01,0.000000000000000000e+00
2.822763407659636403e+00,5.723383138434548378e+00,0.000000000000000000e+00,9.544254220227400554e-01,-1.173289209071213396e-02,0.000000000000000000e+00
3.461951689654393149e+00,5.545234203083391655e+00,0.000000000000000000e+00,8.774428822528861360e-01,2.110102687843563585e-01,0.000000000000000000e+00
3.548771592565023170e+00,5.429737114800863296e+00,0.000000000000000000e+00,6.177541611012870026e-01,9.945103425001533548e-02,0.000000000000000000e+00
3.698676050980591157e+00,5.434553000372396525e+00,0.000000000000000000e+00,5.671120265501774504e-01,1.389008916696628793e-01,0.000000000000000000e+00
3.626103876694068529e+00,5.570363489211966446e+00,0.000000000000000000e+00,8.325648056548594633e-01,1.613429469677038208e-01,0.000000000000000000e+00
1.400000000001387246e+00,4.000000000000000000e+00,0.000000000000000000e+00,0.000000000000000000e+00,0.000000000000000000e+00,0.000000000000000000e+00
1.270011540285776563e+00,3.831872323655698853e+00,0.000000000000000000e+00,2.978015831437897942e-01,-4.713989369101265897e-02,0.000000000000000000e+00
1.200000000002774181e+00,4.000000000000000888e+00,0.000000000000000000e+00,0.000000000000000000e+00,0.000000000000000000e+00,0.000000000000000000e+00
1.724007730061828614e+00,1.478359280789294239e+00,0.000000000000000000e+00,1.381897443038082818e+00,5.525365737616595441e-01,0.000000000000000000e+00
1.825918242212254405e+00,1.343722659956593013e+00,0.000000000000000000e+00,1.256574984450242960e+00,4.852928517086901317e-01,0.000000000000000000e+00
1.651830110751197012e+00,1.339336149929543085e+00,0.000000000000000000e+00,1.217168453551047635e+00,6.193627989961459912e-01,0.000000000000000000e+00
1.621010736379373984e+00,1.607154936094732367e+00,0.000000000000000000e+00,1.574686204838487535e+00,8.108775903779033012e-01,0.000000000000000000e+00
1.512393746711191422e+00,1.742346829697806410e+00,0.000000000000000000e+00,1.315336459052652174e+00,1.020954176276974268e+00,0.000000000000000000e+00
1.548833117068742382e+00,1.468131805234981435e+00,0.000000000000000000e+00,1.445835830144521106e+00,8.293135403696320074e-01,0.000000000000000000e+00
1.445836123386287753e+00,1.596927460540419785e+00,0.000000000000000000e+00,1.643504994679837017e+00,9.952860481315446428e-01,0.000000000000000000e+00
1.990896572966630806e+00,1.041463527899556096e+00,0.000000000000000000e+00,7.088088434701601548e-01,5.400851228594376607e-01,0.000000000000000000e+00
1.906068883094308219e+00,1.200157927104016586e+00,0.000000000000000000e+00,1.000030763064029271e+00,4.521828498902555893e-01,0.000000000000000000e+00
1.731980751633250826e+00,1.195771417076966658e+00,0.000000000000000000e+00,9.742693998243647791e-01,5.491157329674847265e-01,0.000000000000000000e+00
1.812131392515304196e+00,1.052206684224390232e+00,0.000000000000000000e+00,6.484097009349415464e-01,4.710153229446264467e-01,0.000000000000000000e+00
1.372878609253721738e+00,1.867601654702430114e+00,0.000000000000000000e+00,7.939636435631901579e-01,7.227560366335317177e-01,0.000000000000000000e+00
1.261293864293965505e+00,2.009383909634129495e+00,0.000000000000000000e+00,4.193583210620363544e-01,3.608595337392015434e-01,0.000000000000000000e+00
1.306320985928818068e+00,1.722182285545043490e+00,0.000000000000000000e+00,1.263017845240608228e+00,7.029082034003907298e-01,0.000000000000000000e+00
1.166805848471348162e+00,1.847437110549667194e+00,0.000000000000000000e+00,6.782256262383389300e-01,2.868980944606915329e-01,0.000000000000000000e+00
2.162127306514630920e+00,7.466798534049291503e-01,0.000000000000000000e+00,4.034691290232039762e-01,4.328928867393728175e-01,0.000000000000000000e+00
2.072191537395588146e+00,9.035983124121802490e-01,0.000000000000000000e+00,6.746511248266356953e-01,6.114243858976247115e-01,0.000000000000000000e+00
1.893426356944261535e+00,9.143414687370142735e-01,0.000000000000000000e+00,6.010979912102090150e-01,5.497751520985865170e-01,0.000000000000000000e+00
1.974721321373219318e+00,7.764762532496386482e-01,0.000000000000000000e+00,5.642306368804300698e-01,6.341809400746016845e-01,0.000000000000000000e+00
2.282813762835036009e+00,4.643171757810897748e-01,0.000000000000000000e+00,-3.821143943923211994e-01,1.101511049825857208e-01,0.000000000000000000e+00
2.239801986206116702e+00,6.372674385013983311e-01,0.000000000000000000e+00,-3.339777619883958076e-02,2.195301434315601874e-01,0.000000000000000000e+00
2.052396001064705100e+00,6.670638383461078291e-01,0.000000000000000000e+00,2.814628126993475310e-01,5.001680840730506894e-01,0.000000000000000000e+00
2.130070680756190882e+00,5.576514234425771210e-01,0.000000000000000000e+00,-1.574483459808992125e-01,2.367401394898754896e-01,0.000000000000000000e+00
1.166810490652617105e+00,2.177338808080182986e+00,0.000000000000000000e+00,-7.878049970855426076e-02,2.088027263259057409e-01,0.000000000000000000e+00
1.072252883927405476e+00,2.341673453720886755e+00,0.000000000000000000e+00,-1.060628681116738137e-01,1.942781544708134175e-02,0.000000000000000000e+00
1.072322474829999539e+00,2.015392008995720907e+00,0.000000000000000000e+00,3.664653819437129756e-01,2.366909602958447156e-01,0.000000000000000000e+00
9.778391011886509165e-01,2.183346907441774398e+00,0.000000000000000000e+00,-2.619991724960327728e-01,5.933700422116971324e-02,0.000000000000000000e+00
9.722222222218104282e-01,2.500000000000000000e+00,0.000000000000000000e+00,0.000000000000000000e+00,0.000000000000000000e+00,0.000000000000000000e+00
8.778084394830556469e-01,2.341673453720886755e+00,0.000000000000000000e+00,-1.479797475048437727e-01,1.495116672724811080e-02,0.000000000000000000e+00
7.777777777774607104e-01,2.500000000000000444e+00,0.000000000000000000e+00,0.000000000000000000e+00,0.000000000000000000e+00,0.000000000000000000e+00
2.472222222224822907e+00,0.000000000000000000e+00,0.000000000000000000e+00,0.000000000000000000e+00,0.000000000000000000e+00,0.000000000000000000e+00
2.356667311346869464e+00,1.854914640598011866e-01,0.000000000000000000e+00,-3.406313987101804441e-01,9.813743204127658992e-03,0.000000000000000000e+00
2.085357199687414287e+00,4.202429380649934654e-01,0.000000000000000000e+00,-3.220008442971931117e-01,1.336382534517678855e-01,0.000000000000000000e+00
2.238100281766259414e+00,3.269086904035061192e-01,0.000000000000000000e+00,-4.440869488592045777e-01,5.145927692668741948e-02,0.000000000000000000e+00
2.159210748199248187e+00,1.414172263437049049e-01,0.000000000000000000e+00,-2.727994990453843083e-01,2.356592758048586811e-02,0.000000000000000000e+00
2.277777777779857793e+00,6.092899175880768022e-18,0.000000000000000000e+00,0.000000000000000000e+00,0.000000000000000000e+00,0.000000000000000000e+00
2.040643718618638136e+00,2.828344526874098097e-01,0.000000000000000000e+00,-3.915286991610685829e-01,7.760854831604446780e-02,0.000000000000000000e+00
9.847513742560356498e-01,3.550257269616821532e+00,0.000000000000000000e+00,3.730720579065286979e-01,-2.811111558505753893e-01,0.000000000000000000e+00
1.162933498942647859e+00,3.702187350454492876e+00,0.000000000000000000e+00,5.065555322790314952e-01,-1.648013694277867813e-01,0.000000000000000000e+00
1.092921958659645254e+00,3.870315026798794467e+00,0.000000000000000000e+00,3.971929349349547778e-01,-4.491922789637670804e-02,0.000000000000000000e+00
9.858439173165164382e-01,3.740630053597588489e+00,0.000000000000000000e+00,6.576962478896138942e-01,-1.771167876581654088e-01,0.000000000000000000e+00
6.630289348561990703e-01,3.148739156949484030e+00,0.000000000000000000e+00,-3.789427624671171113e-01,5.974580763204120210e-02,0.000000000000000000e+00
7.659694615652707927e-01,3.328681399767511540e+00,0.000000000000000000e+00,-3.846430622372828956e-01,-9.360279426711971829e-02,0.000000000000000000e+00
5.769088833735664945e-01,3.488499724469731333e+00,0.000000000000000000e+00,1.070323712539756195e-01,4.112573998513383011e-01,0.000000000000000000e+00
7.945982530038506741e-01,3.519702810338275256e+00,0.000000000000000000e+00,3.644241143828101936e-01,-2.807855247126296860e-01,0.000000000000000000e+00
7.956907960643314626e-01,3.710075594319041770e+00,0.000000000000000000e+00,7.960359606936141530e-01,-2.009794231234461326e-01,0.000000000000000000e+00
5.482800919349865021e-01,3.297478313898968505e+00,0.000000000000000000e+00,-3.978188998509981644e-01,3.382886994961930016e-01,0.000000000000000000e+00
6.055376748121464869e-01,3.679521135040495494e+00,0.000000000000000000e+00,8.280487453917163565e-01,2.241190811965659835e-01,0.000000000000000000e+00
5.833333333330587012e-01,3.000000000000000444e+00,0.000000000000000000e+00,0.000000000000000000e+00,0.000000000000000000e+00,0.000000000000000000e+00
4.685844904118460219e-01,3.148739156949484475e+00,0.000000000000000000e+00,-2.224995559358235453e-01,1.301365087322559622e-01,0.000000000000000000e+00
3.888888888887053752e-01,3.000000000000000000e+00,0.000000000000000000e+00,0.000000000000000000e+00,0.000000000000000000e+00,0.000000000000000000e+00
2.223031886702717230e+00,5.512728113158944510e+00,0.000000000000000000e+00,5.481252685655459977e-01,8.588808983229175853e-01,0.000000000000000000e+00
2.298431872365593431e+00,5.669612485202435437e+00,0.000000000000000000e+00,2.894076601867470178e-01,6.312801816355403384e-01,0.000000000000000000e+00
2.086625994942932216e+00,5.480901136345973867e+00,0.000000000000000000e+00,4.035695005807035107e-01,4.211560911111632555e-01,0.000000000000000000e+00
2.096176058699561473e+00,5.648318818753208070e+00,0.000000000000000000e+00,-1.170755465269253115e-01,1.492506516565136887e-01,0.000000000000000000e+00
1.701403189351718748e+00,4.922623427835498333e+00,0.000000000000000000e+00,2.828531654341503443e-01,1.987195594020130240e-01,0.000000000000000000e+00
1.768818466912375653e+00,5.068705207832683968e+00,0.000000000000000000e+00,2.529222824189594210e-01,4.672728920690759069e-01,0.000000000000000000e+00
1.602806378703964141e+00,5.063788599440599114e+00,0.000000000000000000e+00,3.295176873120372329e-01,1.671428960356492466e-01,0.000000000000000000e+00
1.520432308993960424e+00,4.641346707450043851e+00,0.000000000000000000e+00,2.168778137439527909e-01,3.111996828662291076e-02,0.000000000000000000e+00
1.620432308994223414e+00,4.782075835565243516e+00,0.000000000000000000e+00,2.934710380500936688e-01,9.727848775172236173e-02,0.000000000000000000e+00
1.521835498346468807e+00,4.923241007170343408e+00,0.000000000000000000e+00,3.174544293015136853e-01,1.177720164218518939e-01,0.000000000000000000e+00
1.440864617988973695e+00,4.782693414900087703e+00,0.000000000000000000e+00,3.378345109077167119e-01,6.887042229962328510e-02,0.000000000000000000e+00
1.919550154674184217e+00,5.345745744858096060e+00,0.000000000000000000e+00,3.764143794361394790e-01,5.140452469068486074e-01,0.000000000000000000e+00
1.848427466641425987e+00,5.225814926001110194e+00,0.000000000000000000e+00,2.004454747118148972e-01,5.490617587009103406e-01,0.000000000000000000e+00
1.682415378433014697e+00,5.220898317609025341e+00,0.000000000000000000e+00,1.295963720613454162e-01,3.514090011842934680e-01,0.000000000000000000e+00
1.762024378162065030e+00,5.378008035777450679e+00,0.000000000000000000e+00,9.547210084242213624e-02,3.552928315892077138e-01,0.000000000000000000e+00
1.399999999998420730e+00,4.500000000000000000e+00,0.000000000000000000e+00,0.000000000000000000e+00,0.000000000000000000e+00,0.000000000000000000e+00
1.320432308993434001e+00,4.641346707450043851e+00,0.000000000000000000e+00,2.399418802610093771e-01,2.801401086074244845e-02,0.000000000000000000e+00
1.199999999997894085e+00,4.500000000000000000e+00,0.000000000000000000e+00,0.000000000000000000e+00,0.000000000000000000e+00,0.000000000000000000e+00
1.929100218430813252e+00,5.513163427265329375e+00,0.000000000000000000e+00,3.590633967372501567e-02,2.541024809270447937e-01,0.000000000000000000e+00
3.062228631641255028e+00,5.602258917867818155e+00,0.000000000000000000e+00,1.208295645019119791e+00,5.793644915041339383e-01,0.000000000000000000e+00
3.210571648375609044e+00,5.611660661793591132e+00,0.000000000000000000e+00,1.139385831987894893e+00,5.301524922441780419e-01,0.000000000000000000e+00
2.973053600898069249e+00,5.713299772533457777e+00,0.000000000000000000e+00,1.241534482653635418e+00,2.628431860927591956e-01,0.000000000000000000e+00
3.123343794136501650e+00,5.703216406632365398e+00,0.000000000000000000e+00,1.411588744877310564e+00,5.999344843276197548e-01,0.000000000000000000e+00
3.340865491382782437e+00,5.645698732812006071e+00,0.000000000000000000e+00,1.374612467841784813e+00,3.361278727357654428e-01,0.000000000000000000e+00
3.505017678422458260e+00,5.670828018940581750e+00,0.000000000000000000e+00,1.413936761506810580e+00,2.922408389063878564e-01,0.000000000000000000e+00
3.253637637143675043e+00,5.737254477650781226e+00,0.000000000000000000e+00,1.614919570317734587e+00,3.845726108721224668e-01,0.000000000000000000e+00
3.383931480150847548e+00,5.771292548669195277e+00,0.000000000000000000e+00,1.778890586117764405e+00,2.422249293711462859e-01,0.000000000000000000e+00
3.933388925237627731e+00,5.232047143629700692e+00,0.000000000000000000e+00,3.185977158421895994e-02,2.593042576852129522e-02,0.000000000000000000e+00
3.797016069401423888e+00,5.534844298879413316e+00,0.000000000000000000e+00,7.539396558906861223e-01,5.770317268602127847e-02,0.000000000000000000e+00
3.869588243687946516e+00,5.399033810039843395e+00,0.000000000000000000e+00,5.019406693011747578e-01,9.393572007150241760e-04,0.000000000000000000e+00
4.031728943658460018e+00,5.332338442136716594e+00,0.000000000000000000e+00,3.983680319824184912e-01,-2.285632177396746886e-02,0.000000000000000000e+00
3.967928262108778359e+00,5.499325108546858409e+00,0.000000000000000000e+00,6.405099605578133959e-01,-1.121147767110647897e-01,0.000000000000000000e+00
4.550629954158793566e+00,4.805817823042071169e+00,0.000000000000000000e+00,-6.795142202000636900e-01,-4.472819470630306493e-01,0.000000000000000000e+00
4.661394845944256460e+00,4.634928830994351046e+00,0.000000000000000000e+00,-3.950544268071848331e-01,-1.821082185173494294e-01,0.000000000000000000e+00
4.255310761739114156e+00,5.170862543523035981e+00,0.000000000000000000e+00,2.026818489641321261e-02,7.316731695994357909e-02,0.000000000000000000e+00
4.396781057349580912e+00,5.009075647707469159e+00,0.000000000000000000e+00,-6.594954610459476951e-01,-8.433621204657767989e-02,0.000000000000000000e+00
4.701552249566606889e+00,4.914416895658257900e+00,0.000000000000000000e+00,-5.680709177216559658e-01,-9.346826652143810366e-01,0.000000000000000000e+00
4.529392511836888957e+00,4.950377056711626977e+00,0.000000000000000000e+00,-8.985534364072945701e-01,-7.096317519744370639e-01,0.000000000000000000e+00
4.547703352757394235e+00,5.117674720323655890e+00,0.000000000000000000e+00,-1.570836971479232791e-01,-8.802716706830386872e-01,0.000000000000000000e+00
4.722789691888511499e+00,4.769857661988701203e+00,0.000000000000000000e+00,-3.115105385426599205e-01,-5.829374280856562951e-01,0.000000000000000000e+00
4.415091898270086190e+00,5.176373311319497184e+00,0.000000000000000000e+00,1.602202195238343341e-01,-1.943209982705575711e-01,0.000000000000000000e+00
4.680314807244702280e+00,5.058976129327814597e+00,0.000000000000000000e+00,-3.580034548581746967e-01,-1.258509158170368458e+00,0.000000000000000000e+00
4.800000000000000711e+00,4.500000000000000000e+00,0.000000000000000000e+00,0.000000000000000000e+00,0.000000000000000000e+00,0.000000000000000000e+00
5.000000000000000888e+00,4.500000000000000888e+00,0.000000000000000000e+00,0.000000000000000000e+00,0.000000000000000000e+00,0.000000000000000000e+00
4.861394845944255749e+00,4.634928830994351046e+00,0.000000000000000000e+00,-5.642469194644241653e-02,-2.322807299084006238e-01,0.000000000000000000e+00
4.357221550817779843e+00,5.315653552281368377e+00,0.000000000000000000e+00,4.373656000481680461e-01,-1.342720189039828260e-01,0.000000000000000000e+00
4.197440414286807808e+00,5.310142784484907175e+00,0.000000000000000000e+00,4.212858612213188358e-01,5.884539367389569897e-02,0.000000000000000000e+00
4.133639732737125705e+00,5.477129450895048990e+00,0.000000000000000000e+00,6.487679794795139232e-01,-3.583454305440468557e-02,0.000000000000000000e+00
4.299351203365471719e+00,5.454933793243238682e+00,0.000000000000000000e+00,6.674571292379798404e-01,-3.119144477767215456e-02,0.000000000000000000e+00
2.772492814941119654e+00,5.861691569217274633e+00,0.000000000000000000e+00,6.454483195035894960e-01,1.927478749560598836e-02,0.000000000000000000e+00
2.611454954127113925e+00,5.845453075825831846e+00,0.000000000000000000e+00,6.326845934391515103e-01,1.565195918727725621e-01,0.000000000000000000e+00
2.722222222222602017e+00,6.000000000000000000e+00,0.000000000000000000e+00,0.000000000000000000e+00,0.000000000000000000e+00,0.000000000000000000e+00
2.527777777778252855e+00,6.000000000000000888e+00,0.000000000000000000e+00,0.000000000000000000e+00,0.000000000000000000e+00,0.000000000000000000e+00
2.214754696016731916e+00,5.824159409376603591e+00,0.000000000000000000e+00,-1.073487783581163479e-01,9.184073041876719690e-02,0.000000000000000000e+00
2.417010509682764319e+00,5.845453075825831846e+00,0.000000000000000000e+00,2.233343526186601646e-01,3.345579347700018413e-01,0.000000000000000000e+00
2.333333333333903248e+00,6.000000000000000888e+00,0.000000000000000000e+00,-3.955759422979984175e-01,-1.501487559757941903e-01,0.000000000000000000e+00
2.916666666666951624e+00,6.000000000000000888e+00,0.000000000000000000e+00,0.000000000000000000e+00,0.000000000000000000e+00,0.000000000000000000e+00
3.117227452623901662e+00,5.851608203316183143e+00,0.000000000000000000e+00,9.517069335744288150e-01,3.576529700855206051e-01,0.000000000000000000e+00
2.966937259385468817e+00,5.861691569217274633e+00,0.000000000000000000e+00,5.993271246392700702e-01,-1.565583392996535220e-02,0.000000000000000000e+00
3.111111111111300787e+00,6.000000000000000000e+00,0.000000000000000000e+00,0.000000000000000000e+00,0.000000000000000000e+00,0.000000000000000000e+00
3.503463629505857213e+00,5.794403285136656478e+00,0.000000000000000000e+00,1.848223873776203119e+00,3.929979495736622974e-01,0.000000000000000000e+00
3.624549827777467481e+00,5.693938755408042951e+00,0.000000000000000000e+00,1.392216962342049058e+00,3.704202230353575431e-01,0.000000000000000000e+00
3.750551938347034486e+00,5.676928569132932978e+00,0.000000000000000000e+00,1.027007095582984419e+00,7.828203491728921715e-02,0.000000000000000000e+00
3.921464131054388957e+00,5.641409378800378960e+00,0.000000000000000000e+00,9.225647794171362159e-01,-2.289334134551751845e-02,0.000000000000000000e+00
3.748997889430432995e+00,5.800503835329007707e+00,0.000000000000000000e+00,1.509406045095145643e+00,3.371367933157183860e-01,0.000000000000000000e+00
3.622995778860865546e+00,5.817514021604116792e+00,0.000000000000000000e+00,1.784365545189473101e+00,5.331486523106061526e-01,0.000000000000000000e+00
3.874999999999999556e+00,5.783493649053896846e+00,0.000000000000000000e+00,1.149158059303853729e+00,7.452184923159781149e-02,0.000000000000000000e+00
1.000000000003051337e+00,4.000000000000000000e+00,0.000000000000000000e+00,0.000000000000000000e+00,0.000000000000000000e+00,0.000000000000000000e+00
8.929219586599226322e-01,3.870315026798794467e+00,0.000000000000000000e+00,5.694328612561235792e-01,-6.659347481274850711e-02,0.000000000000000000e+00
8.000000000033288261e-01,4.000000000000000888e+00,0.000000000000000000e+00,0.000000000000000000e+00,0.000000000000000000e+00,0.000000000000000000e+00
1.382037349600204967e+00,1.470194097216339646e+00,0.000000000000000000e+00,1.612363982777421656e+00,8.364496307720321600e-01,0.000000000000000000e+00
1.485034343282659375e+00,1.341398441910901074e+00,0.000000000000000000e+00,1.381237425386671491e+00,7.000319528868083063e-01,0.000000000000000000e+00
1.646217892701134611e+00,1.057582432247746063e+00,0.000000000000000000e+00,7.979863661379366091e-01,4.150302169189233892e-01,0.000000000000000000e+00
1.566067251819081241e+00,1.201147165100322489e+00,0.000000000000000000e+00,1.086598567679212923e+00,5.089553570216219791e-01,0.000000000000000000e+00
1.399271484350543604e+00,1.203209457081680700e+00,0.000000000000000000e+00,1.281281955254987004e+00,5.398629306141023987e-01,0.000000000000000000e+00
1.318238575814121960e+00,1.343460733892259062e+00,0.000000000000000000e+00,1.574636518443330191e+00,6.528066808099834972e-01,0.000000000000000000e+00
1.480304392886965248e+00,1.062958180271102115e+00,0.000000000000000000e+00,9.108874363055898815e-01,3.967983239262186101e-01,0.000000000000000000e+00
1.304420804629395914e+00,1.571554809453618029e+00,0.000000000000000000e+00,1.673584540775576501e+00,7.250657179209335501e-01,0.000000000000000000e+00
1.164905667171926007e+00,1.696809634458241511e+00,0.000000000000000000e+00,1.268986445956270526e+00,3.533899762174035897e-01,0.000000000000000000e+00
1.240622030843312906e+00,1.444821446129537446e+00,0.000000000000000000e+00,1.625494654344871170e+00,5.484669284378254073e-01,0.000000000000000000e+00
1.163005485872503852e+00,1.546182158366815829e+00,0.000000000000000000e+00,1.666934482558983355e+00,4.254491914489469950e-01,0.000000000000000000e+00
1.786344505294487295e+00,7.634970310238691216e-01,0.000000000000000000e+00,5.409357742941915959e-01,3.944029280066050358e-01,0.000000000000000000e+00
1.705049540865529512e+00,9.013622465112447468e-01,0.000000000000000000e+00,5.991286897116938626e-01,2.815685216950275516e-01,0.000000000000000000e+00
1.539136041051360149e+00,9.067379945346007997e-01,0.000000000000000000e+00,7.198023402539532878e-01,2.941444874175562219e-01,0.000000000000000000e+00
1.597967689215755049e+00,7.505178087980995949e-01,0.000000000000000000e+00,4.478094474624584320e-01,1.851436184013334207e-01,0.000000000000000000e+00
9.953046016660490602e-01,1.885538480682205531e+00,0.000000000000000000e+00,5.420805895917233386e-01,3.138237984649566714e-01,0.000000000000000000e+00
9.008212280247005488e-01,2.053493379128259022e+00,0.000000000000000000e+00,1.015884523867014305e-01,1.955019231787470946e-01,0.000000000000000000e+00
8.349073539669493726e-01,1.774042727201019520e+00,0.000000000000000000e+00,9.292387638480515966e-01,4.761488429854488502e-01,0.000000000000000000e+00
1.006408600772248363e+00,1.735941357068481183e+00,0.000000000000000000e+00,1.079626489230870456e+00,3.033555598082851024e-01,0.000000000000000000e+00
1.004508419472826430e+00,1.585313880977055501e+00,0.000000000000000000e+00,1.521500023760103515e+00,3.712089928159817420e-01,0.000000000000000000e+00
8.238033548607500700e-01,1.923639850814743868e+00,0.000000000000000000e+00,3.091702196382776213e-01,3.467123574670754049e-01,0.000000000000000000e+00
8.460113530731486753e-01,1.624445603587294951e+00,0.000000000000000000e+00,1.301149130241989083e+00,5.528347866521665654e-01,0.000000000000000000e+00
1.976582507170334679e+00,5.375481653209372990e-01,0.000000000000000000e+00,-4.450528329302484189e-03,3.636333482055589816e-01,0.000000000000000000e+00
1.898907827478848453e+00,6.469605802244680071e-01,0.000000000000000000e+00,3.752595951094860882e-01,5.162830995936796841e-01,0.000000000000000000e+00
1.710531011400116430e+00,6.339813579986984804e-01,0.000000000000000000e+00,3.330562328902276770e-01,3.180541394514682652e-01,0.000000000000000000e+00
1.823094333584477811e+00,5.174449071992973659e-01,0.000000000000000000e+00,9.155495174131765557e-02,3.979097613834556846e-01,0.000000000000000000e+00
1.931869026101558084e+00,4.001396799433535878e-01,0.000000000000000000e+00,-2.446270453490571872e-01,2.669610622514870246e-01,0.000000000000000000e+00
7.787664298274361574e-01,2.172373966378280841e+00,0.000000000000000000e+00,-3.947433963106733446e-01,1.273555933983803734e-01,0.000000000000000000e+00
6.787357681218408878e-01,2.330700512657393197e+00,0.000000000000000000e+00,-2.408058463163856855e-01,7.293044122533530460e-02,0.000000000000000000e+00
7.017485566634857896e-01,2.042520438064765465e+00,0.000000000000000000e+00,-4.696955514151186090e-02,2.727456415682634194e-01,0.000000000000000000e+00
5.796937584662212872e-01,2.161401025314786839e+00,0.000000000000000000e+00,-4.718296917769960186e-01,1.588687602825449852e-01,0.000000000000000000e+00
5.833333333331112147e-01,2.500000000000000000e+00,0.000000000000000000e+00,0.000000000000000000e+00,0.000000000000000000e+00,0.000000000000000000e+00
4.842913236774916141e-01,2.330700512657393642e+00,0.000000000000000000e+00,-3.109434001582694895e-01,3.627483477697750203e-02,0.000000000000000000e+00
3.888888888887617745e-01,2.500000000000000444e+00,0.000000000000000000e+00,0.000000000000000000e+00,0.000000000000000000e+00,0.000000000000000000e+00
2.083333333334893567e+00,0.000000000000000000e+00,0.000000000000000000e+00,0.000000000000000000e+00,0.000000000000000000e+00,0.000000000000000000e+00
1.964766303754283738e+00,1.414172263437049326e-01,0.000000000000000000e+00,-2.499598991170802476e-01,3.229383328181936047e-02,0.000000000000000000e+00
1.888888888889928896e+00,5.449522544976205746e-18,0.000000000000000000e+00,0.000000000000000000e+00,0.000000000000000000e+00,0.000000000000000000e+00
1.753272147201735631e+00,3.852067988943694843e-01,0.000000000000000000e+00,-1.214169990418141887e-01,2.456289603203287430e-01,0.000000000000000000e+00
1.862046839718815683e+00,2.679015716384257062e-01,0.000000000000000000e+00,-2.452479469520383037e-01,1.564191437257357598e-01,0.000000000000000000e+00
1.786169424854461063e+00,1.264843452947208013e-01,0.000000000000000000e+00,-1.559491160628538320e-01,2.288633444975818332e-02,0.000000000000000000e+00
1.683449960818992786e+00,2.529686905894416027e-01,0.000000000000000000e+00,-9.206065588203050931e-02,6.711264626183470472e-02,0.000000000000000000e+00
7.027688374077375455e-01,3.839760567520247747e+00,0.000000000000000000e+00,8.836757104929988671e-01,4.981357803250396378e-03,0.000000000000000000e+00
4.455798378081336497e-01,3.591062507864901221e+00,0.000000000000000000e+00,3.695599427762357725e-01,4.421480053003256638e-01,0.000000000000000000e+00
4.169510463695537128e-01,3.400041097294137504e+00,0.000000000000000000e+00,-1.690542240462075407e-01,3.795568138355663868e-01,0.000000000000000000e+00
2.856220008041208125e-01,3.502603880689305615e+00,0.000000000000000000e+00,1.103326719044800813e-01,3.917677508952435161e-01,0.000000000000000000e+00
3.167235426071339233e-01,3.113341552792161071e+00,0.000000000000000000e+00,-9.294393181634147405e-02,4.454599209644431040e-02,0.000000000000000000e+00
3.964191441302745145e-01,3.262080709741645101e+00,0.000000000000000000e+00,-2.367451347954588614e-01,2.160999302607301831e-01,0.000000000000000000e+00
2.650900985648416697e-01,3.364643493136814101e+00,0.000000000000000000e+00,-8.951149115275935930e-02,2.752383985217867757e-01,0.000000000000000000e+00
2.445581963255624713e-01,3.226683105584321698e+00,0.000000000000000000e+00,-8.650786523101641756e-02,1.351092410900922858e-01,0.000000000000000000e+00
6.000000000024966473e-01,4.000000000000000000e+00,0.000000000000000000e+00,0.000000000000000000e+00,0.000000000000000000e+00,0.000000000000000000e+00
2.690025380948045663e-01,3.636538761780395479e+00,0.000000000000000000e+00,2.140547637130713332e-01,3.170571861562364036e-01,0.000000000000000000e+00
4.289603750988173481e-01,3.724997388955990196e+00,0.000000000000000000e+00,5.336910524969985525e-01,2.654308896578758681e-01,0.000000000000000000e+00
5.027688374069054777e-01,3.839760567520247747e+00,0.000000000000000000e+00,6.326656175986046238e-01,5.914099739985115289e-02,0.000000000000000000e+00
3.261915376935763389e-01,3.885236821435742449e+00,0.000000000000000000e+00,2.634567744263743849e-01,4.418069357828349059e-02,0.000000000000000000e+00
4.000000000016644131e-01,4.000000000000000888e+00,0.000000000000000000e+00,0.000000000000000000e+00,0.000000000000000000e+00,0.000000000000000000e+00
2.523830753854883202e-01,3.770473642871484454e+00,0.000000000000000000e+00,2.099298089724294103e-01,2.036950709772541446e-01,0.000000000000000000e+00
1.944444444443527431e-01,3.000000000000000444e+00,0.000000000000000000e+00,0.000000000000000000e+00,0.000000000000000000e+00,0.000000000000000000e+00
5.268341316585425769e-18,3.000000000000000000e+00,0.000000000000000000e+00,0.000000000000000000e+00,0.000000000000000000e+00,0.000000000000000000e+00
1.222790981627812495e-01,3.113341552792161071e+00,0.000000000000000000e+00,-1.094048249183291431e-02,4.766696686735565763e-02,0.000000000000000000e+00
2.138888888889346696e+00,6.000000000000000888e+00,0.000000000000000000e+00,0.000000000000000000e+00,0.000000000000000000e+00,0.000000000000000000e+00
2.020310251572175808e+00,5.824159409376604479e+00,0.000000000000000000e+00,-1.632956996012645268e-01,9.032347523683377510e-02,0.000000000000000000e+00
1.733916444352149089e+00,5.538113449351113715e+00,0.000000000000000000e+00,-1.132956256844771803e-01,2.535112331331189073e-01,0.000000000000000000e+00
1.900992284620897088e+00,5.673268840838992411e+00,0.000000000000000000e+00,-1.740154620700481991e-01,2.216295089529787543e-01,0.000000000000000000e+00
1.825126477493511423e+00,5.849109431462388820e+00,0.000000000000000000e+00,-2.753949936111954044e-01,4.334094013613384172e-02,0.000000000000000000e+00
1.944444444444790143e+00,6.000000000000000888e+00,0.000000000000000000e+00,0.000000000000000000e+00,0.000000000000000000e+00,0.000000000000000000e+00
1.705808510542232703e+00,5.698218862924776751e+00,0.000000000000000000e+00,-3.551448668508838113e-01,8.419268901038573505e-02,0.000000000000000000e+00
1.339803801340791356e+00,4.909565872499191741e+00,0.000000000000000000e+00,3.600803817251662653e-01,1.524083401049061703e-01,0.000000000000000000e+00
1.420774681698286468e+00,5.050113464769445670e+00,0.000000000000000000e+00,3.494250022139179790e-01,1.726668043008140752e-01,0.000000000000000000e+00
1.502112423854222056e+00,5.213535371881116376e+00,0.000000000000000000e+00,2.029717359714604819e-01,1.886393609507515945e-01,0.000000000000000000e+00
1.581721423583272834e+00,5.370645090049542603e+00,0.000000000000000000e+00,3.758303289223365908e-03,2.946308681236247118e-01,0.000000000000000000e+00
1.320080726848544606e+00,5.199860237209964708e+00,0.000000000000000000e+00,2.037285944302483498e-01,2.055077870974522658e-01,0.000000000000000000e+00
1.238742984692609239e+00,5.036438330098294891e+00,0.000000000000000000e+00,3.569226535475191198e-01,2.223029057661353169e-01,0.000000000000000000e+00
1.401418469004480194e+00,5.363282144321634526e+00,0.000000000000000000e+00,-7.835720562139174630e-03,1.745629666527277191e-01,0.000000000000000000e+00
1.206367268725520248e+00,4.815864461735978708e+00,0.000000000000000000e+00,4.359847894087006681e-01,1.084362013758907450e-01,0.000000000000000000e+00
1.085934959729980331e+00,4.674517754285933968e+00,0.000000000000000000e+00,3.466219609907973953e-01,3.899353969201132392e-02,0.000000000000000000e+00
1.105306452077337909e+00,4.942736919335080970e+00,0.000000000000000000e+00,4.510617257639803479e-01,1.724799212889139288e-01,0.000000000000000000e+00
9.718699194620664672e-01,4.849035508571867048e+00,0.000000000000000000e+00,5.387328890403726422e-01,9.076302386065229766e-02,0.000000000000000000e+00
1.553613489773356449e+00,5.530750503623205638e+00,0.000000000000000000e+00,-2.524389304693484548e-01,1.990511674436565570e-01,0.000000000000000000e+00
9.999999999979221066e-01,4.500000000000000000e+00,0.000000000000000000e+00,0.000000000000000000e+00,0.000000000000000000e+00,0.000000000000000000e+00
8.859349597300082424e-01,4.674517754285933968e+00,0.000000000000000000e+00,3.766753946056023428e-01,2.542701809172857527e-02,0.000000000000000000e+00
7.999999999979499066e-01,4.500000000000000000e+00,0.000000000000000000e+00,0.000000000000000000e+00,0.000000000000000000e+00,0.000000000000000000e+00
3.247521295631074167e+00,5.885646274334598083e+00,0.000000000000000000e+00,1.169251602110169763e+00,5.213204947995739996e-02,0.000000000000000000e+00
3.305555555555650837e+00,6.000000000000000888e+00,0.000000000000000000e+00,0.000000000000000000e+00,0.000000000000000000e+00,0.000000000000000000e+00
3.441965740075423774e+00,5.885646274334598083e+00,0.000000000000000000e+00,1.262211282647491828e+00,9.609998881891955447e-02,0.000000000000000000e+00
3.561497889430432995e+00,5.908757010802059284e+00,0.000000000000000000e+00,1.207707357469985698e+00,4.267180005475254001e-01,0.000000000000000000e+00
3.500000000000000000e+00,6.000000000000000000e+00,0.000000000000000000e+00,0.000000000000000000e+00,0.000000000000000000e+00,0.000000000000000000e+00
4.067297464387722883e+00,5.623367182888198812e+00,0.000000000000000000e+00,8.127055754789623832e-01,-1.140585840684918834e-01,0.000000000000000000e+00
4.020833333333333037e+00,5.765451453141718474e+00,0.000000000000000000e+00,1.044458915524061560e+00,-6.274427439686137975e-02,0.000000000000000000e+00
4.233008935016069785e+00,5.601171525236389392e+00,0.000000000000000000e+00,8.038643653486011731e-01,-4.362505324613689950e-02,0.000000000000000000e+00
4.166666666666666075e+00,5.747409257229539215e+00,0.000000000000000000e+00,9.427202980719023850e-01,-7.383034372999475181e-02,0.000000000000000000e+00
4.861394845944255749e+00,4.822428830999903049e+00,0.000000000000000000e+00,-7.123591171148914436e-02,-5.491089135809014143e-01,0.000000000000000000e+00
4.840157403622351140e+00,4.966988064669458858e+00,0.000000000000000000e+00,-3.601143866091534584e-01,-1.003128043747754328e+00,0.000000000000000000e+00
5.000000000000000888e+00,4.875000000011104895e+00,0.000000000000000000e+00,0.000000000000000000e+00,0.000000000000000000e+00,0.000000000000000000e+00
4.550639156752551706e+00,5.297457192124711334e+00,0.000000000000000000e+00,4.044918222421688969e-01,-6.782315291870884000e-01,0.000000000000000000e+00
4.683250611239858863e+00,5.238758601128869152e+00,0.000000000000000000e+00,1.518959165436823411e-01,-1.206238476348593158e+00,0.000000000000000000e+00
4.686186415235017222e+00,5.418541072929925484e+00,0.000000000000000000e+00,3.510009470601704873e-01,-9.567812958802205392e-01,0.000000000000000000e+00
5.000000000000000000e+00,4.687500000005552891e+00,0.000000000000000000e+00,0.000000000000000000e+00,0.000000000000000000e+00,0.000000000000000000e+00
4.492768809300244470e+00,5.436737433086582527e+00,0.000000000000000000e+00,6.264592008851530558e-01,-4.970207546990780823e-01,0.000000000000000000e+00
5.000000000000000000e+00,5.062500000016568968e+00,0.000000000000000000e+00,0.000000000000000000e+00,0.000000000000000000e+00,0.000000000000000000e+00
4.840157403622351140e+00,5.154488064674923820e+00,0.000000000000000000e+00,-3.955853334027472495e-02,-9.813247521512739047e-01,0.000000000000000000e+00
4.843093207617508611e+00,5.334270536475978375e+00,0.000000000000000000e+00,7.287507125261996621e-02,-7.585049519708504384e-01,0.000000000000000000e+00
5.000000000000000888e+00,5.250000000022033930e+00,0.000000000000000000e+00,0.000000000000000000e+00,0.000000000000000000e+00,0.000000000000000000e+00
4.587900140109612224e+00,5.567070776800804310e+00,0.000000000000000000e+00,6.466826968708644374e-01,-5.916055928218458826e-01,0.000000000000000000e+00
4.394482534174839472e+00,5.585267136957462242e+00,0.000000000000000000e+00,7.388904714390578388e-01,-2.004536942728945004e-01,0.000000000000000000e+00
4.328140265825435762e+00,5.731504868950612064e+00,0.000000000000000000e+00,8.869684156215895676e-01,-7.266896346064734280e-02,0.000000000000000000e+00
4.489613864984205449e+00,5.715600480671683137e+00,0.000000000000000000e+00,7.528344182576799382e-01,-2.913711770171818483e-01,0.000000000000000000e+00
3.812500000000000000e+00,5.891746824526949311e+00,0.000000000000000000e+00,8.443924985999202715e-01,3.983089961719167849e-01,0.000000000000000000e+00
3.686497889430432995e+00,5.908757010802059284e+00,0.000000000000000000e+00,1.108355569166603161e+00,7.652806706140834470e-01,0.000000000000000000e+00
3.750000000000000000e+00,6.000000000000000000e+00,0.000000000000000000e+00,1.853950719953255943e-01,6.572437901430249196e-01,0.000000000000000000e+00
3.625000000000000444e+00,6.000000000000000888e+00,0.000000000000000000e+00,7.233116154817605115e-02,5.826063914607974015e-01,0.000000000000000000e+00
3.875000000000000444e+00,6.000000000000000888e+00,0.000000000000000000e+00,1.252294885726407403e-01,3.401068528601965957e-01,0.000000000000000000e+00
3.937500000000000000e+00,5.891746824526949311e+00,0.000000000000000000e+00,7.440679172724377066e-01,7.983773205083273539e-02,0.000000000000000000e+00
4.083333333333333037e+00,5.873704628614769163e+00,0.000000000000000000e+00,6.931206787348845877e-01,-1.907166723260595581e-02,0.000000000000000000e+00
4.000000000000000000e+00,6.000000000000000000e+00,0.000000000000000000e+00,0.000000000000000000e+00,0.000000000000000000e+00,0.000000000000000000e+00
1.317828053105202013e+00,1.069586487621061011e+00,0.000000000000000000e+00,9.786512309789349162e-01,4.745618253353365845e-01,0.000000000000000000e+00
1.236795144568780591e+00,1.209837764431639595e+00,0.000000000000000000e+00,1.357442911598520485e+00,5.352379423644754164e-01,0.000000000000000000e+00
1.155351713323439222e+00,1.076214794971020128e+00,0.000000000000000000e+00,1.011135282943274039e+00,5.500139896926682370e-01,0.000000000000000000e+00
1.081492906046611857e+00,1.444855938938732542e+00,0.000000000000000000e+00,1.605526991172884443e+00,4.607407669505956815e-01,0.000000000000000000e+00
1.159109451017420689e+00,1.343495226701453937e+00,0.000000000000000000e+00,1.595421289254843167e+00,4.891989026382635997e-01,0.000000000000000000e+00
1.077666019772079320e+00,1.209872257240834692e+00,0.000000000000000000e+00,1.307335482823881456e+00,5.380813826460200122e-01,0.000000000000000000e+00
9.999803262207193066e-01,1.343529719510649034e+00,0.000000000000000000e+00,1.545271754088565208e+00,5.322661918658271318e-01,0.000000000000000000e+00
1.438567847392269616e+00,7.836326019481709704e-01,0.000000000000000000e+00,5.089492970047418963e-01,3.480436294730660518e-01,0.000000000000000000e+00
1.379736199227874494e+00,9.398527876846720641e-01,0.000000000000000000e+00,7.939008522293344861e-01,3.979170985599651544e-01,0.000000000000000000e+00
1.217259859446111481e+00,9.464810950346309593e-01,0.000000000000000000e+00,8.099387943825657743e-01,5.232314233356966104e-01,0.000000000000000000e+00
1.279168005568783739e+00,8.167473950982420128e-01,0.000000000000000000e+00,5.234670305112628652e-01,5.224190280414084953e-01,0.000000000000000000e+00
9.229958396469339910e-01,1.483987661548971992e+00,0.000000000000000000e+00,1.433317213087940578e+00,5.411384161954068128e-01,0.000000000000000000e+00
1.664611409900660366e+00,4.879542022309660831e-01,0.000000000000000000e+00,6.256185292706069323e-02,3.057069114848942060e-01,0.000000000000000000e+00
1.552048087716299207e+00,6.044906530303673087e-01,0.000000000000000000e+00,2.188925146638963926e-01,2.671064933362013449e-01,0.000000000000000000e+00
1.474433534044080396e+00,6.781240937330647034e-01,0.000000000000000000e+00,2.871242059503912314e-01,2.916871414067772061e-01,0.000000000000000000e+00
1.315033692220594963e+00,7.112388868831359678e-01,0.000000000000000000e+00,3.902701853340049820e-01,4.564436623310945684e-01,0.000000000000000000e+00
1.428513932544624332e+00,5.320969379653323061e-01,0.000000000000000000e+00,7.141126048811773097e-02,3.546817865674770642e-01,0.000000000000000000e+00
1.350899378872405743e+00,6.057303786680297009e-01,0.000000000000000000e+00,1.319304300810310304e-01,3.708868377199335264e-01,0.000000000000000000e+00
1.506128486216842921e+00,4.584634972626348004e-01,0.000000000000000000e+00,-8.284574172563886202e-03,3.020735057335106610e-01,0.000000000000000000e+00
6.897297132091833038e-01,1.866331479744617994e+00,0.000000000000000000e+00,4.134557101372985932e-01,3.546712695121667092e-01,0.000000000000000000e+00
7.008337123153824955e-01,1.716734356130893646e+00,0.000000000000000000e+00,9.694962314625280575e-01,5.483053830462345513e-01,0.000000000000000000e+00
5.556560715576163156e-01,1.809023108674492120e+00,0.000000000000000000e+00,4.909126896002522500e-01,3.960021666310555855e-01,0.000000000000000000e+00
5.676749150119188014e-01,1.985212066994639368e+00,0.000000000000000000e+00,4.631192129383474715e-02,3.147857281569773624e-01,0.000000000000000000e+00
7.021606148124438507e-01,1.586314698778708898e+00,0.000000000000000000e+00,1.324915498248779189e+00,6.429851514241241572e-01,0.000000000000000000e+00
5.569829740546776708e-01,1.678603451322307372e+00,0.000000000000000000e+00,1.065924892055718276e+00,5.183638938769887794e-01,0.000000000000000000e+00
7.704856773962821537e-01,1.480194901530249130e+00,0.000000000000000000e+00,1.495304833418910073e+00,6.029193135141847071e-01,0.000000000000000000e+00
8.474701639700673583e-01,1.339736959491926171e+00,0.000000000000000000e+00,1.643208807140520422e+00,4.959945737727722292e-01,0.000000000000000000e+00
6.266349391355772180e-01,1.442063996721663077e+00,0.000000000000000000e+00,1.601202789018723927e+00,4.887514810703521562e-01,0.000000000000000000e+00
5.583098765517390261e-01,1.548183793970122846e+00,0.000000000000000000e+00,1.434411014708008691e+00,5.360685806724040381e-01,0.000000000000000000e+00
6.949600017194154100e-01,1.335944199473203087e+00,0.000000000000000000e+00,1.757168324941260851e+00,4.329718348263165151e-01,0.000000000000000000e+00
1.594789223517917964e+00,3.557160939260382015e-01,0.000000000000000000e+00,-1.433005649977533297e-02,2.621599087527023975e-01,0.000000000000000000e+00
4.145404754420697335e-01,2.210908661096293137e+00,0.000000000000000000e+00,-3.491811291720601229e-01,-1.049621030347041850e-01,0.000000000000000000e+00
3.191380406533400049e-01,2.380208148438899940e+00,0.000000000000000000e+00,-1.719959329274701187e-01,-3.059997115213608163e-02,0.000000000000000000e+00
4.170046931461120487e-01,1.891518450541020080e+00,0.000000000000000000e+00,2.643901836967930130e-01,-2.047214935977914596e-01,0.000000000000000000e+00
4.290235366004145900e-01,2.067707408861167551e+00,0.000000000000000000e+00,-2.875463926253574165e-01,-2.128182604179419679e-01,0.000000000000000000e+00
2.638702535762629808e-01,2.117215044642673849e+00,0.000000000000000000e+00,-1.653302438118048334e-01,-2.694158822345856241e-01,0.000000000000000000e+00
2.493871924179181798e-01,2.260416296877799436e+00,0.000000000000000000e+00,-1.872303615947930877e-01,-1.225206088590739262e-01,0.000000000000000000e+00
2.783533147346077818e-01,1.974013792407547818e+00,0.000000000000000000e+00,-4.378076482937649783e-03,-4.088558090733184214e-01,0.000000000000000000e+00
1.944444444443808873e-01,2.500000000000000000e+00,0.000000000000000000e+00,0.000000000000000000e+00,0.000000000000000000e+00,0.000000000000000000e+00
-5.372368905982264367e-18,2.500000000000000444e+00,0.000000000000000000e+00,0.000000000000000000e+00,0.000000000000000000e+00,0.000000000000000000e+00
1.246935962089591038e-01,2.380208148438899940e+00,0.000000000000000000e+00,-5.553651776977786697e-02,-3.731366433069197019e-02,0.000000000000000000e+00
1.694444444444964670e+00,0.000000000000000000e+00,0.000000000000000000e+00,0.000000000000000000e+00,0.000000000000000000e+00,0.000000000000000000e+00
1.591724980409496393e+00,1.264843452947208013e-01,0.000000000000000000e+00,-1.408913994447174856e-01,4.378819960421403978e-02,0.000000000000000000e+00
1.500000000000000000e+00,4.969440751409550048e-18,0.000000000000000000e+00,0.000000000000000000e+00,0.000000000000000000e+00,0.000000000000000000e+00
1.444823007548016180e+00,3.445733138299777454e-01,0.000000000000000000e+00,-9.857535209701173695e-02,4.582683325781040651e-01,0.000000000000000000e+00
1.533483744849091002e+00,2.418259104933810910e-01,0.000000000000000000e+00,2.415056398144767302e-02,3.444828592315492544e-01,0.000000000000000000e+00
1.441758764439594387e+00,1.153415651986603035e-01,0.000000000000000000e+00,8.289114856105953000e-02,3.954104697392301637e-01,0.000000000000000000e+00
1.383517528879188996e+00,2.306831303973206071e-01,0.000000000000000000e+00,5.820906983131125811e-02,5.911296370069555328e-01,0.000000000000000000e+00
0.000000000000000000e+00,3.500000000000000444e+00,0.000000000000000000e+00,0.000000000000000000e+00,0.000000000000000000e+00,0.000000000000000000e+00
1.222790981627812357e-01,3.280008219458827590e+00,0.000000000000000000e+00,-1.569702856625506196e-02,1.413651099783537757e-01,0.000000000000000000e+00
1.428110004020604062e-01,3.417968607011319548e+00,0.000000000000000000e+00,2.667126891193211460e-02,2.485989478132731578e-01,0.000000000000000000e+00
1.261915376927441601e-01,3.718570154769075931e+00,0.000000000000000000e+00,9.749457899446341280e-02,1.165914210552208979e-01,0.000000000000000000e+00
1.428110004020604062e-01,3.584635273677986511e+00,0.000000000000000000e+00,7.321866177871651227e-02,2.243144898591848402e-01,0.000000000000000000e+00
6.152949319919647149e-18,3.333333333333333037e+00,0.000000000000000000e+00,-1.332844972067739331e-01,1.624890178058341905e-01,0.000000000000000000e+00
5.436907057861226757e-18,3.666666666666666963e+00,0.000000000000000000e+00,0.000000000000000000e+00,0.000000000000000000e+00,0.000000000000000000e+00
0.000000000000000000e+00,3.166666666666666963e+00,0.000000000000000000e+00,0.000000000000000000e+00,0.000000000000000000e+00,0.000000000000000000e+00
2.000000000008322065e-01,4.000000000000000000e+00,0.000000000000000000e+00,0.000000000000000000e+00,0.000000000000000000e+00,0.000000000000000000e+00
5.436907057861226757e-18,4.000000000000000000e+00,0.000000000000000000e+00,0.000000000000000000e+00,0.000000000000000000e+00,0.000000000000000000e+00
1.261915376927441601e-01,3.885236821435742449e+00,0.000000000000000000e+00,-1.730984634394734309e-02,3.172737843182545092e-02,0.000000000000000000e+00
0.000000000000000000e+00,3.833333333333333925e+00,0.000000000000000000e+00,0.000000000000000000e+00,0.000000000000000000e+00,0.000000000000000000e+00
1.749999999999824141e+00,6.000000000000000888e+00,0.000000000000000000e+00,0.000000000000000000e+00,0.000000000000000000e+00,0.000000000000000000e+00
1.630682033048545421e+00,5.849109431462388820e+00,0.000000000000000000e+00,-3.288599786462735874e-01,2.114687492490325421e-02,0.000000000000000000e+00
1.555555555554858138e+00,6.000000000000000888e+00,0.000000000000000000e+00,0.000000000000000000e+00,0.000000000000000000e+00,0.000000000000000000e+00
1.537490546615829512e+00,5.723686978355569721e+00,0.000000000000000000e+00,-4.871390598618702272e-01,1.258128818372649116e-01,0.000000000000000000e+00
1.385295525846953035e+00,5.556218619053996832e+00,0.000000000000000000e+00,-3.400681317335544351e-01,2.097048946609294251e-01,0.000000000000000000e+00
1.462364069122142007e+00,5.874577546893180013e+00,0.000000000000000000e+00,-3.938112317327360223e-01,3.225526571171548340e-02,0.000000000000000000e+00
1.369172582689425877e+00,5.749155093786360027e+00,0.000000000000000000e+00,-6.170348913858738626e-01,1.198282221826378474e-01,0.000000000000000000e+00
1.130457191281716955e+00,5.150097859850026438e+00,0.000000000000000000e+00,2.308412698501065563e-01,2.274832201587454195e-01,0.000000000000000000e+00
1.211794933437652322e+00,5.313519766961696256e+00,0.000000000000000000e+00,1.506637617870238213e-02,2.014847588989591431e-01,0.000000000000000000e+00
1.022171397870824894e+00,5.263757389601757986e+00,0.000000000000000000e+00,-3.886165021585231277e-02,9.755285285686278451e-02,0.000000000000000000e+00
9.970206586664457360e-01,5.056396449086813405e+00,0.000000000000000000e+00,3.530114625399228823e-01,1.516896005052519314e-01,0.000000000000000000e+00
1.170697402455618263e+00,5.706183718379621794e+00,0.000000000000000000e+00,-7.066242553295574158e-01,1.209913567877058255e-01,0.000000000000000000e+00
1.186820345613145422e+00,5.513247243647258600e+00,0.000000000000000000e+00,-2.480573610141329766e-01,1.535371690838964465e-01,0.000000000000000000e+00
9.971968100463177720e-01,5.463484866287320330e+00,0.000000000000000000e+00,-3.008629259067921446e-01,-7.253357736041235460e-02,0.000000000000000000e+00
9.722222222218106502e-01,5.663212342972883562e+00,0.000000000000000000e+00,-6.404452713430083266e-01,-2.944569809412862504e-01,0.000000000000000000e+00
7.683291279871123924e-01,4.831880296204285052e+00,0.000000000000000000e+00,4.851378312548184635e-01,-5.822110910443568238e-02,0.000000000000000000e+00
6.823941682550540566e-01,4.657362541918351084e+00,0.000000000000000000e+00,3.048193132126618132e-01,-2.157325900154985140e-02,0.000000000000000000e+00
8.098241023861201260e-01,5.042842441848104151e+00,0.000000000000000000e+00,4.015551107220946547e-01,-1.073513109616157785e-01,0.000000000000000000e+00
6.062833109111660512e-01,5.025687229480521268e+00,0.000000000000000000e+00,3.351734245970477977e-01,-1.362203049305065472e-01,0.000000000000000000e+00
8.349748415904993948e-01,5.250203382363049620e+00,0.000000000000000000e+00,-7.796456400658810515e-02,9.169975454284856609e-03,0.000000000000000000e+00
5.647883365121582067e-01,4.814725083836703057e+00,0.000000000000000000e+00,4.138239925866568081e-01,-5.978503061113784461e-02,0.000000000000000000e+00
6.477782853101737848e-01,5.236649375124340366e+00,0.000000000000000000e+00,9.764407097916930067e-02,-2.146469431757155599e-01,0.000000000000000000e+00
5.999999999985329291e-01,4.500000000000000000e+00,0.000000000000000000e+00,0.000000000000000000e+00,0.000000000000000000e+00,0.000000000000000000e+00
4.823941682556370791e-01,4.657362541918351084e+00,0.000000000000000000e+00,2.619326103400421157e-01,-1.723060583864811576e-02,0.000000000000000000e+00
3.999999999991157851e-01,4.500000000000000000e+00,0.000000000000000000e+00,0.000000000000000000e+00,0.000000000000000000e+00,0.000000000000000000e+00
4.166666666666666963e+00,6.000000000000000888e+00,0.000000000000000000e+00,0.000000000000000000e+00,0.000000000000000000e+00,0.000000000000000000e+00
4.250000000000000000e+00,5.873704628614770051e+00,0.000000000000000000e+00,6.297275412783086557e-01,-1.678744308475296071e-02,0.000000000000000000e+00
4.411473599158769687e+00,5.857800240335842012e+00,0.000000000000000000e+00,5.918311137952227963e-01,-5.765941217754969733e-02,0.000000000000000000e+00
4.333333333333333037e+00,6.000000000000000000e+00,0.000000000000000000e+00,0.000000000000000000e+00,0.000000000000000000e+00,0.000000000000000000e+00
5.000000000000000000e+00,5.437500000016568968e+00,0.000000000000000000e+00,0.000000000000000000e+00,0.000000000000000000e+00,0.000000000000000000e+00
4.843093207617508611e+00,5.521770536470514301e+00,0.000000000000000000e+00,1.331654678448164486e-01,-6.151817419228912120e-01,0.000000000000000000e+00
4.623903397249409686e+00,5.730654505307087199e+00,0.000000000000000000e+00,5.134487700004350952e-01,-3.116159619050910545e-01,0.000000000000000000e+00
4.722189672374814684e+00,5.582124801436207484e+00,0.000000000000000000e+00,3.829980054681836887e-01,-6.135179709009294102e-01,0.000000000000000000e+00
4.879096464757306961e+00,5.685354264976797189e+00,0.000000000000000000e+00,7.019318947016638111e-02,-2.826465137595791655e-01,0.000000000000000000e+00
5.000000000000000888e+00,5.625000000011104895e+00,0.000000000000000000e+00,0.000000000000000000e+00,0.000000000000000000e+00,0.000000000000000000e+00
4.758192929514612146e+00,5.745708529942489484e+00,0.000000000000000000e+00,2.479717428329460405e-01,-2.721528731122979106e-01,0.000000000000000000e+00
4.500000000000000000e+00,6.000000000000000888e+00,0.000000000000000000e+00,0.000000000000000000e+00,0.000000000000000000e+00,0.000000000000000000e+00
4.712429798090639999e+00,5.872854264971245186e+00,0.000000000000000000e+00,2.591759659403978788e-01,-6.976010546877552121e-02,0.000000000000000000e+00
4.578140265825436650e+00,5.857800240335842012e+00,0.000000000000000000e+00,4.618339188517215921e-01,-1.078887124278878756e-01,0.000000000000000000e+00
4.666666666666666963e+00,6.000000000000000000e+00,0.000000000000000000e+00,0.000000000000000000e+00,0.000000000000000000e+00,0.000000000000000000e+00
9.215710124447150653e-01,1.214172085973820092e+00,0.000000000000000000e+00,1.311130714006866427e+00,4.095330133473052414e-01,0.000000000000000000e+00
9.992567059960750786e-01,1.080514623704005528e+00,0.000000000000000000e+00,9.965418732837841853e-01,4.832005644823501589e-01,0.000000000000000000e+00
1.134981652368583172e+00,8.190493690143919592e-01,0.000000000000000000e+00,3.225771199008705126e-01,6.349627960710313435e-01,0.000000000000000000e+00
1.073073506245910691e+00,9.487830689507807946e-01,0.000000000000000000e+00,7.431575012098968758e-01,5.465482890515217518e-01,0.000000000000000000e+00
9.169784989185467694e-01,9.530828976837664168e-01,0.000000000000000000e+00,7.019717668062618321e-01,4.064616868157558405e-01,0.000000000000000000e+00
8.431616986687109350e-01,1.084814452436990928e+00,0.000000000000000000e+00,1.018615338133915804e+00,2.323807198331778179e-01,0.000000000000000000e+00
9.907952991683824928e-01,8.213513429305419056e-01,0.000000000000000000e+00,1.438887622792245358e-01,5.938694814065279548e-01,0.000000000000000000e+00
7.690608501940632280e-01,1.210379325955097229e+00,0.000000000000000000e+00,1.453967511250552791e+00,3.074711022437741637e-01,0.000000000000000000e+00
1.233790911926833989e+00,6.030838250192036565e-01,0.000000000000000000e+00,7.549455463227280894e-02,7.121656548934715003e-01,0.000000000000000000e+00
1.197925225275022987e+00,7.085923332343098124e-01,0.000000000000000000e+00,3.394295717626188424e-01,7.735480350049903642e-01,0.000000000000000000e+00
1.053738872074822197e+00,7.108943071504596478e-01,0.000000000000000000e+00,1.129509953976342296e-01,7.984382960760286752e-01,0.000000000000000000e+00
1.116682444981262234e+00,6.004372713703777231e-01,0.000000000000000000e+00,3.423984646776760676e-02,9.533875403177953789e-01,0.000000000000000000e+00
1.302724823625894590e+00,5.041081497394123145e-01,0.000000000000000000e+00,-1.151169492755976381e-01,5.384244137740632485e-01,0.000000000000000000e+00
1.380339377298112957e+00,4.304747090367148088e-01,0.000000000000000000e+00,-1.158073600207334686e-01,4.937646635034447229e-01,0.000000000000000000e+00
1.254550268379382993e+00,4.024859208107948172e-01,0.000000000000000000e+00,-1.682819910162654808e-01,6.399998251547968087e-01,0.000000000000000000e+00
1.185616356680322614e+00,5.014615960905862702e-01,0.000000000000000000e+00,-1.325844916191757372e-01,8.107027319551638467e-01,0.000000000000000000e+00
1.319033898629285995e+00,3.165845256040576983e-01,0.000000000000000000e+00,-1.678450812503277656e-01,5.889847834656797287e-01,0.000000000000000000e+00
4.178212447645051064e-01,1.716773845761425221e+00,0.000000000000000000e+00,6.448424663343949037e-01,-1.024917658110535146e-01,0.000000000000000000e+00
2.791698663530008395e-01,1.799269187627952959e+00,0.000000000000000000e+00,3.124413682696943195e-01,-1.965743781322239758e-01,0.000000000000000000e+00
4.191481472615664616e-01,1.586354188409240695e+00,0.000000000000000000e+00,1.145781262239831788e+00,1.697908409393085183e-01,0.000000000000000000e+00
2.799864179713938972e-01,1.624524582848358323e+00,0.000000000000000000e+00,5.838207198291450739e-01,1.824183968316754056e-01,0.000000000000000000e+00
4.866227074944300401e-01,1.447582634618695963e+00,0.000000000000000000e+00,1.641610559423682059e+00,4.070539014253811705e-01,0.000000000000000000e+00
5.549477700782682321e-01,1.341462837370236194e+00,0.000000000000000000e+00,1.784483394763179076e+00,3.877962892531158778e-01,0.000000000000000000e+00
4.149355384371211097e-01,1.346981475267269079e+00,0.000000000000000000e+00,1.810528711724558093e+00,3.419225254190044749e-01,0.000000000000000000e+00
3.474609782042575312e-01,1.485753029057813812e+00,0.000000000000000000e+00,1.342394881212062296e+00,3.161737486055710145e-01,0.000000000000000000e+00
6.953281897917431564e-01,1.085339241120987452e+00,0.000000000000000000e+00,1.005385848235548218e+00,3.346467273450887125e-01,0.000000000000000000e+00
6.212273413170954495e-01,1.210904114639093532e+00,0.000000000000000000e+00,1.444607688304309301e+00,3.705934446103614777e-01,0.000000000000000000e+00
4.812151096759482716e-01,1.216422752536126417e+00,0.000000000000000000e+00,1.480548019173415275e+00,2.978593494749053328e-01,0.000000000000000000e+00
5.474946809147754889e-01,1.085864029804984199e+00,0.000000000000000000e+00,1.053713865154094931e+00,2.345899669760270756e-01,0.000000000000000000e+00
1.246935962089591177e-01,2.213541481772233421e+00,0.000000000000000000e+00,-5.818817741515656949e-02,-1.671863826751711912e-01,0.000000000000000000e+00
1.391766573673038909e-01,2.070340229537107390e+00,0.000000000000000000e+00,-1.300514483973142649e-02,-2.871859421437298332e-01,0.000000000000000000e+00
-5.996365244175457388e-18,2.166666666666667407e+00,0.000000000000000000e+00,0.000000000000000000e+00,0.000000000000000000e+00,0.000000000000000000e+00
0.000000000000000000e+00,2.333333333333333925e+00,0.000000000000000000e+00,0.000000000000000000e+00,0.000000000000000000e+00,0.000000000000000000e+00
0.000000000000000000e+00,2.000000000000000000e+00,0.000000000000000000e+00,0.000000000000000000e+00,0.000000000000000000e+00,0.000000000000000000e+00
1.391766573673038909e-01,1.903673562870440428e+00,0.000000000000000000e+00,7.221458263364974837e-03,-3.054009587628209732e-01,0.000000000000000000e+00
1.399932089856969486e-01,1.728928958090845569e+00,0.000000000000000000e+00,1.651636058441489918e-01,-1.764154507658898530e-01,0.000000000000000000e+00
-6.031546012540120939e-18,1.833333333333333259e+00,0.000000000000000000e+00,0.000000000000000000e+00,0.000000000000000000e+00,0.000000000000000000e+00
1.375000000000000222e+00,0.000000000000000000e+00,0.000000000000000000e+00,2.901217776093122439e-02,7.109012403381724798e-01,0.000000000000000000e+00
1.316758764439594609e+00,1.153415651986603313e-01,0.000000000000000000e+00,9.691169948739366061e-03,8.307916666462153987e-01,0.000000000000000000e+00
1.250000000000000000e+00,4.800465950604801529e-18,0.000000000000000000e+00,-4.830863456093852093e-02,1.036632388877378519e+00,0.000000000000000000e+00
1.182217538246122635e+00,3.126625917328423321e-01,0.000000000000000000e+00,-2.286291339529644695e-01,6.328837676556946512e-01,0.000000000000000000e+00
1.246701168496025414e+00,2.267611965261051576e-01,0.000000000000000000e+00,-1.236618691235196049e-01,6.736058641805839908e-01,0.000000000000000000e+00
1.179942404056431027e+00,1.114196313274448541e-01,0.000000000000000000e+00,-2.326966700495995966e-01,8.517611955124374523e-01,0.000000000000000000e+00
1.109884808112862054e+00,2.228392626548897082e-01,0.000000000000000000e+00,-3.072343664050845580e-01,6.490754043813099505e-01,0.000000000000000000e+00
1.361111111110508975e+00,6.000000000000000888e+00,0.000000000000000000e+00,0.000000000000000000e+00,0.000000000000000000e+00,0.000000000000000000e+00
1.267919624677793067e+00,5.874577546893180013e+00,0.000000000000000000e+00,-5.078442352774054092e-01,4.506900984361953549e-02,0.000000000000000000e+00
1.166666666666160257e+00,6.000000000000000888e+00,0.000000000000000000e+00,0.000000000000000000e+00,0.000000000000000000e+00,0.000000000000000000e+00
1.069444444443985232e+00,5.831606171486441781e+00,0.000000000000000000e+00,-7.548665912970362601e-01,-3.074224067241334429e-02,0.000000000000000000e+00
8.100002537659922730e-01,5.449930859048611964e+00,0.000000000000000000e+00,-3.992500374058252643e-01,-3.785335052479695678e-02,0.000000000000000000e+00
9.722222222218104282e-01,6.000000000000000888e+00,0.000000000000000000e+00,0.000000000000000000e+00,0.000000000000000000e+00,0.000000000000000000e+00
8.749999999996356248e-01,5.831606171486441781e+00,0.000000000000000000e+00,-5.244658912222954772e-01,-1.061098500616265983e-01,0.000000000000000000e+00
6.061710249027358888e-01,5.457102298718389477e+00,0.000000000000000000e+00,-3.416636873269994212e-01,-1.902299533278777877e-01,0.000000000000000000e+00
7.683929933585542660e-01,5.670383782642661075e+00,0.000000000000000000e+00,-6.393028416519853652e-01,-3.494540281088849565e-02,0.000000000000000000e+00
6.711707711363792406e-01,5.838777611156219294e+00,0.000000000000000000e+00,-4.231807468253194759e-01,-3.893987869606633026e-03,0.000000000000000000e+00
7.777777777774607104e-01,6.000000000000000888e+00,0.000000000000000000e+00,0.000000000000000000e+00,0.000000000000000000e+00,0.000000000000000000e+00
5.645637644952979928e-01,5.677555222312439476e+00,0.000000000000000000e+00,-5.572899054875646296e-01,-1.229159661820599519e-01,0.000000000000000000e+00
4.768114894598394216e-01,5.149892074226317007e+00,0.000000000000000000e+00,1.201416485721292643e-01,-3.548502389213547548e-01,0.000000000000000000e+00
4.353165150608316325e-01,4.938929928582497908e+00,0.000000000000000000e+00,2.988598152707996336e-01,-2.705670097395991847e-01,0.000000000000000000e+00
3.058446936095050028e-01,5.063134773328292759e+00,0.000000000000000000e+00,1.147738811514819601e-01,-4.282102686882758857e-01,0.000000000000000000e+00
3.270633030116357753e-01,4.625285985715389181e+00,0.000000000000000000e+00,1.449947397748996003e-01,-3.417997822220534415e-02,0.000000000000000000e+00
4.094574712681570139e-01,4.782648527633740265e+00,0.000000000000000000e+00,2.747280253035793707e-01,-1.396699081387574870e-01,0.000000000000000000e+00
2.799856498168303842e-01,4.906853372379536005e+00,0.000000000000000000e+00,1.554406285372362251e-01,-2.731565661978023196e-01,0.000000000000000000e+00
2.541266060241558211e-01,4.750571971430777474e+00,0.000000000000000000e+00,1.312985490644867081e-01,-1.259909017346620419e-01,0.000000000000000000e+00
4.862689058646691986e-01,5.337074687553885255e+00,0.000000000000000000e+00,-5.987370831517151853e-02,-3.971044711821982154e-01,0.000000000000000000e+00
3.153021100143347244e-01,5.250317386655861895e+00,0.000000000000000000e+00,5.310416367177264382e-03,-4.775165343767607262e-01,0.000000000000000000e+00
4.446616454572312471e-01,5.557527611147934365e+00,0.000000000000000000e+00,-3.769076929124164366e-01,-3.386045446514369672e-01,0.000000000000000000e+00
3.247595264191645015e-01,5.437499999983430143e+00,0.000000000000000000e+00,-1.488253488928556190e-01,-4.667495295637078545e-01,0.000000000000000000e+00
1.999999999995579480e-01,4.500000000000000000e+00,0.000000000000000000e+00,0.000000000000000000e+00,0.000000000000000000e+00,0.000000000000000000e+00
5.474466684315932070e-18,4.500000000000000000e+00,0.000000000000000000e+00,0.000000000000000000e+00,0.000000000000000000e+00,0.000000000000000000e+00
1.270633030120779106e-01,4.625285985715389181e+00,0.000000000000000000e+00,3.703250640484358203e-02,-3.486444709698571787e-02,0.000000000000000000e+00
5.000000000000000000e+00,5.812500000005552891e+00,0.000000000000000000e+00,0.000000000000000000e+00,0.000000000000000000e+00,0.000000000000000000e+00
5.000000000000000888e+00,6.000000000000000888e+00,0.000000000000000000e+00,0.000000000000000000e+00,0.000000000000000000e+00,0.000000000000000000e+00
4.879096464757306961e+00,5.872854264971245186e+00,0.000000000000000000e+00,7.149813159784125516e-02,-8.337541788873491233e-02,0.000000000000000000e+00
4.833333333333333925e+00,6.000000000000000888e+00,0.000000000000000000e+00,0.000000000000000000e+00,0.000000000000000000e+00,0.000000000000000000e+00
7.681355989147466978e-01,9.581460523904808957e-01,0.000000000000000000e+00,6.289244133950073756e-01,2.779910735769569596e-01,0.000000000000000000e+00
8.419523991645824212e-01,8.264144976372564955e-01,0.000000000000000000e+00,5.842212497831688472e-02,3.783042518327047188e-01,0.000000000000000000e+00
6.931094991607823497e-01,8.314776523439708633e-01,0.000000000000000000e+00,1.171971630440551831e-01,1.005303521832505431e-01,0.000000000000000000e+00
6.203020900377789193e-01,9.586708410744775311e-01,0.000000000000000000e+00,7.171418513320649835e-01,1.950443971271788590e-01,0.000000000000000000e+00
9.729331975258549425e-01,5.936932272348560691e-01,0.000000000000000000e+00,-5.949146199546463676e-02,7.834359887991745319e-01,0.000000000000000000e+00
9.099896246194150162e-01,7.041502630149381048e-01,0.000000000000000000e+00,-4.998305902385456051e-02,5.562235867190030714e-01,0.000000000000000000e+00
7.611467246156150557e-01,7.092134177216526947e-01,0.000000000000000000e+00,-1.058520821808305729e-01,1.458050150745563156e-01,0.000000000000000000e+00
8.291839500704477617e-01,5.869491830993344150e-01,0.000000000000000000e+00,-1.413998216811873099e-01,4.043255747730258309e-01,0.000000000000000000e+00
1.113401827810563738e+00,4.063463675733333114e-01,0.000000000000000000e+00,-2.470255839932851069e-02,7.166794867436850902e-01,0.000000000000000000e+00
1.044467916111503136e+00,5.053220428531246533e-01,0.000000000000000000e+00,5.505119808314566481e-03,8.714335699229518450e-01,0.000000000000000000e+00
9.007186686560960664e-01,4.985779987176031103e-01,0.000000000000000000e+00,2.447325511704393289e-02,6.150254703865140060e-01,0.000000000000000000e+00
9.722533872417442602e-01,4.102068143358718055e-01,0.000000000000000000e+00,1.313560094492766950e-01,7.219183438047821477e-01,0.000000000000000000e+00
1.041069097677303157e+00,3.165230384953807707e-01,0.000000000000000000e+00,-1.947672882896996638e-01,6.721908823688113044e-01,0.000000000000000000e+00
0.000000000000000000e+00,1.666666666666666741e+00,0.000000000000000000e+00,0.000000000000000000e+00,0.000000000000000000e+00,0.000000000000000000e+00
1.399932089856969486e-01,1.562262291424179272e+00,0.000000000000000000e+00,2.545864737271562039e-01,1.161814186490025824e-01,0.000000000000000000e+00
3.016968849052554802e-01,1.359877166459418696e+00,0.000000000000000000e+00,1.868184179447543780e+00,3.661330052002591540e-01,0.000000000000000000e+00
2.342223246723918462e-01,1.498648720249962984e+00,0.000000000000000000e+00,1.273503639012316890e+00,6.336473006207696823e-01,0.000000000000000000e+00
9.422911568669489757e-02,1.436386428825783934e+00,0.000000000000000000e+00,1.179390346995014216e+00,6.196995851009673428e-01,0.000000000000000000e+00
-4.059820123441375091e-18,1.500000000000000222e+00,0.000000000000000000e+00,0.000000000000000000e+00,0.000000000000000000e+00,0.000000000000000000e+00
1.884582313733897951e-01,1.372772857651567868e+00,0.000000000000000000e+00,1.808310202217119800e+00,8.363174819246402825e-01,0.000000000000000000e+00
3.320999578079124048e-01,1.228848233461484529e+00,0.000000000000000000e+00,1.533896655044536095e+00,2.446933184532178729e-01,0.000000000000000000e+00
3.983795290467395667e-01,1.098289510730342089e+00,0.000000000000000000e+00,1.129008704891139692e+00,2.298851647016503796e-01,0.000000000000000000e+00
2.188613042760466920e-01,1.241743924653634146e+00,0.000000000000000000e+00,1.618910359271461097e+00,4.472853408835515410e-01,0.000000000000000000e+00
2.492643771787035889e-01,1.110714991655700201e+00,0.000000000000000000e+00,1.222157193565232225e+00,3.686954550921324458e-02,0.000000000000000000e+00
5.532988308904770447e-01,8.515159864083128305e-01,0.000000000000000000e+00,2.904325205578149327e-01,1.225928635618079160e-01,0.000000000000000000e+00
4.804914217674735033e-01,9.787091751388192762e-01,0.000000000000000000e+00,7.970636989250788895e-01,1.809145227206921114e-01,0.000000000000000000e+00
3.313762698994375810e-01,9.911346560641773884e-01,0.000000000000000000e+00,8.770262825471892842e-01,1.029246213149585115e-01,0.000000000000000000e+00
4.134881626201716287e-01,8.715543204726545756e-01,0.000000000000000000e+00,3.694374763438690312e-01,1.574791634713138544e-01,0.000000000000000000e+00
1.125000000000000000e+00,0.000000000000000000e+00,0.000000000000000000e+00,-8.705626629408191874e-02,6.976566432045971933e-01,0.000000000000000000e+00
1.054942404056431027e+00,1.114196313274448541e-01,0.000000000000000000e+00,-2.523572594928334967e-01,4.215024243554961192e-01,0.000000000000000000e+00
1.000000000000000000e+00,5.109513429696411832e-18,0.000000000000000000e+00,0.000000000000000000e+00,0.000000000000000000e+00,0.000000000000000000e+00
9.013368133373552693e-01,3.236960830575915105e-01,0.000000000000000000e+00,-7.581968162902578273e-03,4.976120651623735514e-01,0.000000000000000000e+00
9.701525237729140549e-01,2.300123072171004202e-01,0.000000000000000000e+00,-1.803907369009183359e-01,4.580415024008975267e-01,0.000000000000000000e+00
9.152101197164830282e-01,1.185926758896555522e-01,0.000000000000000000e+00,2.721650034696347642e-02,8.046433442749972853e-02,0.000000000000000000e+00
8.304202394329660564e-01,2.371853517793111044e-01,0.000000000000000000e+00,6.447766060470851157e-02,1.826212932916579101e-01,0.000000000000000000e+00
5.833333333331112147e-01,6.000000000000000888e+00,0.000000000000000000e+00,0.000000000000000000e+00,0.000000000000000000e+00,0.000000000000000000e+00
4.767263266920298559e-01,5.838777611156220182e+00,0.000000000000000000e+00,-3.428512584282016884e-01,-3.882117090301886314e-02,0.000000000000000000e+00
3.888888888887617745e-01,6.000000000000000888e+00,0.000000000000000000e+00,0.000000000000000000e+00,0.000000000000000000e+00,0.000000000000000000e+00
3.003577063867903796e-01,5.582734807888704687e+00,0.000000000000000000e+00,-2.154767700990699864e-01,-3.056097450386323633e-01,0.000000000000000000e+00
4.202598254248570697e-01,5.702762419053208909e+00,0.000000000000000000e+00,-3.784852960314427639e-01,-1.822615323983780566e-01,0.000000000000000000e+00
3.324223876215889883e-01,5.863984807896989615e+00,0.000000000000000000e+00,-1.957027968358669434e-01,-3.333980015011572817e-02,0.000000000000000000e+00
2.759558863544162022e-01,5.727969615793978342e+00,0.000000000000000000e+00,-2.033385098597512430e-01,-1.432719248353944430e-01,0.000000000000000000e+00
0.000000000000000000e+00,5.062499999983431920e+00,0.000000000000000000e+00,0.000000000000000000e+00,0.000000000000000000e+00,0.000000000000000000e+00
1.270633030120779106e-01,4.812785985709837178e+00,0.000000000000000000e+00,3.754257567318303179e-02,-1.359559097565468944e-01,0.000000000000000000e+00
1.529223468047525014e-01,4.969067386658594820e+00,0.000000000000000000e+00,3.735429873155925173e-02,-2.543141194070456246e-01,0.000000000000000000e+00
1.529223468047525014e-01,5.156567386653129859e+00,0.000000000000000000e+00,2.654087933591665893e-02,-3.219809247661263862e-01,0.000000000000000000e+00
1.623797632095822507e-01,5.343749999980698107e+00,0.000000000000000000e+00,-3.874638461884011981e-02,-3.497975551895253776e-01,0.000000000000000000e+00
6.588592245161831391e-18,4.874999999988895993e+00,0.000000000000000000e+00,0.000000000000000000e+00,0.000000000000000000e+00,0.000000000000000000e+00
6.996060883239199678e-18,5.249999999977966958e+00,0.000000000000000000e+00,0.000000000000000000e+00,0.000000000000000000e+00,0.000000000000000000e+00
0.000000000000000000e+00,4.687499999994448885e+00,0.000000000000000000e+00,0.000000000000000000e+00,0.000000000000000000e+00,0.000000000000000000e+00
0.000000000000000000e+00,5.437499999983431920e+00,0.000000000000000000e+00,0.000000000000000000e+00,0.000000000000000000e+00,0.000000000000000000e+00
1.623797632095822785e-01,5.531249999986163957e+00,0.000000000000000000e+00,-5.609809683388088108e-02,-2.853595287228133381e-01,0.000000000000000000e+00
1.379779431772081011e-01,5.676484807891437612e+00,0.000000000000000000e+00,-6.046971247843584835e-02,-1.619561130414704508e-01,0.000000000000000000e+00
5.944719169013438550e-18,5.624999999988895993e+00,0.000000000000000000e+00,0.000000000000000000e+00,0.000000000000000000e+00,0.000000000000000000e+00
6.146497532305801315e-01,7.122313127691466406e-01,0.000000000000000000e+00,7.869619926604917715e-02,-8.100850697087437491e-02,0.000000000000000000e+00
4.748390849602747155e-01,7.322696468334884967e-01,0.000000000000000000e+00,1.709374886002297811e-01,1.052415379441898474e-01,0.000000000000000000e+00
6.826869786854128375e-01,5.899670781468283609e-01,0.000000000000000000e+00,-8.531768840792690323e-02,-2.579870826166347220e-01,0.000000000000000000e+00
5.361900073003778022e-01,5.929849731943223068e-01,0.000000000000000000e+00,3.693967143491245358e-02,-4.113596185459026527e-02,0.000000000000000000e+00
8.383570658438059819e-01,4.119900529860371918e-01,0.000000000000000000e+00,1.609181785020849520e-01,3.888144423067034228e-01,0.000000000000000000e+00
7.668223472581576772e-01,5.003612373677683856e-01,0.000000000000000000e+00,3.521727211691334791e-02,6.508606541387863820e-02,0.000000000000000000e+00
6.203253758731227530e-01,5.033791324152624425e-01,0.000000000000000000e+00,-5.669221014579326617e-02,-2.932237019623644692e-01,0.000000000000000000e+00
7.044607444458675927e-01,4.137732916362025226e-01,0.000000000000000000e+00,5.475057695348604231e-02,-1.274490520537288896e-01,0.000000000000000000e+00
7.674404919394168800e-01,3.254793217077568412e-01,0.000000000000000000e+00,1.037729017454048913e-01,1.094300915020556958e-01,0.000000000000000000e+00
0.000000000000000000e+00,1.375000000000000000e+00,0.000000000000000000e+00,1.961779589999497642e+00,1.518514639975001579e-01,0.000000000000000000e+00
9.422911568669489757e-02,1.311386428825783934e+00,0.000000000000000000e+00,2.394130857299229032e+00,4.601945664825615734e-01,0.000000000000000000e+00
-5.369723185622930283e-18,1.250000000000000222e+00,0.000000000000000000e+00,2.761079897424894014e+00,1.952668158854919123e-01,0.000000000000000000e+00
1.246321885893517944e-01,1.180357495827849990e+00,0.000000000000000000e+00,2.141510675001278230e+00,-1.880678305535734007e-01,0.000000000000000000e+00
0.000000000000000000e+00,1.125000000000000000e+00,0.000000000000000000e+00,1.782650361893866275e+00,8.791850593572013428e-02,0.000000000000000000e+00
3.015429936833837754e-01,8.797535945167479499e-01,0.000000000000000000e+00,2.251396794075725682e-01,2.402815644774126680e-01,0.000000000000000000e+00
2.194311009626497277e-01,9.993339301082706516e-01,0.000000000000000000e+00,7.910395144639646992e-01,1.578009650343945025e-01,0.000000000000000000e+00
1.246321885893517944e-01,1.055357495827850212e+00,0.000000000000000000e+00,6.400557528494518200e-01,-3.497249483000217651e-01,0.000000000000000000e+00
9.479891237329794718e-02,9.439764342804206620e-01,0.000000000000000000e+00,9.309514969808682650e-02,-5.886312459270563301e-04,0.000000000000000000e+00
-4.084369563788801829e-18,1.000000000000000000e+00,0.000000000000000000e+00,1.744280652670384457e+00,-6.852566503262502717e-02,0.000000000000000000e+00
1.895978247465958944e-01,8.879528685608413241e-01,0.000000000000000000e+00,1.054775705283231696e-01,2.861935829689025157e-01,0.000000000000000000e+00
4.034321268325151699e-01,6.466208262482945335e-01,0.000000000000000000e+00,7.763703298383839435e-02,2.226156685073893693e-01,0.000000000000000000e+00
3.420812044924120277e-01,7.859054998874606124e-01,0.000000000000000000e+00,1.719591217649640291e-01,3.127574938454200648e-01,0.000000000000000000e+00
2.301360355556241744e-01,7.941047739315539866e-01,0.000000000000000000e+00,6.634394612771815636e-02,3.249739472048538969e-01,0.000000000000000000e+00
2.706742463646524821e-01,7.002566793022666491e-01,0.000000000000000000e+00,1.194333639696189830e-01,3.521548410734173795e-01,0.000000000000000000e+00
8.333333333328944992e-01,0.000000000000000000e+00,0.000000000000000000e+00,0.000000000000000000e+00,0.000000000000000000e+00,0.000000000000000000e+00
7.485434530493775274e-01,1.185926758896555799e-01,0.000000000000000000e+00,1.187143176522241772e-01,4.508177303498766414e-02,0.000000000000000000e+00
6.666666666657888873e-01,5.946897057986268771e-18,0.000000000000000000e+00,0.000000000000000000e+00,0.000000000000000000e+00,0.000000000000000000e+00
6.122062268462115098e-01,3.449151381688524420e-01,0.000000000000000000e+00,-9.908970076808644445e-02,-1.209345971609842585e-01,0.000000000000000000e+00
6.751859743397606861e-01,2.566211682404067607e-01,0.000000000000000000e+00,6.955895346734095042e-02,1.515363823812799701e-02,0.000000000000000000e+00
5.933091879561720461e-01,1.380284923507512085e-01,0.000000000000000000e+00,1.005667690087959781e-01,-5.750117210604482540e-03,0.000000000000000000e+00
5.199517092465553159e-01,2.760569847015024725e-01,0.000000000000000000e+00,-7.135921210460015318e-02,-1.078041676806474614e-01,0.000000000000000000e+00
1.944444444443808873e-01,6.000000000000000888e+00,0.000000000000000000e+00,0.000000000000000000e+00,0.000000000000000000e+00,0.000000000000000000e+00
-5.944719169013438550e-18,6.000000000000000888e+00,0.000000000000000000e+00,0.000000000000000000e+00,0.000000000000000000e+00,0.000000000000000000e+00
1.379779431772081011e-01,5.863984807896989615e+00,0.000000000000000000e+00,-6.612963443536826191e-02,-3.504348562559798236e-02,0.000000000000000000e+00
0.000000000000000000e+00,5.812499999994448885e+00,0.000000000000000000e+00,0.000000000000000000e+00,0.000000000000000000e+00,0.000000000000000000e+00
2.703459856586520327e-01,5.885054518031884729e-01,0.000000000000000000e+00,2.753932075802281720e-02,3.036573997909313705e-01,0.000000000000000000e+00
4.031038661265147205e-01,5.348695987492162462e-01,0.000000000000000000e+00,-4.009790393707034911e-02,1.963569268619949071e-01,0.000000000000000000e+00
5.280708582734665590e-01,4.345209789479123619e-01,0.000000000000000000e+00,-1.576579857076980673e-01,-6.558425200217959938e-02,0.000000000000000000e+00
3.949847170996034773e-01,3.764056045028064124e-01,0.000000000000000000e+00,-1.219038258502749689e-01,1.114230065004125775e-01,0.000000000000000000e+00
2.700177249526515832e-01,4.767542243041103522e-01,0.000000000000000000e+00,-3.715493926985255491e-02,2.401116159997155053e-01,0.000000000000000000e+00
0.000000000000000000e+00,8.333333333328944992e-01,0.000000000000000000e+00,0.000000000000000000e+00,0.000000000000000000e+00,0.000000000000000000e+00
9.479891237329794718e-02,7.773097676133151612e-01,0.000000000000000000e+00,2.592984822908884351e-02,6.732612207534978410e-02,0.000000000000000000e+00
-5.816797629161128352e-18,6.666666666657888873e-01,0.000000000000000000e+00,0.000000000000000000e+00,0.000000000000000000e+00,0.000000000000000000e+00
1.353371231823262411e-01,6.834616729840278238e-01,0.000000000000000000e+00,1.037560151480361320e-01,1.724613796744288163e-01,0.000000000000000000e+00
1.350088624763257916e-01,5.717104454849495365e-01,0.000000000000000000e+00,1.247302728740223680e-02,1.799361318224237394e-01,0.000000000000000000e+00
4.999999999991457944e-01,0.000000000000000000e+00,0.000000000000000000e+00,0.000000000000000000e+00,0.000000000000000000e+00,0.000000000000000000e+00
4.266425212895290087e-01,1.380284923507512362e-01,0.000000000000000000e+00,6.023955091016288364e-03,-1.293783264132170562e-02,0.000000000000000000e+00
3.333333333325025905e-01,5.256681331608428154e-18,0.000000000000000000e+00,-4.640508922203585157e-02,-1.863545917756266046e-01,0.000000000000000000e+00
2.886751345942202285e-01,1.220084679279689471e-01,0.000000000000000000e+00,3.099821707545383914e-02,3.855675710129975731e-02,0.000000000000000000e+00
3.819843225512465912e-01,2.600369602787201417e-01,0.000000000000000000e+00,-4.263482496213055056e-02,6.698177727054571706e-02,0.000000000000000000e+00
2.570173304042947526e-01,3.603855800800240816e-01,0.000000000000000000e+00,-5.574181633436764427e-02,1.368229438095766304e-01,0.000000000000000000e+00
2.440169358559378943e-01,2.440169358559378665e-01,0.000000000000000000e+00,-7.192057361252181778e-03,5.807330899849748318e-02,0.000000000000000000e+00
0.000000000000000000e+00,4.999999999991457944e-01,0.000000000000000000e+00,0.000000000000000000e+00,0.000000000000000000e+00,0.000000000000000000e+00
1.350088624763257916e-01,4.050437788183064436e-01,0.000000000000000000e+00,2.178203521882247137e-03,1.216547698717984211e-01,0.000000000000000000e+00
1.220084679279689471e-01,2.886751345942202285e-01,0.000000000000000000e+00,6.154834542354836041e-03,6.270707014310203387e-02,0.000000000000000000e+00
-5.256681331608428154e-18,3.333333333325025905e-01,0.000000000000000000e+00,0.000000000000000000e+00,0.000000000000000000e+00,0.000000000000000000e+00
1.666666666662513230e-01,0.000000000000000000e+00,0.000000000000000000e+00,0.000000000000000000e+00,0.000000000000000000e+00,0.000000000000000000e+00
5.256681331608428154e-18,5.256681331608428154e-18,0.000000000000000000e+00,0.000000000000000000e+00,0.000000000000000000e+00,0.000000000000000000e+00
1.220084679279689471e-01,1.220084679279689333e-01,0.000000000000000000e+00,1.947040114966039695e-02,2.347553718468076839e-02,0.000000000000000000e+00
0.000000000000000000e+00,1.666666666662512952e-01,0.000000000000000000e+00,0.000000000000000000e+00,0.000000000000000000e+00,0.000000000000000000e+00
