Points:0,Points:1,Points:2,U:0,U:1,U:2
9.812499999996290967e+00,0.000000000000000000e+00,0.000000000000000000e+00,0.000000000000000000e+00,0.000000000000000000e+00,0.000000000000000000e+00
1.000000000000000178e+01,5.664362628085781756e-17,0.000000000000000000e+00,0.000000000000000000e+00,0.000000000000000000e+00,0.000000000000000000e+00
9.677732030644911276e+00,1.347679693504804932e-01,0.000000000000000000e+00,1.684097414364237322e-01,7.797635636740218867e-02,0.000000000000000000e+00
9.865232030648620309e+00,1.347679693504804932e-01,0.000000000000000000e+00,1.936416680030256937e-02,7.003950364132668915e-02,0.000000000000000000e+00
9.624999999992581934e+00,7.322853433113562488e-18,0.000000000000000000e+00,0.000000000000000000e+00,0.000000000000000000e+00,0.000000000000000000e+00
9.730464061297237066e+00,2.695359387009609309e-01,0.000000000000000000e+00,5.896436507884483119e-02,2.331159161648491129e-01,0.000000000000000000e+00
1.000000000000000000e+01,1.875000000005254130e-01,0.000000000000000000e+00,0.000000000000000000e+00,0.000000000000000000e+00,0.000000000000000000e+00
9.865232030648620309e+00,3.222679693510058785e-01,0.000000000000000000e+00,1.122322867418553251e-03,1.435441718865520522e-01,0.000000000000000000e+00
1.000000000000000178e+01,3.750000000010508261e-01,0.000000000000000000e+00,0.000000000000000000e+00,0.000000000000000000e+00,0.000000000000000000e+00
9.592977028719278820e+00,3.047326432337796875e-01,0.000000000000000000e+00,1.903100322409496670e-01,3.158670676270465272e-01,0.000000000000000000e+00
9.540244998066949478e+00,1.699646738832991943e-01,0.000000000000000000e+00,3.219021807274388136e-01,1.147478030971537388e-01,0.000000000000000000e+00
9.455489996141315245e+00,3.399293477665983332e-01,0.000000000000000000e+00,3.407071808671395807e-01,3.036518322316212326e-01,0.000000000000000000e+00
9.437499999988874677e+00,0.000000000000000000e+00,0.000000000000000000e+00,0.000000000000000000e+00,0.000000000000000000e+00,0.000000000000000000e+00
9.352744998063240445e+00,1.699646738832991943e-01,0.000000000000000000e+00,4.640978619433804298e-01,3.709111577021112494e-02,0.000000000000000000e+00
9.249999999985165644e+00,7.752900328033281086e-18,0.000000000000000000e+00,0.000000000000000000e+00,0.000000000000000000e+00,0.000000000000000000e+00
9.715235779060066079e+00,4.235446083687894880e-01,0.000000000000000000e+00,1.089051358043297280e-01,3.740929503810857537e-01,0.000000000000000000e+00
9.850003748411445770e+00,4.762766390188343246e-01,0.000000000000000000e+00,7.119375854636957046e-02,2.391727379238106077e-01,0.000000000000000000e+00
9.577748746482104281e+00,4.587413129016081337e-01,0.000000000000000000e+00,2.370051959415957199e-01,4.928886002117437437e-01,0.000000000000000000e+00
9.700007496822889763e+00,5.775532780366178232e-01,0.000000000000000000e+00,2.648044317141661774e-01,5.012072398880821344e-01,0.000000000000000000e+00
1.000000000000000000e+01,5.625000000015759616e-01,0.000000000000000000e+00,0.000000000000000000e+00,0.000000000000000000e+00,0.000000000000000000e+00
9.850003748411445770e+00,6.637766390193594601e-01,0.000000000000000000e+00,9.018236996721364085e-02,3.900178608339124886e-01,0.000000000000000000e+00
1.000000000000000178e+01,7.500000000021012081e-01,0.000000000000000000e+00,0.000000000000000000e+00,0.000000000000000000e+00,0.000000000000000000e+00
9.269229608476027948e+00,3.499108093535575614e-01,0.000000000000000000e+00,7.725097644801893759e-01,3.683009549501438107e-01,0.000000000000000000e+00
9.166484610397953148e+00,1.799461354702583948e-01,0.000000000000000000e+00,7.947850259984612364e-01,6.360695142763136967e-02,0.000000000000000000e+00
9.518315450969218716e+00,6.554201950759886985e-01,0.000000000000000000e+00,5.733981616287265881e-01,9.005988907802552346e-01,0.000000000000000000e+00
9.396056700628431457e+00,5.366082299409788980e-01,0.000000000000000000e+00,6.609043704338000147e-01,7.598754355179158093e-01,0.000000000000000000e+00
9.209796312963142384e+00,5.465896915279381263e-01,0.000000000000000000e+00,9.870516510367483010e-01,7.900031702107811471e-01,0.000000000000000000e+00
9.082969220810742428e+00,3.598922709405169007e-01,0.000000000000000000e+00,1.221295722081353841e+00,2.625731474994212888e-01,0.000000000000000000e+00
9.336623405115542340e+00,7.332871121153593519e-01,0.000000000000000000e+00,7.786707104371257682e-01,1.074828807628698035e+00,0.000000000000000000e+00
9.062499999981458387e+00,0.000000000000000000e+00,0.000000000000000000e+00,0.000000000000000000e+00,0.000000000000000000e+00,0.000000000000000000e+00
8.978984610394245891e+00,1.799461354702584226e-01,0.000000000000000000e+00,8.965374559832628432e-01,2.820705018088017629e-02,0.000000000000000000e+00
8.874999999977749354e+00,7.420802714442363974e-18,0.000000000000000000e+00,0.000000000000000000e+00,0.000000000000000000e+00,0.000000000000000000e+00
9.689897907996856574e+00,7.561567887854760972e-01,0.000000000000000000e+00,2.927315583164911694e-01,7.390344476273853491e-01,0.000000000000000000e+00
9.839894159585410804e+00,8.423801497682177342e-01,0.000000000000000000e+00,7.947336031309569504e-02,5.968744175016830189e-01,0.000000000000000000e+00
9.508205862143183751e+00,8.340237058248469726e-01,0.000000000000000000e+00,4.157324861104292890e-01,1.090177251542754355e+00,0.000000000000000000e+00
9.679788319170823385e+00,9.347602995343344823e-01,0.000000000000000000e+00,1.442066410057563641e-01,9.273739005158267990e-01,0.000000000000000000e+00
1.000000000000000000e+01,9.375000000026261215e-01,0.000000000000000000e+00,0.000000000000000000e+00,0.000000000000000000e+00,0.000000000000000000e+00
9.839894159585412581e+00,1.029880149768742648e+00,0.000000000000000000e+00,2.671974231139295428e-02,6.340771418077394417e-01,0.000000000000000000e+00
1.000000000000000178e+01,1.125000000003151257e+00,0.000000000000000000e+00,0.000000000000000000e+00,0.000000000000000000e+00,0.000000000000000000e+00
9.133725455553651784e+00,7.315751271099966146e-01,0.000000000000000000e+00,9.152976120676215022e-01,8.762765860009157359e-01,0.000000000000000000e+00
9.006898363401250052e+00,5.448777065225753891e-01,0.000000000000000000e+00,1.176045752237441233e+00,4.800111601895262203e-01,0.000000000000000000e+00
8.930827505991759452e+00,7.298631421046339884e-01,0.000000000000000000e+00,1.049038523821111291e+00,6.745358906030355373e-01,0.000000000000000000e+00
8.790065006576877948e+00,1.722380933652284951e-01,0.000000000000000000e+00,1.297754174489491374e+00,5.781748217205590762e-02,0.000000000000000000e+00
8.894049616993374485e+00,3.521842288354869455e-01,0.000000000000000000e+00,1.571604804579874060e+00,3.016188204219633073e-01,0.000000000000000000e+00
8.817978759583882109e+00,5.371696644175454338e-01,0.000000000000000000e+00,1.508996541343736952e+00,4.546461462721980706e-01,0.000000000000000000e+00
8.705130013176004766e+00,3.444761867304569347e-01,0.000000000000000000e+00,1.860543613471810742e+00,1.697836999857344764e-01,0.000000000000000000e+00
9.371297295428817620e+00,9.085820870167142793e-01,0.000000000000000000e+00,4.040096132775891080e-01,1.249707940006206774e+00,0.000000000000000000e+00
9.542879752456455478e+00,1.009318680726201789e+00,0.000000000000000000e+00,1.335674890281821625e-01,1.133496342121091960e+00,0.000000000000000000e+00
9.251122552055708326e+00,1.066773995060777525e+00,0.000000000000000000e+00,1.074338402622968536e-01,1.132810949422057734e+00,0.000000000000000000e+00
9.216448661742436599e+00,8.914790201594227081e-01,0.000000000000000000e+00,5.328414505687300018e-01,1.027719868350377652e+00,0.000000000000000000e+00
9.013550712180542490e+00,8.897670351540598599e-01,0.000000000000000000e+00,6.469505575278267084e-01,8.745566346018364134e-01,0.000000000000000000e+00
9.405971185742087570e+00,1.083877061918068874e+00,0.000000000000000000e+00,9.963621494055642513e-02,1.294720356845996401e+00,0.000000000000000000e+00
9.096273918369325528e+00,1.049670928203485731e+00,0.000000000000000000e+00,1.464722092914358953e-01,9.520036345157647517e-01,0.000000000000000000e+00
8.687499999974214404e+00,0.000000000000000000e+00,0.000000000000000000e+00,0.000000000000000000e+00,0.000000000000000000e+00,0.000000000000000000e+00
8.602565006573342998e+00,1.722380933652284951e-01,0.000000000000000000e+00,1.474968202250417804e+00,9.813807013147426636e-03,0.000000000000000000e+00
8.499999999970679454e+00,7.060365842124614763e-18,0.000000000000000000e+00,0.000000000000000000e+00,0.000000000000000000e+00,0.000000000000000000e+00
9.655216989787055226e+00,1.136201188209433610e+00,0.000000000000000000e+00,5.063426300871496505e-02,1.026984527394451119e+00,0.000000000000000000e+00
9.815322830201644422e+00,1.231321038443841998e+00,0.000000000000000000e+00,1.863384330324715371e-02,7.403358889607497551e-01,0.000000000000000000e+00
9.518308423072689095e+00,1.210759569401301139e+00,0.000000000000000000e+00,7.343903838600783496e-02,1.200149449721010564e+00,0.000000000000000000e+00
9.630645660403287067e+00,1.337642076884532960e+00,0.000000000000000000e+00,8.635243334621266198e-02,1.102928906417301347e+00,0.000000000000000000e+00
1.000000000000000000e+01,1.312500000003655298e+00,0.000000000000000000e+00,0.000000000000000000e+00,0.000000000000000000e+00,0.000000000000000000e+00
9.815322830201644422e+00,1.418821038444345817e+00,0.000000000000000000e+00,3.885170982022488617e-02,7.612374484058852531e-01,0.000000000000000000e+00
1.000000000000000178e+01,1.500000000004159117e+00,0.000000000000000000e+00,0.000000000000000000e+00,0.000000000000000000e+00,0.000000000000000000e+00
8.631080794110587817e+00,5.207089379185223521e-01,0.000000000000000000e+00,1.494127369343993150e+00,-3.272245875836253814e-01,0.000000000000000000e+00
8.743929540518463384e+00,7.134024156056106847e-01,0.000000000000000000e+00,1.148699670115068905e+00,7.680590819908426903e-02,0.000000000000000000e+00
8.839231600395056176e+00,8.842078800418430307e-01,0.000000000000000000e+00,6.688113068136903872e-01,4.341815096049391198e-01,0.000000000000000000e+00
8.921954806583840991e+00,1.044111773091269013e+00,0.000000000000000000e+00,8.421782694692700466e-02,6.266992766420294014e-01,0.000000000000000000e+00
8.652333634921763661e+00,8.677471535428199489e-01,0.000000000000000000e+00,6.037733935328815082e-01,-4.907190256615016066e-01,0.000000000000000000e+00
8.557031575045170868e+00,6.969416891065878250e-01,0.000000000000000000e+00,9.116993736007967808e-01,-8.006240354453089125e-01,0.000000000000000000e+00
8.747635694798356454e+00,1.038552617979052295e+00,0.000000000000000000e+00,-2.152401966667916861e-02,-5.662725549679500231e-02,0.000000000000000000e+00
8.515967776737490169e+00,3.361103856095467579e-01,0.000000000000000000e+00,1.531335482061200404e+00,-3.135070971382827865e-01,0.000000000000000000e+00
8.413402770134826625e+00,1.638722922443182906e-01,0.000000000000000000e+00,8.636948808996617322e-01,6.461692912187255722e-02,0.000000000000000000e+00
8.441918557672071444e+00,5.123431367976121198e-01,0.000000000000000000e+00,1.045393905916079724e+00,-5.356068544342275084e-01,0.000000000000000000e+00
8.326805540298975572e+00,3.277445844886366921e-01,0.000000000000000000e+00,1.039023578430210648e+00,5.192797064624236208e-02,0.000000000000000000e+00
9.329775889729068794e+00,1.218127446457953011e+00,0.000000000000000000e+00,-7.333588917895969561e-02,1.178788737597446845e+00,0.000000000000000000e+00
9.174927256042687773e+00,1.201024379600661440e+00,0.000000000000000000e+00,-9.981970961216790617e-02,1.012890324274725584e+00,0.000000000000000000e+00
9.253580593716046465e+00,1.352377830997836705e+00,0.000000000000000000e+00,-1.432540696540485770e-01,1.048418642474544527e+00,0.000000000000000000e+00
9.442113127059668543e+00,1.345009953941185055e+00,0.000000000000000000e+00,-2.817895580494323565e-02,1.090525242957718355e+00,0.000000000000000000e+00
9.087159108669734309e+00,1.351991093600803051e+00,0.000000000000000000e+00,-2.585375672883204468e-01,7.959024677715803575e-01,0.000000000000000000e+00
9.008505770996375617e+00,1.200637642203627564e+00,0.000000000000000000e+00,-1.763250992789665295e-01,7.527977038096207441e-01,0.000000000000000000e+00
8.834186659210889303e+00,1.195078487091410402e+00,0.000000000000000000e+00,-2.997064329407164718e-01,2.026202389397014636e-01,0.000000000000000000e+00
8.920737623623420376e+00,1.351604356203768731e+00,0.000000000000000000e+00,-4.311210872036470576e-01,3.721239633217344189e-01,0.000000000000000000e+00
8.312499999977902121e+00,0.000000000000000000e+00,0.000000000000000000e+00,0.000000000000000000e+00,0.000000000000000000e+00,0.000000000000000000e+00
8.225902770142049292e+00,1.638722922443183183e-01,0.000000000000000000e+00,7.663916962298237268e-01,-1.167583915640396305e-02,0.000000000000000000e+00
8.124999999985121235e+00,7.472195057716834348e-18,0.000000000000000000e+00,0.000000000000000000e+00,0.000000000000000000e+00,0.000000000000000000e+00
9.648642403010732949e+00,1.532288404932576231e+00,0.000000000000000000e+00,1.835030951564411150e-01,1.204881684801347053e+00,0.000000000000000000e+00
9.833319572809088527e+00,1.613467366492388866e+00,0.000000000000000000e+00,5.859462996022252179e-02,8.607950309347763840e-01,0.000000000000000000e+00
9.509123319806283448e+00,1.474856358045959936e+00,0.000000000000000000e+00,2.136120797768035484e-01,9.933656054354772502e-01,0.000000000000000000e+00
9.527120062413727553e+00,1.669502686094002986e+00,0.000000000000000000e+00,2.305109584983659199e-01,1.105225577614719512e+00,0.000000000000000000e+00
9.320590786462663146e+00,1.482224235102612031e+00,0.000000000000000000e+00,6.496976535826520793e-02,9.790598489421306061e-01,0.000000000000000000e+00
9.387600979209278051e+00,1.612070639207386691e+00,0.000000000000000000e+00,2.773357895500462855e-01,8.643533711397143326e-01,0.000000000000000000e+00
9.666639145618175277e+00,1.726934732980619058e+00,0.000000000000000000e+00,1.590189056613084129e-01,1.318715380414426486e+00,0.000000000000000000e+00
1.000000000000000000e+01,1.687500000003319123e+00,0.000000000000000000e+00,0.000000000000000000e+00,0.000000000000000000e+00,0.000000000000000000e+00
9.833319572809088527e+00,1.800967366491549093e+00,0.000000000000000000e+00,4.527928411892719746e-02,9.236835892685071325e-01,0.000000000000000000e+00
1.000000000000000178e+01,1.875000000002479350e+00,0.000000000000000000e+00,0.000000000000000000e+00,0.000000000000000000e+00,0.000000000000000000e+00
8.477032376736268304e+00,8.597157965436139637e-01,0.000000000000000000e+00,6.642228284240421221e-01,-8.363565024098371659e-01,0.000000000000000000e+00
8.572334436612859321e+00,1.030521260979845977e+00,0.000000000000000000e+00,9.439442124223067221e-02,-6.172297159973407776e-01,0.000000000000000000e+00
8.397033178427365741e+00,1.022489903980640324e+00,0.000000000000000000e+00,1.416956652954424745e-01,-9.140151755672139000e-01,0.000000000000000000e+00
8.278650345808650002e+00,4.932137625201261644e-01,0.000000000000000000e+00,8.782825497326040010e-01,-1.584691773132128056e-01,0.000000000000000000e+00
8.393763363181747650e+00,6.778123148291016475e-01,0.000000000000000000e+00,8.223634790836897857e-01,-5.881331747157251266e-01,0.000000000000000000e+00
8.313764164872843310e+00,8.405864222661278973e-01,0.000000000000000000e+00,5.265629964772663429e-01,-6.630939047705073364e-01,0.000000000000000000e+00
8.230495151318324432e+00,6.586829405516154701e-01,0.000000000000000000e+00,6.257157385956395590e-01,-3.913613916268239290e-01,0.000000000000000000e+00
8.657627397326603358e+00,1.191697040681875208e+00,0.000000000000000000e+00,-2.974688173403084446e-01,-2.530261542730914415e-01,0.000000000000000000e+00
8.744178361739137983e+00,1.348222909794233537e+00,0.000000000000000000e+00,-5.314523237267849698e-01,-5.879435147873562917e-02,0.000000000000000000e+00
8.482326139141108001e+00,1.183665683682669112e+00,0.000000000000000000e+00,-1.508323677027905152e-01,-7.432686756443529497e-01,0.000000000000000000e+00
8.567619099854850262e+00,1.344841463384697677e+00,0.000000000000000000e+00,-5.091768560522587084e-01,-3.694314779133327509e-01,0.000000000000000000e+00
8.031787950502643270e+00,1.734309183950515920e-01,0.000000000000000000e+00,5.976738635742226968e-01,-7.599961047874097264e-02,0.000000000000000000e+00
8.132690720659569550e+00,3.373032106393699103e-01,0.000000000000000000e+00,9.212353152420335034e-01,-1.947002138708526231e-01,0.000000000000000000e+00
8.084535526169243980e+00,5.027723886708593826e-01,0.000000000000000000e+00,6.718950762848133751e-01,-3.538195351983419723e-01,0.000000000000000000e+00
7.938575901020164416e+00,3.468618367901031285e-01,0.000000000000000000e+00,7.416854665264989155e-01,-2.729783638108512211e-01,0.000000000000000000e+00
9.234182802407854496e+00,1.634745837723712292e+00,0.000000000000000000e+00,1.139253002696462014e-01,7.142246375944681924e-01,0.000000000000000000e+00
9.167172609661237814e+00,1.504899433618937410e+00,0.000000000000000000e+00,-8.486627349994473046e-02,8.047379778205341339e-01,0.000000000000000000e+00
9.000751124614925658e+00,1.504512696221903312e+00,0.000000000000000000e+00,-2.694425069279166585e-01,4.190629077009718206e-01,0.000000000000000000e+00
9.080764625606427387e+00,1.657421036240037893e+00,0.000000000000000000e+00,-9.558172305146399317e-02,4.372529936607252310e-01,0.000000000000000000e+00
8.909233323940956240e+00,1.656628074663291095e+00,0.000000000000000000e+00,-1.694768440662799969e-01,1.995677642083099612e-01,0.000000000000000000e+00
8.829219822949454510e+00,1.503719734645156514e+00,0.000000000000000000e+00,-3.604097095020470931e-01,8.442060451187266557e-02,0.000000000000000000e+00
8.652660561065168565e+00,1.500338288235620876e+00,0.000000000000000000e+00,-3.696984610912920632e-01,-2.181429670503549356e-01,0.000000000000000000e+00
8.737702022275485092e+00,1.655835113086544075e+00,0.000000000000000000e+00,-1.598075726792125839e-01,-7.594091535523041225e-02,0.000000000000000000e+00
7.937499999988873789e+00,0.000000000000000000e+00,0.000000000000000000e+00,0.000000000000000000e+00,0.000000000000000000e+00,0.000000000000000000e+00
7.844287950506395823e+00,1.734309183950516198e-01,0.000000000000000000e+00,4.793472567385148042e-01,-1.095029449866414678e-01,0.000000000000000000e+00
7.749999999992624566e+00,5.152466039552466360e-18,0.000000000000000000e+00,0.000000000000000000e+00,0.000000000000000000e+00,0.000000000000000000e+00
9.349817051554815350e+00,1.777862945531365035e+00,0.000000000000000000e+00,1.522786528718841625e-01,7.219778647977603825e-01,0.000000000000000000e+00
9.489336134759263075e+00,1.835294992417981330e+00,0.000000000000000000e+00,2.234153741284299888e-01,9.950056027521684276e-01,0.000000000000000000e+00
9.312033123900350873e+00,1.943655251855342936e+00,0.000000000000000000e+00,8.662277835887792488e-02,5.077239839501825891e-01,0.000000000000000000e+00
9.196398874753388242e+00,1.800538144047690414e+00,0.000000000000000000e+00,-1.097972799145773178e-02,4.807037584244843176e-01,0.000000000000000000e+00
9.668687625437662803e+00,1.906472510961889189e+00,0.000000000000000000e+00,8.255428958940146111e-02,1.443255425443630724e+00,0.000000000000000000e+00
9.835368052628574276e+00,1.980505144472819001e+00,0.000000000000000000e+00,-4.689291970274685889e-02,1.078529269855813766e+00,0.000000000000000000e+00
9.491384614578750600e+00,2.014832770399251238e+00,0.000000000000000000e+00,-1.659569896892129914e-01,1.100390596114312558e+00,0.000000000000000000e+00
9.670736105257150328e+00,2.086010288943159541e+00,0.000000000000000000e+00,-3.905088999823059792e-01,1.467414529077654128e+00,0.000000000000000000e+00
1.000000000000000000e+01,2.062500000002528644e+00,0.000000000000000000e+00,0.000000000000000000e+00,0.000000000000000000e+00,0.000000000000000000e+00
9.835368052628574276e+00,2.168005144472868295e+00,0.000000000000000000e+00,-3.631215410857713266e-01,1.074964850999699628e+00,0.000000000000000000e+00
1.000000000000000178e+01,2.250000000002578382e+00,0.000000000000000000e+00,0.000000000000000000e+00,0.000000000000000000e+00,0.000000000000000000e+00
8.144289007302015548e+00,8.412305772149888394e-01,0.000000000000000000e+00,2.635344058688774416e-01,-8.320411484771060850e-01,0.000000000000000000e+00
8.227558020856534426e+00,1.023134058929501045e+00,0.000000000000000000e+00,-5.507557879349289642e-02,-9.728926539160691611e-01,0.000000000000000000e+00
8.309346806064237256e+00,1.183203851949933716e+00,0.000000000000000000e+00,-8.868699819955142005e-02,-1.026675604518914930e+00,0.000000000000000000e+00
8.394639766777981293e+00,1.344379631651962503e+00,0.000000000000000000e+00,-3.631897824295222121e-01,-8.125412629827010180e-01,0.000000000000000000e+00
8.139871648493407719e+00,1.183848006898794658e+00,0.000000000000000000e+00,-1.372547624610864769e-01,-1.072330036688953658e+00,0.000000000000000000e+00
8.058082863285706665e+00,1.023778213878361765e+00,0.000000000000000000e+00,-2.042624038842338619e-01,-1.008826069328417674e+00,0.000000000000000000e+00
8.221660433701110549e+00,1.343917799919227329e+00,0.000000000000000000e+00,-2.835331898979532861e-01,-1.072687635574852916e+00,0.000000000000000000e+00
7.914007095791359525e+00,5.353661576332330307e-01,0.000000000000000000e+00,3.824463874298150712e-01,-6.021922177654520647e-01,0.000000000000000000e+00
8.059966720940439089e+00,6.912767095139891182e-01,0.000000000000000000e+00,2.876099657769322637e-01,-6.630367758473255657e-01,0.000000000000000000e+00
7.973760576924130206e+00,8.738243461773623766e-01,0.000000000000000000e+00,1.813192117700938855e-02,-9.001628599638694661e-01,0.000000000000000000e+00
7.889438290562552858e+00,7.238704784763627664e-01,0.000000000000000000e+00,4.589075673852787557e-02,-7.687745547754231135e-01,0.000000000000000000e+00
8.563353247224810616e+00,1.650608113607066274e+00,0.000000000000000000e+00,-1.390013786095513071e-01,-3.083786792841722857e-01,0.000000000000000000e+00
8.478311786014492313e+00,1.495111288756143075e+00,0.000000000000000000e+00,-3.383612962635229593e-01,-4.257854348686356816e-01,0.000000000000000000e+00
8.305332452937619792e+00,1.494649457023407457e+00,0.000000000000000000e+00,-1.243514672035532231e-01,-8.398774537201247892e-01,0.000000000000000000e+00
8.389004472174130811e+00,1.645381114127587807e+00,0.000000000000000000e+00,-1.120354392072068633e-01,-4.239127942349623090e-01,0.000000000000000000e+00
7.654349168037231088e+00,1.195896132711424947e-01,0.000000000000000000e+00,1.121187915072663216e-01,-1.483027243623148694e-01,0.000000000000000000e+00
7.748637118551001457e+00,2.930205316661940729e-01,0.000000000000000000e+00,3.417552332991570241e-01,-4.677259274175924464e-01,0.000000000000000000e+00
7.623910802373041307e+00,3.671297420347661711e-01,0.000000000000000000e+00,8.589837525068420507e-03,-7.430959288057314982e-01,0.000000000000000000e+00
7.813849584842206042e+00,4.209710471586752267e-01,0.000000000000000000e+00,4.690205568494740795e-01,-7.110745766473683949e-01,0.000000000000000000e+00
7.789280779613399375e+00,6.094753680018051289e-01,0.000000000000000000e+00,1.517518278471153004e-01,-8.961086148166227394e-01,0.000000000000000000e+00
7.689123268664246780e+00,4.950802575272474360e-01,0.000000000000000000e+00,2.079371257800730621e-01,-1.006232338105661261e+00,0.000000000000000000e+00
7.558698336081836722e+00,2.391792265422849340e-01,0.000000000000000000e+00,-6.361922102828247716e-02,-4.370742391540223815e-01,0.000000000000000000e+00
9.108105597820637556e+00,1.955426612533905040e+00,0.000000000000000000e+00,-7.362620155988042203e-02,3.020991567869203975e-01,0.000000000000000000e+00
8.992471348673674925e+00,1.812309504726252296e+00,0.000000000000000000e+00,-1.246808751782435970e-01,2.403525644342391077e-01,0.000000000000000000e+00
8.820940047008203777e+00,1.811516543149505720e+00,0.000000000000000000e+00,-2.156001779958583719e-01,2.684698485589221903e-02,0.000000000000000000e+00
8.904178071740924238e+00,1.967197973212467366e+00,0.000000000000000000e+00,-1.989165665910826442e-01,1.311325270401392760e-02,0.000000000000000000e+00
8.651694876900306141e+00,1.799127179169146107e+00,0.000000000000000000e+00,-2.204933059104938475e-01,-1.584586311539238901e-01,0.000000000000000000e+00
8.734932901633024827e+00,1.954808609232107530e+00,0.000000000000000000e+00,-2.858612318367781957e-01,-9.361428038927380180e-02,0.000000000000000000e+00
8.477346101849629889e+00,1.793900179689667862e+00,0.000000000000000000e+00,-1.585316387250975401e-01,-3.611273127126515825e-01,0.000000000000000000e+00
8.565687731525127191e+00,1.942419245251747917e+00,0.000000000000000000e+00,-3.121458208540732193e-01,-2.096001579863324971e-01,0.000000000000000000e+00
7.562499999994469313e+00,0.000000000000000000e+00,0.000000000000000000e+00,0.000000000000000000e+00,0.000000000000000000e+00,0.000000000000000000e+00
7.466849168039074947e+00,1.195896132711424809e-01,0.000000000000000000e+00,-2.534357919653038582e-01,-1.485544443901546108e-01,0.000000000000000000e+00
7.374999999996312283e+00,5.567846405960037255e-18,0.000000000000000000e+00,0.000000000000000000e+00,0.000000000000000000e+00,0.000000000000000000e+00
9.355322001381193076e+00,2.094979741835147458e+00,0.000000000000000000e+00,-4.711769601303805732e-01,6.167135917790262933e-01,0.000000000000000000e+00
9.534673492059591027e+00,2.166157260379055316e+00,0.000000000000000000e+00,-5.622738494891864613e-01,1.176902331607545982e+00,0.000000000000000000e+00
9.239565736126227335e+00,2.248604595661763739e+00,0.000000000000000000e+00,-8.084080887687401518e-01,3.946532973144675771e-01,0.000000000000000000e+00
9.196276858645386909e+00,2.097280105681958773e+00,0.000000000000000000e+00,-4.898683505666772686e-01,3.496095942051187233e-01,0.000000000000000000e+00
8.992349332565673592e+00,2.109051466360521321e+00,0.000000000000000000e+00,-5.465999840141899657e-01,1.300554826021581289e-01,0.000000000000000000e+00
9.398610878862033502e+00,2.246304231814951979e+00,0.000000000000000000e+00,-7.617010014151343045e-01,6.871523229189366866e-01,0.000000000000000000e+00
9.080520593390421169e+00,2.250904959508575054e+00,0.000000000000000000e+00,-7.818303750534777441e-01,2.201572077962780372e-01,0.000000000000000000e+00
9.659588272965297762e+00,2.267341425307440872e+00,0.000000000000000000e+00,-4.313347410519308145e-01,1.285277035657373279e+00,0.000000000000000000e+00
9.824220220336723486e+00,2.349336280837150071e+00,0.000000000000000000e+00,-8.267168249084104470e-02,8.023894354471499124e-01,0.000000000000000000e+00
9.523525659767740237e+00,2.347488396743337091e+00,0.000000000000000000e+00,-6.182044963945038107e-01,8.692124541661864212e-01,0.000000000000000000e+00
9.648440440673446972e+00,2.448672561671722647e+00,0.000000000000000000e+00,-4.464320690312491569e-01,9.876795905217633509e-01,0.000000000000000000e+00
1.000000000000000000e+01,2.437500000002194245e+00,0.000000000000000000e+00,0.000000000000000000e+00,0.000000000000000000e+00,0.000000000000000000e+00
9.824220220336723486e+00,2.536836280836766377e+00,0.000000000000000000e+00,-1.934846492747489821e-01,6.332085361473794860e-01,0.000000000000000000e+00
1.000000000000000178e+01,2.625000000001810552e+00,0.000000000000000000e+00,0.000000000000000000e+00,0.000000000000000000e+00,0.000000000000000000e+00
7.972136058135616210e+00,1.183416675175681831e+00,0.000000000000000000e+00,-3.708302849825733105e-01,-1.471208468144720838e+00,0.000000000000000000e+00
8.053924843343317264e+00,1.343486468196114503e+00,0.000000000000000000e+00,-4.473070973888999546e-01,-1.473655442885831279e+00,0.000000000000000000e+00
7.886189252985524867e+00,1.343055136473001676e+00,0.000000000000000000e+00,-5.860896902130037223e-01,-1.775702592052733619e+00,0.000000000000000000e+00
7.890881868002534105e+00,1.037215618873841505e+00,0.000000000000000000e+00,-5.705806073455625960e-01,-1.480323629039574262e+00,0.000000000000000000e+00
7.806559581640957646e+00,8.872617511728420059e-01,0.000000000000000000e+00,-3.873000754231165632e-01,-1.443341357681243942e+00,0.000000000000000000e+00
7.804935062852443650e+00,1.196854080171161350e+00,0.000000000000000000e+00,-5.302325018439546511e-01,-1.868189694764944564e+00,0.000000000000000000e+00
7.723680872719359769e+00,1.050653023869320801e+00,0.000000000000000000e+00,-8.639893819221166060e-01,-1.801740516482326804e+00,0.000000000000000000e+00
8.134100357805440495e+00,1.491332254971426297e+00,0.000000000000000000e+00,-1.705883850803247559e-01,-1.362710908394650922e+00,0.000000000000000000e+00
8.217772377041953291e+00,1.642063912075606424e+00,0.000000000000000000e+00,-1.874790141246111472e-02,-1.138593812279533823e+00,0.000000000000000000e+00
7.966364767447648987e+00,1.490900923248313470e+00,0.000000000000000000e+00,-2.370653554960686915e-01,-1.717568812850554627e+00,0.000000000000000000e+00
8.046540281909772219e+00,1.638746710023624820e+00,0.000000000000000000e+00,1.741623079261407636e-02,-1.572568868293423572e+00,0.000000000000000000e+00
7.627311600038090056e+00,6.264566760210344976e-01,0.000000000000000000e+00,-2.938751798429320439e-01,-1.593019595591916193e+00,0.000000000000000000e+00
7.727469110987243539e+00,7.408517864955921350e-01,0.000000000000000000e+00,-3.580825420977611917e-01,-1.490345026837145426e+00,0.000000000000000000e+00
7.644590402065646551e+00,9.042430591920712635e-01,0.000000000000000000e+00,-5.763175998429654889e-01,-1.943388837904890920e+00,0.000000000000000000e+00
7.565499931411933332e+00,7.578330945148217257e-01,0.000000000000000000e+00,-6.429649790566951406e-01,-1.953590255482669846e+00,0.000000000000000000e+00
8.387664524811635047e+00,1.935130353952873250e+00,0.000000000000000000e+00,-2.424728376345086922e-01,-4.864654479625546979e-01,0.000000000000000000e+00
8.299322895136135969e+00,1.786611288390792973e+00,0.000000000000000000e+00,-1.863960218622276177e-01,-6.044435220285203636e-01,0.000000000000000000e+00
8.128090800003956673e+00,1.783294086338811368e+00,0.000000000000000000e+00,8.018445271119421791e-02,-1.234849696110940309e+00,0.000000000000000000e+00
8.209641318098141127e+00,1.927841462653997917e+00,0.000000000000000000e+00,-2.035923241690479057e-01,-6.958676926070578306e-01,0.000000000000000000e+00
7.471372336628460786e+00,3.733824479529120888e-01,0.000000000000000000e+00,-5.017544913229528003e-01,-1.083766075531991335e+00,0.000000000000000000e+00
7.536584802919664483e+00,5.013329634453933537e-01,0.000000000000000000e+00,-3.138662748632251032e-01,-1.351803710641313661e+00,0.000000000000000000e+00
7.384046337175083963e+00,5.075856693635393269e-01,0.000000000000000000e+00,-7.330709599388431918e-01,-1.523023140222830252e+00,0.000000000000000000e+00
7.474773134293507759e+00,6.327093819391803597e-01,0.000000000000000000e+00,-6.874601098829178358e-01,-1.747527478955747782e+00,0.000000000000000000e+00
7.384608614579761365e+00,2.488202755075337724e-01,0.000000000000000000e+00,-6.917825148171685701e-01,-6.639599022364546244e-01,0.000000000000000000e+00
7.292759446536997814e+00,1.292306622363912916e-01,0.000000000000000000e+00,-7.950285404519734644e-01,-2.413232301289197079e-01,0.000000000000000000e+00
7.297282615126384542e+00,3.830234969181609550e-01,0.000000000000000000e+00,-1.073920031490050331e+00,-1.058049416075708127e+00,0.000000000000000000e+00
7.210518893077684233e+00,2.584613244727825832e-01,0.000000000000000000e+00,-1.248267484524022475e+00,-4.961718029258319618e-01,0.000000000000000000e+00
8.819504673927523797e+00,2.098081035034162767e+00,0.000000000000000000e+00,-4.258629888917488948e-01,-8.929256776755738201e-02,0.000000000000000000e+00
8.907675934752273150e+00,2.239934528182216944e+00,0.000000000000000000e+00,-6.802921166484426907e-01,1.281841453882086590e-01,0.000000000000000000e+00
8.650259503819626161e+00,2.085691671053803375e+00,0.000000000000000000e+00,-4.391216628937392175e-01,-1.730566938076212313e-01,0.000000000000000000e+00
8.734831276114123355e+00,2.228964096855857946e+00,0.000000000000000000e+00,-5.271039398268771992e-01,-1.437791465465300955e-01,0.000000000000000000e+00
8.470849350580680337e+00,2.074537983604835212e+00,0.000000000000000000e+00,-4.054381498470119305e-01,-2.136128191366533646e-01,0.000000000000000000e+00
8.555421122875179307e+00,2.217810409406890226e+00,0.000000000000000000e+00,-5.309029783626693089e-01,-1.975228999464313795e-01,0.000000000000000000e+00
8.292826143867188193e+00,2.067249092305960101e+00,0.000000000000000000e+00,-1.705120569369496242e-01,-5.241557792067310650e-01,0.000000000000000000e+00
8.376010969636235259e+00,2.206656721957922507e+00,0.000000000000000000e+00,-5.272087609431891364e-01,-1.531227598449111660e-01,0.000000000000000000e+00
7.187499999998157030e+00,0.000000000000000000e+00,0.000000000000000000e+00,0.000000000000000000e+00,0.000000000000000000e+00,0.000000000000000000e+00
7.105259446538843449e+00,1.292306622363913193e-01,0.000000000000000000e+00,-9.574991206335594640e-01,-1.132548278547954729e-01,0.000000000000000000e+00
7.000000000000000000e+00,5.665253239786528793e-18,0.000000000000000000e+00,0.000000000000000000e+00,0.000000000000000000e+00,0.000000000000000000e+00
9.339967504975417611e+00,2.374291164455456737e+00,0.000000000000000000e+00,-8.534006726042624447e-01,5.051365263672638051e-01,0.000000000000000000e+00
9.180922362239611445e+00,2.376591528302268053e+00,0.000000000000000000e+00,-8.693459543816224322e-01,2.911277728676553989e-01,0.000000000000000000e+00
9.281324131088799945e+00,2.502278097095960607e+00,0.000000000000000000e+00,-9.350436627782263699e-01,3.638502618709870129e-01,0.000000000000000000e+00
9.464882285881124346e+00,2.475475329383841405e+00,0.000000000000000000e+00,-8.161239603824764766e-01,5.982578809871252901e-01,0.000000000000000000e+00
9.097606840219800262e+00,2.493896271362111783e+00,0.000000000000000000e+00,-9.902897717681765632e-01,2.080111403378811230e-01,0.000000000000000000e+00
8.997205071370608209e+00,2.368209702568418784e+00,0.000000000000000000e+00,-8.948303812547162561e-01,2.394859546645612403e-01,0.000000000000000000e+00
8.824360412732460190e+00,2.357239271242060674e+00,0.000000000000000000e+00,-7.892243541454114775e-01,1.239736188344243012e-01,0.000000000000000000e+00
8.913889549350795249e+00,2.485514445628262514e+00,0.000000000000000000e+00,-9.708438799620640047e-01,3.188059700970697352e-01,0.000000000000000000e+00
9.692989969413737583e+00,2.593162369076275731e+00,0.000000000000000000e+00,-5.176950396725927828e-01,5.913132305577608605e-01,0.000000000000000000e+00
9.868769749077015874e+00,2.681326088241319461e+00,0.000000000000000000e+00,2.805195084940293598e-02,2.561450355402632439e-01,0.000000000000000000e+00
9.592713923852512536e+00,2.736489117658932990e+00,0.000000000000000000e+00,-4.985808627740501153e-01,3.336528266348793847e-01,0.000000000000000000e+00
9.548164395112220149e+00,2.591999310254379907e+00,0.000000000000000000e+00,-7.598912928792921351e-01,5.623336305544305302e-01,0.000000000000000000e+00
9.364606240319897523e+00,2.618802077966499109e+00,0.000000000000000000e+00,-8.403656695621484207e-01,3.591590132357163623e-01,0.000000000000000000e+00
9.737539498154029971e+00,2.737652176480828370e+00,0.000000000000000000e+00,-2.267976055291060500e-01,-2.025148888332225713e-02,0.000000000000000000e+00
9.447888349550991549e+00,2.735326058837036722e+00,0.000000000000000000e+00,-7.055295770469135475e-01,3.394189621919046496e-01,0.000000000000000000e+00
1.000000000000000000e+01,2.812500000000905498e+00,0.000000000000000000e+00,0.000000000000000000e+00,0.000000000000000000e+00,0.000000000000000000e+00
1.000000000000000178e+01,3.000000000000000444e+00,0.000000000000000000e+00,0.000000000000000000e+00,0.000000000000000000e+00,0.000000000000000000e+00
9.868769749077015874e+00,2.868826088240414407e+00,0.000000000000000000e+00,-1.216631552658756499e-01,3.105995548848446836e-02,0.000000000000000000e+00
7.719453154956563701e+00,1.342303397366261919e+00,0.000000000000000000e+00,-7.839264835702940415e-01,-2.538102020784708479e+00,0.000000000000000000e+00
7.638198964823480708e+00,1.196102341064421370e+00,0.000000000000000000e+00,-9.548418635668217691e-01,-2.530593147159903022e+00,0.000000000000000000e+00
7.800484504897230664e+00,1.487256925148329856e+00,0.000000000000000000e+00,-5.221179669203196427e-01,-2.319993393761849099e+00,0.000000000000000000e+00
7.880660019359353896e+00,1.635102711923641650e+00,0.000000000000000000e+00,-1.498094496417351207e-01,-2.258757758412527572e+00,0.000000000000000000e+00
7.633748406868267722e+00,1.486505186041589877e+00,0.000000000000000000e+00,-6.932846290394385491e-01,-2.955418780068575391e+00,0.000000000000000000e+00
7.552717056927602535e+00,1.341551658259522162e+00,0.000000000000000000e+00,-9.337290378836261562e-01,-3.124862236994111253e+00,0.000000000000000000e+00
7.714779756808935574e+00,1.631458713823658258e+00,0.000000000000000000e+00,-2.975463859295999769e-01,-2.780230304076422687e+00,0.000000000000000000e+00
7.476215095392355181e+00,9.029881115926838842e-01,0.000000000000000000e+00,-1.025245880675613508e+00,-2.881641885437137951e+00,0.000000000000000000e+00
7.555305566046068400e+00,1.049398076269933533e+00,0.000000000000000000e+00,-1.166954388288508282e+00,-2.799001326551623592e+00,0.000000000000000000e+00
7.469823658150188450e+00,1.194847393465034102e+00,0.000000000000000000e+00,-1.206491202040739230e+00,-3.330376991384595531e+00,0.000000000000000000e+00
7.386930259372777030e+00,1.048143128670546265e+00,0.000000000000000000e+00,-1.357502258174847265e+00,-3.544142807663953842e+00,0.000000000000000000e+00
8.038145038076608628e+00,1.921304159404233713e+00,0.000000000000000000e+00,-1.800791368779619886e-02,-1.721653173583747698e+00,0.000000000000000000e+00
7.956594519982424174e+00,1.776756783089047165e+00,0.000000000000000000e+00,1.853002301144098017e-03,-2.014810517185008365e+00,0.000000000000000000e+00
7.790714257432004963e+00,1.773112784989063551e+00,0.000000000000000000e+00,-4.673557243068106326e-02,-2.584769342252392299e+00,0.000000000000000000e+00
7.866648758055074353e+00,1.914766856154468844e+00,0.000000000000000000e+00,9.963321573595879110e-02,-2.353011691322828725e+00,0.000000000000000000e+00
7.306018734192988973e+00,6.392411460999040118e-01,0.000000000000000000e+00,-1.441719755369408107e+00,-2.400358004275134682e+00,0.000000000000000000e+00
7.396745531311413657e+00,7.643648586755451557e-01,0.000000000000000000e+00,-1.344672193002309557e+00,-2.599508614615961388e+00,0.000000000000000000e+00
7.307460695291835506e+00,9.095198757534074252e-01,0.000000000000000000e+00,-1.587816354641263583e+00,-3.350396899622435143e+00,0.000000000000000000e+00
7.227991131210894871e+00,7.708966228362688078e-01,0.000000000000000000e+00,-1.957568868419045094e+00,-3.006705742520564772e+00,0.000000000000000000e+00
8.120269754838151499e+00,2.061373463861668309e+00,0.000000000000000000e+00,-1.617698218765247220e-01,-9.447223725663330685e-01,0.000000000000000000e+00
8.203454580607198565e+00,2.200781093513630715e+00,0.000000000000000000e+00,-4.051688085394138383e-01,-6.974685679380790981e-01,0.000000000000000000e+00
7.948773474816619000e+00,2.054836160611904106e+00,0.000000000000000000e+00,2.075394194284976013e-01,-1.842279880165418993e+00,0.000000000000000000e+00
8.030898191578163647e+00,2.194905465069338479e+00,0.000000000000000000e+00,-2.557215804602381293e-01,-1.109271016436274238e+00,0.000000000000000000e+00
7.122353954889120153e+00,3.858814214594414316e-01,0.000000000000000000e+00,-2.015462186778018694e+00,-1.382529719600408269e+00,0.000000000000000000e+00
7.209117676937819574e+00,5.104435939048197479e-01,0.000000000000000000e+00,-1.662412246936721960e+00,-1.925541811128595571e+00,0.000000000000000000e+00
7.131090073955725472e+00,6.420990706411844329e-01,0.000000000000000000e+00,-2.197263560581871555e+00,-2.591333114153646644e+00,0.000000000000000000e+00
7.034189016700556962e+00,5.133015184461003910e-01,0.000000000000000000e+00,-2.472911707232511969e+00,-2.021736544208071251e+00,0.000000000000000000e+00
6.924186324794371572e+00,1.314914914195154938e-01,0.000000000000000000e+00,-1.769429243377468985e+00,-1.245945383974796927e+00,0.000000000000000000e+00
7.029445771333215021e+00,2.607221536559067854e-01,0.000000000000000000e+00,-2.128286675351366064e+00,-1.119587231004502081e+00,0.000000000000000000e+00
6.941280833144650941e+00,3.881422506425656893e-01,0.000000000000000000e+00,-2.618397249943398286e+00,-1.782765687654843667e+00,0.000000000000000000e+00
6.848372649588744032e+00,2.629829828390309876e-01,0.000000000000000000e+00,-2.548247355826100957e+00,-1.853509331453761622e+00,0.000000000000000000e+00
8.734478146281750455e+00,2.481002954087127677e+00,0.000000000000000000e+00,-8.966967437185998646e-01,3.567682032487488886e-02,0.000000000000000000e+00
8.644949009663413619e+00,2.352727779700924948e+00,0.000000000000000000e+00,-6.447008187568562532e-01,-2.068161470051724515e-01,0.000000000000000000e+00
8.465538856424469571e+00,2.341574092251956785e+00,0.000000000000000000e+00,-6.462038226000633712e-01,-1.864644601120424294e-01,0.000000000000000000e+00
8.555066743212702107e+00,2.476491462545991507e+00,0.000000000000000000e+00,-7.642960273714775044e-01,-2.502611961265229779e-01,0.000000000000000000e+00
8.377506355959390305e+00,2.471391380235844260e+00,0.000000000000000000e+00,-7.605246687781557213e-01,-1.772016658910773035e-01,0.000000000000000000e+00
8.287978469171155993e+00,2.336474009941809982e+00,0.000000000000000000e+00,-6.158141286313544294e-01,-2.539221014355920181e-01,0.000000000000000000e+00
8.115422080142121075e+00,2.330598381497518190e+00,0.000000000000000000e+00,-3.936489016204493541e-01,-8.266043204562789626e-01,0.000000000000000000e+00
8.199945968706078503e+00,2.466291297925697457e+00,0.000000000000000000e+00,-6.885769758072894930e-01,-3.171493993882931184e-01,0.000000000000000000e+00
6.833333333333333925e+00,0.000000000000000000e+00,0.000000000000000000e+00,-1.457632647251888847e-01,-9.860325079268645876e-01,0.000000000000000000e+00
6.757519658127705497e+00,1.314914914195154938e-01,0.000000000000000000e+00,-1.789397660344681507e+00,-1.463974517627468330e+00,0.000000000000000000e+00
6.666666666666666963e+00,5.956508508056608246e-18,0.000000000000000000e+00,-4.809643508469658157e-01,-9.412450326654681065e-01,0.000000000000000000e+00
9.188201317452342920e+00,2.617064742475180950e+00,0.000000000000000000e+00,-9.960320200152731340e-01,2.035237412591268391e-01,0.000000000000000000e+00
9.271483426683438722e+00,2.733588723345719007e+00,0.000000000000000000e+00,-9.116582421267550584e-01,1.544182913563518778e-01,0.000000000000000000e+00
9.004484026583339684e+00,2.608682916741331681e+00,0.000000000000000000e+00,-1.020862005914233261e+00,2.309924995849762797e-01,0.000000000000000000e+00
9.095078503815880566e+00,2.731851387854400404e+00,0.000000000000000000e+00,-1.040985428287938275e+00,1.201997007124018524e-01,0.000000000000000000e+00
8.825202798916823355e+00,2.604055557768529816e+00,0.000000000000000000e+00,-1.181184549727201327e+00,2.300660965068649089e-01,0.000000000000000000e+00
8.915797276149366013e+00,2.727224028881598983e+00,0.000000000000000000e+00,-1.213075628507854997e+00,1.488018987920473601e-01,0.000000000000000000e+00
8.645791395847776784e+00,2.599544066227394534e+00,0.000000000000000000e+00,-1.115659428721287760e+00,-6.369311114869366519e-02,0.000000000000000000e+00
8.736516048482851460e+00,2.722596669908797562e+00,0.000000000000000000e+00,-1.364955872663944136e+00,1.196400576136919525e-01,0.000000000000000000e+00
9.690198320506851815e+00,2.868826088240414407e+00,0.000000000000000000e+00,-1.737332709686519872e-01,-2.789792731194526421e-02,0.000000000000000000e+00
9.545372746205330827e+00,2.867663029418518583e+00,0.000000000000000000e+00,-3.709439310091693920e-01,1.588699122441034062e-01,0.000000000000000000e+00
9.642857142859671882e+00,3.000000000000000444e+00,0.000000000000000000e+00,0.000000000000000000e+00,0.000000000000000000e+00,0.000000000000000000e+00
9.821428571429835941e+00,3.000000000000000444e+00,0.000000000000000000e+00,0.000000000000000000e+00,0.000000000000000000e+00,0.000000000000000000e+00
9.464285714289506046e+00,3.000000000000000444e+00,0.000000000000000000e+00,0.000000000000000000e+00,0.000000000000000000e+00,0.000000000000000000e+00
9.366801317635166768e+00,2.867663029418518583e+00,0.000000000000000000e+00,-5.496682888433416236e-01,7.785712628127350321e-02,0.000000000000000000e+00
9.190396394767610388e+00,2.865925693927200424e+00,0.000000000000000000e+00,-6.852430919640694063e-01,4.183911929506811678e-02,0.000000000000000000e+00
9.285714285719341987e+00,3.000000000000000444e+00,0.000000000000000000e+00,0.000000000000000000e+00,0.000000000000000000e+00,0.000000000000000000e+00
7.469137771298809625e+00,1.485059885352276732e+00,0.000000000000000000e+00,-4.868904579885598438e-01,-2.885298086057925371e+00,0.000000000000000000e+00
7.550169121239474812e+00,1.630013413134344447e+00,0.000000000000000000e+00,-1.712914403307604361e-01,-2.679006716740705230e+00,0.000000000000000000e+00
7.385558485670014939e+00,1.628568112445031080e+00,0.000000000000000000e+00,-2.877911403906024956e-02,-2.565893763393781501e+00,0.000000000000000000e+00
7.302437950007695022e+00,1.193887516119425118e+00,0.000000000000000000e+00,-8.439324135894806789e-01,-3.066538964913278154e+00,0.000000000000000000e+00
7.385331348785107330e+00,1.340591780913912956e+00,0.000000000000000000e+00,-6.271147070671465595e-01,-2.802835288216468879e+00,0.000000000000000000e+00
7.301752063156314421e+00,1.484100008006667748e+00,0.000000000000000000e+00,-3.558692972904805574e-01,-2.456384342888820349e+00,0.000000000000000000e+00
7.217945640642613903e+00,1.339631903568304194e+00,0.000000000000000000e+00,-2.810712637032479755e-01,-2.400910771931811016e+00,0.000000000000000000e+00
7.631692472519311821e+00,1.772759427908113139e+00,0.000000000000000000e+00,8.810010781922807122e-02,-2.720502433719450774e+00,0.000000000000000000e+00
7.707626973142382099e+00,1.914413499073518432e+00,0.000000000000000000e+00,1.665580537483947743e-01,-2.509302690598525398e+00,0.000000000000000000e+00
7.467081836949851947e+00,1.771314127218799772e+00,0.000000000000000000e+00,9.601074855386008966e-02,-2.602909086741882483e+00,0.000000000000000000e+00
7.548605188229688956e+00,1.914060141992568465e+00,0.000000000000000000e+00,2.368820218842812020e-01,-2.645748196631030780e+00,0.000000000000000000e+00
7.139675838346640546e+00,9.096419157776274300e-01,0.000000000000000000e+00,-1.524679958500752219e+00,-2.455944692446989208e+00,0.000000000000000000e+00
7.219145402427581182e+00,1.048265168694765936e+00,0.000000000000000000e+00,-1.173738970415199256e+00,-2.784395535513581432e+00,0.000000000000000000e+00
7.134653093062500062e+00,1.194009556143645012e+00,0.000000000000000000e+00,-6.442238462718754555e-01,-2.098658649658896813e+00,0.000000000000000000e+00
7.051360545482385334e+00,1.048387208718985830e+00,0.000000000000000000e+00,-9.648500615073426490e-01,-1.711919394159701069e+00,0.000000000000000000e+00
7.864062717808841363e+00,2.192928176627089165e+00,0.000000000000000000e+00,2.309064248194733493e-01,-1.980617019592220363e+00,0.000000000000000000e+00
7.781938001047297604e+00,2.052858872169653903e+00,0.000000000000000000e+00,4.354843301590674565e-01,-2.448994429390411121e+00,0.000000000000000000e+00
7.622916216134603573e+00,2.052505515088703270e+00,0.000000000000000000e+00,4.362974178714696949e-01,-2.589287401801126709e+00,0.000000000000000000e+00
7.697227244039518190e+00,2.190950888184838519e+00,0.000000000000000000e+00,5.841029278535176950e-01,-2.536323256299448214e+00,0.000000000000000000e+00
6.952929903379287069e+00,6.454193644383671158e-01,0.000000000000000000e+00,-2.111755230667912375e+00,-1.559421407105729296e+00,0.000000000000000000e+00
7.049830960634455579e+00,7.742169166334511576e-01,0.000000000000000000e+00,-1.909108520009685339e+00,-2.128706751265289299e+00,0.000000000000000000e+00
6.961515667770202143e+00,9.129622095748098909e-01,0.000000000000000000e+00,-1.281408575454509702e+00,-1.414993790228104453e+00,0.000000000000000000e+00
6.871670790058016287e+00,7.775372104306336185e-01,0.000000000000000000e+00,-1.643410322439279980e+00,-9.547562821626598417e-01,0.000000000000000000e+00
7.933406541256053934e+00,2.328915514304226164e+00,0.000000000000000000e+00,-1.315760206101510843e-01,-1.091868401631169494e+00,0.000000000000000000e+00
8.017930429820010474e+00,2.464608430732404987e+00,0.000000000000000000e+00,-2.603233324123845338e-01,-7.847685623943017053e-01,0.000000000000000000e+00
7.766571067486731650e+00,2.326938225861975962e+00,0.000000000000000000e+00,5.141025803799721405e-01,-1.913343556680282997e+00,0.000000000000000000e+00
7.835914890933943333e+00,2.462925563539112517e+00,0.000000000000000000e+00,1.173090421149193818e-01,-1.022964741784247567e+00,0.000000000000000000e+00
6.760942401765499099e+00,3.857697652760996854e-01,0.000000000000000000e+00,-2.257892111816134584e+00,-1.301586587940789297e+00,0.000000000000000000e+00
6.853850585321405120e+00,5.109290330796343316e-01,0.000000000000000000e+00,-2.290796029219821062e+00,-1.325732900984210927e+00,0.000000000000000000e+00
6.772591472000135226e+00,6.430468790719010563e-01,0.000000000000000000e+00,-1.778729709184498242e+00,-7.183831839584302603e-01,0.000000000000000000e+00
6.673512153942252390e+00,5.085565477131682721e-01,0.000000000000000000e+00,-1.837693805515291157e+00,-6.263913541183165901e-01,0.000000000000000000e+00
6.673456472958759989e+00,2.697430671614163833e-01,0.000000000000000000e+00,-2.479912778408423168e+00,-9.567745999018182346e-01,0.000000000000000000e+00
6.582603481497720566e+00,1.382515757419008617e-01,0.000000000000000000e+00,-1.463485820322565134e+00,-6.824843404605760444e-01,0.000000000000000000e+00
6.586026225135513279e+00,3.925298495984850256e-01,0.000000000000000000e+00,-1.958901491825363550e+00,-3.939372549899027298e-01,0.000000000000000000e+00
6.498540296328773280e+00,2.765031514838017235e-01,0.000000000000000000e+00,-2.013408523384463411e+00,-3.432585235296009563e-01,0.000000000000000000e+00
8.466827358603264742e+00,2.598359689380896675e+00,0.000000000000000000e+00,-9.945129350651876754e-01,-2.085415730936692746e-01,0.000000000000000000e+00
8.557552011238339418e+00,2.721412293062299703e+00,0.000000000000000000e+00,-1.291591466971238944e+00,-1.149135374069412963e-01,0.000000000000000000e+00
8.289266971349952939e+00,2.593259607070749428e+00,0.000000000000000000e+00,-9.709364830707467586e-01,-1.774148506734679609e-01,0.000000000000000000e+00
8.378587973993825599e+00,2.720227916215801400e+00,0.000000000000000000e+00,-1.168459790857380165e+00,-1.248280638203325410e-01,0.000000000000000000e+00
8.110195081946439899e+00,2.588582832545347934e+00,0.000000000000000000e+00,-8.257892476981461005e-01,-2.581312555472924375e-01,0.000000000000000000e+00
8.199516084590314335e+00,2.715551141690399906e+00,0.000000000000000000e+00,-1.071057209969337620e+00,-1.193122380846383390e-01,0.000000000000000000e+00
7.928179543060373646e+00,2.586899965352055464e+00,0.000000000000000000e+00,-5.182154862372174708e-01,-7.471569181815767013e-01,0.000000000000000000e+00
8.020444195186803071e+00,2.710874367164997523e+00,0.000000000000000000e+00,-9.329490745920081540e-01,-2.339577473161922883e-01,0.000000000000000000e+00
6.500000000000000888e+00,0.000000000000000000e+00,0.000000000000000000e+00,-3.451743059387769597e-01,-8.011854971163131500e-01,0.000000000000000000e+00
6.415936814831054491e+00,1.382515757419008895e-01,0.000000000000000000e+00,-1.307132299373220841e+00,-7.854003989558046017e-01,0.000000000000000000e+00
6.333333333333333037e+00,5.182267320918111547e-18,0.000000000000000000e+00,-2.510760394336659651e-01,-8.464082569580538840e-01,0.000000000000000000e+00
9.107142857149177928e+00,3.000000000000000444e+00,0.000000000000000000e+00,0.000000000000000000e+00,0.000000000000000000e+00,0.000000000000000000e+00
9.011824966197448106e+00,2.865925693927200424e+00,0.000000000000000000e+00,-7.235783076892594590e-01,3.193513249513470209e-02,0.000000000000000000e+00
8.832543738530930000e+00,2.861298334954398559e+00,0.000000000000000000e+00,-9.217673841614389962e-01,4.214834732456018002e-02,0.000000000000000000e+00
8.928571428579013869e+00,3.000000000000000444e+00,0.000000000000000000e+00,0.000000000000000000e+00,0.000000000000000000e+00,0.000000000000000000e+00
8.750000000008848033e+00,3.000000000000000444e+00,0.000000000000000000e+00,0.000000000000000000e+00,0.000000000000000000e+00,0.000000000000000000e+00
8.653972309960767717e+00,2.861298334954399003e+00,0.000000000000000000e+00,-1.012875553022595909e+00,2.442888187163791414e-02,0.000000000000000000e+00
8.475008272716255675e+00,2.860113958107900700e+00,0.000000000000000000e+00,-8.397120795691062067e-01,-3.847267748007651006e-02,0.000000000000000000e+00
8.571428571438683974e+00,3.000000000000000444e+00,0.000000000000000000e+00,0.000000000000000000e+00,0.000000000000000000e+00,0.000000000000000000e+00
7.137726755065566309e+00,1.483435529228873229e+00,0.000000000000000000e+00,-2.082663837801464746e-01,-2.061670749428605731e+00,0.000000000000000000e+00
7.221533177579267715e+00,1.627903633667236782e+00,0.000000000000000000e+00,-5.575465798416327085e-02,-2.159749352438039338e+00,0.000000000000000000e+00
7.307878236105106673e+00,1.770229236555999508e+00,0.000000000000000000e+00,1.318344397182866223e-01,-2.438179682380651414e+00,0.000000000000000000e+00
7.389401587384943682e+00,1.912975251329767978e+00,0.000000000000000000e+00,1.940686819006565145e-01,-2.487969366382004388e+00,0.000000000000000000e+00
7.143852928014359449e+00,1.769564757778205211e+00,0.000000000000000000e+00,4.696891821563654174e-02,-2.016800405766759230e+00,0.000000000000000000e+00
7.057507869488517827e+00,1.627239154889442041e+00,0.000000000000000000e+00,-6.684159138817345747e-02,-1.659106341153030684e+00,0.000000000000000000e+00
7.230197986540199295e+00,1.911890360666968380e+00,0.000000000000000000e+00,1.421307977316726978e-01,-2.313615243682860978e+00,0.000000000000000000e+00
6.966317857805607971e+00,1.194037127529659070e+00,0.000000000000000000e+00,-6.940384515193818160e-01,-1.340360701153647804e+00,0.000000000000000000e+00
7.049610405385720924e+00,1.339659474954318030e+00,0.000000000000000000e+00,-3.050708746874664645e-01,-1.774061296998524107e+00,0.000000000000000000e+00
6.969391519808674218e+00,1.483463100614887287e+00,0.000000000000000000e+00,-1.124543299733913593e-01,-1.317963116236517740e+00,0.000000000000000000e+00
6.881275170128829721e+00,1.339687046340332310e+00,0.000000000000000000e+00,-3.055848378305385249e-01,-8.282456894802158187e-01,0.000000000000000000e+00
7.468613644581131084e+00,2.052850627087588808e+00,0.000000000000000000e+00,4.234173936512488079e-01,-2.681979054922349004e+00,0.000000000000000000e+00
7.542924672486044813e+00,2.191296000183724058e+00,0.000000000000000000e+00,4.286643675512715190e-01,-2.664871050336400593e+00,0.000000000000000000e+00
7.309410043736385809e+00,2.051765736424788766e+00,0.000000000000000000e+00,2.538265427616739345e-01,-2.548209992808310620e+00,0.000000000000000000e+00
7.388622100932572323e+00,2.191641112182609596e+00,0.000000000000000000e+00,2.838598940930705528e-01,-2.764596303623852780e+00,0.000000000000000000e+00
6.792521191302311578e+00,9.099225172422948926e-01,0.000000000000000000e+00,-1.317638431404977162e+00,-6.717526923423456919e-01,0.000000000000000000e+00
6.882366069014495658e+00,1.045347516386470943e+00,0.000000000000000000e+00,-9.891847377704381383e-01,-1.126801474263270819e+00,0.000000000000000000e+00
6.797323381337717407e+00,1.190997435197143961e+00,0.000000000000000000e+00,-5.668202801880910524e-01,-6.209158729136529109e-01,0.000000000000000000e+00
6.713371592546605982e+00,1.042307824053956278e+00,0.000000000000000000e+00,-8.927781854170577791e-01,-2.471493886531549722e-01,0.000000000000000000e+00
7.686278216915031436e+00,2.462636355918981224e+00,0.000000000000000000e+00,6.387293948110849273e-01,-2.241692217629617456e+00,0.000000000000000000e+00
7.616934393467818865e+00,2.326649018241844225e+00,0.000000000000000000e+00,7.636646726335819535e-01,-2.795626184153642946e+00,0.000000000000000000e+00
7.462631821914344599e+00,2.326994130240729319e+00,0.000000000000000000e+00,6.340206059395677718e-01,-2.905041522631441886e+00,0.000000000000000000e+00
7.536641542896119539e+00,2.462347148298850374e+00,0.000000000000000000e+00,9.593289656034653667e-01,-3.009471210350970427e+00,0.000000000000000000e+00
6.598151791795568322e+00,6.346273668050790295e-01,0.000000000000000000e+00,-1.614817978239787122e+00,-3.057415257184944446e-01,0.000000000000000000e+00
6.697231109853450270e+00,7.691176981638115917e-01,0.000000000000000000e+00,-1.565067938854617147e+00,-4.351001427955926149e-01,0.000000000000000000e+00
6.618081511097743785e+00,9.015030049754728658e-01,0.000000000000000000e+00,-1.132907540895941922e+00,1.063766495318272005e-02,0.000000000000000000e+00
6.522791429648884254e+00,7.606981858969897869e-01,0.000000000000000000e+00,-1.289382290932907349e+00,1.263563867102027172e-01,0.000000000000000000e+00
7.760554218115490954e+00,2.596407766018837382e+00,0.000000000000000000e+00,-2.284107525209148337e-01,-9.645036096926067337e-01,0.000000000000000000e+00
7.852818870241920379e+00,2.720382167831779885e+00,0.000000000000000000e+00,-6.280509398819836830e-01,-5.670180469572014825e-01,0.000000000000000000e+00
7.610917544096578169e+00,2.596118558398705645e+00,0.000000000000000000e+00,3.948724174642120888e-01,-2.265922108572637761e+00,0.000000000000000000e+00
7.685193545297037687e+00,2.729889968498562247e+00,0.000000000000000000e+00,-2.425689406926618552e-01,-9.038702837763737952e-01,0.000000000000000000e+00
6.501126669601501540e+00,5.023247837468184374e-01,0.000000000000000000e+00,-1.726724764427698400e+00,-1.518202650339834647e-01,0.000000000000000000e+00
6.413640740794761541e+00,3.862980856321351908e-01,0.000000000000000000e+00,-1.776107288970935949e+00,-1.288208673285612949e-01,0.000000000000000000e+00
6.425766307454816584e+00,6.283956028387290838e-01,0.000000000000000000e+00,-1.384411896549228027e+00,1.801196526504892370e-01,0.000000000000000000e+00
6.328741185260750690e+00,4.960930197804687136e-01,0.000000000000000000e+00,-1.472409135669595193e+00,1.768024943377820291e-01,0.000000000000000000e+00
6.250000000000000000e+00,1.202813060811763479e-01,0.000000000000000000e+00,-8.096213314331569544e-01,-5.943345716667015610e-01,0.000000000000000000e+00
6.332603481497720566e+00,2.585328818230772097e-01,0.000000000000000000e+00,-1.581873950165193055e+00,-4.478737043981709798e-01,0.000000000000000000e+00
6.247703925963708826e+00,3.683278159714107325e-01,0.000000000000000000e+00,-1.320379250197860177e+00,-9.762491777435482188e-02,0.000000000000000000e+00
6.166666666666666075e+00,2.405626121623526958e-01,0.000000000000000000e+00,-1.099047115274012221e+00,-3.554646832873937790e-01,0.000000000000000000e+00
8.392857142868518139e+00,3.000000000000000444e+00,0.000000000000000000e+00,0.000000000000000000e+00,0.000000000000000000e+00,0.000000000000000000e+00
8.296436844146089840e+00,2.860113958107900700e+00,0.000000000000000000e+00,-7.789842591539370975e-01,-4.238037650483155588e-02,0.000000000000000000e+00
8.117364954742576799e+00,2.855437183582498761e+00,0.000000000000000000e+00,-6.887445795059149445e-01,-4.435838006562559110e-02,0.000000000000000000e+00
8.214285714298354080e+00,3.000000000000000444e+00,0.000000000000000000e+00,0.000000000000000000e+00,0.000000000000000000e+00,0.000000000000000000e+00
8.035714285725685357e+00,3.000000000000000444e+00,0.000000000000000000e+00,0.000000000000000000e+00,0.000000000000000000e+00,0.000000000000000000e+00
7.938793526169910741e+00,2.855437183582498761e+00,0.000000000000000000e+00,-6.298297244738049194e-01,-1.183552965117965761e-01,0.000000000000000000e+00
7.771168201225027161e+00,2.864944984249280679e+00,0.000000000000000000e+00,-3.571845537104656465e-01,-3.219315083216146012e-01,0.000000000000000000e+00
7.857142857153019300e+00,3.000000000000000444e+00,0.000000000000000000e+00,0.000000000000000000e+00,0.000000000000000000e+00,0.000000000000000000e+00
6.166666666666667851e+00,0.000000000000000000e+00,0.000000000000000000e+00,1.807445061127203748e-03,-6.476690423164623844e-01,0.000000000000000000e+00
6.083333333333333037e+00,1.202813060811763479e-01,0.000000000000000000e+00,-6.564533944958668155e-01,-4.156152653502854233e-01,0.000000000000000000e+00
6.000000000000000000e+00,5.328391400176496816e-18,0.000000000000000000e+00,0.000000000000000000e+00,0.000000000000000000e+00,0.000000000000000000e+00
6.988609994209250331e+00,1.769485899399119599e+00,0.000000000000000000e+00,-1.606108922738912897e-02,-1.452891614541768739e+00,0.000000000000000000e+00
7.074955052735090177e+00,1.911811502287882547e+00,0.000000000000000000e+00,1.652518653204614607e-01,-1.827665335909369526e+00,0.000000000000000000e+00
6.919712118929983724e+00,1.911732643908797380e+00,0.000000000000000000e+00,2.147997488009609490e-01,-1.158792209879164536e+00,0.000000000000000000e+00
6.805475397362460654e+00,1.484061096832717919e+00,0.000000000000000000e+00,-2.694627059025043181e-01,-6.377672824259831286e-01,0.000000000000000000e+00
6.893591747042306039e+00,1.627837151107272895e+00,0.000000000000000000e+00,-1.667536528157140263e-01,-1.178892909488209240e+00,0.000000000000000000e+00
6.824693871763038544e+00,1.770083895616950231e+00,0.000000000000000000e+00,4.046572774987126225e-02,-8.813537118067475973e-01,0.000000000000000000e+00
6.729675624596091588e+00,1.628435147325103083e+00,0.000000000000000000e+00,-2.808837683964856002e-01,-3.725705191424005802e-01,0.000000000000000000e+00
7.153740050658811356e+00,2.049468419086256432e+00,0.000000000000000000e+00,2.847929284115664483e-01,-2.006829592817948704e+00,0.000000000000000000e+00
7.232952107854996981e+00,2.189343794844076818e+00,0.000000000000000000e+00,4.416381759899887238e-01,-2.248910104031811130e+00,0.000000000000000000e+00
6.998497116853703126e+00,2.049389560707170599e+00,0.000000000000000000e+00,4.378145421673135251e-01,-1.382998374513951578e+00,0.000000000000000000e+00
7.077282114777422528e+00,2.187046477505543596e+00,0.000000000000000000e+00,6.600313815192541123e-01,-1.544818441941689935e+00,0.000000000000000000e+00
6.628557371184877312e+00,1.189713073292055778e+00,0.000000000000000000e+00,-6.250625358055568181e-01,-1.108892783206079508e-01,0.000000000000000000e+00
6.712509159975988737e+00,1.338402684435243462e+00,0.000000000000000000e+00,-3.138603280334972268e-01,-4.015188338469029561e-01,0.000000000000000000e+00
6.636709387209620559e+00,1.482776734927629292e+00,0.000000000000000000e+00,-2.298886549337489926e-01,-2.333345138956567644e-02,0.000000000000000000e+00
6.543743149823148642e+00,1.337118322530155279e+00,0.000000000000000000e+00,-1.766977617288194857e-01,2.354629383408178012e-01,0.000000000000000000e+00
7.310753106823790759e+00,2.327925707926865151e+00,0.000000000000000000e+00,8.931188500484509296e-01,-2.368508914429777956e+00,0.000000000000000000e+00
7.384762827805563035e+00,2.463278725984985762e+00,0.000000000000000000e+00,1.273692165589670910e+00,-2.424776555092598151e+00,0.000000000000000000e+00
7.155083113746215417e+00,2.325628390588332373e+00,0.000000000000000000e+00,1.184836249612839731e+00,-1.601285918338494429e+00,0.000000000000000000e+00
7.232884112715008307e+00,2.464210303671121594e+00,0.000000000000000000e+00,1.599407182507198488e+00,-1.621993808962614914e+00,0.000000000000000000e+00
6.451405998383151541e+00,9.030297228989794256e-01,0.000000000000000000e+00,-1.111312470170942701e+00,3.415023246590869199e-01,0.000000000000000000e+00
6.546696079832011073e+00,1.043834541977462393e+00,0.000000000000000000e+00,-9.635099464987897377e-01,1.563032015081993742e-01,0.000000000000000000e+00
6.461881858470283291e+00,1.191239791215562116e+00,0.000000000000000000e+00,-5.606058647816447582e-01,5.124970325131514848e-01,0.000000000000000000e+00
6.380020567117417940e+00,1.045361259900969175e+00,0.000000000000000000e+00,-8.204334202405291210e-01,6.701917989892213212e-01,0.000000000000000000e+00
7.455714648486616802e+00,2.595429451613409988e+00,0.000000000000000000e+00,1.264953119230136203e+00,-2.398838500090150649e+00,0.000000000000000000e+00
7.529990649687075432e+00,2.729200861713265702e+00,0.000000000000000000e+00,7.279317077603061348e-01,-1.485693781068141428e+00,0.000000000000000000e+00
7.303835933396061186e+00,2.596361029299545375e+00,0.000000000000000000e+00,1.562357118165957903e+00,-1.597639259242060739e+00,0.000000000000000000e+00
7.374787754077113178e+00,2.728511754927969157e+00,0.000000000000000000e+00,1.473808630269952902e+00,-1.600393440669501954e+00,0.000000000000000000e+00
6.233816957145592141e+00,6.287436096702291310e-01,0.000000000000000000e+00,-1.220725986291351983e+00,4.087885794782096238e-01,0.000000000000000000e+00
6.330842079339658923e+00,7.610461927284895012e-01,0.000000000000000000e+00,-1.122541594609191007e+00,4.008774751633452649e-01,0.000000000000000000e+00
6.259456648073926210e+00,9.033777297304792508e-01,0.000000000000000000e+00,-7.964291627295139175e-01,7.377989427775488718e-01,0.000000000000000000e+00
6.138892729030433593e+00,7.613941995599894375e-01,0.000000000000000000e+00,-7.862889202898061258e-01,7.839967572128996309e-01,0.000000000000000000e+00
7.678571428576510094e+00,3.000000000000000444e+00,0.000000000000000000e+00,0.000000000000000000e+00,0.000000000000000000e+00,0.000000000000000000e+00
7.592596772648519732e+00,2.864944984249281568e+00,0.000000000000000000e+00,1.923584168482131151e-01,-3.787930289552810525e-01,0.000000000000000000e+00
7.437393877038557477e+00,2.864255877463985023e+00,0.000000000000000000e+00,1.040957256177711621e+00,-1.019822933615188276e+00,0.000000000000000000e+00
7.500000000000000888e+00,3.000000000000000444e+00,0.000000000000000000e+00,0.000000000000000000e+00,0.000000000000000000e+00,0.000000000000000000e+00
6.116701120374845146e+00,3.481203139052501117e-01,0.000000000000000000e+00,-1.021647745433676979e+00,-1.338509669812748826e-01,0.000000000000000000e+00
6.197738379671886122e+00,4.758855177143080928e-01,0.000000000000000000e+00,-1.222069312256560014e+00,1.029823480264632080e-01,0.000000000000000000e+00
6.102814151556728461e+00,6.085361076040685102e-01,0.000000000000000000e+00,-9.089800477935694456e-01,4.425548035413666148e-01,0.000000000000000000e+00
6.066735574083022442e+00,4.556780156481475275e-01,0.000000000000000000e+00,-9.067140433483908968e-01,1.435716262107949726e-01,0.000000000000000000e+00
6.035868830228574566e+00,2.439541768993092052e-01,0.000000000000000000e+00,-8.884392022024784064e-01,-1.337789574215103583e-01,0.000000000000000000e+00
5.952535496895240641e+00,1.236728708181328434e-01,0.000000000000000000e+00,-5.736192235779948856e-01,4.442085969345245522e-02,0.000000000000000000e+00
5.985903283936752750e+00,3.515118786422066210e-01,0.000000000000000000e+00,-7.749722593040722085e-01,1.811805187159319930e-01,0.000000000000000000e+00
5.905070993790483058e+00,2.473457416362657701e-01,0.000000000000000000e+00,-6.465712439983262172e-01,2.564854873997755580e-01,0.000000000000000000e+00
5.875000000000000888e+00,0.000000000000000000e+00,0.000000000000000000e+00,0.000000000000000000e+00,0.000000000000000000e+00,0.000000000000000000e+00
5.827535496895241529e+00,1.236728708181328712e-01,0.000000000000000000e+00,-4.051068144728423026e-01,7.755997960495969457e-02,0.000000000000000000e+00
5.750000000000000000e+00,4.977732783493497817e-18,0.000000000000000000e+00,0.000000000000000000e+00,0.000000000000000000e+00,0.000000000000000000e+00
6.650875927461831871e+00,1.772272174840622494e+00,0.000000000000000000e+00,-1.864621224229815466e-01,-2.756003872504035335e-01,0.000000000000000000e+00
6.745894174628777051e+00,1.913920923132469643e+00,0.000000000000000000e+00,8.214475117643421642e-02,-8.144912139904724180e-01,0.000000000000000000e+00
6.844196781188268019e+00,2.047293026715662823e+00,0.000000000000000000e+00,3.837147215147942436e-01,-1.086963077131455346e+00,0.000000000000000000e+00
6.922981779111987422e+00,2.184949943514036264e+00,0.000000000000000000e+00,6.574596427431869117e-01,-1.265858781074553852e+00,0.000000000000000000e+00
6.670378836887062235e+00,2.049481305939334863e+00,0.000000000000000000e+00,3.474263109863309218e-01,-6.929038371864609802e-01,0.000000000000000000e+00
6.572076230327571267e+00,1.916109202356141683e+00,0.000000000000000000e+00,-1.507573357210694742e-01,-1.916012143187221517e-01,0.000000000000000000e+00
6.768681443446552315e+00,2.182853409522528487e+00,0.000000000000000000e+00,6.427912174162753178e-01,-9.281982411366910268e-01,0.000000000000000000e+00
6.466622885746212468e+00,1.482954026929854230e+00,0.000000000000000000e+00,-2.623909116781671935e-01,3.983804292901942379e-01,0.000000000000000000e+00
6.559589123132684385e+00,1.628612439327328243e+00,0.000000000000000000e+00,-4.355529125927273815e-01,1.394975288269658942e-01,0.000000000000000000e+00
6.480789425998423781e+00,1.772449466842847432e+00,0.000000000000000000e+00,-3.684924334318747663e-01,2.586250340676137793e-01,0.000000000000000000e+00
6.389502621669276294e+00,1.628789731329553181e+00,0.000000000000000000e+00,-4.728512452022681223e-01,4.884347471815863595e-01,0.000000000000000000e+00
7.000438520438828860e+00,2.323498756293393086e+00,0.000000000000000000e+00,1.236985550132243983e+00,-1.408535239078229528e+00,0.000000000000000000e+00
7.078239519407620861e+00,2.462080669376181419e+00,0.000000000000000000e+00,1.621316865816893049e+00,-1.444376384753784937e+00,0.000000000000000000e+00
6.846138184773392865e+00,2.321402222301885310e+00,0.000000000000000000e+00,1.213195841725953850e+00,-1.128481803151620166e+00,0.000000000000000000e+00
6.923594926100234304e+00,2.459951035081242576e+00,0.000000000000000000e+00,1.612983819222330473e+00,-1.280288678587870654e+00,0.000000000000000000e+00
6.302023656912206562e+00,1.189660054366949105e+00,0.000000000000000000e+00,-5.008745341596994027e-01,9.637195082135916469e-01,0.000000000000000000e+00
6.383884948265070136e+00,1.335538585681542045e+00,0.000000000000000000e+00,-2.435278663582932657e-01,7.636638525721889392e-01,0.000000000000000000e+00
6.306764684188134851e+00,1.481374290081241218e+00,0.000000000000000000e+00,-3.987666642671972572e-01,8.498935514147725190e-01,0.000000000000000000e+00
6.224026746706993407e+00,1.333958848832929034e+00,0.000000000000000000e+00,-2.914746412346628790e-01,1.085129669677846076e+00,0.000000000000000000e+00
7.156074367560322003e+00,2.596135705842491426e+00,0.000000000000000000e+00,1.586166987662091854e+00,-1.506412958076441599e+00,0.000000000000000000e+00
7.227026188241374882e+00,2.728286431470915208e+00,0.000000000000000000e+00,1.492433038587604566e+00,-1.530587913890158358e+00,0.000000000000000000e+00
7.001429774252935445e+00,2.594006071547551695e+00,0.000000000000000000e+00,1.524462656115277204e+00,-1.409349294435185973e+00,0.000000000000000000e+00
7.079264622405634810e+00,2.728061108013860814e+00,0.000000000000000000e+00,1.410058335030378807e+00,-1.545901625366354448e+00,0.000000000000000000e+00
6.111583974154509491e+00,9.200976904408546542e-01,0.000000000000000000e+00,-5.719432515729686584e-01,1.072950581943884041e+00,0.000000000000000000e+00
6.232147893198002109e+00,1.062081220611344357e+00,0.000000000000000000e+00,-6.379945434992869702e-01,1.008503866131611471e+00,0.000000000000000000e+00
6.154150982992789842e+00,1.206380015077324508e+00,0.000000000000000000e+00,-4.256954405841473221e-01,1.157362580807522079e+00,0.000000000000000000e+00
6.084275219278585389e+00,1.078801181321719760e+00,0.000000000000000000e+00,-5.201046084348177612e-01,1.227004611217003438e+00,0.000000000000000000e+00
7.294211385764353572e+00,2.848205491139722767e+00,0.000000000000000000e+00,1.317860299589334705e+00,-1.546017055041504884e+00,0.000000000000000000e+00
7.356817508725797872e+00,2.983949613675738632e+00,0.000000000000000000e+00,5.908428465148514164e-01,-1.084938804920278610e+00,0.000000000000000000e+00
7.146449819928614389e+00,2.847980167682668817e+00,0.000000000000000000e+00,1.206162105359108283e+00,-1.573727992679527343e+00,0.000000000000000000e+00
7.213635017451593967e+00,2.967899227351476821e+00,0.000000000000000000e+00,9.428990329814941340e-01,-1.598501743619497706e+00,0.000000000000000000e+00
5.930520934874904171e+00,4.943362603749046347e-01,0.000000000000000000e+00,-5.904067019600469646e-01,5.424368774841746843e-01,0.000000000000000000e+00
5.966599512348610190e+00,6.471943523308255619e-01,0.000000000000000000e+00,-5.129482513646556052e-01,7.890607384390591061e-01,0.000000000000000000e+00
5.807204415989538404e+00,7.307318941896048248e-01,0.000000000000000000e+00,-2.610375214001436350e-01,9.392469324553929244e-01,0.000000000000000000e+00
5.979497632671363583e+00,8.449317414187687003e-01,0.000000000000000000e+00,-4.228538830644237301e-01,1.033786083064025973e+00,0.000000000000000000e+00
5.952188877795439481e+00,1.003635232299633806e+00,0.000000000000000000e+00,-3.601797275023422285e-01,1.193713954680165612e+00,0.000000000000000000e+00
5.820102536312291797e+00,9.284692832775478522e-01,0.000000000000000000e+00,-1.700143766541596657e-01,1.122709535193467723e+00,0.000000000000000000e+00
5.794306295666785012e+00,5.329945051016615754e-01,0.000000000000000000e+00,-2.486107963938919974e-01,7.175437887222317901e-01,0.000000000000000000e+00
7.500000000000000888e+00,3.125000000000000444e+00,0.000000000000000000e+00,0.000000000000000000e+00,0.000000000000000000e+00,0.000000000000000000e+00
7.260990334498515608e+00,3.067972079168338695e+00,0.000000000000000000e+00,5.476086119083392045e-01,-1.303082400316253775e+00,0.000000000000000000e+00
7.404172825772718625e+00,3.084022465492600507e+00,0.000000000000000000e+00,1.360241923331582774e-02,-4.383052981365982426e-01,0.000000000000000000e+00
7.404172825772718625e+00,3.209022465492600507e+00,0.000000000000000000e+00,7.092068959873474090e-03,-4.506692987023939168e-01,0.000000000000000000e+00
7.500000000000000888e+00,3.250000000000000444e+00,0.000000000000000000e+00,0.000000000000000000e+00,0.000000000000000000e+00,0.000000000000000000e+00
7.308345651545437249e+00,3.168044930985200569e+00,0.000000000000000000e+00,1.472188773588499824e-02,-7.626618831924587560e-01,0.000000000000000000e+00
5.849688644728634479e+00,3.901701233689637283e-01,0.000000000000000000e+00,-5.278507456977049594e-01,4.896860631091334848e-01,0.000000000000000000e+00
5.719937728945726718e+00,1.155340246738977977e-01,0.000000000000000000e+00,-2.305504972719484569e-01,4.315910894197592940e-02,0.000000000000000000e+00
5.797473225840967359e+00,2.392068954920306689e-01,0.000000000000000000e+00,-4.401310533950545945e-01,2.478300822933257319e-01,0.000000000000000000e+00
5.742090876779119668e+00,3.820312772247286270e-01,0.000000000000000000e+00,-3.226629177758633671e-01,4.622063240519773686e-01,0.000000000000000000e+00
5.689875457891452548e+00,2.310680493477955399e-01,0.000000000000000000e+00,-2.270567417615153294e-01,1.919288993598199100e-01,0.000000000000000000e+00
5.625000000000000000e+00,0.000000000000000000e+00,0.000000000000000000e+00,0.000000000000000000e+00,0.000000000000000000e+00,0.000000000000000000e+00
5.500000000000000000e+00,4.977732783493497817e-18,0.000000000000000000e+00,0.000000000000000000e+00,0.000000000000000000e+00,0.000000000000000000e+00
5.594937728945726718e+00,1.155340246738977839e-01,0.000000000000000000e+00,-8.051918025351070818e-02,3.797008657559960282e-02,0.000000000000000000e+00
6.505736235770498865e+00,2.067693392584665446e+00,0.000000000000000000e+00,2.226860953794463915e-01,-1.440061371171382776e-01,0.000000000000000000e+00
6.604038842329988057e+00,2.201065496167858626e+00,0.000000000000000000e+00,6.313374895974763756e-01,-5.972570870502987850e-01,0.000000000000000000e+00
6.439396241213424688e+00,2.219277582813189209e+00,0.000000000000000000e+00,5.787186194686034790e-01,2.781305200018811818e-03,0.000000000000000000e+00
6.378782781218844455e+00,1.920837950796911331e+00,0.000000000000000000e+00,-4.077305658035085822e-01,4.182697110062779111e-01,0.000000000000000000e+00
6.287495976889696969e+00,1.777178215283617302e+00,0.000000000000000000e+00,-4.338239479321585601e-01,6.710571229838470098e-01,0.000000000000000000e+00
6.312442786661771166e+00,2.072422141025435316e+00,0.000000000000000000e+00,1.182986526444828601e-01,5.365007141306415983e-01,0.000000000000000000e+00
6.185489332110115868e+00,1.925566699237680757e+00,0.000000000000000000e+00,-5.401373841313331647e-01,8.180123418301995519e-01,0.000000000000000000e+00
6.692624734532534703e+00,2.322042554884018450e+00,0.000000000000000000e+00,1.108695132131751748e+00,-8.575517653958095732e-01,0.000000000000000000e+00
6.770081475859374365e+00,2.460591367663375273e+00,0.000000000000000000e+00,1.503474721843128359e+00,-1.093149254566216699e+00,0.000000000000000000e+00
6.527982133415971333e+00,2.340254641529349477e+00,0.000000000000000000e+00,1.103796192101892615e+00,-4.560859302969911266e-01,0.000000000000000000e+00
6.616568025618517090e+00,2.461231700245509302e+00,0.000000000000000000e+00,1.446191003976752043e+00,-7.421731972480160033e-01,0.000000000000000000e+00
6.159430955286948617e+00,1.459849533242281616e+00,0.000000000000000000e+00,-4.607155860326918595e-01,1.167661369599394261e+00,0.000000000000000000e+00
6.242168892768089172e+00,1.607264974490593357e+00,0.000000000000000000e+00,-6.250809702870608886e-01,8.872223599907466118e-01,0.000000000000000000e+00
6.140162247988509847e+00,1.755653458444657478e+00,0.000000000000000000e+00,-5.405208748258756302e-01,1.028049100549621730e+00,0.000000000000000000e+00
6.094835163866902050e+00,1.585740217651633754e+00,0.000000000000000000e+00,-7.569246308596514483e-01,1.137855298813441829e+00,0.000000000000000000e+00
6.847032751955786978e+00,2.593764905129384957e+00,0.000000000000000000e+00,1.386371665584541502e+00,-1.291027277484070535e+00,0.000000000000000000e+00
6.924867600108487231e+00,2.727819941595694075e+00,0.000000000000000000e+00,1.223884909992883685e+00,-1.467346654756955360e+00,0.000000000000000000e+00
6.693519301714927927e+00,2.594405237711518097e+00,0.000000000000000000e+00,1.353335695318037990e+00,-9.727946239332292411e-01,0.000000000000000000e+00
6.770470577811337876e+00,2.727578775177526893e+00,0.000000000000000000e+00,1.256836232464156211e+00,-1.146536088428035338e+00,0.000000000000000000e+00
5.971304368252191352e+00,1.201811748179441475e+00,0.000000000000000000e+00,-3.793525484913902734e-01,1.396752574495297328e+00,0.000000000000000000e+00
6.041180131966395805e+00,1.329390581935046001e+00,0.000000000000000000e+00,-2.266256087826605814e-01,1.338989674998427581e+00,0.000000000000000000e+00
5.976584340546349239e+00,1.455281266344398361e+00,0.000000000000000000e+00,-5.533544615866278216e-01,1.359313926231853875e+00,0.000000000000000000e+00
5.858333517225795539e+00,1.324822315037162745e+00,0.000000000000000000e+00,-1.750119927383386453e-01,1.543145808760201243e+00,0.000000000000000000e+00
7.076628964358429030e+00,2.970752496447713220e+00,0.000000000000000000e+00,1.074103472231573653e+00,-1.530919469966256274e+00,0.000000000000000000e+00
7.009443766835447676e+00,2.850833436778905217e+00,0.000000000000000000e+00,1.193868749702581722e+00,-1.598831131502160607e+00,0.000000000000000000e+00
6.855046744538300985e+00,2.850592270360738034e+00,0.000000000000000000e+00,1.264925488523791941e+00,-1.275558299322166800e+00,0.000000000000000000e+00
6.939622911265261429e+00,2.973605765543949175e+00,0.000000000000000000e+00,1.283197451686233448e+00,-1.381593437202652375e+00,0.000000000000000000e+00
5.839218026769044556e+00,1.126645799157355299e+00,0.000000000000000000e+00,-2.542073068694684079e-01,1.341320406598209614e+00,0.000000000000000000e+00
7.199734153933182057e+00,3.182248486261803677e+00,0.000000000000000000e+00,3.567184738766454033e-01,-1.043648305440503687e+00,0.000000000000000000e+00
7.152378836886260416e+00,3.082175634444941359e+00,0.000000000000000000e+00,7.933561661904099394e-01,-1.422230965350451237e+00,0.000000000000000000e+00
7.015372783793095479e+00,3.085028903541178202e+00,0.000000000000000000e+00,1.005019102189985247e+00,-1.295025995940948471e+00,0.000000000000000000e+00
7.091122656320927753e+00,3.196452041538406341e+00,0.000000000000000000e+00,6.586228284910338182e-01,-1.180933875396921628e+00,0.000000000000000000e+00
5.647153147833392950e+00,6.414972525518813917e-01,0.000000000000000000e+00,-7.511674646930713295e-02,5.464960869909059049e-01,0.000000000000000000e+00
5.660051268156145454e+00,8.392346416398244191e-01,0.000000000000000000e+00,-8.042038418390938526e-02,7.448383655486526811e-01,0.000000000000000000e+00
5.500000000000000000e+00,7.500000000021009861e-01,0.000000000000000000e+00,0.000000000000000000e+00,0.000000000000000000e+00,0.000000000000000000e+00
5.500000000000000000e+00,9.375000000026261215e-01,0.000000000000000000e+00,0.000000000000000000e+00,0.000000000000000000e+00,0.000000000000000000e+00
5.660051268156146342e+00,1.026734641640349555e+00,0.000000000000000000e+00,-5.395821694569474802e-02,7.739207960832842348e-01,0.000000000000000000e+00
5.679166758612898214e+00,1.224911157520157001e+00,0.000000000000000000e+00,-7.285748179240528200e-02,1.033459681228511062e+00,0.000000000000000000e+00
5.500000000000000000e+00,1.125000000003151035e+00,0.000000000000000000e+00,0.000000000000000000e+00,0.000000000000000000e+00,0.000000000000000000e+00
5.500000000000000000e+00,5.625000000015758506e-01,0.000000000000000000e+00,0.000000000000000000e+00,0.000000000000000000e+00,0.000000000000000000e+00
5.594937728945726718e+00,3.030340246744231414e-01,0.000000000000000000e+00,-7.392337933577262932e-02,2.115368382622591914e-01,0.000000000000000000e+00
5.647153147833392950e+00,4.539972525513561452e-01,0.000000000000000000e+00,-1.058701788989220710e-01,4.757793996028659711e-01,0.000000000000000000e+00
5.500000000000000000e+00,3.750000000010507151e-01,0.000000000000000000e+00,0.000000000000000000e+00,0.000000000000000000e+00,0.000000000000000000e+00
7.286077818132991268e+00,3.269132205633366262e+00,0.000000000000000000e+00,2.341778948009459460e-01,-6.087650282871021057e-01,0.000000000000000000e+00
7.381904992360272644e+00,3.310109740140766199e+00,0.000000000000000000e+00,6.150898101192589507e-02,-3.802718852162720875e-01,0.000000000000000000e+00
7.263809984720544399e+00,3.370219480281531954e+00,0.000000000000000000e+00,1.135084820048555543e-01,-4.948480599321653517e-01,0.000000000000000000e+00
7.500000000000000888e+00,3.375000000000000444e+00,0.000000000000000000e+00,0.000000000000000000e+00,0.000000000000000000e+00,0.000000000000000000e+00
7.381904992360272644e+00,3.435109740140766199e+00,0.000000000000000000e+00,3.824170797845594799e-02,-3.224672489299303391e-01,0.000000000000000000e+00
7.500000000000000888e+00,3.500000000000000444e+00,0.000000000000000000e+00,0.000000000000000000e+00,0.000000000000000000e+00,0.000000000000000000e+00
7.177466320520736076e+00,3.283335760909968926e+00,0.000000000000000000e+00,4.475820051641739572e-01,-9.012817076125690940e-01,0.000000000000000000e+00
5.500000000000000000e+00,1.875000000005253575e-01,0.000000000000000000e+00,0.000000000000000000e+00,0.000000000000000000e+00,0.000000000000000000e+00
6.157903860358551640e+00,2.118609658598337830e+00,0.000000000000000000e+00,5.874990042926342415e-01,1.289661319492343639e+00,0.000000000000000000e+00
6.284857314910206938e+00,2.265465100386092168e+00,0.000000000000000000e+00,9.789088118426321206e-01,9.403966341484609748e-01,0.000000000000000000e+00
6.392625883310190993e+00,2.351494283158554133e+00,0.000000000000000000e+00,1.190469760579366820e+00,3.657660782878115469e-01,0.000000000000000000e+00
6.481211775512736750e+00,2.472471341874713957e+00,0.000000000000000000e+00,1.644598211365785101e+00,-1.417850051054946325e-01,0.000000000000000000e+00
6.238086957006972355e+00,2.397681800731457091e+00,0.000000000000000000e+00,1.368967362670514554e+00,1.159034177551484968e+00,0.000000000000000000e+00
6.345855525406956410e+00,2.483710983503918612e+00,0.000000000000000000e+00,1.585225350516141107e+00,6.000819608368875846e-01,0.000000000000000000e+00
6.130318388606986524e+00,2.311652617958994682e+00,0.000000000000000000e+00,1.166551283824850627e+00,1.482081785397273865e+00,0.000000000000000000e+00
5.955829382744617817e+00,1.650651855736239071e+00,0.000000000000000000e+00,-5.537358822401974301e-01,1.707385551797684364e+00,0.000000000000000000e+00
6.001156466866225614e+00,1.820565096529262350e+00,0.000000000000000000e+00,-5.087326632144866245e-01,1.598892399010930054e+00,0.000000000000000000e+00
6.004098134583450985e+00,2.006681497597482711e+00,0.000000000000000000e+00,6.855285210766284831e-02,2.110712596618961712e+00,0.000000000000000000e+00
5.819765269339558955e+00,1.901679894889063860e+00,0.000000000000000000e+00,-1.190066727175584926e-01,2.579140935616259345e+00,0.000000000000000000e+00
5.976512662831885869e+00,2.199724456958139562e+00,0.000000000000000000e+00,1.006995031774717386e+00,2.252040553179745164e+00,0.000000000000000000e+00
5.816823601622333584e+00,1.715563493820843943e+00,0.000000000000000000e+00,-2.548164690207846417e-01,2.149556053792992749e+00,0.000000000000000000e+00
5.822706937056784327e+00,2.087796295957283998e+00,0.000000000000000000e+00,6.333377738435747029e-01,2.821206283332963416e+00,0.000000000000000000e+00
6.544402707801951991e+00,2.586460865106847695e+00,0.000000000000000000e+00,1.442093373099757159e+00,-3.194660747504278753e-01,0.000000000000000000e+00
6.621353983898362827e+00,2.719634402572856935e+00,0.000000000000000000e+00,1.365203981309523140e+00,-6.391434401726530101e-01,0.000000000000000000e+00
6.409046457696171650e+00,2.597700506736052795e+00,0.000000000000000000e+00,1.490835223464816117e+00,2.100811061128192436e-01,0.000000000000000000e+00
6.472237389985386002e+00,2.711690029968186089e+00,0.000000000000000000e+00,1.308358519357534222e+00,-4.870221818332653302e-02,0.000000000000000000e+00
5.837578559424065006e+00,1.520192904429003455e+00,0.000000000000000000e+00,-4.662647096275117642e-01,1.825454014118884194e+00,0.000000000000000000e+00
6.699325892727061138e+00,2.868716134896058367e+00,0.000000000000000000e+00,1.378523339306547246e+00,-8.569024150475871293e-01,0.000000000000000000e+00
6.783902059454023359e+00,2.991729630079269953e+00,0.000000000000000000e+00,1.383642182182076796e+00,-1.024194084641491198e+00,0.000000000000000000e+00
6.550209298814086090e+00,2.860771762291388409e+00,0.000000000000000000e+00,1.367321756655060172e+00,-4.178267312204679840e-01,0.000000000000000000e+00
6.628181207642783512e+00,3.009853494614589398e+00,0.000000000000000000e+00,1.393488754330189261e+00,-6.706270252572300583e-01,0.000000000000000000e+00
5.500000000000000000e+00,1.312500000003655076e+00,0.000000000000000000e+00,0.000000000000000000e+00,0.000000000000000000e+00,0.000000000000000000e+00
5.679166758612898214e+00,1.412411157520661042e+00,0.000000000000000000e+00,-7.759410712754545580e-02,1.065724955691586429e+00,0.000000000000000000e+00
5.658411800811166792e+00,1.607781746912501308e+00,0.000000000000000000e+00,-1.192142553669167937e-01,1.421016140154934826e+00,0.000000000000000000e+00
5.500000000000000000e+00,1.500000000004158895e+00,0.000000000000000000e+00,0.000000000000000000e+00,0.000000000000000000e+00,0.000000000000000000e+00
6.897682099596918803e+00,3.088298201576287649e+00,0.000000000000000000e+00,1.160013449785082029e+00,-1.206821654438634539e+00,0.000000000000000000e+00
6.973431972124751965e+00,3.199721339573516232e+00,0.000000000000000000e+00,8.454309606756360562e-01,-1.108619191474297994e+00,0.000000000000000000e+00
6.741961247785679845e+00,3.106422066111607982e+00,0.000000000000000000e+00,1.215644284031002886e+00,-8.757801909775650984e-01,0.000000000000000000e+00
6.855741287928575289e+00,3.202990637608625679e+00,0.000000000000000000e+00,1.018641651980531249e+00,-1.020862363447485599e+00,0.000000000000000000e+00
7.025648818879972168e+00,3.344971872762589893e+00,0.000000000000000000e+00,7.152818881618697722e-01,-9.271028782992289941e-01,0.000000000000000000e+00
7.111992483079781380e+00,3.431855592134152921e+00,0.000000000000000000e+00,4.166193167420573218e-01,-6.408857506570337925e-01,0.000000000000000000e+00
6.907958134683795492e+00,3.348241170797699340e+00,0.000000000000000000e+00,8.786214515021887328e-01,-8.475379291825186900e-01,0.000000000000000000e+00
6.960174981439015696e+00,3.493491703986773000e+00,0.000000000000000000e+00,6.672082894887447768e-01,-6.835692708668518192e-01,0.000000000000000000e+00
7.251696410292464812e+00,3.483729768699717066e+00,0.000000000000000000e+00,2.524126731918876487e-01,-3.463470149643592122e-01,0.000000000000000000e+00
7.369791417932193056e+00,3.548620028558951311e+00,0.000000000000000000e+00,1.405366303412327600e-01,-2.133063549940636960e-01,0.000000000000000000e+00
7.099878908651700016e+00,3.545365880552337590e+00,0.000000000000000000e+00,5.084355907699668053e-01,-5.021085432383681768e-01,0.000000000000000000e+00
7.239582835864384336e+00,3.597240057117901735e+00,0.000000000000000000e+00,2.955934019580893635e-01,-1.977705293237293493e-01,0.000000000000000000e+00
7.678571428576509206e+00,3.500000000000000444e+00,0.000000000000000000e+00,0.000000000000000000e+00,0.000000000000000000e+00,0.000000000000000000e+00
7.314348776034474753e+00,3.682326805887417898e+00,0.000000000000000000e+00,2.299221528499038047e-01,-1.155710427690393588e-01,0.000000000000000000e+00
7.444557358102281697e+00,3.633706777328467030e+00,0.000000000000000000e+00,9.463813194691667041e-02,-2.211324611365829418e-02,0.000000000000000000e+00
7.539117392233275261e+00,3.769443359286466233e+00,0.000000000000000000e+00,6.884644302733609889e-02,4.177017531345058460e-02,0.000000000000000000e+00
7.594560034130992676e+00,3.635736581957998759e+00,0.000000000000000000e+00,6.945127515472761248e-02,1.762082780518553493e-02,0.000000000000000000e+00
7.773131462707501882e+00,3.635736581957999647e+00,0.000000000000000000e+00,1.704542938694329074e-02,1.470452113829247114e-02,0.000000000000000000e+00
7.857142857153018412e+00,3.500000000000000444e+00,0.000000000000000000e+00,0.000000000000000000e+00,0.000000000000000000e+00,0.000000000000000000e+00
7.389114716204564282e+00,3.767413554656934949e+00,0.000000000000000000e+00,1.439478948754454590e-01,1.144567626047208499e-02,0.000000000000000000e+00
7.689120068261987129e+00,3.771473163915998406e+00,0.000000000000000000e+00,6.112379260861484573e-03,6.779952324932804475e-02,0.000000000000000000e+00
6.242597828591174292e+00,2.577488665759062769e+00,0.000000000000000000e+00,1.276679229354960921e+00,7.552987969505509103e-01,0.000000000000000000e+00
6.134829260191189348e+00,2.491459482986600804e+00,0.000000000000000000e+00,1.127377779610727382e+00,1.135112151588723028e+00,0.000000000000000000e+00
6.139340131775391285e+00,2.671266348014205594e+00,0.000000000000000000e+00,9.589945432083678556e-01,8.155428357088422286e-01,0.000000000000000000e+00
6.305788760880389532e+00,2.691478188991196063e+00,0.000000000000000000e+00,1.213839225939954858e+00,3.963705664338825208e-01,0.000000000000000000e+00
5.973738861724416260e+00,2.385006392823440180e+00,0.000000000000000000e+00,7.576984011907442751e-01,1.781859154462640760e+00,0.000000000000000000e+00
5.819933135949314718e+00,2.273078231822584172e+00,0.000000000000000000e+00,6.761123197493135173e-01,2.426107392514512018e+00,0.000000000000000000e+00
5.978249733308619085e+00,2.564813257851045414e+00,0.000000000000000000e+00,8.143353882064666704e-01,1.408919506606199912e+00,0.000000000000000000e+00
5.817159334841844220e+00,2.458360167687884346e+00,0.000000000000000000e+00,3.162606253627684993e-01,1.926278733425078382e+00,0.000000000000000000e+00
5.658411800811167680e+00,1.795281746911661536e+00,0.000000000000000000e+00,-3.328826475885731523e-02,1.467422322029186876e+00,0.000000000000000000e+00
5.661353468528392163e+00,1.981398147979881230e+00,0.000000000000000000e+00,1.668767774139345017e-01,1.999451191243456272e+00,0.000000000000000000e+00
5.500000000000000000e+00,1.875000000002478906e+00,0.000000000000000000e+00,0.000000000000000000e+00,0.000000000000000000e+00,0.000000000000000000e+00
5.500000000000000000e+00,1.687500000003319123e+00,0.000000000000000000e+00,0.000000000000000000e+00,0.000000000000000000e+00,0.000000000000000000e+00
5.500000000000000000e+00,2.062500000002528644e+00,0.000000000000000000e+00,0.000000000000000000e+00,0.000000000000000000e+00,0.000000000000000000e+00
5.661353468528393051e+00,2.168898147979930968e+00,0.000000000000000000e+00,6.252443200023362069e-01,2.060760930800275226e+00,0.000000000000000000e+00
5.658579667420922554e+00,2.354180083845231586e+00,0.000000000000000000e+00,2.663693958224279054e-02,1.378399413934619844e+00,0.000000000000000000e+00
5.500000000000000000e+00,2.250000000002577938e+00,0.000000000000000000e+00,0.000000000000000000e+00,0.000000000000000000e+00,0.000000000000000000e+00
6.403734366282601620e+00,2.819719459349216528e+00,0.000000000000000000e+00,1.265586636816054433e+00,8.007571118796708021e-02,0.000000000000000000e+00
6.481706275111300819e+00,2.968801191672418405e+00,0.000000000000000000e+00,1.367195764698932337e+00,-2.656582302182664557e-01,0.000000000000000000e+00
6.237285737177604261e+00,2.799507618372226503e+00,0.000000000000000000e+00,1.157378578105022537e+00,4.281173835757917101e-01,0.000000000000000000e+00
6.335231342579816349e+00,2.927748888730246524e+00,0.000000000000000000e+00,1.216277884615184046e+00,1.525102093244940227e-01,0.000000000000000000e+00
6.752266881876595406e+00,3.269809906511137676e+00,0.000000000000000000e+00,1.155291044057287220e+00,-7.211742325972395617e-01,0.000000000000000000e+00
6.638486841733699961e+00,3.173241335014119535e+00,0.000000000000000000e+00,1.290193806947081301e+00,-5.882280156837083052e-01,0.000000000000000000e+00
6.354184450891029456e+00,3.053555090736641997e+00,0.000000000000000000e+00,1.283676462140479924e+00,-4.021108463323722071e-02,0.000000000000000000e+00
6.500659383422513926e+00,3.094607393678813434e+00,0.000000000000000000e+00,1.399363938508701777e+00,-3.709450336112114499e-01,0.000000000000000000e+00
6.510965017513428599e+00,3.257995234078342683e+00,0.000000000000000000e+00,1.257615611949135070e+00,-3.651612182270202456e-01,0.000000000000000000e+00
6.648792475824614634e+00,3.336629175413648785e+00,0.000000000000000000e+00,1.154846762187331510e+00,-5.469575475618457805e-01,0.000000000000000000e+00
6.373137559202242564e+00,3.179361292743037026e+00,0.000000000000000000e+00,1.324168615817994610e+00,-1.997613401532986332e-01,0.000000000000000000e+00
6.804483728631815609e+00,3.415060439700210893e+00,0.000000000000000000e+00,9.351153454392229225e-01,-6.368334298550614170e-01,0.000000000000000000e+00
7.169719666507395672e+00,3.692906604765046730e+00,0.000000000000000000e+00,3.019760170104753838e-01,-2.021186939574673158e-01,0.000000000000000000e+00
7.030015739294711352e+00,3.641032428199482140e+00,0.000000000000000000e+00,5.297362796116757977e-01,-4.788041635774534233e-01,0.000000000000000000e+00
6.799849423551647121e+00,3.581386469168211129e+00,0.000000000000000000e+00,8.581541150252502970e-01,-4.364620494107123716e-01,0.000000000000000000e+00
6.644158170744445258e+00,3.502955204881648577e+00,0.000000000000000000e+00,1.054147668685882833e+00,-4.134808547026934122e-01,0.000000000000000000e+00
6.910166475872385305e+00,3.643654161222936061e+00,0.000000000000000000e+00,7.008710772424113777e-01,-4.333715432845913762e-01,0.000000000000000000e+00
6.980007233728080962e+00,3.791194885435645201e+00,0.000000000000000000e+00,4.830712597919928353e-01,-2.594392280432617492e-01,0.000000000000000000e+00
6.749840917985015842e+00,3.731548926404373745e+00,0.000000000000000000e+00,7.795224698288610865e-01,-2.932546639559099333e-01,0.000000000000000000e+00
6.860157970305754027e+00,3.793816618459098677e+00,0.000000000000000000e+00,6.183966169775777511e-01,-2.531307426435354668e-01,0.000000000000000000e+00
7.099856497150405232e+00,3.788573152412190392e+00,0.000000000000000000e+00,3.093482894731791055e-01,-1.947335973326928815e-01,0.000000000000000000e+00
6.639523865664276769e+00,3.669281234349648813e+00,0.000000000000000000e+00,9.146357322425301417e-01,-3.150111392450227754e-01,0.000000000000000000e+00
7.244485606677484313e+00,3.777993353534562893e+00,0.000000000000000000e+00,2.369782250062052731e-01,-1.137069960915962907e-01,0.000000000000000000e+00
7.463922034108206205e+00,3.903188274557508386e+00,0.000000000000000000e+00,7.745866061947399850e-02,9.147832446637137183e-02,0.000000000000000000e+00
7.613924710136917184e+00,3.905218079187040559e+00,0.000000000000000000e+00,8.301165760013847969e-03,1.074593467456863849e-01,0.000000000000000000e+00
7.538729352011847240e+00,4.038962994458081823e+00,0.000000000000000000e+00,1.237151480024459467e-02,1.530337557230224410e-01,0.000000000000000000e+00
7.861474332240399043e+00,3.777587092882823683e+00,0.000000000000000000e+00,-2.262012300202584023e-02,7.170903204970949241e-03,0.000000000000000000e+00
7.945485726685914685e+00,3.641850510924824480e+00,0.000000000000000000e+00,4.964892744673809859e-03,2.981615886083191589e-03,0.000000000000000000e+00
8.033828596218812734e+00,3.783701021849649404e+00,0.000000000000000000e+00,-1.663627651542851776e-02,3.368855562690881763e-03,0.000000000000000000e+00
8.035714285725685357e+00,3.500000000000000444e+00,0.000000000000000000e+00,0.000000000000000000e+00,0.000000000000000000e+00,0.000000000000000000e+00
8.124057155258583407e+00,3.641850510924824924e+00,0.000000000000000000e+00,-3.638238637965143189e-03,1.209388479835514247e-03,0.000000000000000000e+00
8.214285714298354080e+00,3.500000000000000444e+00,0.000000000000000000e+00,0.000000000000000000e+00,0.000000000000000000e+00,0.000000000000000000e+00
7.162288222496841605e+00,3.912442904648250952e+00,0.000000000000000000e+00,2.676814379371245112e-01,-8.803813591295868435e-02,0.000000000000000000e+00
7.306917332023919798e+00,3.901863105770623008e+00,0.000000000000000000e+00,1.574121885866818782e-01,2.765727196729062670e-02,0.000000000000000000e+00
7.381724649927562609e+00,4.037637825671197334e+00,0.000000000000000000e+00,9.102274157771583774e-02,1.349941799724179159e-01,0.000000000000000000e+00
7.224719947843277978e+00,4.036312656884311956e+00,0.000000000000000000e+00,1.909340181985380580e-01,5.981046236734349070e-02,0.000000000000000000e+00
7.702354752028199414e+00,4.039242549765917900e+00,0.000000000000000000e+00,-7.210359648605127458e-02,1.569639667108773673e-01,0.000000000000000000e+00
7.777550110153269358e+00,3.905497634494875747e+00,0.000000000000000000e+00,-5.518503374356216462e-02,7.547714126576469951e-02,0.000000000000000000e+00
7.949904374131682161e+00,3.911611563461701468e+00,0.000000000000000000e+00,-1.343933034777636815e-01,9.059127469915381065e-03,0.000000000000000000e+00
7.865980152044551588e+00,4.039522105073753089e+00,0.000000000000000000e+00,-1.735199138602324664e-01,1.120827406202767745e-01,0.000000000000000000e+00
5.811141397919693752e+00,2.631775119904598448e+00,0.000000000000000000e+00,4.710405311752482449e-01,1.538351488033290915e+00,0.000000000000000000e+00
5.972231796386466840e+00,2.738228210067759072e+00,0.000000000000000000e+00,5.745115493429738818e-01,1.089916349381867322e+00,0.000000000000000000e+00
6.213944292210303644e+00,2.967036127232761000e+00,0.000000000000000000e+00,1.070269329266475999e+00,2.421757285175915042e-01,0.000000000000000000e+00
6.115998686808091556e+00,2.838794856874740535e+00,0.000000000000000000e+00,9.712891275463089169e-01,5.227578470851439452e-01,0.000000000000000000e+00
5.948890351419166223e+00,2.905756718928293569e+00,0.000000000000000000e+00,6.920759080673397623e-01,7.827114539025947781e-01,0.000000000000000000e+00
5.805123460997542395e+00,2.805190072121312106e+00,0.000000000000000000e+00,1.827949478867093025e-01,1.182720620104018794e+00,0.000000000000000000e+00
6.092657241840790938e+00,3.006323365735275033e+00,0.000000000000000000e+00,9.111677206388671957e-01,2.993518098324841614e-01,0.000000000000000000e+00
5.500000000000000000e+00,2.437500000002194245e+00,0.000000000000000000e+00,0.000000000000000000e+00,0.000000000000000000e+00,0.000000000000000000e+00
5.658579667420922554e+00,2.541680083844847449e+00,0.000000000000000000e+00,1.421833972960077630e-01,1.287248110508621535e+00,0.000000000000000000e+00
5.652561730498771198e+00,2.715095036061561107e+00,0.000000000000000000e+00,6.210864018132487840e-02,8.372306973252102713e-01,0.000000000000000000e+00
5.500000000000000000e+00,2.625000000001810108e+00,0.000000000000000000e+00,0.000000000000000000e+00,0.000000000000000000e+00,0.000000000000000000e+00
6.232897400521516751e+00,3.092842329239156030e+00,0.000000000000000000e+00,1.160258532762766137e+00,5.125774758920743218e-02,0.000000000000000000e+00
6.520913114949864919e+00,3.415217198717367175e+00,0.000000000000000000e+00,1.182395815723857879e+00,-3.323615974311923682e-01,0.000000000000000000e+00
6.383085656638678884e+00,3.336583257382061074e+00,0.000000000000000000e+00,1.235508974627357093e+00,-2.311305368604330002e-01,0.000000000000000000e+00
6.393033754075114317e+00,3.493805222021085122e+00,0.000000000000000000e+00,1.139090724947412037e+00,-2.689758908453896424e-01,0.000000000000000000e+00
6.516278809869695543e+00,3.581543228185366967e+00,0.000000000000000000e+00,1.039536535713763143e+00,-2.825757888453712119e-01,0.000000000000000000e+00
6.239563048661485922e+00,3.251255860774679540e+00,0.000000000000000000e+00,1.258328811582456908e+00,-1.062185968827659421e-01,0.000000000000000000e+00
6.099322889980758333e+00,3.164736897270798099e+00,0.000000000000000000e+00,1.066834702180547767e+00,7.248393525001299575e-02,0.000000000000000000e+00
6.249511146097921355e+00,3.408477825413703588e+00,0.000000000000000000e+00,1.165193073827524461e+00,-1.549986594617966118e-01,0.000000000000000000e+00
6.105988538120727505e+00,3.323150428806321610e+00,0.000000000000000000e+00,1.177598545842593492e+00,-9.687674653205158304e-02,0.000000000000000000e+00
6.892773250775601213e+00,3.918490470913614132e+00,0.000000000000000000e+00,5.223279069224827653e-01,-1.419308962708368260e-01,0.000000000000000000e+00
7.012622514197927259e+00,3.915868737890160212e+00,0.000000000000000000e+00,3.831233590770103392e-01,-8.452658002214280542e-02,0.000000000000000000e+00
6.925388531245449286e+00,4.043164323368130475e+00,0.000000000000000000e+00,3.963488710329889364e-01,-5.989943772113559897e-03,0.000000000000000000e+00
6.748225961891173519e+00,3.897403380774743908e+00,0.000000000000000000e+00,6.372796943816526616e-01,-1.429556575833835219e-01,0.000000000000000000e+00
6.637908909570434446e+00,3.835135688720018976e+00,0.000000000000000000e+00,7.957951526257259767e-01,-1.782817512852883091e-01,0.000000000000000000e+00
6.636293953476591234e+00,4.000990143090388251e+00,0.000000000000000000e+00,6.270609809168258275e-01,-3.466910178485160809e-02,0.000000000000000000e+00
6.780841242361020704e+00,4.022077233229259363e+00,0.000000000000000000e+00,5.298083955099928133e-01,-7.691293031140772340e-02,0.000000000000000000e+00
7.075054239544362744e+00,4.039738490126220327e+00,0.000000000000000000e+00,3.139963673949210943e-01,-6.420631363432604752e-03,0.000000000000000000e+00
6.507511288423149409e+00,3.761481478291242020e+00,0.000000000000000000e+00,9.423525544674885568e-01,-1.970077223694202961e-01,0.000000000000000000e+00
6.384266232628567295e+00,3.673743472126959730e+00,0.000000000000000000e+00,1.041982652949186683e+00,-2.288893869971912465e-01,0.000000000000000000e+00
6.505896332329305309e+00,3.927335932661611739e+00,0.000000000000000000e+00,8.012682991033457380e-01,-1.119841110668736706e-01,0.000000000000000000e+00
6.375498711182020273e+00,3.853681722232835671e+00,0.000000000000000000e+00,9.281679961021395142e-01,-1.958742078750939364e-01,0.000000000000000000e+00
7.792696609721716960e+00,4.175647865532386760e+00,0.000000000000000000e+00,-1.286965824497634803e-01,2.138344306224734259e-01,0.000000000000000000e+00
7.629071209705365675e+00,4.175368310224550683e+00,0.000000000000000000e+00,-4.936720006184845688e-02,2.232196989153817646e-01,0.000000000000000000e+00
7.303679540595966913e+00,4.177190452771801787e+00,0.000000000000000000e+00,1.019090784906045294e-01,1.843272136693722418e-01,0.000000000000000000e+00
7.460684242680252432e+00,4.178515621558686277e+00,0.000000000000000000e+00,2.785474541327394651e-02,2.108739751192760248e-01,0.000000000000000000e+00
7.551026100373769978e+00,4.314920937325156025e+00,0.000000000000000000e+00,-1.569439867276141778e-02,2.708383268393684817e-01,0.000000000000000000e+00
7.719413067398884110e+00,4.311773625991021319e+00,0.000000000000000000e+00,-7.316466090768843078e-02,2.775604194937343894e-01,0.000000000000000000e+00
7.382639133348655847e+00,4.318068248659290731e+00,0.000000000000000000e+00,4.196414348650562981e-02,2.566798760975294025e-01,0.000000000000000000e+00
8.210433336367213286e+00,3.788060527925070531e+00,0.000000000000000000e+00,-6.104008087938454785e-02,5.165636859618106397e-02,0.000000000000000000e+00
8.300661895406983959e+00,3.646210017000245607e+00,0.000000000000000000e+00,-4.238960345867442275e-02,3.173939592255567432e-02,0.000000000000000000e+00
8.039567000750723835e+00,4.032403076603818803e+00,0.000000000000000000e+00,-2.631672268583901686e-01,3.886749726449273412e-02,0.000000000000000000e+00
8.123491222837852632e+00,3.904492534991766295e+00,0.000000000000000000e+00,-1.574731052535283393e-01,4.670011938059262513e-02,0.000000000000000000e+00
8.300095962986256737e+00,3.908852041067187866e+00,0.000000000000000000e+00,-1.949813173735234217e-01,1.171291148796578113e-01,0.000000000000000000e+00
8.387038076515617391e+00,3.792420034000491658e+00,0.000000000000000000e+00,-1.302566128470810103e-01,1.125971275227405782e-01,0.000000000000000000e+00
8.213153849456896083e+00,4.025284048133883630e+00,0.000000000000000000e+00,-2.799687232268781578e-01,9.773654179645267781e-02,0.000000000000000000e+00
8.392857142868518139e+00,3.500000000000000444e+00,0.000000000000000000e+00,0.000000000000000000e+00,0.000000000000000000e+00,0.000000000000000000e+00
8.479233323977148018e+00,3.646210017000245607e+00,0.000000000000000000e+00,-1.150888147958178259e-01,3.057505508608684627e-02,0.000000000000000000e+00
8.571428571438683974e+00,3.500000000000000444e+00,0.000000000000000000e+00,0.000000000000000000e+00,0.000000000000000000e+00,0.000000000000000000e+00
6.989400439561126888e+00,4.178915345840964690e+00,0.000000000000000000e+00,3.045142490048700634e-01,6.144962368156947630e-02,0.000000000000000000e+00
7.139066147860040346e+00,4.175489512599055431e+00,0.000000000000000000e+00,2.017772991867372856e-01,1.195334537194627095e-01,0.000000000000000000e+00
7.218025740612730168e+00,4.316367308486546150e+00,0.000000000000000000e+00,9.699841418745919208e-02,2.201219213026562316e-01,0.000000000000000000e+00
7.053412347876803601e+00,4.314666368313800682e+00,0.000000000000000000e+00,1.698390053841313529e-01,1.627198060431264137e-01,0.000000000000000000e+00
7.964933788621907595e+00,4.172831076552967033e+00,0.000000000000000000e+00,-2.251059424363436590e-01,1.385812244548280392e-01,0.000000000000000000e+00
7.891650246299073856e+00,4.308956837011600705e+00,0.000000000000000000e+00,-1.353101559814150201e-01,2.403570834994963046e-01,0.000000000000000000e+00
8.138520637328078067e+00,4.165712048083031860e+00,0.000000000000000000e+00,-3.240288396085962974e-01,7.665410024147611967e-02,0.000000000000000000e+00
8.063887425199260051e+00,4.306140048032179202e+00,0.000000000000000000e+00,-2.251759437640961092e-01,1.684095618849227594e-01,0.000000000000000000e+00
5.955190609713944205e+00,3.086666289534028884e+00,0.000000000000000000e+00,7.782447129685571285e-01,4.941063034294181366e-01,0.000000000000000000e+00
5.811423719292319490e+00,2.986099642727046977e+00,0.000000000000000000e+00,5.508029989222276157e-01,8.435886025550931588e-01,0.000000000000000000e+00
5.817723977587096584e+00,3.167009213332782291e+00,0.000000000000000000e+00,6.716965576305274910e-01,5.552003457200286318e-01,0.000000000000000000e+00
5.500000000000000000e+00,2.812500000000905054e+00,0.000000000000000000e+00,0.000000000000000000e+00,0.000000000000000000e+00,0.000000000000000000e+00
5.652561730498771198e+00,2.902595036060656497e+00,0.000000000000000000e+00,8.232898855528386628e-02,7.683627213331166717e-01,0.000000000000000000e+00
5.658861988793548292e+00,3.083504606666391368e+00,0.000000000000000000e+00,3.851051762659111755e-01,4.273763489735249999e-01,0.000000000000000000e+00
5.500000000000000000e+00,3.000000000000000000e+00,0.000000000000000000e+00,0.000000000000000000e+00,0.000000000000000000e+00,0.000000000000000000e+00
5.961856257853911600e+00,3.245079821069551951e+00,0.000000000000000000e+00,9.953001479621285119e-01,2.610438464407812131e-01,0.000000000000000000e+00
6.113693841243776461e+00,3.490104490452569763e+00,0.000000000000000000e+00,1.127364735616656954e+00,-1.191739720795620405e-01,0.000000000000000000e+00
6.257216449220971199e+00,3.575431887059951741e+00,0.000000000000000000e+00,1.114858808496346221e+00,-1.729116805989844297e-01,0.000000000000000000e+00
6.248448927774423289e+00,3.755370137165826350e+00,0.000000000000000000e+00,1.010088599255292818e+00,-1.628635982169100715e-01,0.000000000000000000e+00
6.121399144366826306e+00,3.657058552098817916e+00,0.000000000000000000e+00,1.071968428033710508e+00,-1.493598914572825398e-01,0.000000000000000000e+00
5.835677958727532477e+00,3.341663844824347862e+00,0.000000000000000000e+00,9.867412827855077673e-01,3.289897752710247980e-01,0.000000000000000000e+00
5.979810238994347493e+00,3.419734452561117077e+00,0.000000000000000000e+00,1.177528855242763850e+00,8.049038639290867492e-02,0.000000000000000000e+00
5.987515542117398226e+00,3.586688514207365230e+00,0.000000000000000000e+00,1.121851384783308925e+00,9.762757945451569497e-02,0.000000000000000000e+00
5.853631939867968370e+00,3.516318476315912989e+00,0.000000000000000000e+00,1.175531295424198763e+00,1.458816728023798193e-01,0.000000000000000000e+00
6.678610342804939926e+00,4.154080870032984762e+00,0.000000000000000000e+00,4.680754278150590086e-01,3.560865934679140806e-03,0.000000000000000000e+00
6.823157631689367619e+00,4.175167960171854986e+00,0.000000000000000000e+00,3.620268544640112829e-01,3.416706758558106516e-02,0.000000000000000000e+00
6.887169540005045221e+00,4.310918982644690090e+00,0.000000000000000000e+00,2.386693235079468123e-01,7.414975981139781958e-02,0.000000000000000000e+00
6.720926732133286841e+00,4.307171596975579497e+00,0.000000000000000000e+00,2.687771462865622962e-01,5.671953224502743890e-02,0.000000000000000000e+00
6.504412043553584155e+00,4.122022430004554039e+00,0.000000000000000000e+00,4.988941798238646919e-01,-3.102791991713539296e-02,0.000000000000000000e+00
6.374014422406299119e+00,4.048368219575777971e+00,0.000000000000000000e+00,6.775894724474472719e-01,-1.532498354401006790e-01,0.000000000000000000e+00
6.546728432881931958e+00,4.275113156947149662e+00,0.000000000000000000e+00,3.004656197334697465e-01,-5.769959849528385337e-02,0.000000000000000000e+00
6.372530133630577076e+00,4.243054716918720715e+00,0.000000000000000000e+00,2.745051734355011819e-01,-1.260649297713605788e-01,0.000000000000000000e+00
6.115215512334849279e+00,3.836885724017908395e+00,0.000000000000000000e+00,9.011097248122710290e-01,-2.614730368122457072e-01,0.000000000000000000e+00
6.242265295742445375e+00,3.935197309084916828e+00,0.000000000000000000e+00,8.502178770692625509e-01,-2.036096522693770783e-01,0.000000000000000000e+00
6.240781006966725108e+00,4.129883806427859128e+00,0.000000000000000000e+00,5.162892029120786930e-01,-2.514734918118877172e-01,0.000000000000000000e+00
6.109031880302872253e+00,4.016712895936998429e+00,0.000000000000000000e+00,6.828549215549233331e-01,-4.049144417589610745e-01,0.000000000000000000e+00
7.468749921374694623e+00,4.462729879266044364e+00,0.000000000000000000e+00,1.428393084497794896e-02,3.023141635814672878e-01,0.000000000000000000e+00
7.637136888399808754e+00,4.459582567931909658e+00,0.000000000000000000e+00,-2.321334882163979610e-02,3.129495226034815780e-01,0.000000000000000000e+00
7.554860709400733398e+00,4.607391509872797997e+00,0.000000000000000000e+00,4.460416982779142822e-03,3.296510320821576245e-01,0.000000000000000000e+00
7.813245402497281944e+00,4.455432689509933653e+00,0.000000000000000000e+00,-4.769656282480311260e-02,2.931142303768290991e-01,0.000000000000000000e+00
7.985482581397470803e+00,4.452615900530513038e+00,0.000000000000000000e+00,-8.564156348715824818e-02,2.612762048447064278e-01,0.000000000000000000e+00
7.730969223498206588e+00,4.603241631450822879e+00,0.000000000000000000e+00,6.531841601563175177e-03,3.082578116831575232e-01,0.000000000000000000e+00
7.907077737595678890e+00,4.599091753028845098e+00,0.000000000000000000e+00,9.939053810843085160e-03,2.912642302735303779e-01,0.000000000000000000e+00
7.135731552383363763e+00,4.460522225168496391e+00,0.000000000000000000e+00,9.529407175780725547e-02,2.469253258867345480e-01,0.000000000000000000e+00
7.300344945119290330e+00,4.462223165341242748e+00,0.000000000000000000e+00,4.886100610657444915e-02,2.792657219218480091e-01,0.000000000000000000e+00
7.386455733145329106e+00,4.606884795947996381e+00,0.000000000000000000e+00,1.695365555773539409e-02,3.101165294543568041e-01,0.000000000000000000e+00
7.218050756889923036e+00,4.606378082023192988e+00,0.000000000000000000e+00,3.398291817910241430e-02,2.945256039656364289e-01,0.000000000000000000e+00
8.392888894388832455e+00,4.026061835331560701e+00,0.000000000000000000e+00,-2.509138027377303959e-01,1.139246531291853853e-01,0.000000000000000000e+00
8.479831007918191332e+00,3.909629828264864493e+00,0.000000000000000000e+00,-1.952106102842384727e-01,1.280980647483017654e-01,0.000000000000000000e+00
8.572623939320767050e+00,4.026839622529237772e+00,0.000000000000000000e+00,-2.322774623815352935e-01,1.404707963285294625e-01,0.000000000000000000e+00
8.568194678372883288e+00,3.796382459039969959e+00,0.000000000000000000e+00,-2.133066457741257249e-01,8.008970931562951756e-02,0.000000000000000000e+00
8.660389925834415692e+00,3.650172442039723908e+00,0.000000000000000000e+00,-1.739557085861783148e-01,3.385112307103031043e-02,0.000000000000000000e+00
8.660987609775457230e+00,3.913592253304343238e+00,0.000000000000000000e+00,-2.457674361526874240e-01,1.303119660468942953e-01,0.000000000000000000e+00
8.749351280230149186e+00,3.800344884079448260e+00,0.000000000000000000e+00,-2.928148599384856610e-01,1.135029802008021005e-01,0.000000000000000000e+00
8.319771005335743652e+00,4.156806159137943268e+00,0.000000000000000000e+00,-2.825032731837857636e-01,7.543739852248336486e-02,0.000000000000000000e+00
8.245137793206925636e+00,4.297234159087091498e+00,0.000000000000000000e+00,-2.732246558667982828e-01,4.507807011976024125e-02,0.000000000000000000e+00
8.499506050267678248e+00,4.157583946335620340e+00,0.000000000000000000e+00,-2.356864698629022037e-01,1.074060971546905302e-01,0.000000000000000000e+00
8.426388161214589445e+00,4.288328270142002907e+00,0.000000000000000000e+00,-2.373694041234795382e-01,5.319918927337664166e-02,0.000000000000000000e+00
8.750000000008848033e+00,3.500000000000000444e+00,0.000000000000000000e+00,0.000000000000000000e+00,0.000000000000000000e+00,0.000000000000000000e+00
8.838961354404581527e+00,3.650172442039724352e+00,0.000000000000000000e+00,-2.433531670526892787e-01,3.098921473470012469e-02,0.000000000000000000e+00
8.928571428579013869e+00,3.500000000000000444e+00,0.000000000000000000e+00,0.000000000000000000e+00,0.000000000000000000e+00,0.000000000000000000e+00
6.799138287082095999e+00,4.455336756900704742e+00,0.000000000000000000e+00,2.165748968905236993e-01,8.861541819539514586e-02,0.000000000000000000e+00
6.965381094953853491e+00,4.459084142569814446e+00,0.000000000000000000e+00,1.512941202294064980e-01,1.685549966088059071e-01,0.000000000000000000e+00
7.047700299460414541e+00,4.604939999424511043e+00,0.000000000000000000e+00,6.426028966251393082e-02,2.483186119697718131e-01,0.000000000000000000e+00
6.877349842030905158e+00,4.603501916825829987e+00,0.000000000000000000e+00,1.145314694760731639e-01,1.738691965203733314e-01,0.000000000000000000e+00
8.088310044496424212e+00,4.589820924033913840e+00,0.000000000000000000e+00,2.464989770329925611e-02,1.955913970383710843e-01,0.000000000000000000e+00
8.166714888298216124e+00,4.443345071535581781e+00,0.000000000000000000e+00,-1.273171022210873582e-01,1.209488600820295828e-01,0.000000000000000000e+00
8.347965256305879933e+00,4.434439182590493189e+00,0.000000000000000000e+00,-1.548907865525543659e-01,9.756829210794350574e-03,0.000000000000000000e+00
8.269542351397170421e+00,4.580550095038982583e+00,0.000000000000000000e+00,1.226494867749379838e-02,5.575486708581832429e-02,0.000000000000000000e+00
5.536180932027198409e+00,3.193186100252034976e+00,0.000000000000000000e+00,5.790007752312651412e-01,3.075197779833641065e-02,0.000000000000000000e+00
5.695042920820746701e+00,3.276690706918425899e+00,0.000000000000000000e+00,7.789536964120179485e-01,3.742776902109369308e-01,0.000000000000000000e+00
5.712996901961183482e+00,3.451345338409991470e+00,0.000000000000000000e+00,1.007125435133938263e+00,2.603201479052482670e-01,0.000000000000000000e+00
5.572361864054396818e+00,3.386372200504069507e+00,0.000000000000000000e+00,8.655259918836486488e-01,6.024503902991961563e-02,0.000000000000000000e+00
5.333333333333333925e+00,3.000000000000000444e+00,0.000000000000000000e+00,0.000000000000000000e+00,0.000000000000000000e+00,0.000000000000000000e+00
5.442582153313652249e+00,3.342631785040137693e+00,0.000000000000000000e+00,8.229068914448889327e-01,-1.685790492925038492e-02,0.000000000000000000e+00
5.406401221286452952e+00,3.149445684788102717e+00,0.000000000000000000e+00,5.057747050920694543e-01,-4.128311040186769670e-02,0.000000000000000000e+00
5.239734554619786877e+00,3.149445684788102717e+00,0.000000000000000000e+00,4.614617623646903311e-01,-7.399484390061035477e-02,0.000000000000000000e+00
5.166666666666666963e+00,3.000000000000000000e+00,0.000000000000000000e+00,0.000000000000000000e+00,0.000000000000000000e+00,0.000000000000000000e+00
5.312802442572906791e+00,3.298891369576204990e+00,0.000000000000000000e+00,7.778929683011556184e-01,-1.741312436507026218e-01,0.000000000000000000e+00
5.872895641423328428e+00,3.676850449623333184e+00,0.000000000000000000e+00,9.929302273561880776e-01,1.731177875855209325e-01,0.000000000000000000e+00
6.006779243672756508e+00,3.747220487514785425e+00,0.000000000000000000e+00,9.149556392500237667e-01,2.420800137964738974e-02,0.000000000000000000e+00
6.000595611640779481e+00,3.927047659433875459e+00,0.000000000000000000e+00,7.347860556497632922e-01,-1.186514670383145148e-01,0.000000000000000000e+00
5.892159342978686709e+00,3.837382422930752490e+00,0.000000000000000000e+00,7.319672062331715745e-01,2.003357974650797346e-01,0.000000000000000000e+00
5.597634572780187057e+00,3.531334896487732244e+00,0.000000000000000000e+00,1.072580927434564790e+00,8.852725756115481515e-02,0.000000000000000000e+00
5.738269610686973721e+00,3.596308034393654651e+00,0.000000000000000000e+00,1.193918450382047247e+00,1.935287017312504187e-01,0.000000000000000000e+00
5.757533312242332002e+00,3.756840007701073958e+00,0.000000000000000000e+00,9.773683134251556215e-01,3.385834467667183101e-01,0.000000000000000000e+00
5.622907281505976407e+00,3.676297592471394537e+00,0.000000000000000000e+00,1.237778773856451409e+00,1.168593587589600302e-01,0.000000000000000000e+00
6.622965305396878222e+00,4.450375824602481600e+00,0.000000000000000000e+00,2.435464882412418930e-01,8.125798259320368613e-04,0.000000000000000000e+00
6.448767006145523339e+00,4.418317384574050877e+00,0.000000000000000000e+00,2.517432605396980883e-01,-1.333723848765331343e-01,0.000000000000000000e+00
6.701176860345686492e+00,4.598540984527605957e+00,0.000000000000000000e+00,2.004612805290930666e-01,8.313439492304587619e-02,0.000000000000000000e+00
6.525003878660470491e+00,4.593580052229382815e+00,0.000000000000000000e+00,2.609916783769661852e-01,-6.560354870496395985e-02,0.000000000000000000e+00
6.094331161933133068e+00,4.166382981671789665e+00,0.000000000000000000e+00,4.647463956966231269e-01,-3.719923007281730754e-01,0.000000000000000000e+00
6.226080288596985035e+00,4.279553892162649475e+00,0.000000000000000000e+00,1.894182388388722937e-01,-2.532821520051307118e-01,0.000000000000000000e+00
6.284872640542191746e+00,4.414105421806988616e+00,0.000000000000000000e+00,1.899136102862076514e-01,-2.836744599512914800e-01,0.000000000000000000e+00
6.361109513057137121e+00,4.589368089462319666e+00,0.000000000000000000e+00,2.506847634862229834e-01,-2.752176753867742742e-01,0.000000000000000000e+00
6.138422795508599705e+00,4.450604597050919153e+00,0.000000000000000000e+00,1.260982625120996570e-01,-3.620563892254053950e-01,0.000000000000000000e+00
6.079630443563392994e+00,4.316053067406579125e+00,0.000000000000000000e+00,1.245497405911453331e-01,-3.478329349488646915e-01,0.000000000000000000e+00
6.197215147453804640e+00,4.585156126695257406e+00,0.000000000000000000e+00,2.070367830499009743e-01,-3.932333413380092457e-01,0.000000000000000000e+00
5.852566424537209322e+00,4.015214658482518573e+00,0.000000000000000000e+00,5.176446987732784555e-01,9.455016954187728251e-02,0.000000000000000000e+00
5.961002693199302982e+00,4.104879894985641542e+00,0.000000000000000000e+00,5.263485051772589518e-01,-1.612817671697582278e-01,0.000000000000000000e+00
5.946301974829562909e+00,4.254549980720431890e+00,0.000000000000000000e+00,1.982305378676139096e-01,-2.495099692932165047e-01,0.000000000000000000e+00
5.812973506095731047e+00,4.193046894034283767e+00,0.000000000000000000e+00,2.055245674151263136e-01,-1.190630880061603197e-01,0.000000000000000000e+00
7.473287023288463615e+00,4.755320950396326296e+00,0.000000000000000000e+00,-4.803227951356870210e-03,3.203240574412971609e-01,0.000000000000000000e+00
7.304882047033057546e+00,4.754814236471522904e+00,0.000000000000000000e+00,-8.121390398848219241e-03,3.049892508714256434e-01,0.000000000000000000e+00
7.648067232923313696e+00,4.752607293711180958e+00,0.000000000000000000e+00,1.636527012593880573e-02,3.074905085322900411e-01,0.000000000000000000e+00
7.824175747020786886e+00,4.748457415289204953e+00,0.000000000000000000e+00,3.380272394998980190e-02,2.853720328866419798e-01,0.000000000000000000e+00
7.566493546811043025e+00,4.900536734234708369e+00,0.000000000000000000e+00,6.553204539415527843e-04,2.898541388170061683e-01,0.000000000000000000e+00
7.391713337176192056e+00,4.903250390919852819e+00,0.000000000000000000e+00,-3.199248297749000131e-02,3.013429832645710960e-01,0.000000000000000000e+00
7.741273756445893994e+00,4.897823077549563919e+00,0.000000000000000000e+00,3.392162145901347209e-02,2.739404658574181584e-01,0.000000000000000000e+00
8.001192642494512342e+00,4.744748406980235700e+00,0.000000000000000000e+00,6.785968669974587475e-02,2.278228424680617814e-01,0.000000000000000000e+00
8.182424949395258551e+00,4.735477577985303554e+00,0.000000000000000000e+00,8.231517113804655283e-02,1.270106692939621806e-01,0.000000000000000000e+00
7.918290651919619449e+00,4.894114069240594667e+00,0.000000000000000000e+00,6.843654780088977152e-02,2.266571052063280356e-01,0.000000000000000000e+00
8.095307547393344905e+00,4.890405060931625414e+00,0.000000000000000000e+00,1.025180557619139315e-01,1.609159752895928108e-01,0.000000000000000000e+00
6.961778360493559248e+00,4.753184368584904007e+00,0.000000000000000000e+00,-2.636390185482037889e-03,2.416059309959991686e-01,0.000000000000000000e+00
7.132128817923069519e+00,4.754622451183585952e+00,0.000000000000000000e+00,-1.309943396994354449e-02,2.860155287135353608e-01,0.000000000000000000e+00
7.218960108066204029e+00,4.903058605631915867e+00,0.000000000000000000e+00,-5.194928284335417062e-02,2.827596593151477378e-01,0.000000000000000000e+00
7.046206878956214226e+00,4.902866820343978915e+00,0.000000000000000000e+00,-7.454384418930976031e-02,2.622080623976571490e-01,0.000000000000000000e+00
8.753698420855101858e+00,4.027292768801893352e+00,0.000000000000000000e+00,-2.244612392407383250e-01,1.448562572217129696e-01,0.000000000000000000e+00
8.842062091309792038e+00,3.914045399576998374e+00,0.000000000000000000e+00,-2.694772600769501647e-01,1.624252960347977170e-01,0.000000000000000000e+00
8.674950329755134248e+00,4.157683822277450147e+00,0.000000000000000000e+00,-1.954049697033455602e-01,1.242689817104514899e-01,0.000000000000000000e+00
8.601832440702043669e+00,4.288428146083832715e+00,0.000000000000000000e+00,-1.759659970665210516e-01,8.323379180263180965e-02,0.000000000000000000e+00
8.856024811289467280e+00,4.158136968550104839e+00,0.000000000000000000e+00,-1.698106278283197101e-01,1.586112918401277327e-01,0.000000000000000000e+00
8.934772902389436666e+00,4.027745915074548932e+00,0.000000000000000000e+00,-2.103478482595789179e-01,2.084020156838869708e-01,0.000000000000000000e+00
8.777276720189496118e+00,4.288528022025660746e+00,0.000000000000000000e+00,-1.258209434943264038e-01,1.089491550340074555e-01,0.000000000000000000e+00
8.927614126203355482e+00,3.797830253418963409e+00,0.000000000000000000e+00,-3.966002385749449188e-01,1.124362142190609981e-01,0.000000000000000000e+00
9.017224200377786048e+00,3.647657811379239057e+00,0.000000000000000000e+00,-3.252915473183584094e-01,5.254807199589145439e-02,0.000000000000000000e+00
9.020324937283000111e+00,3.911530768916513967e+00,0.000000000000000000e+00,-3.543926462989743786e-01,1.909524281555965985e-01,0.000000000000000000e+00
9.105876972176563555e+00,3.795315622758478558e+00,0.000000000000000000e+00,-4.974228263202988831e-01,1.680186415651720444e-01,0.000000000000000000e+00
8.526210390491481661e+00,4.430381215697708264e+00,0.000000000000000000e+00,-1.302282534996511143e-01,2.727019104255837614e-02,0.000000000000000000e+00
8.447787485582770373e+00,4.576492128146197658e+00,0.000000000000000000e+00,-3.202120989748351992e-02,8.240075245633984857e-03,0.000000000000000000e+00
8.701654669978934109e+00,4.430481091639537183e+00,0.000000000000000000e+00,-8.577138455685470730e-02,6.243383337727052840e-02,0.000000000000000000e+00
8.626032619768370324e+00,4.572434161253412732e+00,0.000000000000000000e+00,-3.119957619579049116e-02,1.688265469945406105e-02,0.000000000000000000e+00
9.107142857149177928e+00,3.500000000000000444e+00,0.000000000000000000e+00,0.000000000000000000e+00,0.000000000000000000e+00,0.000000000000000000e+00
9.195795628947951883e+00,3.647657811379239501e+00,0.000000000000000000e+00,-4.304204388185738916e-01,5.418840180093710546e-02,0.000000000000000000e+00
9.285714285719341987e+00,3.500000000000000444e+00,0.000000000000000000e+00,0.000000000000000000e+00,0.000000000000000000e+00,0.000000000000000000e+00
6.610709745205838317e+00,4.747956226246902389e+00,0.000000000000000000e+00,3.787615045890511262e-02,3.496374063525227449e-02,0.000000000000000000e+00
6.786882726891054318e+00,4.752917158545125531e+00,0.000000000000000000e+00,1.923745506189927790e-02,1.755989372246509195e-01,0.000000000000000000e+00
6.871311245353709296e+00,4.902599610304200439e+00,0.000000000000000000e+00,-9.864103917344639594e-02,2.061738926756955803e-01,0.000000000000000000e+00
6.696415611751204366e+00,4.902332400264421963e+00,0.000000000000000000e+00,-1.393134747966544018e-01,9.928252683976403203e-02,0.000000000000000000e+00
8.361662495705848741e+00,4.732862080344478528e+00,0.000000000000000000e+00,5.622300514030317137e-02,5.385090337249633791e-02,0.000000000000000000e+00
8.274545093703935095e+00,4.887789563290799499e+00,0.000000000000000000e+00,1.140743263885229258e-01,9.669253753326392808e-02,0.000000000000000000e+00
8.539907629891448693e+00,4.728804113451693603e+00,0.000000000000000000e+00,4.498054268702905700e-02,5.519647201912157488e-04,0.000000000000000000e+00
8.453782640014527061e+00,4.885174065649974473e+00,0.000000000000000000e+00,1.197374862099367249e-01,2.206080188194423086e-02,0.000000000000000000e+00
5.449733703423419229e+00,3.523044375916099646e+00,0.000000000000000000e+00,1.109241500426408011e+00,2.688516686015820015e-02,0.000000000000000000e+00
5.319953992682674659e+00,3.479303960452167832e+00,0.000000000000000000e+00,1.099329530133921429e+00,-5.200132440951306390e-02,0.000000000000000000e+00
5.475006412149209467e+00,3.668007071899761939e+00,0.000000000000000000e+00,1.277283420460356256e+00,5.328947473346800495e-02,0.000000000000000000e+00
5.327105542792440751e+00,3.659716551328129341e+00,0.000000000000000000e+00,1.309491030500119058e+00,6.955394832154179752e-02,0.000000000000000000e+00
5.076227742118372355e+00,3.129787158562312488e+00,0.000000000000000000e+00,2.755080668559208856e-01,-1.408228529131202167e-01,0.000000000000000000e+00
5.149295630071492269e+00,3.279232843350415649e+00,0.000000000000000000e+00,5.949888914774622561e-01,-2.566349543141440148e-01,0.000000000000000000e+00
4.985788817570077747e+00,3.259574317124624976e+00,0.000000000000000000e+00,3.708041557437215530e-01,-5.033870445416094297e-01,0.000000000000000000e+00
5.000000000000000000e+00,3.000000000000000444e+00,0.000000000000000000e+00,0.000000000000000000e+00,0.000000000000000000e+00,0.000000000000000000e+00
4.909561075451705392e+00,3.129787158562312488e+00,0.000000000000000000e+00,-5.304036586128472314e-02,-2.286131778114235125e-01,0.000000000000000000e+00
4.833333333333333037e+00,3.000000000000000000e+00,0.000000000000000000e+00,0.000000000000000000e+00,0.000000000000000000e+00,0.000000000000000000e+00
5.215814055804727012e+00,3.392682305324922432e+00,0.000000000000000000e+00,1.103673438779809501e+00,-2.811910593232302968e-01,0.000000000000000000e+00
5.222965605914493992e+00,3.573094896200884829e+00,0.000000000000000000e+00,1.365350159147873166e+00,-8.819420354704654574e-02,0.000000000000000000e+00
5.052307243303312490e+00,3.373023779099132646e+00,0.000000000000000000e+00,1.029714832226105381e+00,-3.785413924083406156e-01,0.000000000000000000e+00
5.118825669036546344e+00,3.486473241073639429e+00,0.000000000000000000e+00,1.418282710679368508e+00,-2.274591933599544036e-01,0.000000000000000000e+00
5.696079671489343355e+00,3.918691211465376245e+00,0.000000000000000000e+00,4.138309089298638499e-01,3.544724602705623950e-01,0.000000000000000000e+00
5.561453640752988647e+00,3.838148796235697269e+00,0.000000000000000000e+00,8.346040013702077376e-01,9.690551128331365005e-02,0.000000000000000000e+00
5.656486753047865079e+00,4.096523447017141883e+00,0.000000000000000000e+00,7.920509898218319744e-02,7.218112672739759872e-02,0.000000000000000000e+00
5.500000000000000888e+00,4.000000000000000888e+00,0.000000000000000000e+00,0.000000000000000000e+00,0.000000000000000000e+00,0.000000000000000000e+00
5.413552771396220820e+00,3.829858275664064671e+00,0.000000000000000000e+00,8.816044973212016078e-01,3.267360373941437246e-02,0.000000000000000000e+00
6.275422260077393233e+00,4.738042110343454461e+00,0.000000000000000000e+00,6.434532076051736882e-02,-3.560090566595396910e-01,0.000000000000000000e+00
6.439316625680724826e+00,4.742254073110515833e+00,0.000000000000000000e+00,4.008277214100586239e-02,-1.846925214598327813e-01,0.000000000000000000e+00
6.525022492226092652e+00,4.896630247128037183e+00,0.000000000000000000e+00,-1.482183544365266725e-01,-7.278583215929709804e-02,0.000000000000000000e+00
6.353629372700980049e+00,4.890928093991651515e+00,0.000000000000000000e+00,-1.058584904591858555e-01,-2.375840356201923687e-01,0.000000000000000000e+00
5.965992782198750177e+00,4.454008043862488719e+00,0.000000000000000000e+00,1.072958157496996939e-01,-2.698584171531964726e-01,0.000000000000000000e+00
6.024785134143956000e+00,4.588559573506827860e+00,0.000000000000000000e+00,1.598428997166993215e-01,-3.254528073865458615e-01,0.000000000000000000e+00
5.852355120834104696e+00,4.591963020318396538e+00,0.000000000000000000e+00,9.673012424174057267e-02,-2.612512192765850672e-01,0.000000000000000000e+00
5.832664313464918315e+00,4.392504957176340596e+00,0.000000000000000000e+00,9.407171704656426547e-02,-2.070534576563097529e-01,0.000000000000000000e+00
6.133549210339430680e+00,4.720399438856173191e+00,0.000000000000000000e+00,1.022464256373088742e-01,-3.941439876209092419e-01,0.000000000000000000e+00
6.211756322963017496e+00,4.873285422504370246e+00,0.000000000000000000e+00,-1.759834075292312366e-02,-3.291050603603254965e-01,0.000000000000000000e+00
5.961119197029581152e+00,4.723802885667743645e+00,0.000000000000000000e+00,6.745342966110672023e-02,-3.322270480583145447e-01,0.000000000000000000e+00
6.069883273225055831e+00,4.855642751017088976e+00,0.000000000000000000e+00,3.988990247022201202e-02,-3.801624761810156738e-01,0.000000000000000000e+00
5.500000000000000000e+00,4.199999999999999289e+00,0.000000000000000000e+00,0.000000000000000000e+00,0.000000000000000000e+00,0.000000000000000000e+00
5.656486753047865967e+00,4.296523447017142061e+00,0.000000000000000000e+00,5.873896996676113147e-02,-6.136376027331208460e-02,0.000000000000000000e+00
5.676177560417052348e+00,4.495981510159198002e+00,0.000000000000000000e+00,3.941580367450599892e-02,-1.291814358339617441e-01,0.000000000000000000e+00
5.500000000000000000e+00,4.399999999999998579e+00,0.000000000000000000e+00,0.000000000000000000e+00,0.000000000000000000e+00,0.000000000000000000e+00
7.652185216651620436e+00,5.048166391216276416e+00,0.000000000000000000e+00,5.466531362124011501e-03,2.470851947561777950e-01,0.000000000000000000e+00
7.477405007016768579e+00,5.050880047901420866e+00,0.000000000000000000e+00,-4.050571955245981653e-02,2.611446791079535257e-01,0.000000000000000000e+00
7.563096676857345990e+00,5.198509704882988025e+00,0.000000000000000000e+00,-3.181049245081461752e-02,2.097863876978908748e-01,0.000000000000000000e+00
7.135633250333961897e+00,5.052390273925214004e+00,0.000000000000000000e+00,-1.252393812351129398e-01,2.423830728195141282e-01,0.000000000000000000e+00
7.308386479443950812e+00,5.052582059213150956e+00,0.000000000000000000e+00,-8.598551809593529827e-02,2.665909940591147387e-01,0.000000000000000000e+00
7.394078149284528223e+00,5.200211716194719003e+00,0.000000000000000000e+00,-8.678225027615446563e-02,2.198204715127491382e-01,0.000000000000000000e+00
7.225059621711708679e+00,5.201913727506449980e+00,0.000000000000000000e+00,-1.451098673478996293e-01,2.132112634379842442e-01,0.000000000000000000e+00
8.004382208236620500e+00,5.036640821233831389e+00,0.000000000000000000e+00,9.374078311936723251e-02,1.643885321283954926e-01,0.000000000000000000e+00
7.827365312762894156e+00,5.040349829542800641e+00,0.000000000000000000e+00,5.296802067050955520e-02,2.215015905219303027e-01,0.000000000000000000e+00
7.738276772968621486e+00,5.190693143209513138e+00,0.000000000000000000e+00,2.212938118351413450e-02,1.931053187594011789e-01,0.000000000000000000e+00
7.913456869079894318e+00,5.182876581536037364e+00,0.000000000000000000e+00,7.590370267537636939e-02,1.590519660188101647e-01,0.000000000000000000e+00
8.365851047450684419e+00,5.037459347643268082e+00,0.000000000000000000e+00,1.340159917329298844e-01,5.206342632176910734e-02,0.000000000000000000e+00
8.186613501140094229e+00,5.040074845284093996e+00,0.000000000000000000e+00,1.205201849466630837e-01,1.163285479361312741e-01,0.000000000000000000e+00
8.095688161983368047e+00,5.186310605586299971e+00,0.000000000000000000e+00,1.096977119822781649e-01,1.161796497736336115e-01,0.000000000000000000e+00
8.277919454886841777e+00,5.189744629636561690e+00,0.000000000000000000e+00,1.382655684476862545e-01,7.053131573213944350e-02,0.000000000000000000e+00
6.786741475041221605e+00,5.045685666439389649e+00,0.000000000000000000e+00,-1.996967460331626754e-01,1.259762689846697092e-01,0.000000000000000000e+00
6.961637108643725647e+00,5.045952876479168125e+00,0.000000000000000000e+00,-1.644122445186148584e-01,2.189836105623355067e-01,0.000000000000000000e+00
7.051063480021474206e+00,5.195476330060404102e+00,0.000000000000000000e+00,-1.937496670333916926e-01,1.923074078322226932e-01,0.000000000000000000e+00
6.877067338331238844e+00,5.189038932614359112e+00,0.000000000000000000e+00,-2.506545864742845686e-01,1.486305168349154882e-01,0.000000000000000000e+00
9.035064928737748247e+00,4.149450087310215807e+00,0.000000000000000000e+00,-1.040913615024127020e-01,1.521408179962761842e-01,0.000000000000000000e+00
8.956316837637778860e+00,4.279841140785771714e+00,0.000000000000000000e+00,-5.295936817323780577e-02,1.025235625887330471e-01,0.000000000000000000e+00
9.135356955086058051e+00,4.271154259545882681e+00,0.000000000000000000e+00,4.880948412496911859e-02,4.337180301205937477e-02,0.000000000000000000e+00
9.108903993434008584e+00,4.018061139437506313e+00,0.000000000000000000e+00,-1.838632397582395661e-01,1.614438703539081144e-01,0.000000000000000000e+00
9.194456028327572028e+00,3.901845993279471347e+00,0.000000000000000000e+00,-3.564172977681796528e-01,1.897649294951667398e-01,0.000000000000000000e+00
9.209196019782318388e+00,4.139765311673173187e+00,0.000000000000000000e+00,-4.101145581288547642e-02,6.987833227283971049e-02,0.000000000000000000e+00
9.283035084478578725e+00,4.008376363800463693e+00,0.000000000000000000e+00,-1.051252799954147665e-01,1.238471198670940410e-01,0.000000000000000000e+00
8.879978138840403545e+00,4.426091634587484336e+00,0.000000000000000000e+00,-3.319073556246141671e-02,6.067230760596638295e-02,0.000000000000000000e+00
8.804356088629839761e+00,4.568044704201360773e+00,0.000000000000000000e+00,1.637484285946622792e-02,2.268186663452692597e-02,0.000000000000000000e+00
9.059018256288684512e+00,4.417404753347595303e+00,0.000000000000000000e+00,2.740339212572523789e-02,4.089363288118104400e-03,0.000000000000000000e+00
8.982679557491309197e+00,4.563655247149307925e+00,0.000000000000000000e+00,7.263854996491739269e-02,-7.843714768219579858e-03,0.000000000000000000e+00
9.279155223747528325e+00,3.781033391549406542e+00,0.000000000000000000e+00,-5.816990457035563500e-01,1.111011807878755225e-01,0.000000000000000000e+00
9.369073880518916653e+00,3.633375580170167041e+00,0.000000000000000000e+00,-5.118585027292025247e-01,3.655962439847686846e-02,0.000000000000000000e+00
9.367734279898536798e+00,3.887563762070399775e+00,0.000000000000000000e+00,-4.040113845998881126e-01,-7.498097421040888361e-04,0.000000000000000000e+00
9.452433475318493095e+00,3.766751160340334081e+00,0.000000000000000000e+00,-5.738527973279416994e-01,-1.070690910038167298e-01,0.000000000000000000e+00
8.632546330027018655e+00,4.881548853827073486e+00,0.000000000000000000e+00,1.085783777300135672e-01,-1.256226480251624797e-02,0.000000000000000000e+00
8.718671319903940287e+00,4.725178901628792616e+00,0.000000000000000000e+00,5.961490155137553343e-02,-6.715065570127794897e-03,0.000000000000000000e+00
8.896994788765411499e+00,4.720789444576739768e+00,0.000000000000000000e+00,8.266974595123610658e-02,-2.504821965735366113e-02,0.000000000000000000e+00
8.811310020039512025e+00,4.877923642004172500e+00,0.000000000000000000e+00,1.133223018725079134e-01,-2.160960668302162532e-02,0.000000000000000000e+00
9.464285714289506046e+00,3.500000000000000444e+00,0.000000000000000000e+00,0.000000000000000000e+00,0.000000000000000000e+00,0.000000000000000000e+00
9.547645309089082488e+00,3.633375580170167485e+00,0.000000000000000000e+00,-3.943531758240781393e-01,-4.784347042476476408e-02,0.000000000000000000e+00
9.642857142859671882e+00,3.500000000000000444e+00,0.000000000000000000e+00,0.000000000000000000e+00,0.000000000000000000e+00,0.000000000000000000e+00
6.435740063199379080e+00,5.053119267046935370e+00,0.000000000000000000e+00,-2.238748020133187744e-01,-1.246281589836083920e-01,0.000000000000000000e+00
6.607133182724492571e+00,5.058821420183321038e+00,0.000000000000000000e+00,-2.377910014512381043e-01,5.926908443025232865e-04,0.000000000000000000e+00
6.697459046014508921e+00,5.202174686358288724e+00,0.000000000000000000e+00,-2.803247083548810470e-01,4.591895351208970244e-02,0.000000000000000000e+00
6.517850753697778998e+00,5.215310440102220113e+00,0.000000000000000000e+00,-2.776161728709889420e-01,-5.021496138132704179e-02,0.000000000000000000e+00
8.462720897469013792e+00,5.177595159093119292e+00,0.000000000000000000e+00,1.473853474334361202e-01,2.590321247972167396e-02,0.000000000000000000e+00
8.550652490032854658e+00,5.025309877099823908e+00,0.000000000000000000e+00,1.289564849560883575e-01,7.659815163014407034e-03,0.000000000000000000e+00
8.729416180045348028e+00,5.021684665276923809e+00,0.000000000000000000e+00,1.243986311777106474e-01,-2.334674723984720909e-02,0.000000000000000000e+00
8.647522340051185807e+00,5.165445688549676007e+00,0.000000000000000000e+00,1.495675028384023386e-01,-9.312860149923767039e-03,0.000000000000000000e+00
5.321428571428572063e+00,4.000000000000000000e+00,0.000000000000000000e+00,0.000000000000000000e+00,0.000000000000000000e+00,0.000000000000000000e+00
5.041873769481329148e+00,3.594977481256490748e+00,0.000000000000000000e+00,1.454963351855192100e+00,-1.911972476891268258e-01,0.000000000000000000e+00
5.146013706359276796e+00,3.681599136383735704e+00,0.000000000000000000e+00,1.394330082163197204e+00,-1.384457296472041132e-01,0.000000000000000000e+00
5.234981342824791994e+00,3.829858275664064671e+00,0.000000000000000000e+00,8.835118944595530266e-01,1.567955904064461878e-02,0.000000000000000000e+00
5.053889506391627151e+00,3.851740860719670589e+00,0.000000000000000000e+00,9.764792851116774752e-01,-5.407796629609028238e-02,0.000000000000000000e+00
5.142857142857144126e+00,4.000000000000000888e+00,0.000000000000000000e+00,0.000000000000000000e+00,0.000000000000000000e+00,0.000000000000000000e+00
4.964921869926111953e+00,3.703481721439342067e+00,0.000000000000000000e+00,1.485738529683025222e+00,-1.148116014750298342e-01,0.000000000000000000e+00
4.828120144477571429e+00,3.253386625552232125e+00,0.000000000000000000e+00,2.055382552292643883e-01,-2.318691574763597774e-01,0.000000000000000000e+00
4.751892402359198186e+00,3.123599466989919193e+00,0.000000000000000000e+00,-2.531998360991967179e-01,1.762300807269823744e-01,0.000000000000000000e+00
4.962375478753304314e+00,3.482304659309011008e+00,0.000000000000000000e+00,1.632606198793697505e+00,-3.435891890072219623e-01,0.000000000000000000e+00
4.895857053020069571e+00,3.368855197334503337e+00,0.000000000000000000e+00,1.275329425559472263e+00,-4.649113887599680695e-01,0.000000000000000000e+00
4.738188379927562366e+00,3.362667505762110487e+00,0.000000000000000000e+00,1.300421468931910018e+00,1.723709272485377253e-01,0.000000000000000000e+00
4.670451471385063336e+00,3.247198933979837943e+00,0.000000000000000000e+00,4.619001966093366079e-03,6.777300920530310302e-01,0.000000000000000000e+00
4.805925288470062284e+00,3.478136077544382587e+00,0.000000000000000000e+00,1.859262355152632162e+00,-1.351399580220465912e-01,0.000000000000000000e+00
4.666666666666666963e+00,3.000000000000000444e+00,0.000000000000000000e+00,0.000000000000000000e+00,0.000000000000000000e+00,0.000000000000000000e+00
4.585225735692532112e+00,3.123599466989919193e+00,0.000000000000000000e+00,1.365707266035461054e-01,3.288926758270565021e-01,0.000000000000000000e+00
4.500000000000000000e+00,3.000000000000000000e+00,0.000000000000000000e+00,0.000000000000000000e+00,0.000000000000000000e+00,0.000000000000000000e+00
4.885423579198086230e+00,3.590808899491861439e+00,0.000000000000000000e+00,1.685024847268596027e+00,-2.132041773446965438e-01,0.000000000000000000e+00
6.105170382086232195e+00,5.028437032099460247e+00,0.000000000000000000e+00,-7.465380326444144565e-02,-3.158628790536998632e-01,0.000000000000000000e+00
6.247043431824193860e+00,5.046079703586740628e+00,0.000000000000000000e+00,-1.462066243252645725e-01,-2.229171013302377879e-01,0.000000000000000000e+00
6.329154122322593778e+00,5.208270876642025371e+00,0.000000000000000000e+00,-2.300259164112408161e-01,-1.192910913200906364e-01,0.000000000000000000e+00
6.140457490947409447e+00,5.201231313181831517e+00,0.000000000000000000e+00,-1.591183884818727079e-01,-2.180219870963849005e-01,0.000000000000000000e+00
5.500000000000000000e+00,4.599999999999999645e+00,0.000000000000000000e+00,0.000000000000000000e+00,0.000000000000000000e+00,0.000000000000000000e+00
5.676177560417052348e+00,4.695981510159198180e+00,0.000000000000000000e+00,2.577024352966918175e-02,-1.786279108907823931e-01,0.000000000000000000e+00
5.937821253707020297e+00,4.932288975957698440e+00,0.000000000000000000e+00,3.128422911309457211e-02,-3.346380643388247034e-01,0.000000000000000000e+00
5.829057177511544729e+00,4.800449110608351333e+00,0.000000000000000000e+00,3.104198147997715845e-02,-2.830029154419808068e-01,0.000000000000000000e+00
5.652879617094491493e+00,4.904467600449152087e+00,0.000000000000000000e+00,1.599554345386978646e-02,-1.754570776865946591e-01,0.000000000000000000e+00
5.500000000000000000e+00,4.799999999999998934e+00,0.000000000000000000e+00,0.000000000000000000e+00,0.000000000000000000e+00,0.000000000000000000e+00
5.805759234188983875e+00,5.008935200898306128e+00,0.000000000000000000e+00,4.062290278728517695e-02,-2.806481580286195321e-01,0.000000000000000000e+00
5.973108362568197549e+00,5.105083257040068823e+00,0.000000000000000000e+00,-4.529090470181422468e-02,-2.738451261659631819e-01,0.000000000000000000e+00
7.309085476396129266e+00,5.340298649037706014e+00,0.000000000000000000e+00,-1.327891664758275581e-01,1.682026459230156201e-01,0.000000000000000000e+00
7.478104003968947922e+00,5.338596637725975924e+00,0.000000000000000000e+00,-7.145737785706024470e-02,1.680831665367818195e-01,0.000000000000000000e+00
7.654296209722555311e+00,5.330067021291752916e+00,0.000000000000000000e+00,-1.352111880215856737e-02,1.599801022983305121e-01,0.000000000000000000e+00
7.829476305833830807e+00,5.322250459618278029e+00,0.000000000000000000e+00,4.266693856150396286e-02,1.341295520349161108e-01,0.000000000000000000e+00
7.569303536834157242e+00,5.470153954134740815e+00,0.000000000000000000e+00,-4.612852447714774207e-02,1.193387625835855559e-01,0.000000000000000000e+00
7.393111331080549853e+00,5.478683570568962935e+00,0.000000000000000000e+00,-1.074315819779879805e-01,1.170123099885196499e-01,0.000000000000000000e+00
7.745495742587765520e+00,5.461624337700518694e+00,0.000000000000000000e+00,1.315310405611018821e-02,1.039530317825441141e-01,0.000000000000000000e+00
6.960237807484039863e+00,5.324669760113107664e+00,0.000000000000000000e+00,-2.408966681563689261e-01,1.293683606885730475e-01,0.000000000000000000e+00
7.134233949174273448e+00,5.331107157559152654e+00,0.000000000000000000e+00,-1.902789284605537201e-01,1.662519287424557290e-01,0.000000000000000000e+00
7.218259803858694923e+00,5.469492079090409575e+00,0.000000000000000000e+00,-1.694362904460711694e-01,1.225341320211469354e-01,0.000000000000000000e+00
7.043408276636839105e+00,5.460300587611856216e+00,0.000000000000000000e+00,-2.310139703250428111e-01,1.097268444934508258e-01,0.000000000000000000e+00
8.008187363968771066e+00,5.311842630475147153e+00,0.000000000000000000e+00,8.828249792468852164e-02,1.121484826850721733e-01,0.000000000000000000e+00
8.190418656872246572e+00,5.315276654525409761e+00,0.000000000000000000e+00,1.198586823998414319e-01,7.181936291021198682e-02,0.000000000000000000e+00
7.924206800722705779e+00,5.451216508557386931e+00,0.000000000000000000e+00,5.988770369827515344e-02,8.870922862889688010e-02,0.000000000000000000e+00
8.102917858857646038e+00,5.440808679414256055e+00,0.000000000000000000e+00,1.007403673888561668e-01,6.871701937067586918e-02,0.000000000000000000e+00
8.379525824879282325e+00,5.317051216965506200e+00,0.000000000000000000e+00,1.408729727407447008e-01,3.780006540157344885e-02,0.000000000000000000e+00
8.564327267461454340e+00,5.304901746422062914e+00,0.000000000000000000e+00,1.461344172305554800e-01,4.108601618909945782e-03,0.000000000000000000e+00
8.292025026864685344e+00,5.442583241854353382e+00,0.000000000000000000e+00,1.249521348674962479e-01,3.868873991650798733e-02,0.000000000000000000e+00
8.481132194871721097e+00,5.444357804294448933e+00,0.000000000000000000e+00,1.394240721792131821e-01,1.433465325187245100e-02,0.000000000000000000e+00
6.599564536741512555e+00,5.333202395402333096e+00,0.000000000000000000e+00,-3.006016935821164693e-01,-3.280010644199319193e-03,0.000000000000000000e+00
6.779172829058241589e+00,5.320066641658401707e+00,0.000000000000000000e+00,-2.911586384161512497e-01,7.591782453427541044e-02,0.000000000000000000e+00
6.862343298211042608e+00,5.455697469157151147e+00,0.000000000000000000e+00,-2.769995689673859784e-01,6.820798271387219780e-02,0.000000000000000000e+00
6.681278319785245223e+00,5.451094350702444302e+00,0.000000000000000000e+00,-3.068561490845126971e-01,2.815022919256601752e-02,0.000000000000000000e+00
9.355737302306412317e+00,4.131118872961413224e+00,0.000000000000000000e+00,6.613875779502864649e-02,-8.782014193100513844e-02,0.000000000000000000e+00
9.281898237610150204e+00,4.262507820834121830e+00,0.000000000000000000e+00,1.058701223162092364e-01,-7.477909535542601183e-02,0.000000000000000000e+00
9.252300843418534981e+00,4.417541297981307125e+00,0.000000000000000000e+00,1.021681460276882419e-01,-8.885027112206454747e-02,0.000000000000000000e+00
9.175962144621159666e+00,4.563791791783018859e+00,0.000000000000000000e+00,1.086122542470382146e-01,-9.016011036404125711e-02,0.000000000000000000e+00
9.398842125942625358e+00,4.408894859269546274e+00,0.000000000000000000e+00,1.161515367459596132e-01,-1.751749283492831932e-01,0.000000000000000000e+00
9.428439520134240581e+00,4.253861382122360979e+00,0.000000000000000000e+00,1.281569655689623055e-01,-1.972565067428171948e-01,0.000000000000000000e+00
9.369244731751010136e+00,4.563928336416730680e+00,0.000000000000000000e+00,1.238266130096678658e-01,-1.555499149369876932e-01,0.000000000000000000e+00
9.470799584072016941e+00,4.021872311147114409e+00,0.000000000000000000e+00,-5.900612478634960183e-03,-2.505180526454445777e-01,0.000000000000000000e+00
9.555498779491973238e+00,3.901059709417049604e+00,0.000000000000000000e+00,-2.907379481460695692e-01,-3.660491618237862732e-01,0.000000000000000000e+00
9.543501801899846981e+00,4.144614820308063052e+00,0.000000000000000000e+00,7.414007207535416866e-02,-3.202105065283173957e-01,0.000000000000000000e+00
9.658564083665455158e+00,4.035368258493765126e+00,0.000000000000000000e+00,-8.429001940220960318e-03,-4.203554573040251263e-01,0.000000000000000000e+00
8.984191518009424726e+00,4.877580136581122439e+00,0.000000000000000000e+00,1.213729288508927084e-01,-6.265191313850899946e-02,0.000000000000000000e+00
9.069876286735325976e+00,4.720445939153690595e+00,0.000000000000000000e+00,1.118901673105426875e-01,-6.812932110141338427e-02,0.000000000000000000e+00
9.263158873865174670e+00,4.720582483787401529e+00,0.000000000000000000e+00,1.203431580261350581e-01,-1.271034910467842560e-01,0.000000000000000000e+00
9.157073015979339203e+00,4.877236631158072377e+00,0.000000000000000000e+00,1.236725424852639643e-01,-9.759273495370833496e-02,0.000000000000000000e+00
9.595493379164931724e+00,3.764098938664816707e+00,0.000000000000000000e+00,-3.755141518010629009e-01,-2.220448049253827549e-01,0.000000000000000000e+00
9.690705212935519341e+00,3.630723358494650110e+00,0.000000000000000000e+00,-2.261486364836298446e-01,-5.683287306298979991e-02,0.000000000000000000e+00
9.698558683338411868e+00,3.898407487741532229e+00,0.000000000000000000e+00,-1.576753036957830867e-01,-3.144547090325452432e-01,0.000000000000000000e+00
9.738553283011366801e+00,3.761446716989299777e+00,0.000000000000000000e+00,-2.005169325143254522e-01,-1.776119891093776437e-01,0.000000000000000000e+00
8.825792114598431937e+00,5.164823262772435086e+00,0.000000000000000000e+00,1.415062518293051519e-01,-3.675746678736032530e-02,0.000000000000000000e+00
8.907685954592594157e+00,5.021062239499682889e+00,0.000000000000000000e+00,1.316462501875402258e-01,-4.711659576839893199e-02,0.000000000000000000e+00
9.080567452562510411e+00,5.020718734076632828e+00,0.000000000000000000e+00,1.263003198169643515e-01,-7.980914587004388216e-02,0.000000000000000000e+00
9.004061889145681619e+00,5.164200836995194166e+00,0.000000000000000000e+00,1.334843164620177214e-01,-5.756145586571778661e-02,0.000000000000000000e+00
9.821428571429835941e+00,3.500000000000000444e+00,0.000000000000000000e+00,0.000000000000000000e+00,0.000000000000000000e+00,0.000000000000000000e+00
1.000000000000000178e+01,3.500000000000000444e+00,0.000000000000000000e+00,0.000000000000000000e+00,0.000000000000000000e+00,0.000000000000000000e+00
9.869276641505685177e+00,3.630723358494650110e+00,0.000000000000000000e+00,-7.446834974814545149e-02,-4.258292347493831259e-02,0.000000000000000000e+00
6.245209855014238087e+00,5.314233564704122337e+00,0.000000000000000000e+00,-2.279104965260610183e-01,-1.208674178990708503e-01,0.000000000000000000e+00
6.433906486389423307e+00,5.321273128164316191e+00,0.000000000000000000e+00,-2.787426408208386053e-01,-5.213735428019420498e-02,0.000000000000000000e+00
6.515620269433156864e+00,5.439165083464429173e+00,0.000000000000000000e+00,-3.021404375934170772e-01,-1.872513435175101465e-02,0.000000000000000000e+00
6.349962219081066728e+00,5.427235816226413156e+00,0.000000000000000000e+00,-2.862639548169688686e-01,-5.126522230983823064e-02,0.000000000000000000e+00
8.663734097278332769e+00,5.442210344008049816e+00,0.000000000000000000e+00,1.387300407079269660e-01,-6.505573900785201376e-03,0.000000000000000000e+00
8.746929169868064236e+00,5.302754286135662909e+00,0.000000000000000000e+00,1.425862249847038021e-01,-1.915881621550619834e-02,0.000000000000000000e+00
8.925198944415310365e+00,5.302131860358421989e+00,0.000000000000000000e+00,1.332565465954901329e-01,-4.209641697703573465e-02,0.000000000000000000e+00
8.846335999684940887e+00,5.440062883721648923e+00,0.000000000000000000e+00,1.332543921921259256e-01,-2.513083747380674693e-02,0.000000000000000000e+00
4.964285714285715301e+00,4.000000000000000000e+00,0.000000000000000000e+00,0.000000000000000000e+00,0.000000000000000000e+00,0.000000000000000000e+00
4.875318077820198326e+00,3.851740860719671034e+00,0.000000000000000000e+00,1.049434037662403840e+00,1.442584053833183277e-02,0.000000000000000000e+00
4.785714285714286476e+00,4.000000000000000888e+00,0.000000000000000000e+00,0.000000000000000000e+00,0.000000000000000000e+00,0.000000000000000000e+00
4.690472407483142092e+00,3.592314167064663000e+00,0.000000000000000000e+00,1.765532703680461335e+00,5.752520011869914907e-01,0.000000000000000000e+00
4.769970698211166926e+00,3.704986989012142296e+00,0.000000000000000000e+00,1.675245587830062055e+00,1.318090545309425488e-01,0.000000000000000000e+00
4.680366906105254188e+00,3.853246128292471262e+00,0.000000000000000000e+00,1.225937288208859721e+00,2.048414708254152061e-01,0.000000000000000000e+00
4.575019526496222788e+00,3.706492256584942968e+00,0.000000000000000000e+00,1.519493357903391351e+00,9.612325751149203290e-01,0.000000000000000000e+00
4.604940697706882524e+00,3.343949056785492147e+00,0.000000000000000000e+00,1.194134497167797626e+00,1.702710817355664208e+00,0.000000000000000000e+00
4.672677606249381554e+00,3.459417628567764247e+00,0.000000000000000000e+00,2.275509439034979486e+00,9.549439480227180921e-01,0.000000000000000000e+00
4.539429924028700825e+00,3.440699179591146351e+00,0.000000000000000000e+00,1.863467568128269525e+00,2.321701228313009846e+00,0.000000000000000000e+00
4.442415591699932165e+00,3.128073773051045059e+00,0.000000000000000000e+00,1.155896746412998333e+00,1.399265655480028459e+00,0.000000000000000000e+00
4.527641327392464277e+00,3.251673240040963808e+00,0.000000000000000000e+00,8.615341462541495909e-01,1.741124028934027956e+00,0.000000000000000000e+00
4.462130553714283465e+00,3.348423362846618012e+00,0.000000000000000000e+00,1.399957114612505382e+00,2.498917170430202450e+00,0.000000000000000000e+00
4.384831183399864329e+00,3.256147546102088786e+00,0.000000000000000000e+00,1.563517936327208036e+00,2.210431026959988721e+00,0.000000000000000000e+00
4.557224725262462250e+00,3.573595718088045103e+00,0.000000000000000000e+00,1.836126559750859366e+00,1.616793130138195922e+00,0.000000000000000000e+00
4.500000000000000000e+00,2.875000000000000444e+00,0.000000000000000000e+00,0.000000000000000000e+00,0.000000000000000000e+00,0.000000000000000000e+00
4.358840003652717954e+00,3.010759827642945474e+00,0.000000000000000000e+00,6.908223331754825836e-01,1.454555097277194786e+00,0.000000000000000000e+00
4.301255595352650118e+00,3.138833600693989645e+00,0.000000000000000000e+00,1.568829730907358666e+00,2.041374582505052437e+00,0.000000000000000000e+00
4.406920138930201958e+00,2.915635730526217273e+00,0.000000000000000000e+00,1.823710941560489560e-02,6.372345119796453128e-01,0.000000000000000000e+00
4.265760142582918135e+00,2.926395558169162747e+00,0.000000000000000000e+00,6.510383291655871263e-01,1.744299648168337491e+00,0.000000000000000000e+00
4.406920138930201958e+00,2.790635730526217273e+00,0.000000000000000000e+00,6.518799360757367156e-02,6.500237935410502210e-01,0.000000000000000000e+00
4.500000000000000000e+00,2.750000000000000000e+00,0.000000000000000000e+00,0.000000000000000000e+00,0.000000000000000000e+00,0.000000000000000000e+00
4.313840277860402139e+00,2.831271461052434546e+00,0.000000000000000000e+00,1.105651508518821907e-01,1.053618926311301163e+00,0.000000000000000000e+00
4.217680007305434131e+00,3.021519655285890060e+00,0.000000000000000000e+00,1.080792994616956992e+00,2.157432342248978063e+00,0.000000000000000000e+00
5.803353457442058883e+00,5.201630483465335075e+00,0.000000000000000000e+00,-2.455512857517816450e-02,-2.490308452365228020e-01,0.000000000000000000e+00
5.970702585821270780e+00,5.297778539607096882e+00,0.000000000000000000e+00,-7.368115507477006332e-02,-1.947495205431686582e-01,0.000000000000000000e+00
6.219786958068089788e+00,5.530117103223020081e+00,0.000000000000000000e+00,-2.603550791782599516e-01,-3.168807770789562606e-02,0.000000000000000000e+00
6.115034594001262036e+00,5.417114851700729261e+00,0.000000000000000000e+00,-1.849124379613524272e-01,-1.125002763083623181e-01,0.000000000000000000e+00
5.945279688875123369e+00,5.513662078125994626e+00,0.000000000000000000e+00,-1.230143646536315666e-01,-5.304816224268318198e-02,0.000000000000000000e+00
5.800947680695133002e+00,5.394325766032363134e+00,0.000000000000000000e+00,2.999047041246763814e-02,-2.016009317151680469e-01,0.000000000000000000e+00
6.089611697055111961e+00,5.632998390219625229e+00,0.000000000000000000e+00,-2.439187043636855956e-01,-1.636392176504879864e-02,0.000000000000000000e+00
5.500000000000000000e+00,5.000000000000000000e+00,0.000000000000000000e+00,0.000000000000000000e+00,0.000000000000000000e+00,0.000000000000000000e+00
5.652879617094492382e+00,5.104467600449153153e+00,0.000000000000000000e+00,9.385250415241960104e-03,-1.986191171688219959e-01,0.000000000000000000e+00
5.500000000000000000e+00,5.199999999999999289e+00,0.000000000000000000e+00,0.000000000000000000e+00,0.000000000000000000e+00,0.000000000000000000e+00
5.650473840347566501e+00,5.297162883016181212e+00,0.000000000000000000e+00,9.848139413979488388e-03,-1.811196623294503427e-01,0.000000000000000000e+00
7.482581509207630432e+00,5.612971462927855093e+00,0.000000000000000000e+00,-6.920381379227974472e-02,7.463024892999896298e-02,0.000000000000000000e+00
7.658773714961236934e+00,5.604441846493632085e+00,0.000000000000000000e+00,-1.857870416003759920e-02,6.939826274377991489e-02,0.000000000000000000e+00
7.572051687334709236e+00,5.747259355286746363e+00,0.000000000000000000e+00,-3.182541513102069702e-02,3.795941630330029737e-02,0.000000000000000000e+00
7.123940257496511386e+00,5.597544064137935038e+00,0.000000000000000000e+00,-1.784465273555487785e-01,7.553250158337164455e-02,0.000000000000000000e+00
7.298791784718366316e+00,5.606735555616487510e+00,0.000000000000000000e+00,-1.241074038770124260e-01,7.700604326499844998e-02,0.000000000000000000e+00
7.388261962845446895e+00,5.741023447975379668e+00,0.000000000000000000e+00,-7.786058067063128529e-02,3.848239066694946614e-02,0.000000000000000000e+00
7.204472238356182778e+00,5.734787540664012084e+00,0.000000000000000000e+00,-1.253448836191311533e-01,4.166303859538399851e-02,0.000000000000000000e+00
8.015335068375909700e+00,5.582262222607292657e+00,0.000000000000000000e+00,6.652498904644246758e-02,4.957735304667709730e-02,0.000000000000000000e+00
7.836624010240969440e+00,5.592670051750423532e+00,0.000000000000000000e+00,2.765658502143287373e-02,6.221585127395855980e-02,0.000000000000000000e+00
7.749901982614441742e+00,5.735487560543537811e+00,0.000000000000000000e+00,5.653200033105107783e-03,3.202625857819160760e-02,0.000000000000000000e+00
7.927752277894172472e+00,5.723715765800327482e+00,0.000000000000000000e+00,4.077771167218326859e-02,2.915663999835972284e-02,0.000000000000000000e+00
6.762270227435129399e+00,5.586788040609479644e+00,0.000000000000000000e+00,-2.613488085924337012e-01,2.765247195915439271e-02,0.000000000000000000e+00
6.943335205860926784e+00,5.591391159064185601e+00,0.000000000000000000e+00,-2.286416831264426464e-01,5.554542336812361841e-02,0.000000000000000000e+00
7.023867186720598177e+00,5.728634635590263535e+00,0.000000000000000000e+00,-1.691455416354762376e-01,3.272631728242764854e-02,0.000000000000000000e+00
6.843262135085011799e+00,5.722481730516513210e+00,0.000000000000000000e+00,-2.035446885040794740e-01,1.875818801559517301e-02,0.000000000000000000e+00
8.390370887734000860e+00,5.579238432900107014e+00,0.000000000000000000e+00,1.146936384641518286e-01,1.498047879293667312e-02,0.000000000000000000e+00
8.201263719726963330e+00,5.577463870460009687e+00,0.000000000000000000e+00,9.754120341979835573e-02,3.473678446861711011e-02,0.000000000000000000e+00
8.113680929245225215e+00,5.718917413653045401e+00,0.000000000000000000e+00,6.732502099822232355e-02,2.091750447917583092e-02,0.000000000000000000e+00
8.299609580596275293e+00,5.714119061505762431e+00,0.000000000000000000e+00,8.704780909798001676e-02,1.170439226500372479e-02,0.000000000000000000e+00
8.764204599036238719e+00,5.572418126025404206e+00,0.000000000000000000e+00,1.183587620004626778e-01,-1.293427450133554334e-02,0.000000000000000000e+00
8.581602696629628824e+00,5.574565586311804211e+00,0.000000000000000000e+00,1.211566141291911397e-01,2.725219604615363063e-03,0.000000000000000000e+00
8.490841389491905034e+00,5.709446214917461404e+00,0.000000000000000000e+00,9.493816793069949356e-02,4.833279194711078211e-03,0.000000000000000000e+00
8.682073198387532997e+00,5.704773368329157712e+00,0.000000000000000000e+00,9.732727610049338174e-02,-4.297718457704008226e-03,0.000000000000000000e+00
6.411817026260083985e+00,5.563386507864746200e+00,0.000000000000000000e+00,-2.737287774180887090e-01,-2.859080341651562551e-02,0.000000000000000000e+00
6.577475076612173233e+00,5.575315775102762217e+00,0.000000000000000000e+00,-2.774737359041539175e-01,2.493861389461442691e-03,0.000000000000000000e+00
6.658466984262056521e+00,5.711009465009796671e+00,0.000000000000000000e+00,-2.250492443276967958e-01,7.451246018972739957e-03,0.000000000000000000e+00
6.473671833439099466e+00,5.699537199503077467e+00,0.000000000000000000e+00,-2.357847085873659154e-01,-1.483051045797567115e-02,0.000000000000000000e+00
9.562218132912178703e+00,4.322170537238665844e+00,0.000000000000000000e+00,1.029044031059854619e-01,-2.720450110106466535e-01,0.000000000000000000e+00
9.532620738720559928e+00,4.477204014385850250e+00,0.000000000000000000e+00,1.011768502443060463e-01,-2.283821335824589849e-01,0.000000000000000000e+00
9.695996745690111496e+00,4.390479692354969821e+00,0.000000000000000000e+00,5.856123696989512517e-02,-2.990914546074954772e-01,0.000000000000000000e+00
9.677280414677783327e+00,4.212923975424367029e+00,0.000000000000000000e+00,4.999098163690188917e-02,-3.635082238805331656e-01,0.000000000000000000e+00
9.306615534281888813e+00,4.890087305207366342e+00,0.000000000000000000e+00,1.107688563896253725e-01,-1.184547575459913155e-01,0.000000000000000000e+00
9.412701392167722503e+00,4.733433157836695493e+00,0.000000000000000000e+00,1.071243276555188945e-01,-1.485535888301578178e-01,0.000000000000000000e+00
9.696642752150074429e+00,4.567030625787141140e+00,0.000000000000000000e+00,5.319319393673212215e-02,-2.413325359526131975e-01,0.000000000000000000e+00
9.533266745180522861e+00,4.653754947818020682e+00,0.000000000000000000e+00,9.335905469593788752e-02,-1.872975084678655533e-01,0.000000000000000000e+00
9.576723405597237004e+00,4.823259769237986383e+00,0.000000000000000000e+00,7.772088553088306317e-02,-1.611963875541528590e-01,0.000000000000000000e+00
9.456158052584436646e+00,4.902937979256660306e+00,0.000000000000000000e+00,9.470323389796579672e-02,-1.357592415280878539e-01,0.000000000000000000e+00
9.697288758610037362e+00,4.743581559219312460e+00,0.000000000000000000e+00,5.439988324172906342e-02,-1.875225844735213254e-01,0.000000000000000000e+00
1.000000000000000000e+01,4.035714285714286476e+00,0.000000000000000000e+00,0.000000000000000000e+00,0.000000000000000000e+00,0.000000000000000000e+00
9.869276641505685177e+00,3.809294787066078936e+00,0.000000000000000000e+00,-5.455668392330276922e-02,-1.741521399806543469e-01,0.000000000000000000e+00
9.829282041832726691e+00,3.946255557818310944e+00,0.000000000000000000e+00,-1.675770675555635081e-02,-2.847990035083246552e-01,0.000000000000000000e+00
9.829282041832726691e+00,4.124826986389740213e+00,0.000000000000000000e+00,-1.536536123334247567e-03,-2.796284288715355504e-01,0.000000000000000000e+00
9.847998372845056636e+00,4.302382703320342117e+00,0.000000000000000000e+00,1.551436714033400596e-02,-2.222371259792062514e-01,0.000000000000000000e+00
1.000000000000000178e+01,3.857142857142858094e+00,0.000000000000000000e+00,0.000000000000000000e+00,0.000000000000000000e+00,0.000000000000000000e+00
1.000000000000000178e+01,4.214285714285715301e+00,0.000000000000000000e+00,0.000000000000000000e+00,0.000000000000000000e+00,0.000000000000000000e+00
9.188453728764077511e+00,5.192930157950369718e+00,0.000000000000000000e+00,1.136817001319880283e-01,-7.393705784749940446e-02,0.000000000000000000e+00
9.264959292180908079e+00,5.049448055031809268e+00,0.000000000000000000e+00,1.098770973292906156e-01,-9.559865144664089764e-02,0.000000000000000000e+00
9.414501810483455913e+00,5.062298729081103232e+00,0.000000000000000000e+00,9.024388231720324727e-02,-1.105014037366967711e-01,0.000000000000000000e+00
9.372845568382473402e+00,5.221659478905545271e+00,0.000000000000000000e+00,8.965759808200257641e-02,-8.290306128278898679e-02,0.000000000000000000e+00
1.000000000000000000e+01,3.678571428571428825e+00,0.000000000000000000e+00,0.000000000000000000e+00,0.000000000000000000e+00,0.000000000000000000e+00
8.994782151811630655e+00,5.437306309863356724e+00,0.000000000000000000e+00,1.200085274923141376e-01,-3.497499895749089233e-02,0.000000000000000000e+00
9.073645096541998356e+00,5.299375286500128013e+00,0.000000000000000000e+00,1.213196872682705957e-01,-5.218321457328477936e-02,0.000000000000000000e+00
9.258036936160396024e+00,5.328104607455304453e+00,0.000000000000000000e+00,9.889931632253427807e-02,-6.265510032658187789e-02,0.000000000000000000e+00
9.143228303938316870e+00,5.434549736005062748e+00,0.000000000000000000e+00,1.053587604899776653e-01,-4.328744469428084940e-02,0.000000000000000000e+00
6.281641765247107045e+00,5.666267794861352236e+00,0.000000000000000000e+00,-2.404397493018344545e-01,-2.196908884330029885e-02,0.000000000000000000e+00
8.946669351580990082e+00,5.570125358407435279e+00,0.000000000000000000e+00,1.066888985681213597e-01,-2.062489027996487409e-02,0.000000000000000000e+00
8.864537950932287913e+00,5.702480600711189673e+00,0.000000000000000000e+00,8.888846497473087971e-02,-8.923674553371925902e-03,0.000000000000000000e+00
9.095115503707678073e+00,5.567368784549142191e+00,0.000000000000000000e+00,9.432531823125611670e-02,-2.767250973378585291e-02,0.000000000000000000e+00
9.047002703477037500e+00,5.700187833093219858e+00,0.000000000000000000e+00,7.731917439637614464e-02,-1.512639240790007722e-02,0.000000000000000000e+00
4.607142857142857650e+00,4.000000000000000000e+00,0.000000000000000000e+00,0.000000000000000000e+00,0.000000000000000000e+00,0.000000000000000000e+00
4.501795477533827139e+00,3.853246128292472150e+00,0.000000000000000000e+00,1.091811632179870317e+00,4.831796137831915194e-01,0.000000000000000000e+00
4.428571428571430602e+00,4.000000000000000888e+00,0.000000000000000000e+00,0.000000000000000000e+00,0.000000000000000000e+00,0.000000000000000000e+00
4.400176037210497881e+00,3.478110131667813576e+00,0.000000000000000000e+00,1.276227522939623604e+00,2.575691012770866095e+00,0.000000000000000000e+00
4.417970838444259307e+00,3.611006670164712329e+00,0.000000000000000000e+00,1.311553495278115822e+00,1.864960447733919668e+00,0.000000000000000000e+00
4.412509763248112726e+00,3.748900213329142694e+00,0.000000000000000000e+00,8.850333697056139703e-01,1.154452226290761718e+00,0.000000000000000000e+00
4.339285714285716189e+00,3.895654085036671432e+00,0.000000000000000000e+00,4.144807519520340433e-01,3.942269778685690285e-01,0.000000000000000000e+00
4.255461075196148357e+00,3.653414626908912055e+00,0.000000000000000000e+00,6.549283256865727765e-01,1.850662074407338320e+00,0.000000000000000000e+00
4.250000000000001776e+00,3.791308170073342421e+00,0.000000000000000000e+00,1.228771202091885756e-01,1.010827244791233870e+00,0.000000000000000000e+00
4.260922150392295826e+00,3.515521083744481246e+00,0.000000000000000000e+00,8.303738502003065181e-01,2.501482494928013001e+00,0.000000000000000000e+00
4.322876666896079634e+00,3.385834314923284794e+00,0.000000000000000000e+00,1.320958850073278512e+00,2.359678612681318732e+00,0.000000000000000000e+00
4.165298465132774020e+00,3.132873570489404180e+00,0.000000000000000000e+00,1.552570514894706877e+00,2.153088422464774609e+00,0.000000000000000000e+00
4.248874053179989119e+00,3.250187515897503765e+00,0.000000000000000000e+00,1.737378699550549133e+00,2.194200823152467450e+00,0.000000000000000000e+00
4.186919536676204423e+00,3.379874284718699773e+00,0.000000000000000000e+00,1.416029564775093341e+00,2.382255547796237050e+00,0.000000000000000000e+00
4.112916922960113908e+00,3.244227485692918300e+00,0.000000000000000000e+00,1.880626151861354289e+00,2.169675129041544359e+00,0.000000000000000000e+00
4.190273852390571818e+00,2.798340001806629562e+00,0.000000000000000000e+00,5.685880116313088983e-01,1.607555901453146419e+00,0.000000000000000000e+00
4.142193717113087814e+00,2.893464098923357319e+00,0.000000000000000000e+00,9.422392467772024993e-01,2.094986170012336224e+00,0.000000000000000000e+00
4.066707426920740609e+00,2.765408542560824134e+00,0.000000000000000000e+00,9.628273719402085096e-01,1.937284176077489040e+00,0.000000000000000000e+00
4.299327116468123933e+00,2.725350284233948539e+00,0.000000000000000000e+00,3.444264180032104994e-01,8.290011179690326415e-01,0.000000000000000000e+00
4.392406977537921975e+00,2.684714553707730822e+00,0.000000000000000000e+00,8.086002896818444974e-02,4.840437924554930049e-01,0.000000000000000000e+00
4.284813955075843950e+00,2.619429107415462088e+00,0.000000000000000000e+00,1.242381111098035257e-01,6.653896622113281145e-01,0.000000000000000000e+00
4.500000000000000000e+00,2.625000000000000000e+00,0.000000000000000000e+00,0.000000000000000000e+00,0.000000000000000000e+00,0.000000000000000000e+00
4.392406977537921975e+00,2.559714553707731266e+00,0.000000000000000000e+00,4.384563931081382482e-02,4.149901703635184291e-01,0.000000000000000000e+00
4.500000000000000000e+00,2.500000000000000000e+00,0.000000000000000000e+00,0.000000000000000000e+00,0.000000000000000000e+00,0.000000000000000000e+00
4.175760690998291835e+00,2.692418824988143111e+00,0.000000000000000000e+00,6.583696951301267752e-01,1.447138263370626454e+00,0.000000000000000000e+00
4.080383066212744936e+00,3.011509867079364966e+00,0.000000000000000000e+00,1.043709531399685808e+00,2.021611325664010028e+00,0.000000000000000000e+00
4.028001524040084824e+00,3.122863782282879086e+00,0.000000000000000000e+00,1.531861079518238800e+00,2.012461083970155329e+00,0.000000000000000000e+00
4.004896776020398619e+00,2.883454310716832225e+00,0.000000000000000000e+00,9.847696296106537295e-01,1.907053603341793524e+00,0.000000000000000000e+00
3.943086125120055740e+00,3.001500078872839428e+00,0.000000000000000000e+00,1.052038566979507150e+00,1.837110518728755970e+00,0.000000000000000000e+00
5.785402671337214642e+00,5.558557728963386069e+00,0.000000000000000000e+00,-8.003948625949619533e-02,-1.242718830182359541e-01,0.000000000000000000e+00
5.929734679517205009e+00,5.677894041057017560e+00,0.000000000000000000e+00,-2.677431378966431130e-01,3.424223107389527503e-03,0.000000000000000000e+00
5.769857661979295393e+00,5.722789691894409003e+00,0.000000000000000000e+00,-2.741860299781946897e-01,-2.053578361587739959e-02,0.000000000000000000e+00
5.500000000000000000e+00,5.400000000000000355e+00,0.000000000000000000e+00,0.000000000000000000e+00,0.000000000000000000e+00,0.000000000000000000e+00
5.650473840347567389e+00,5.497162883016182278e+00,0.000000000000000000e+00,1.544426302855757271e-02,-2.081037850604550987e-01,0.000000000000000000e+00
5.634928830989648141e+00,5.661394845947205212e+00,0.000000000000000000e+00,-8.009142923302398076e-02,-1.595578204751929852e-01,0.000000000000000000e+00
5.500000000000000000e+00,5.599999999999999645e+00,0.000000000000000000e+00,0.000000000000000000e+00,0.000000000000000000e+00,0.000000000000000000e+00
6.062500000000000000e+00,6.000000000000000888e+00,0.000000000000000000e+00,0.000000000000000000e+00,0.000000000000000000e+00,0.000000000000000000e+00
6.361835916719550177e+00,5.849768599751539178e+00,0.000000000000000000e+00,-1.356760816898170963e-01,-7.358324180369675213e-03,0.000000000000000000e+00
6.169805848527555980e+00,5.816499195109813058e+00,0.000000000000000000e+00,-1.475025105198742026e-01,-5.617047604276558491e-03,0.000000000000000000e+00
5.822428830989648141e+00,5.861394845947204502e+00,0.000000000000000000e+00,-9.745056556979166118e-02,-2.212925238646349865e-02,0.000000000000000000e+00
5.982305848527555980e+00,5.816499195109813058e+00,0.000000000000000000e+00,-1.390453094410186163e-01,-1.820926674522524089e-02,0.000000000000000000e+00
6.250000000000000000e+00,6.000000000000000000e+00,0.000000000000000000e+00,0.000000000000000000e+00,0.000000000000000000e+00,0.000000000000000000e+00
5.875000000000000888e+00,6.000000000000000888e+00,0.000000000000000000e+00,0.000000000000000000e+00,0.000000000000000000e+00,0.000000000000000000e+00
7.562500000000000888e+00,6.000000000000000888e+00,0.000000000000000000e+00,0.000000000000000000e+00,0.000000000000000000e+00,0.000000000000000000e+00
7.289736119178091833e+00,5.867393770332006042e+00,0.000000000000000000e+00,-6.448691340771010860e-02,1.241068624073408087e-02,0.000000000000000000e+00
7.473525843667355062e+00,5.873629677643373626e+00,0.000000000000000000e+00,-3.568336367405017945e-02,1.096882605876649958e-02,0.000000000000000000e+00
7.661025843667355062e+00,5.873629677643373626e+00,0.000000000000000000e+00,-8.360061806251201447e-03,1.065103556719835740e-02,0.000000000000000000e+00
7.838876138947085792e+00,5.861857882900164185e+00,0.000000000000000000e+00,1.249432916352159056e-02,8.952069413439511791e-03,0.000000000000000000e+00
7.375000000000000888e+00,6.000000000000000888e+00,0.000000000000000000e+00,0.000000000000000000e+00,0.000000000000000000e+00,0.000000000000000000e+00
7.750000000000000000e+00,6.000000000000000000e+00,0.000000000000000000e+00,0.000000000000000000e+00,0.000000000000000000e+00,0.000000000000000000e+00
7.187500000000000888e+00,6.000000000000000888e+00,0.000000000000000000e+00,0.000000000000000000e+00,0.000000000000000000e+00,0.000000000000000000e+00
7.102236119178091833e+00,5.867393770332006042e+00,0.000000000000000000e+00,-9.320598865211865425e-02,1.085397430880984983e-02,0.000000000000000000e+00
6.921631067542506344e+00,5.861240865258256605e+00,0.000000000000000000e+00,-1.189510204273072497e-01,6.484579547643384498e-03,0.000000000000000000e+00
7.000000000000000888e+00,6.000000000000000888e+00,0.000000000000000000e+00,0.000000000000000000e+00,0.000000000000000000e+00,0.000000000000000000e+00
7.937500000000000888e+00,6.000000000000000888e+00,0.000000000000000000e+00,0.000000000000000000e+00,0.000000000000000000e+00,0.000000000000000000e+00
8.212304790298137647e+00,5.857059530752881216e+00,0.000000000000000000e+00,4.514560294746743779e-02,4.284409632490934067e-03,0.000000000000000000e+00
8.026376138947085792e+00,5.861857882900164185e+00,0.000000000000000000e+00,3.118725515682461633e-02,7.907133611091108488e-03,0.000000000000000000e+00
8.125000000000000000e+00,6.000000000000000000e+00,0.000000000000000000e+00,0.000000000000000000e+00,0.000000000000000000e+00,0.000000000000000000e+00
6.812500000000000888e+00,6.000000000000000888e+00,0.000000000000000000e+00,0.000000000000000000e+00,0.000000000000000000e+00,0.000000000000000000e+00
6.549335916719550177e+00,5.849768599751539178e+00,0.000000000000000000e+00,-1.447839276050952861e-01,-4.044449861529624858e-03,0.000000000000000000e+00
6.734131067542506344e+00,5.861240865258256605e+00,0.000000000000000000e+00,-1.312926136971589997e-01,3.583743350044319396e-03,0.000000000000000000e+00
6.625000000000000000e+00,6.000000000000000000e+00,0.000000000000000000e+00,0.000000000000000000e+00,0.000000000000000000e+00,0.000000000000000000e+00
8.312500000000000000e+00,6.000000000000000888e+00,0.000000000000000000e+00,0.000000000000000000e+00,0.000000000000000000e+00,0.000000000000000000e+00
8.399804790298137647e+00,5.857059530752881216e+00,0.000000000000000000e+00,5.195550328183112798e-02,3.098440249885047598e-03,0.000000000000000000e+00
8.591036599193767387e+00,5.852386684164579300e+00,0.000000000000000000e+00,5.590355194390591448e-02,-5.038036961963003038e-04,0.000000000000000000e+00
8.500000000000000000e+00,6.000000000000000000e+00,0.000000000000000000e+00,0.000000000000000000e+00,0.000000000000000000e+00,0.000000000000000000e+00
8.687500000000000000e+00,6.000000000000000888e+00,0.000000000000000000e+00,0.000000000000000000e+00,0.000000000000000000e+00,0.000000000000000000e+00
8.961001351738520526e+00,5.850093916546610373e+00,0.000000000000000000e+00,4.739594827001849392e-02,-3.904879234021718225e-03,0.000000000000000000e+00
8.778536599193767387e+00,5.852386684164579300e+00,0.000000000000000000e+00,5.267841100995091647e-02,-1.309659328960882533e-03,0.000000000000000000e+00
8.875000000000000000e+00,6.000000000000000000e+00,0.000000000000000000e+00,0.000000000000000000e+00,0.000000000000000000e+00,0.000000000000000000e+00
6.437500000000000888e+00,6.000000000000000888e+00,0.000000000000000000e+00,0.000000000000000000e+00,0.000000000000000000e+00,0.000000000000000000e+00
1.000000000000000000e+01,4.392857142857142350e+00,0.000000000000000000e+00,0.000000000000000000e+00,0.000000000000000000e+00,0.000000000000000000e+00
9.847998372845056636e+00,4.480954131891770942e+00,0.000000000000000000e+00,1.588471285033280986e-02,-1.842415698750303477e-01,0.000000000000000000e+00
9.848644379305017793e+00,4.657505065323940485e+00,0.000000000000000000e+00,1.534549175340134582e-02,-1.470679789797005310e-01,0.000000000000000000e+00
1.000000000000000178e+01,4.571428571428571175e+00,0.000000000000000000e+00,0.000000000000000000e+00,0.000000000000000000e+00,0.000000000000000000e+00
9.579805556987306403e+00,4.996257701924530004e+00,0.000000000000000000e+00,6.839146014579326749e-02,-1.230978932884991967e-01,0.000000000000000000e+00
9.700370910000104985e+00,4.916579491905855193e+00,0.000000000000000000e+00,4.271728660411251016e-02,-1.417361440591317356e-01,0.000000000000000000e+00
9.703453061390172607e+00,5.089577424592397925e+00,0.000000000000000000e+00,4.179819618229717315e-02,-9.937602042456378237e-02,0.000000000000000000e+00
9.538149314886325669e+00,5.155618451748972930e+00,0.000000000000000000e+00,6.539886914002379648e-02,-9.731871454461089865e-02,0.000000000000000000e+00
1.000000000000000000e+01,4.749999999999999112e+00,0.000000000000000000e+00,0.000000000000000000e+00,0.000000000000000000e+00,0.000000000000000000e+00
9.848644379305017793e+00,4.836076493895369310e+00,0.000000000000000000e+00,1.482442223976553584e-02,-1.126922615092074698e-01,0.000000000000000000e+00
9.851726530695087192e+00,5.009074426581912931e+00,0.000000000000000000e+00,1.165666288148460399e-02,-8.397091271511759880e-02,0.000000000000000000e+00
1.000000000000000178e+01,4.928571428571427937e+00,0.000000000000000000e+00,0.000000000000000000e+00,0.000000000000000000e+00,0.000000000000000000e+00
9.279354463086932014e+00,5.534997434352565193e+00,0.000000000000000000e+00,7.757791667987684603e-02,-3.402341239105421966e-02,0.000000000000000000e+00
9.394163095309011169e+00,5.428552305802806011e+00,0.000000000000000000e+00,7.089510134073877257e-02,-5.228326238872733900e-02,0.000000000000000000e+00
9.537484076270725808e+00,5.330625426291726754e+00,0.000000000000000000e+00,5.753168494233745073e-02,-6.602842026764732530e-02,0.000000000000000000e+00
9.702787822774574522e+00,5.264584399135152637e+00,0.000000000000000000e+00,2.980260046220688588e-02,-6.781755198926790740e-02,0.000000000000000000e+00
9.558801603197263574e+00,5.537518253188986606e+00,0.000000000000000000e+00,3.987624126350949871e-02,-3.728368617244880862e-02,0.000000000000000000e+00
9.702122584158978214e+00,5.439591373677908237e+00,0.000000000000000000e+00,2.989244868973005287e-02,-3.756597402157666604e-02,0.000000000000000000e+00
9.415480622235547159e+00,5.635445132700065862e+00,0.000000000000000000e+00,5.003987841136794956e-02,-2.437079798136017328e-02,0.000000000000000000e+00
9.231241662856293217e+00,5.667816482896643748e+00,0.000000000000000000e+00,6.584334108142447795e-02,-1.841800507946561236e-02,0.000000000000000000e+00
9.062500000000000000e+00,6.000000000000000888e+00,0.000000000000000000e+00,0.000000000000000000e+00,0.000000000000000000e+00,0.000000000000000000e+00
9.148501351738520526e+00,5.850093916546610373e+00,0.000000000000000000e+00,3.768990608892356514e-02,-4.235179719765345789e-03,0.000000000000000000e+00
9.332740311117774468e+00,5.817722566350033375e+00,0.000000000000000000e+00,3.362295763503981433e-02,-6.655091630032521077e-03,0.000000000000000000e+00
9.250000000000000000e+00,6.000000000000000000e+00,0.000000000000000000e+00,0.000000000000000000e+00,0.000000000000000000e+00,0.000000000000000000e+00
4.250000000000001776e+00,4.000000000000000000e+00,0.000000000000000000e+00,0.000000000000000000e+00,0.000000000000000000e+00,0.000000000000000000e+00
4.160714285714288252e+00,3.895654085036671432e+00,0.000000000000000000e+00,-2.701830176501087144e-01,4.392962786305821821e-01,0.000000000000000000e+00
4.071428571428573839e+00,4.000000000000000888e+00,0.000000000000000000e+00,0.000000000000000000e+00,0.000000000000000000e+00,0.000000000000000000e+00
4.093661746168688609e+00,3.743922269390815849e+00,0.000000000000000000e+00,-2.747154486095113590e-01,8.053954911511721493e-01,0.000000000000000000e+00
4.099122821364835190e+00,3.606028726226385039e+00,0.000000000000000000e+00,-1.101833981267109630e-01,1.816253413762219715e+00,0.000000000000000000e+00
3.937323492337374109e+00,3.696536368708288833e+00,0.000000000000000000e+00,-8.147247651891450504e-01,1.954780557072343106e-01,0.000000000000000000e+00
4.004376031882973308e+00,3.848268184354144417e+00,0.000000000000000000e+00,-5.640867796382089683e-01,5.705998536283635875e-02,0.000000000000000000e+00
4.046082848861431991e+00,3.337101212249184101e+00,0.000000000000000000e+00,1.428339500996413269e+00,1.657035174583477932e+00,0.000000000000000000e+00
4.120085462577522506e+00,3.472748011274965130e+00,0.000000000000000000e+00,7.348166379170958384e-01,1.903848507441770588e+00,0.000000000000000000e+00
3.958286133550061869e+00,3.563255653756868924e+00,0.000000000000000000e+00,-2.073683073764199820e-03,7.221283468407355688e-01,0.000000000000000000e+00
3.979248774762750518e+00,3.429974938805449458e+00,0.000000000000000000e+00,7.305952944759773748e-01,9.015259222706762943e-01,0.000000000000000000e+00
3.919074982815515362e+00,3.122656382301848055e+00,0.000000000000000000e+00,1.231145756843527783e+00,1.356827765296080512e+00,0.000000000000000000e+00
4.003990381735543558e+00,3.244020085711886825e+00,0.000000000000000000e+00,1.639326988278405173e+00,1.594877398720448314e+00,0.000000000000000000e+00
3.937156307636862085e+00,3.336893812268152182e+00,0.000000000000000000e+00,1.080075807217201866e+00,7.879774797366345673e-01,0.000000000000000000e+00
3.895063840510973652e+00,3.243812685730855350e+00,0.000000000000000000e+00,1.253405682675731159e+00,7.911652893678288168e-01,0.000000000000000000e+00
3.977727960925892425e+00,2.788754724953242281e+00,0.000000000000000000e+00,8.724249184085078879e-01,2.180017866817809846e+00,0.000000000000000000e+00
3.915917310025549991e+00,2.906800493109249928e+00,0.000000000000000000e+00,8.302324910953478021e-01,2.168900465266617061e+00,0.000000000000000000e+00
4.041091258403695541e+00,2.633057124227965229e+00,0.000000000000000000e+00,8.692995895515457372e-01,1.650761933148153782e+00,0.000000000000000000e+00
4.150144522481246767e+00,2.560067406655283762e+00,0.000000000000000000e+00,2.159557074063247206e-01,1.123198891515319264e+00,0.000000000000000000e+00
3.861506228865193346e+00,2.723437203438632714e+00,0.000000000000000000e+00,1.179163996794735381e+00,2.458081957380880755e+00,0.000000000000000000e+00
3.950485694860041974e+00,2.700091021046215012e+00,0.000000000000000000e+00,1.264937600228290826e+00,2.248969412964272774e+00,0.000000000000000000e+00
3.924869526342996906e+00,2.567739602713356106e+00,0.000000000000000000e+00,8.981365462746491168e-01,2.115929277329244851e+00,0.000000000000000000e+00
3.888748494931043354e+00,2.812100907345659540e+00,0.000000000000000000e+00,7.784158176839607313e-01,2.389741347082746437e+00,0.000000000000000000e+00
4.015475089886649585e+00,2.500705705895105879e+00,0.000000000000000000e+00,9.338435561828989373e-02,1.489326522059747138e+00,0.000000000000000000e+00
3.834263962799342895e+00,2.634773499531605889e+00,0.000000000000000000e+00,1.534959967885588306e+00,2.492750371296372780e+00,0.000000000000000000e+00
4.378254139181560589e+00,2.430215860972100739e+00,0.000000000000000000e+00,-9.685435969641340015e-02,4.098802524502839773e-01,0.000000000000000000e+00
4.270661116719482564e+00,2.489930414679832005e+00,0.000000000000000000e+00,3.314354515500608778e-02,6.356550715116122685e-01,0.000000000000000000e+00
4.135991684124885381e+00,2.430568713919653678e+00,0.000000000000000000e+00,-2.644298997489031092e-02,1.140666834906708171e+00,0.000000000000000000e+00
4.256508278363119402e+00,2.360431721944201033e+00,0.000000000000000000e+00,-2.027739629971702096e-01,6.239505841110447593e-01,0.000000000000000000e+00
4.625000000000000000e+00,2.500000000000000000e+00,0.000000000000000000e+00,0.000000000000000000e+00,0.000000000000000000e+00,0.000000000000000000e+00
4.502815880240119029e+00,2.370122752356083495e+00,0.000000000000000000e+00,-1.797768179319542969e-01,2.987643786071298921e-02,0.000000000000000000e+00
4.381070019421678730e+00,2.300338613328184234e+00,0.000000000000000000e+00,-2.872339982241202128e-01,3.984367757212941563e-01,0.000000000000000000e+00
4.627815880240119029e+00,2.370122752356083495e+00,0.000000000000000000e+00,-1.572113681120354545e-01,2.371406298321762987e-02,0.000000000000000000e+00
4.750000000000000000e+00,2.500000000000000000e+00,0.000000000000000000e+00,0.000000000000000000e+00,0.000000000000000000e+00,0.000000000000000000e+00
4.505631760480238057e+00,2.240245504712167435e+00,0.000000000000000000e+00,-3.266609406992631581e-01,7.825298061890922918e-02,0.000000000000000000e+00
3.805150903223368353e+00,3.182514758002795485e+00,0.000000000000000000e+00,8.614110937441945559e-01,8.312487003817007336e-01,0.000000000000000000e+00
3.829162045527909619e+00,3.061358454573787746e+00,0.000000000000000000e+00,9.524242685144073128e-01,1.263924272218907241e+00,0.000000000000000000e+00
3.802796645479471938e+00,2.840203178020411556e+00,0.000000000000000000e+00,4.089514133009971575e-01,1.799493084085249883e+00,0.000000000000000000e+00
3.829965460573978131e+00,2.934902763784001500e+00,0.000000000000000000e+00,4.240578662396552456e-01,1.548303799223440524e+00,0.000000000000000000e+00
3.716041380981831566e+00,2.994761139484949375e+00,0.000000000000000000e+00,4.200800885280456809e-01,6.932127943655412849e-01,0.000000000000000000e+00
3.715237965935763054e+00,3.121216830274735177e+00,0.000000000000000000e+00,7.408030611898943629e-01,3.570031916740086242e-01,0.000000000000000000e+00
3.716844796027900522e+00,2.868305448695163573e+00,0.000000000000000000e+00,-9.097549460267150001e-02,9.015897270914114969e-01,0.000000000000000000e+00
5.500000000000000000e+00,5.800000000000000711e+00,0.000000000000000000e+00,0.000000000000000000e+00,0.000000000000000000e+00,0.000000000000000000e+00
5.687500000000000000e+00,6.000000000000000888e+00,0.000000000000000000e+00,0.000000000000000000e+00,0.000000000000000000e+00,0.000000000000000000e+00
5.500000000000000000e+00,6.000000000000000000e+00,0.000000000000000000e+00,0.000000000000000000e+00,0.000000000000000000e+00,0.000000000000000000e+00
5.634928830989648141e+00,5.861394845947204502e+00,0.000000000000000000e+00,-7.400031657300988608e-02,1.330120054851413949e-02,0.000000000000000000e+00
1.000000000000000000e+01,5.107142857142855874e+00,0.000000000000000000e+00,0.000000000000000000e+00,0.000000000000000000e+00,0.000000000000000000e+00
9.851061292079489107e+00,5.362652829696095580e+00,0.000000000000000000e+00,8.233122160653767035e-03,-3.889002560298041034e-02,0.000000000000000000e+00
9.851726530695087192e+00,5.187645855153341756e+00,0.000000000000000000e+00,1.144359835459015512e-02,-5.734330862442579835e-02,0.000000000000000000e+00
1.000000000000000178e+01,5.285714285714284699e+00,0.000000000000000000e+00,0.000000000000000000e+00,0.000000000000000000e+00,0.000000000000000000e+00
9.572675633766737135e+00,5.685056440845731807e+00,0.000000000000000000e+00,2.649635187030566566e-02,-1.872419677779947611e-02,0.000000000000000000e+00
9.715996614728451775e+00,5.587129561334652550e+00,0.000000000000000000e+00,1.790334541052783154e-02,-1.999514507976160246e-02,0.000000000000000000e+00
9.729870645297925336e+00,5.734667748991396863e+00,0.000000000000000000e+00,1.099461500220410073e-02,-7.121827594096212175e-03,0.000000000000000000e+00
1.000000000000000000e+01,5.464285714285713524e+00,0.000000000000000000e+00,0.000000000000000000e+00,0.000000000000000000e+00,0.000000000000000000e+00
9.851061292079489107e+00,5.541224258267525293e+00,0.000000000000000000e+00,7.709472459036423655e-03,-2.020135420919313626e-02,0.000000000000000000e+00
9.864935322648964444e+00,5.688762445924270494e+00,0.000000000000000000e+00,3.189116818944390253e-03,-1.017997434893694840e-02,0.000000000000000000e+00
1.000000000000000178e+01,5.642857142857143238e+00,0.000000000000000000e+00,0.000000000000000000e+00,0.000000000000000000e+00,0.000000000000000000e+00
9.437500000000000000e+00,6.000000000000000888e+00,0.000000000000000000e+00,0.000000000000000000e+00,0.000000000000000000e+00,0.000000000000000000e+00
9.520240311117774468e+00,5.817722566350033375e+00,0.000000000000000000e+00,2.115044238600794629e-02,-6.428219102832954598e-03,0.000000000000000000e+00
9.677435322648964444e+00,5.867333874495699320e+00,0.000000000000000000e+00,8.313865306957697252e-03,-2.197224490455116416e-03,0.000000000000000000e+00
9.625000000000000000e+00,6.000000000000000000e+00,0.000000000000000000e+00,0.000000000000000000e+00,0.000000000000000000e+00,0.000000000000000000e+00
3.892857142857145014e+00,4.000000000000000000e+00,0.000000000000000000e+00,0.000000000000000000e+00,0.000000000000000000e+00,0.000000000000000000e+00
3.825804603311545371e+00,3.848268184354144861e+00,0.000000000000000000e+00,-5.677404953450971847e-01,6.461787487502408667e-02,0.000000000000000000e+00
3.714285714285716633e+00,4.000000000000000888e+00,0.000000000000000000e+00,0.000000000000000000e+00,0.000000000000000000e+00,0.000000000000000000e+00
3.852039094269469111e+00,3.426059516906893698e+00,0.000000000000000000e+00,6.636067496065390925e-01,4.135695844453808334e-01,0.000000000000000000e+00
3.831076453056780906e+00,3.559340231858313608e+00,0.000000000000000000e+00,-2.686079037597762786e-01,-3.423444756258345323e-02,0.000000000000000000e+00
3.759191451477756019e+00,3.704459315259415408e+00,0.000000000000000000e+00,-6.471369144454561795e-01,-8.320202315318300790e-02,0.000000000000000000e+00
3.647672562451926837e+00,3.856191130905270992e+00,0.000000000000000000e+00,-4.194393819759926201e-01,-3.400521847896790378e-02,0.000000000000000000e+00
3.652944412197162816e+00,3.567263178409439739e+00,0.000000000000000000e+00,-2.174154606293288716e-01,-2.864595640177731717e-01,0.000000000000000000e+00
3.581059410618138372e+00,3.712382261810542428e+00,0.000000000000000000e+00,-4.447757525942244161e-01,-1.625402799507072449e-01,0.000000000000000000e+00
3.724829413776186815e+00,3.422144095008337050e+00,0.000000000000000000e+00,4.043746221967622900e-01,-2.285121450507825169e-01,0.000000000000000000e+00
3.809946627143580677e+00,3.332978390369596422e+00,0.000000000000000000e+00,9.527307852731625726e-01,3.913088516979900122e-01,0.000000000000000000e+00
3.720033689855974934e+00,3.271680462641536113e+00,0.000000000000000000e+00,6.553192478974643187e-01,1.809236629297104049e-01,0.000000000000000000e+00
3.775554379413621930e+00,2.751539474113384731e+00,0.000000000000000000e+00,7.837044854320192044e-01,1.972260489423192542e+00,0.000000000000000000e+00
3.874588115653628151e+00,2.465013986020105019e+00,0.000000000000000000e+00,1.869528562510009984e-01,1.918403806576793658e+00,0.000000000000000000e+00
3.783982552109975472e+00,2.532047882838355246e+00,0.000000000000000000e+00,8.964062522980755787e-01,2.464484606020968194e+00,0.000000000000000000e+00
3.733701141420606717e+00,2.429322266145103715e+00,0.000000000000000000e+00,3.689306502728335602e-01,2.225910202894717749e+00,0.000000000000000000e+00
4.098739887233893597e+00,2.285718446507758017e+00,0.000000000000000000e+00,-6.975260963208168574e-02,1.080295599995948042e+00,0.000000000000000000e+00
3.978223292995658689e+00,2.355855438483210662e+00,0.000000000000000000e+00,9.199450416217887228e-02,1.442234168212803702e+00,0.000000000000000000e+00
3.837336318762637255e+00,2.320163718608209358e+00,0.000000000000000000e+00,2.696595424012004361e-01,1.853465255544576307e+00,0.000000000000000000e+00
3.940971496104666461e+00,2.211005171071314557e+00,0.000000000000000000e+00,3.545592676146083061e-02,1.380314408339535781e+00,0.000000000000000000e+00
3.739083289965623447e+00,2.629886749765803167e+00,0.000000000000000000e+00,1.107202560176262951e+00,1.922760950733549690e+00,0.000000000000000000e+00
3.680373706579902038e+00,2.746652724347581565e+00,0.000000000000000000e+00,4.489273031721494056e-01,8.443528035876738391e-01,0.000000000000000000e+00
3.688801879276255580e+00,2.527161133072552079e+00,0.000000000000000000e+00,6.217497303767925976e-01,1.697221513571552043e+00,0.000000000000000000e+00
3.643902617131903554e+00,2.624999999999999556e+00,0.000000000000000000e+00,5.435697928761075159e-01,9.798448093229559230e-01,0.000000000000000000e+00
4.381404518325796360e+00,2.163956811170798744e+00,0.000000000000000000e+00,-2.534411393242299582e-01,2.933381691719290085e-01,0.000000000000000000e+00
4.256842777267237032e+00,2.224049919786815543e+00,0.000000000000000000e+00,-1.629802598159732496e-01,5.211235645436418373e-01,0.000000000000000000e+00
4.099074386138010340e+00,2.149336644350372971e+00,0.000000000000000000e+00,-3.742674907947007856e-02,1.004634100286467380e+00,0.000000000000000000e+00
4.257177276171353775e+00,2.087668117629430053e+00,0.000000000000000000e+00,-1.504873179804572247e-01,4.096773088473159019e-01,0.000000000000000000e+00
4.756474870110871223e+00,2.371496694791819237e+00,0.000000000000000000e+00,-1.079601735524211570e-01,4.822621672060031783e-02,0.000000000000000000e+00
4.634290750350990251e+00,2.241619447147902733e+00,0.000000000000000000e+00,-2.611135439198334907e-01,9.092705244156265576e-02,0.000000000000000000e+00
4.762949740221743333e+00,2.242993389583638919e+00,0.000000000000000000e+00,-1.381897238663828964e-01,1.741268209137777356e-01,0.000000000000000000e+00
4.875000000000000000e+00,2.500000000000000000e+00,0.000000000000000000e+00,0.000000000000000000e+00,0.000000000000000000e+00,0.000000000000000000e+00
5.000000000000000000e+00,2.500000000000000000e+00,0.000000000000000000e+00,0.000000000000000000e+00,0.000000000000000000e+00,0.000000000000000000e+00
4.881474870110871223e+00,2.371496694791819237e+00,0.000000000000000000e+00,-3.155739314129604040e-02,4.966053624331993877e-02,0.000000000000000000e+00
4.517904631879812172e+00,2.098863265041629678e+00,0.000000000000000000e+00,-1.718730332197810351e-01,1.021850556904785601e-01,0.000000000000000000e+00
4.393677389725370475e+00,2.022574571500260987e+00,0.000000000000000000e+00,-6.153674497214493139e-02,2.702149611547653429e-01,0.000000000000000000e+00
4.646563621750564366e+00,2.100237207477365864e+00,0.000000000000000000e+00,-1.423815647926207351e-01,1.929312032581403935e-01,0.000000000000000000e+00
4.530177503279386286e+00,1.957481025371092143e+00,0.000000000000000000e+00,3.936442428875567418e-02,9.945911876315974287e-02,0.000000000000000000e+00
3.607618982967881749e+00,3.060608415137368254e+00,0.000000000000000000e+00,3.587763671528453324e-01,3.237072130858233421e-01,0.000000000000000000e+00
3.608422398013949817e+00,2.934152724347581565e+00,0.000000000000000000e+00,-1.138730010141451865e-02,5.573339925891177549e-01,0.000000000000000000e+00
3.500000000000000000e+00,3.000000000000000000e+00,0.000000000000000000e+00,0.000000000000000000e+00,0.000000000000000000e+00,0.000000000000000000e+00
3.610231874380782635e+00,3.339852824311243751e+00,0.000000000000000000e+00,3.365622822820508731e-01,-1.462177311484425812e-01,0.000000000000000000e+00
3.605436150460570310e+00,3.189389191944442814e+00,0.000000000000000000e+00,6.263966262674669494e-01,6.325488086686475997e-02,0.000000000000000000e+00
3.497817167492689006e+00,3.128780776807075004e+00,0.000000000000000000e+00,3.549311785968924937e-01,-8.670250505809823371e-02,0.000000000000000000e+00
3.495634334985378011e+00,3.257561553614150007e+00,0.000000000000000000e+00,3.794089938091290692e-01,-2.907039840046559687e-01,0.000000000000000000e+00
3.500000000000000444e+00,2.875000000000000000e+00,0.000000000000000000e+00,0.000000000000000000e+00,0.000000000000000000e+00,0.000000000000000000e+00
3.608422398013950705e+00,2.809152724347582009e+00,0.000000000000000000e+00,7.277846285609476662e-02,4.874857150603285061e-01,0.000000000000000000e+00
3.571951308565951777e+00,2.687500000000000000e+00,0.000000000000000000e+00,2.626866619370204492e-01,5.817727780551982253e-01,0.000000000000000000e+00
3.500000000000000444e+00,2.750000000000000444e+00,0.000000000000000000e+00,0.000000000000000000e+00,0.000000000000000000e+00,0.000000000000000000e+00
9.812500000000000000e+00,6.000000000000000888e+00,0.000000000000000000e+00,0.000000000000000000e+00,0.000000000000000000e+00,0.000000000000000000e+00
1.000000000000000000e+01,5.821428571428572063e+00,0.000000000000000000e+00,0.000000000000000000e+00,0.000000000000000000e+00,0.000000000000000000e+00
1.000000000000000000e+01,6.000000000000000000e+00,0.000000000000000000e+00,0.000000000000000000e+00,0.000000000000000000e+00,0.000000000000000000e+00
9.864935322648964444e+00,5.867333874495699320e+00,0.000000000000000000e+00,2.975871594017855896e-03,-2.237572636075931681e-03,0.000000000000000000e+00
3.535714285714287364e+00,4.000000000000000000e+00,0.000000000000000000e+00,0.000000000000000000e+00,0.000000000000000000e+00,0.000000000000000000e+00
3.469101133880498011e+00,3.856191130905270992e+00,0.000000000000000000e+00,-3.011478420779984955e-01,-3.258049054100641689e-02,0.000000000000000000e+00
3.357142857142858539e+00,4.000000000000000888e+00,0.000000000000000000e+00,0.000000000000000000e+00,0.000000000000000000e+00,0.000000000000000000e+00
3.597826060779876656e+00,3.453691598387055972e+00,0.000000000000000000e+00,1.863460120463741876e-01,-2.300875516421335976e-01,0.000000000000000000e+00
3.525941059200852656e+00,3.598810681788158661e+00,0.000000000000000000e+00,-2.560372465080402726e-01,-1.532961206016678901e-01,0.000000000000000000e+00
3.470822707783566496e+00,3.485239101765774450e+00,0.000000000000000000e+00,1.091560051143773968e-01,-1.578388081142976518e-01,0.000000000000000000e+00
3.424702755083791406e+00,3.686480692327054332e+00,0.000000000000000000e+00,-3.792559122140733430e-01,-3.287363525291421562e-02,0.000000000000000000e+00
3.312744478346151489e+00,3.830289561421783340e+00,0.000000000000000000e+00,-2.969403148215090105e-01,3.144824818029138408e-02,0.000000000000000000e+00
3.369584403666505246e+00,3.572909112304670565e+00,0.000000000000000000e+00,-1.032231152639905697e-01,7.256923241731132700e-03,0.000000000000000000e+00
3.268346099549443551e+00,3.660579122843565347e+00,0.000000000000000000e+00,-3.513634255685423313e-01,6.248157833030750646e-02,0.000000000000000000e+00
3.483228521384472476e+00,3.371400327689962673e+00,0.000000000000000000e+00,3.152968777305117376e-01,-2.275628047887125194e-01,0.000000000000000000e+00
3.674081720162539089e+00,2.315262864534073373e+00,0.000000000000000000e+00,8.921744505813604675e-01,1.771526197121136015e+00,0.000000000000000000e+00
3.777716897504569182e+00,2.206104316997178572e+00,0.000000000000000000e+00,5.686253756515966540e-01,1.417024437279279958e+00,0.000000000000000000e+00
3.571951308565951777e+00,2.562500000000000000e+00,0.000000000000000000e+00,9.776549784016005940e-02,7.630288103010003375e-01,0.000000000000000000e+00
3.616850570710303359e+00,2.464661133072552079e+00,0.000000000000000000e+00,2.475139538101570891e-01,1.509508358491561397e+00,0.000000000000000000e+00
3.557231149452235286e+00,2.350601731461520849e+00,0.000000000000000000e+00,8.807949909105844410e-01,7.087850453806314732e-01,0.000000000000000000e+00
3.500000000000000444e+00,2.500000000000000444e+00,0.000000000000000000e+00,0.000000000000000000e+00,0.000000000000000000e+00,0.000000000000000000e+00
3.614462298904471460e+00,2.201203462923042586e+00,0.000000000000000000e+00,1.213807557079141120e+00,1.115316591343414654e+00,0.000000000000000000e+00
4.150170280334359418e+00,2.007973247550783658e+00,0.000000000000000000e+00,8.367605742571489202e-02,6.227772882731292814e-01,0.000000000000000000e+00
3.992067390301015983e+00,2.069641774271726131e+00,0.000000000000000000e+00,3.088436434988496848e-01,1.065709487948400369e+00,0.000000000000000000e+00
3.904308282454176826e+00,1.930215785860859068e+00,0.000000000000000000e+00,5.844380971079139453e-01,7.469218109386734916e-01,0.000000000000000000e+00
3.853212388257827747e+00,2.071579182660447938e+00,0.000000000000000000e+00,6.212670910756653564e-01,1.067758034002406431e+00,0.000000000000000000e+00
3.689957789657729581e+00,2.066678328586311508e+00,0.000000000000000000e+00,1.115658766747365860e+00,8.339353619241882676e-01,0.000000000000000000e+00
4.043163284497365062e+00,1.928278377472136818e+00,0.000000000000000000e+00,2.897547007109612660e-01,7.113533362234439883e-01,0.000000000000000000e+00
3.765453280410988590e+00,1.932153194249581318e+00,0.000000000000000000e+00,9.374954976314534560e-01,5.594223862714964302e-01,0.000000000000000000e+00
3.500000000000000444e+00,2.625000000000000000e+00,0.000000000000000000e+00,0.000000000000000000e+00,0.000000000000000000e+00,0.000000000000000000e+00
4.402692178487246366e+00,1.868997446453810607e+00,0.000000000000000000e+00,1.290001435068447444e-01,2.133779458406673268e-01,0.000000000000000000e+00
4.266192064933231443e+00,1.934090992582979673e+00,0.000000000000000000e+00,1.294454784013757132e-01,3.294979927402582609e-01,0.000000000000000000e+00
4.159185069096237086e+00,1.854396122504333055e+00,0.000000000000000000e+00,2.407634977854478942e-01,5.072198223100342629e-01,0.000000000000000000e+00
4.275206853695108222e+00,1.780513867536529071e+00,0.000000000000000000e+00,1.739084758946627951e-01,2.497407425622481247e-01,0.000000000000000000e+00
5.000000000000000000e+00,2.321428571428300280e+00,0.000000000000000000e+00,0.000000000000000000e+00,0.000000000000000000e+00,0.000000000000000000e+00
4.881474870110872111e+00,2.192925266220119518e+00,0.000000000000000000e+00,-3.042630989797653895e-02,1.664081948631215557e-01,0.000000000000000000e+00
4.776621388328086582e+00,2.107238273119238947e+00,0.000000000000000000e+00,-7.129680795022541595e-02,3.075971868873743076e-01,0.000000000000000000e+00
4.660235269856906726e+00,1.964482091012965448e+00,0.000000000000000000e+00,3.790862258319747935e-02,2.703060483052645568e-01,0.000000000000000000e+00
4.895146518217214471e+00,2.057170149755719546e+00,0.000000000000000000e+00,4.060193565137536729e-03,2.090950039884446610e-01,0.000000000000000000e+00
5.000000000000000000e+00,2.142857142856600117e+00,0.000000000000000000e+00,0.000000000000000000e+00,0.000000000000000000e+00,0.000000000000000000e+00
4.790293036434428053e+00,1.971483156654838753e+00,0.000000000000000000e+00,3.748712862319714123e-02,3.766370721031609969e-01,0.000000000000000000e+00
4.467311546345660744e+00,1.716010923784053288e+00,0.000000000000000000e+00,2.158682196198620507e-01,2.601532976219307347e-01,0.000000000000000000e+00
4.594796871137798888e+00,1.804494502701334824e+00,0.000000000000000000e+00,3.026414757420337609e-01,1.866464460103904321e-01,0.000000000000000000e+00
4.724854637715321104e+00,1.811495568343207907e+00,0.000000000000000000e+00,2.554707263702215569e-01,3.304872808720537014e-01,0.000000000000000000e+00
4.659416238996212378e+00,1.651507980031577061e+00,0.000000000000000000e+00,2.391592223664033012e-01,2.711159773041578180e-01,0.000000000000000000e+00
3.305555555555647729e+00,3.000000000000000444e+00,0.000000000000000000e+00,0.000000000000000000e+00,0.000000000000000000e+00,0.000000000000000000e+00
3.303372723048336290e+00,3.128780776807075448e+00,0.000000000000000000e+00,1.629359010141508690e-01,-7.492511685004674127e-02,0.000000000000000000e+00
3.111111111111294125e+00,3.000000000000000000e+00,0.000000000000000000e+00,0.000000000000000000e+00,0.000000000000000000e+00,0.000000000000000000e+00
3.363927315052440470e+00,3.419588906121743932e+00,0.000000000000000000e+00,3.649257708572846148e-01,-2.747154550868391096e-02,0.000000000000000000e+00
3.376333128653346005e+00,3.305750132045931267e+00,0.000000000000000000e+00,4.532234193178450443e-01,-1.493496728397807893e-01,0.000000000000000000e+00
3.184071516716303840e+00,3.176969355238856707e+00,0.000000000000000000e+00,3.129419781133969125e-01,9.202727048904378593e-02,0.000000000000000000e+00
3.257031922321313555e+00,3.353938710477712526e+00,0.000000000000000000e+00,5.905741075696963049e-01,1.002724061398656136e-01,0.000000000000000000e+00
3.178571428571429713e+00,4.000000000000000000e+00,0.000000000000000000e+00,0.000000000000000000e+00,0.000000000000000000e+00,0.000000000000000000e+00
3.213074752415172597e+00,3.754710028262830512e+00,0.000000000000000000e+00,-3.595823645041142380e-01,2.634229961153454480e-02,0.000000000000000000e+00
3.257473131211879647e+00,3.924420466841047173e+00,0.000000000000000000e+00,-1.825198789512366415e-01,2.028520821083422843e-03,0.000000000000000000e+00
3.078901702640450821e+00,3.924420466841047173e+00,0.000000000000000000e+00,-1.823722059817643459e-01,-2.011579548857599011e-03,0.000000000000000000e+00
3.157803405280900755e+00,3.848840933682094345e+00,0.000000000000000000e+00,-3.059407201888044159e-01,2.855945765005874111e-03,0.000000000000000000e+00
3.000000000000000444e+00,4.000000000000000888e+00,0.000000000000000000e+00,0.000000000000000000e+00,0.000000000000000000e+00,0.000000000000000000e+00
3.262689010935378775e+00,3.507258916660639159e+00,0.000000000000000000e+00,1.322718001519394282e-01,6.956544370563445823e-02,0.000000000000000000e+00
3.081764034856102619e+00,3.791812772783455188e+00,0.000000000000000000e+00,-2.779318380072051675e-01,-8.221640551102406269e-02,0.000000000000000000e+00
3.137035381990374017e+00,3.697681867364190911e+00,0.000000000000000000e+00,-2.816292551910014041e-01,-1.101134019244142948e-01,0.000000000000000000e+00
3.138044910909916219e+00,3.402897959235609449e+00,0.000000000000000000e+00,4.114040681044877634e-01,-1.880276285163704764e-01,0.000000000000000000e+00
3.143701999523980994e+00,3.556218165418536081e+00,0.000000000000000000e+00,-3.458647057832849731e-02,-2.065507464559704354e-01,0.000000000000000000e+00
3.012391281964911016e+00,3.593320909939160757e+00,0.000000000000000000e+00,-6.425182922396104057e-02,-2.026607046395602352e-01,0.000000000000000000e+00
3.005724664431304483e+00,3.734784611884816474e+00,0.000000000000000000e+00,-2.134284418304655817e-01,-1.298518237148372778e-01,0.000000000000000000e+00
3.019057899498518438e+00,3.451857207993506371e+00,0.000000000000000000e+00,2.362287595181788158e-01,-2.024339245946281673e-01,0.000000000000000000e+00
3.456739074118171828e+00,2.208192717736205957e+00,0.000000000000000000e+00,1.189055070974555761e+00,5.043761775728927699e-01,0.000000000000000000e+00
3.399507924665936098e+00,2.357590986274684219e+00,0.000000000000000000e+00,5.333856902905208530e-01,1.230602204802753010e-03,0.000000000000000000e+00
3.299015849331872641e+00,2.215181972549369327e+00,0.000000000000000000e+00,8.930092882616036398e-01,-3.539822015717859066e-02,0.000000000000000000e+00
3.305555555555650837e+00,2.500000000000000000e+00,0.000000000000000000e+00,0.000000000000000000e+00,0.000000000000000000e+00,0.000000000000000000e+00
3.205063480221586936e+00,2.357590986274684663e+00,0.000000000000000000e+00,5.876843261754136627e-01,-3.418607371288155672e-02,0.000000000000000000e+00
3.111111111111301231e+00,2.500000000000000444e+00,0.000000000000000000e+00,0.000000000000000000e+00,0.000000000000000000e+00,0.000000000000000000e+00
3.607976599373891702e+00,1.930744209607772266e+00,0.000000000000000000e+00,1.264503118251417035e+00,5.875780062444196927e-01,0.000000000000000000e+00
3.532481108620632249e+00,2.065269343944502456e+00,0.000000000000000000e+00,1.414662604311432981e+00,8.258390633699279615e-01,0.000000000000000000e+00
3.374757883834333505e+00,2.072258598757666270e+00,0.000000000000000000e+00,1.296602656819451971e+00,3.121660565877906190e-01,0.000000000000000000e+00
3.450499918336793925e+00,1.929335224965962992e+00,0.000000000000000000e+00,1.566481543574815394e+00,5.316581899245180765e-01,0.000000000000000000e+00
4.010085400301036884e+00,1.779164957172983508e+00,0.000000000000000000e+00,4.804121611790281299e-01,4.620103031110732728e-01,0.000000000000000000e+00
3.871230398257848648e+00,1.781102365561705536e+00,0.000000000000000000e+00,7.587784122499620088e-01,3.877968587973055214e-01,0.000000000000000000e+00
3.977007516104709595e+00,1.630051536873830198e+00,0.000000000000000000e+00,5.152517977092846424e-01,1.713190284887431136e-01,0.000000000000000000e+00
4.126107184899908908e+00,1.705282702205179524e+00,0.000000000000000000e+00,2.976813763354062559e-01,3.376276118651044822e-01,0.000000000000000000e+00
3.796818421076052275e+00,1.631813440519680469e+00,0.000000000000000000e+00,7.444895076255395594e-01,1.723565579188254260e-01,0.000000000000000000e+00
3.691041303229191328e+00,1.782864269207556029e+00,0.000000000000000000e+00,9.818886676563821636e-01,2.731452731556062163e-01,0.000000000000000000e+00
3.533564622192094884e+00,1.781455284565747199e+00,0.000000000000000000e+00,1.292775892939577620e+00,3.126687412267977750e-01,0.000000000000000000e+00
3.616629326047395399e+00,1.633575344165531185e+00,0.000000000000000000e+00,9.347739493276495670e-01,2.068353432376816847e-02,0.000000000000000000e+00
4.500609202429584954e+00,1.548176911137163270e+00,0.000000000000000000e+00,2.415721895053505597e-01,2.368330944205944977e-01,0.000000000000000000e+00
4.308504509779032432e+00,1.612679854889639275e+00,0.000000000000000000e+00,2.811184425333178583e-01,2.059785462050651716e-01,0.000000000000000000e+00
4.159404840983833118e+00,1.537448689558289727e+00,0.000000000000000000e+00,3.756000349829284879e-01,2.113945836332015715e-01,0.000000000000000000e+00
4.341802165862956642e+00,1.444845842242749034e+00,0.000000000000000000e+00,2.668245610888093089e-01,1.490309452189945705e-01,0.000000000000000000e+00
5.000000000000000000e+00,1.964285714284900397e+00,0.000000000000000000e+00,0.000000000000000000e+00,0.000000000000000000e+00,0.000000000000000000e+00
4.895146518217214471e+00,1.878598721184019382e+00,0.000000000000000000e+00,4.139908036856667500e-02,1.830283626681105391e-01,0.000000000000000000e+00
5.000000000000000000e+00,1.785714285713200011e+00,0.000000000000000000e+00,0.000000000000000000e+00,0.000000000000000000e+00,0.000000000000000000e+00
4.829708119498105745e+00,1.718611132872388536e+00,0.000000000000000000e+00,1.108257614013251208e-01,1.159744151892059816e-01,0.000000000000000000e+00
5.000000000000000000e+00,1.607142857141500736e+00,0.000000000000000000e+00,0.000000000000000000e+00,0.000000000000000000e+00,0.000000000000000000e+00
4.671541060414118540e+00,1.455194168445221425e+00,0.000000000000000000e+00,8.769296456094125003e-02,1.254254617091778989e-01,0.000000000000000000e+00
4.512734023847491116e+00,1.351863099550807634e+00,0.000000000000000000e+00,1.533208938899330298e-01,1.179214150256900906e-01,0.000000000000000000e+00
4.829708119498106633e+00,1.540039704300689261e+00,0.000000000000000000e+00,5.604136297141071310e-02,6.432715940694683915e-03,0.000000000000000000e+00
4.841832940916011907e+00,1.343725892714333625e+00,0.000000000000000000e+00,-1.786919681466973874e-04,-4.582545202110071408e-02,0.000000000000000000e+00
5.000000000000000000e+00,1.428571428569801016e+00,0.000000000000000000e+00,0.000000000000000000e+00,0.000000000000000000e+00,0.000000000000000000e+00
4.683665881832023814e+00,1.258880356858866012e+00,0.000000000000000000e+00,4.387963321281760504e-02,-4.914653195070720591e-03,0.000000000000000000e+00
2.916666666666941410e+00,3.000000000000000444e+00,0.000000000000000000e+00,0.000000000000000000e+00,0.000000000000000000e+00,0.000000000000000000e+00
3.065084505304906504e+00,3.225928603996753630e+00,0.000000000000000000e+00,2.833342421647537246e-01,-5.095614079642146049e-02,0.000000000000000000e+00
2.958025864856001608e+00,3.134544060044564429e+00,0.000000000000000000e+00,1.653436082742514301e-01,-1.445047949354360921e-02,0.000000000000000000e+00
2.911999259049613542e+00,3.360472664041317614e+00,0.000000000000000000e+00,2.047287568320579343e-01,-1.181520181340023484e-01,0.000000000000000000e+00
2.763581420411648448e+00,3.134544060044564429e+00,0.000000000000000000e+00,1.033709651975409510e-01,-1.644529143997719087e-02,0.000000000000000000e+00
2.722222222222587806e+00,3.000000000000000000e+00,0.000000000000000000e+00,0.000000000000000000e+00,0.000000000000000000e+00,0.000000000000000000e+00
2.804940618600708646e+00,3.269088120089128413e+00,0.000000000000000000e+00,1.665012829159829288e-01,-7.076470087180099233e-02,0.000000000000000000e+00
3.002862332215651797e+00,3.867392305942408015e+00,0.000000000000000000e+00,-2.049064552184599874e-01,-6.032576844690209356e-02,0.000000000000000000e+00
3.000000000000000444e+00,4.125000000000000000e+00,0.000000000000000000e+00,0.000000000000000000e+00,0.000000000000000000e+00,0.000000000000000000e+00
2.897923380433415907e+00,3.802364162232676037e+00,0.000000000000000000e+00,-1.644633496520662430e-01,-4.611549452444482777e-02,0.000000000000000000e+00
2.895061048217763222e+00,3.934971856290267578e+00,0.000000000000000000e+00,-6.314965009843026555e-02,6.329748377164884365e-02,0.000000000000000000e+00
2.786807872744708980e+00,3.997471856290268022e+00,0.000000000000000000e+00,-1.324184029037182332e-04,1.116193267026853592e-01,0.000000000000000000e+00
2.891746824526944870e+00,4.062500000000000000e+00,0.000000000000000000e+00,1.831576123049527549e-02,7.941677113275598388e-02,0.000000000000000000e+00
2.891746824526945758e+00,4.187500000000000000e+00,0.000000000000000000e+00,2.074398634560528643e-02,1.352182049098609173e-01,0.000000000000000000e+00
3.000000000000000444e+00,4.250000000000000888e+00,0.000000000000000000e+00,0.000000000000000000e+00,0.000000000000000000e+00,0.000000000000000000e+00
2.790122096435526888e+00,3.869943712580535156e+00,0.000000000000000000e+00,-4.681148622871045967e-02,4.155168381059230059e-02,0.000000000000000000e+00
2.783493649053890628e+00,4.125000000000000888e+00,0.000000000000000000e+00,7.509981598174318707e-02,1.622058815171454338e-01,0.000000000000000000e+00
2.877260224616722706e+00,3.506760491891505183e+00,0.000000000000000000e+00,1.003792776742115644e-01,-1.845081792599334858e-01,0.000000000000000000e+00
2.870593607083115728e+00,3.648224193837160012e+00,0.000000000000000000e+00,-7.310201231467716720e-02,-1.357731647644077611e-01,0.000000000000000000e+00
2.735462549734927418e+00,3.561663775789504438e+00,0.000000000000000000e+00,4.952351245004590202e-02,-1.034157410170483821e-01,0.000000000000000000e+00
2.762792323085227153e+00,3.715803744185020019e+00,0.000000000000000000e+00,-6.444244467757921646e-02,-6.323258887445350196e-02,0.000000000000000000e+00
2.770201584167818254e+00,3.415375947939316426e+00,0.000000000000000000e+00,1.108221568329976481e-01,-1.131284561683256751e-01,0.000000000000000000e+00
3.280889862707014437e+00,1.926004459353060527e+00,0.000000000000000000e+00,1.687226632373841184e+00,-2.772082809106178602e-02,0.000000000000000000e+00
3.205147828204553573e+00,2.068927833144763362e+00,0.000000000000000000e+00,1.344568278102837189e+00,-2.134465234403596368e-01,0.000000000000000000e+00
3.111513697887570373e+00,2.210703959990405920e+00,0.000000000000000000e+00,9.901211201062686262e-01,-1.419469982116822460e-01,0.000000000000000000e+00
3.017561328777284224e+00,2.353112973715721701e+00,0.000000000000000000e+00,7.346106217685176576e-01,-3.731278840073583378e-03,0.000000000000000000e+00
3.017645676760251749e+00,2.064449820585800843e+00,0.000000000000000000e+00,1.442379331429308298e+00,-1.303067801028515160e-01,0.000000000000000000e+00
3.111279807077234949e+00,1.922673693740158063e+00,0.000000000000000000e+00,1.693877947593714239e+00,-3.052637217192361585e-01,0.000000000000000000e+00
2.924011546443268550e+00,2.206225947431443402e+00,0.000000000000000000e+00,1.090859195211112187e+00,5.878162161832675009e-02,0.000000000000000000e+00
2.916666666666951624e+00,2.500000000000000000e+00,0.000000000000000000e+00,0.000000000000000000e+00,0.000000000000000000e+00,0.000000000000000000e+00
2.823116884332935062e+00,2.353112973715721701e+00,0.000000000000000000e+00,7.298919164641062274e-01,4.134626788367775502e-02,0.000000000000000000e+00
2.722222222222602461e+00,2.500000000000000444e+00,0.000000000000000000e+00,0.000000000000000000e+00,0.000000000000000000e+00,0.000000000000000000e+00
3.445485148547898113e+00,1.632718792814939146e+00,0.000000000000000000e+00,1.167472100861605799e+00,6.666706682380098281e-02,0.000000000000000000e+00
3.362420444692597599e+00,1.780598733215155161e+00,0.000000000000000000e+00,1.504405258949824242e+00,1.374916071192548161e-01,0.000000000000000000e+00
3.192810389062817222e+00,1.777267967602252696e+00,0.000000000000000000e+00,1.538262434971913617e+00,-2.278519585652465096e-01,0.000000000000000000e+00
3.274340971048399940e+00,1.631862241464347107e+00,0.000000000000000000e+00,1.348845055562761797e+00,-1.504132917640047806e-01,0.000000000000000000e+00
4.217436339819822244e+00,1.362066518184474884e+00,0.000000000000000000e+00,2.981341697209487496e-01,1.187685526706645511e-01,0.000000000000000000e+00
4.035039014940698721e+00,1.454669365500015576e+00,0.000000000000000000e+00,4.368869314518581959e-01,8.265402899449547647e-02,0.000000000000000000e+00
3.886165526361566869e+00,1.480257738079567176e+00,0.000000000000000000e+00,5.514689044307571342e-01,-9.408770420069113502e-03,0.000000000000000000e+00
3.705976431332909549e+00,1.482019641725417447e+00,0.000000000000000000e+00,7.647040655278947163e-01,-4.328990463341705897e-02,0.000000000000000000e+00
3.944197025197555995e+00,1.304875566705752554e+00,0.000000000000000000e+00,4.284763042409049372e-01,-9.764024526791091618e-02,0.000000000000000000e+00
4.093070513776687847e+00,1.279287194126200733e+00,0.000000000000000000e+00,3.280239806015589621e-01,1.632643149986471795e-02,0.000000000000000000e+00
3.795323536618424143e+00,1.330463939285303931e+00,0.000000000000000000e+00,5.345920669254045077e-01,-1.805911451365970199e-01,0.000000000000000000e+00
3.619164087948668396e+00,1.329302928004421069e+00,0.000000000000000000e+00,6.503878439968703296e-01,-1.551546700654629907e-01,0.000000000000000000e+00
3.529816982663153802e+00,1.480858630444534363e+00,0.000000000000000000e+00,8.548299621331605369e-01,-1.364950314560483546e-01,0.000000000000000000e+00
3.358672805163656516e+00,1.480002079093942768e+00,0.000000000000000000e+00,1.080206311552058152e+00,-1.839197856610978177e-01,0.000000000000000000e+00
3.443004639278912649e+00,1.328141916723538207e+00,0.000000000000000000e+00,7.083179683219554823e-01,-3.071046396185386218e-01,0.000000000000000000e+00
4.520523593362424819e+00,1.147917908002817455e+00,0.000000000000000000e+00,7.301235039818163020e-02,1.093960420193943427e-02,0.000000000000000000e+00
4.349591735377892121e+00,1.240900650694759078e+00,0.000000000000000000e+00,1.936707362403959076e-01,4.867538852072050837e-02,0.000000000000000000e+00
4.225225909334756835e+00,1.158121326636484927e+00,0.000000000000000000e+00,2.143660377380570969e-01,1.437943199851559641e-02,0.000000000000000000e+00
4.357381304892826712e+00,1.036955459146769121e+00,0.000000000000000000e+00,9.000772696545196461e-02,-4.979348015711144299e-02,0.000000000000000000e+00
5.000000000000000000e+00,1.249999999998101075e+00,0.000000000000000000e+00,0.000000000000000000e+00,0.000000000000000000e+00,0.000000000000000000e+00
4.841832940916011907e+00,1.165154464142633461e+00,0.000000000000000000e+00,8.552248601855204704e-03,-7.279517998289770919e-02,0.000000000000000000e+00
5.000000000000000000e+00,1.071428571426400911e+00,0.000000000000000000e+00,0.000000000000000000e+00,0.000000000000000000e+00,0.000000000000000000e+00
4.533182299938887994e+00,9.638946479003301926e-01,0.000000000000000000e+00,1.397996203716617494e-02,-4.528156745072309947e-02,0.000000000000000000e+00
4.696324588408486989e+00,1.074857096756378638e+00,0.000000000000000000e+00,1.448329980575309775e-02,-5.672506275675304188e-02,0.000000000000000000e+00
4.854491647492475082e+00,9.811312040401460877e-01,0.000000000000000000e+00,-9.288426124946147847e-03,-8.255759978789253828e-02,0.000000000000000000e+00
4.708983294984950163e+00,8.908338366538912645e-01,0.000000000000000000e+00,-2.565526348881612753e-02,-8.394855708741856548e-02,0.000000000000000000e+00
2.663439474497097059e+00,3.273811083798382704e+00,0.000000000000000000e+00,1.020380323451339222e-01,-4.956348926587635789e-02,0.000000000000000000e+00
2.622080276308036417e+00,3.139267023753817831e+00,0.000000000000000000e+00,6.887662692341418869e-02,-1.182728820854894551e-02,0.000000000000000000e+00
2.521938330393485028e+00,3.278534047507636107e+00,0.000000000000000000e+00,5.188131872998306970e-02,-5.086598464680596593e-02,0.000000000000000000e+00
2.527777777778235091e+00,3.000000000000000444e+00,0.000000000000000000e+00,0.000000000000000000e+00,0.000000000000000000e+00,0.000000000000000000e+00
2.427635831863683702e+00,3.139267023753818719e+00,0.000000000000000000e+00,2.169791500612892887e-02,-1.224526301344253110e-02,0.000000000000000000e+00
2.333333333333881932e+00,3.000000000000000000e+00,0.000000000000000000e+00,0.000000000000000000e+00,0.000000000000000000e+00,0.000000000000000000e+00
2.628700440064206223e+00,3.420098911648570272e+00,0.000000000000000000e+00,8.472274751762395861e-02,-7.782539736962901245e-02,0.000000000000000000e+00
2.713901113826192368e+00,3.934971856290267578e+00,0.000000000000000000e+00,1.179450993316975664e-02,6.488932789853904537e-02,0.000000000000000000e+00
2.710586890135374016e+00,4.062500000000000000e+00,0.000000000000000000e+00,6.434475596959719768e-02,1.306497476003174174e-01,0.000000000000000000e+00
2.637680131216857404e+00,3.999999999999999556e+00,0.000000000000000000e+00,6.917279636114533059e-02,6.367009187411472315e-02,0.000000000000000000e+00
2.784538955981475272e+00,4.244726258596918100e+00,0.000000000000000000e+00,6.434888756408664590e-02,2.285514454012215757e-01,0.000000000000000000e+00
2.892792131454529958e+00,4.307226258596918100e+00,0.000000000000000000e+00,1.410106451747107983e-02,1.849739540314630504e-01,0.000000000000000000e+00
2.785584262909060360e+00,4.364452517193836201e+00,0.000000000000000000e+00,4.820870208042858651e-02,2.917790067598062254e-01,0.000000000000000000e+00
3.000000000000000444e+00,4.375000000000000000e+00,0.000000000000000000e+00,0.000000000000000000e+00,0.000000000000000000e+00,0.000000000000000000e+00
2.892792131454529958e+00,4.432226258596918100e+00,0.000000000000000000e+00,5.710162633506382299e-03,2.273002076089901402e-01,0.000000000000000000e+00
3.000000000000000444e+00,4.500000000000000888e+00,0.000000000000000000e+00,0.000000000000000000e+00,0.000000000000000000e+00,0.000000000000000000e+00
2.629320544926310177e+00,3.664033227291689343e+00,0.000000000000000000e+00,-8.912634204901443910e-03,-6.373532262819459060e-02,0.000000000000000000e+00
2.656650318276610356e+00,3.818173195687204924e+00,0.000000000000000000e+00,1.011024236706816772e-02,-2.237399777481482131e-03,0.000000000000000000e+00
2.580429335667275392e+00,3.883201339396936902e+00,0.000000000000000000e+00,4.381918933496872781e-02,3.528115301464108955e-03,0.000000000000000000e+00
2.523178540117692492e+00,3.766402678793873360e+00,0.000000000000000000e+00,3.212626799024336649e-02,-2.695644180900709508e-02,0.000000000000000000e+00
2.627530918117432002e+00,4.115788186588182462e+00,0.000000000000000000e+00,1.146928373654217820e-01,1.072296525487850261e-01,0.000000000000000000e+00
2.700437677035948170e+00,4.178288186588182462e+00,0.000000000000000000e+00,1.124505354880371427e-01,1.683322527449840345e-01,0.000000000000000000e+00
2.701482983963533258e+00,4.298014445185099675e+00,0.000000000000000000e+00,1.020780390313748148e-01,2.423701245445841757e-01,0.000000000000000000e+00
2.617381705018005711e+00,4.231576373176364037e+00,0.000000000000000000e+00,1.517407357518405775e-01,1.460302204738931353e-01,0.000000000000000000e+00
2.488669514693651497e+00,3.408021043957000451e+00,0.000000000000000000e+00,7.302699945340436483e-02,-5.607485440050276326e-02,0.000000000000000000e+00
2.595431624364372247e+00,3.549585908097934173e+00,0.000000000000000000e+00,5.635090610497124619e-02,-7.039953463996548311e-02,0.000000000000000000e+00
2.489289619555755451e+00,3.651955359600119522e+00,0.000000000000000000e+00,1.306313158516346669e-02,-5.829481353008265226e-02,0.000000000000000000e+00
2.455400698993817521e+00,3.537508040406364351e+00,0.000000000000000000e+00,5.232897054655590019e-02,-6.402828172959945663e-02,0.000000000000000000e+00
2.919098879594360429e+00,1.922221308660431394e+00,0.000000000000000000e+00,1.866761744811783030e+00,-1.182168905025173522e-01,0.000000000000000000e+00
2.825464749277377230e+00,2.063997435506073952e+00,0.000000000000000000e+00,1.612102456455407395e+00,1.129615665167188338e-01,0.000000000000000000e+00
2.726917952111485910e+00,1.921768923580704946e+00,0.000000000000000000e+00,1.991536381763013175e+00,2.297066285128976926e-01,0.000000000000000000e+00
3.015349220924908202e+00,1.778312305665486370e+00,0.000000000000000000e+00,1.517310950395978741e+00,-3.570374140307002730e-01,0.000000000000000000e+00
3.096879802910490476e+00,1.632906579527580559e+00,0.000000000000000000e+00,1.335059566980779433e+00,-2.901689058811592892e-01,0.000000000000000000e+00
2.823168293442033239e+00,1.777859920585759479e+00,0.000000000000000000e+00,1.707246147425719895e+00,-5.017768879521738307e-02,0.000000000000000000e+00
2.919418634772580567e+00,1.633950917590813789e+00,0.000000000000000000e+00,1.319960332445676343e+00,-3.679227146384655978e-01,0.000000000000000000e+00
2.727169104706978153e+00,2.191467786267505158e+00,0.000000000000000000e+00,1.094745324309878365e+00,1.152732214789886633e-01,0.000000000000000000e+00
2.626274442596645109e+00,2.338354812551783457e+00,0.000000000000000000e+00,7.369922809449575007e-01,7.896781459496343691e-02,0.000000000000000000e+00
2.628622307541087277e+00,2.049239274342136152e+00,0.000000000000000000e+00,1.601758030393799270e+00,2.870317525658512281e-01,0.000000000000000000e+00
2.530326662970688645e+00,2.176709625103567358e+00,0.000000000000000000e+00,1.057933639474693877e+00,2.315045086260050511e-01,0.000000000000000000e+00
2.527777777778252855e+00,2.500000000000000000e+00,0.000000000000000000e+00,0.000000000000000000e+00,0.000000000000000000e+00,0.000000000000000000e+00
2.431829998152295502e+00,2.338354812551783901e+00,0.000000000000000000e+00,6.780127271964634383e-01,8.866043111982585545e-02,0.000000000000000000e+00
2.333333333333903248e+00,2.500000000000000444e+00,0.000000000000000000e+00,0.000000000000000000e+00,0.000000000000000000e+00,0.000000000000000000e+00
3.265110896353306646e+00,1.330061188819143592e+00,0.000000000000000000e+00,7.239551171388018957e-01,-1.626041303282508288e-01,0.000000000000000000e+00
3.180779062238050514e+00,1.481921351189548375e+00,0.000000000000000000e+00,1.069202353185085608e+00,-2.061319014793112359e-01,0.000000000000000000e+00
3.003317894100140606e+00,1.482965689252781605e+00,0.000000000000000000e+00,1.042148433834972687e+00,-3.289709453172900977e-01,0.000000000000000000e+00
3.087217153427700200e+00,1.331980460914748976e+00,0.000000000000000000e+00,6.767695694811997065e-01,-2.409754724615155164e-01,0.000000000000000000e+00
4.050525878617248665e+00,1.134345707890749733e+00,0.000000000000000000e+00,2.817235517871544137e-01,-9.012838235184220115e-02,0.000000000000000000e+00
3.901652390038116813e+00,1.159934080470301332e+00,0.000000000000000000e+00,3.578302826389660463e-01,-2.171268258762703574e-01,0.000000000000000000e+00
4.007981243457808596e+00,9.894042216552987323e-01,0.000000000000000000e+00,1.764402640978306736e-01,-1.652655203949625895e-01,0.000000000000000000e+00
4.182681274175317654e+00,1.013179840401033704e+00,0.000000000000000000e+00,1.539562686432142946e-01,-6.998680485493349868e-02,0.000000000000000000e+00
3.712372814299129242e+00,1.168469130706884851e+00,0.000000000000000000e+00,4.467509070106632785e-01,-2.875766894063254142e-01,0.000000000000000000e+00
3.536213365629373495e+00,1.167308119426001989e+00,0.000000000000000000e+00,5.836375889544270779e-01,-2.853389329905705041e-01,0.000000000000000000e+00
3.818701667718821469e+00,9.979392718918823624e-01,0.000000000000000000e+00,2.078177965466601607e-01,-3.247849852367030721e-01,0.000000000000000000e+00
3.629422091979834342e+00,1.006474322128465992e+00,0.000000000000000000e+00,2.973581173140694145e-01,-4.131528197137203651e-01,0.000000000000000000e+00
3.446125300509061518e+00,1.012495225059438120e+00,0.000000000000000000e+00,3.456354137300347573e-01,-2.144343473599364391e-01,0.000000000000000000e+00
3.352916574158600227e+00,1.173329022356973894e+00,0.000000000000000000e+00,5.355341501242315561e-01,-2.201677945379658663e-01,0.000000000000000000e+00
3.175022831232994669e+00,1.175248294452579501e+00,0.000000000000000000e+00,5.092962102918897616e-01,-1.385461042532878106e-01,0.000000000000000000e+00
3.262828509038288249e+00,1.018516127990410247e+00,0.000000000000000000e+00,2.479261397713837523e-01,-9.146839314896143547e-02,0.000000000000000000e+00
4.594527671227801591e+00,7.969168324376585399e-01,0.000000000000000000e+00,-1.913501400587832788e-02,-8.418018912110160346e-02,0.000000000000000000e+00
4.418726676181739421e+00,8.699776436840973570e-01,0.000000000000000000e+00,3.155218089767478085e-02,-9.821981635546582490e-02,0.000000000000000000e+00
4.273725359997498252e+00,8.624561276825376543e-01,0.000000000000000000e+00,6.666073833168045804e-02,-1.391935007322678830e-01,0.000000000000000000e+00
4.099025329279989194e+00,8.386805089368025712e-01,0.000000000000000000e+00,1.386792127731444058e-01,-1.519011298775681529e-01,0.000000000000000000e+00
4.335070731286411849e+00,6.954783122198660017e-01,0.000000000000000000e+00,-9.105050871992797362e-03,-1.567721062429996981e-01,0.000000000000000000e+00
4.480072047470653018e+00,7.029998282214255934e-01,0.000000000000000000e+00,-1.841819548881454272e-02,-1.219536881699629510e-01,0.000000000000000000e+00
4.190069415102168904e+00,6.879567962183062990e-01,0.000000000000000000e+00,1.019584299270073074e-02,-2.368061929397024812e-01,0.000000000000000000e+00
5.000000000000000000e+00,8.928571428553481182e-01,0.000000000000000000e+00,0.000000000000000000e+00,0.000000000000000000e+00,0.000000000000000000e+00
4.854491647492475082e+00,8.025597754690932950e-01,0.000000000000000000e+00,-1.120387293412483144e-02,-7.204018701930516022e-02,0.000000000000000000e+00
5.000000000000000000e+00,7.142857142842951035e-01,0.000000000000000000e+00,0.000000000000000000e+00,0.000000000000000000e+00,0.000000000000000000e+00
4.601815569122234884e+00,6.246003317621355855e-01,0.000000000000000000e+00,-5.085321049997290621e-02,-9.541785749782921711e-02,0.000000000000000000e+00
4.716271192879382568e+00,7.185173359783683100e-01,0.000000000000000000e+00,-2.476624505754983566e-02,-8.001873288357254366e-02,0.000000000000000000e+00
4.861779545386907486e+00,6.302432747935702295e-01,0.000000000000000000e+00,-1.671398031795757327e-02,-6.079626270430667917e-02,0.000000000000000000e+00
4.723559090773815861e+00,5.462008353028453556e-01,0.000000000000000000e+00,-5.807380202644914224e-02,-5.903137093983985145e-02,0.000000000000000000e+00
2.237403802804329267e+00,3.157449659235981976e+00,0.000000000000000000e+00,6.225165881605690908e-05,-1.074026418639807863e-02,0.000000000000000000e+00
2.331706301334131481e+00,3.296716682989800695e+00,0.000000000000000000e+00,2.598202886957841351e-02,-1.883881297994773746e-02,0.000000000000000000e+00
2.298437485634297506e+00,3.426203679439164596e+00,0.000000000000000000e+00,3.897085356485407298e-02,-3.813791986275329171e-02,0.000000000000000000e+00
2.141474272274777046e+00,3.314899318471963952e+00,0.000000000000000000e+00,-3.897032816045838035e-03,-5.042385308276493838e-02,0.000000000000000000e+00
2.138888888889529216e+00,3.000000000000000444e+00,0.000000000000000000e+00,0.000000000000000000e+00,0.000000000000000000e+00,0.000000000000000000e+00
2.042959358359976552e+00,3.157449659235981976e+00,0.000000000000000000e+00,-4.214459953467076386e-02,-1.238416310421038002e-02,0.000000000000000000e+00
1.944444444445176057e+00,3.000000000000000000e+00,0.000000000000000000e+00,0.000000000000000000e+00,0.000000000000000000e+00,0.000000000000000000e+00
2.543144032543689814e+00,4.010461565351291391e+00,0.000000000000000000e+00,9.641223425873393649e-02,2.265140465993152261e-02,0.000000000000000000e+00
2.532994819444263968e+00,4.126249751939473853e+00,0.000000000000000000e+00,1.433698794487417161e-01,3.913346989628430778e-02,0.000000000000000000e+00
2.485893236994107358e+00,3.893662904748228293e+00,0.000000000000000000e+00,6.082112588419601173e-02,-6.034566662123006485e-03,0.000000000000000000e+00
2.448607933870521336e+00,4.020923130702582782e+00,0.000000000000000000e+00,1.035924908052477944e-01,-5.179129043697023628e-03,0.000000000000000000e+00
2.783388750899004727e+00,4.472537912983820974e+00,0.000000000000000000e+00,-3.537708303616047406e-02,3.025570542290320075e-01,0.000000000000000000e+00
2.890596619444474769e+00,4.540311654386902873e+00,0.000000000000000000e+00,-7.178030255546878624e-02,2.223858529736649492e-01,0.000000000000000000e+00
2.585143224521340155e+00,4.370128002213526486e+00,0.000000000000000000e+00,6.365652316399462995e-02,1.369683984714492597e-01,0.000000000000000000e+00
2.669244503466867258e+00,4.436566074222261236e+00,0.000000000000000000e+00,-2.476900713570213269e-02,2.477119512389480693e-01,0.000000000000000000e+00
2.667048991456812068e+00,4.544651470012246897e+00,0.000000000000000000e+00,-2.313847660755886382e-01,1.845192746034328701e-01,0.000000000000000000e+00
2.781193238888949093e+00,4.580623308773804858e+00,0.000000000000000000e+00,-2.071611130372724152e-01,2.497451678180998003e-01,0.000000000000000000e+00
2.552904744024673711e+00,4.508679631250687159e+00,0.000000000000000000e+00,-2.617889059804606178e-01,5.282953139300968284e-03,0.000000000000000000e+00
3.200000000000000178e+00,4.500000000000000000e+00,0.000000000000000000e+00,0.000000000000000000e+00,0.000000000000000000e+00,0.000000000000000000e+00
2.847349524267875243e+00,4.676936200599908666e+00,0.000000000000000000e+00,-5.692168674731163946e-01,3.453232424207402507e-01,0.000000000000000000e+00
2.956752904823400474e+00,4.636624546213005793e+00,0.000000000000000000e+00,-5.155668668198087889e-01,2.621154560863255822e-01,0.000000000000000000e+00
3.055150884812154022e+00,4.771342684186176797e+00,0.000000000000000000e+00,-8.483005211927280298e-01,1.731734917791195594e-01,0.000000000000000000e+00
3.098397979988753104e+00,4.634718137973170116e+00,0.000000000000000000e+00,-5.820969637653737871e-01,3.788055745609475444e-02,0.000000000000000000e+00
3.298397979988752837e+00,4.634718137973170116e+00,0.000000000000000000e+00,-5.746967380672840520e-01,1.396580195912677270e-02,0.000000000000000000e+00
3.399999999999999467e+00,4.500000000000000888e+00,0.000000000000000000e+00,0.000000000000000000e+00,0.000000000000000000e+00,0.000000000000000000e+00
2.913505809646801392e+00,4.773249092426012474e+00,0.000000000000000000e+00,-8.253575730314098857e-01,4.297108030091679742e-01,0.000000000000000000e+00
3.196795959977506207e+00,4.769436275946340231e+00,0.000000000000000000e+00,-8.393352483283903487e-01,4.341620228876440918e-02,0.000000000000000000e+00
2.331637745710720022e+00,3.576943976577902085e+00,0.000000000000000000e+00,2.997942875968164986e-02,-5.235395409444778408e-02,0.000000000000000000e+00
2.365526666272657508e+00,3.691391295771656367e+00,0.000000000000000000e+00,4.033009656987297104e-02,-4.047703229864312024e-02,0.000000000000000000e+00
2.381100603441155705e+00,3.817291720729530269e+00,0.000000000000000000e+00,5.127694335765578537e-02,-3.239976692757074589e-02,0.000000000000000000e+00
2.343815300317570127e+00,3.944551946683884758e+00,0.000000000000000000e+00,7.344626041621486745e-02,-4.362122689223655453e-02,0.000000000000000000e+00
2.223448729596119833e+00,3.742280337707312832e+00,0.000000000000000000e+00,3.418929626763463070e-02,-5.250215848469621388e-02,0.000000000000000000e+00
2.207874792427622523e+00,3.616379912749439374e+00,0.000000000000000000e+00,3.340447898931994675e-02,-4.377899181794912831e-02,0.000000000000000000e+00
2.239022666764618474e+00,3.868180762665187622e+00,0.000000000000000000e+00,4.207708840090212954e-02,-6.374925498479662445e-02,0.000000000000000000e+00
2.513909128154079298e+00,4.254647406067325832e+00,0.000000000000000000e+00,1.719671124966550280e-01,3.190579195453629308e-02,0.000000000000000000e+00
2.429522242580336666e+00,4.149320784830434761e+00,0.000000000000000000e+00,1.416976979131772951e-01,-3.185214219883895914e-02,0.000000000000000000e+00
2.481670647657413298e+00,4.393199035104487393e+00,0.000000000000000000e+00,-2.140358242428153437e-02,-5.808709164187397106e-02,0.000000000000000000e+00
2.410436551290152440e+00,4.277718438958287628e+00,0.000000000000000000e+00,1.290019688982605162e-01,-1.047695637417548759e-01,0.000000000000000000e+00
2.174674532351200007e+00,3.465639615610701885e+00,0.000000000000000000e+00,2.135271970590821994e-02,-5.873813866477473056e-02,0.000000000000000000e+00
2.533224255138897263e+00,1.919388498338614468e+00,0.000000000000000000e+00,2.019910119875263810e+00,2.400959269961047415e-01,0.000000000000000000e+00
2.434928610568498630e+00,2.046858849100045674e+00,0.000000000000000000e+00,1.620788679412364708e+00,2.463735161572390142e-01,0.000000000000000000e+00
2.637660917782767456e+00,1.789117446155375823e+00,0.000000000000000000e+00,1.823697512038628510e+00,1.964854910711053282e-01,0.000000000000000000e+00
2.733911259113314784e+00,1.645208443160429912e+00,0.000000000000000000e+00,1.505162444785405285e+00,6.369437099207027504e-03,0.000000000000000000e+00
2.443967220810178809e+00,1.786737020913284901e+00,0.000000000000000000e+00,1.846396732985079447e+00,2.390271116192999035e-01,0.000000000000000000e+00
2.339530558166308616e+00,1.917008073096523768e+00,0.000000000000000000e+00,2.023567955999716617e+00,3.023755711901628951e-01,0.000000000000000000e+00
2.548403883454049002e+00,1.656465968730046034e+00,0.000000000000000000e+00,1.631073363473772186e+00,1.528641180740247796e-01,0.000000000000000000e+00
2.822287501227386919e+00,1.485941832545417007e+00,0.000000000000000000e+00,1.009851663987054060e+00,-2.918236384334492173e-01,0.000000000000000000e+00
2.906186760554946513e+00,1.334956604207384601e+00,0.000000000000000000e+00,6.027238659069861226e-01,-2.827630946512876831e-01,0.000000000000000000e+00
2.636780125568121136e+00,1.497199358115032908e+00,0.000000000000000000e+00,1.221179734428098795e+00,5.877369037631602171e-03,0.000000000000000000e+00
2.725156367682192826e+00,1.337932747500020003e+00,0.000000000000000000e+00,5.642914840529293929e-01,-2.298930922053911696e-01,0.000000000000000000e+00
2.330536459414167538e+00,2.180276806209226592e+00,0.000000000000000000e+00,9.398642864811649345e-01,1.704306709547453169e-01,0.000000000000000000e+00
2.232039794595774840e+00,2.341921993657442691e+00,0.000000000000000000e+00,5.482641667975889366e-01,4.715966784613358220e-02,0.000000000000000000e+00
2.235138407011977968e+00,2.050426030205704908e+00,0.000000000000000000e+00,1.532383258960509309e+00,2.588934859978498926e-01,0.000000000000000000e+00
2.130746255857647320e+00,2.183843987314886270e+00,0.000000000000000000e+00,7.973230959896260295e-01,1.812370431006404825e-01,0.000000000000000000e+00
2.138888888889346696e+00,2.500000000000000000e+00,0.000000000000000000e+00,0.000000000000000000e+00,0.000000000000000000e+00,0.000000000000000000e+00
2.037595350151218287e+00,2.341921993657442691e+00,0.000000000000000000e+00,4.688826103669037071e-01,9.647309129746717282e-02,0.000000000000000000e+00
1.944444444444790143e+00,2.500000000000000444e+00,0.000000000000000000e+00,0.000000000000000000e+00,0.000000000000000000e+00,0.000000000000000000e+00
3.082093859676744430e+00,1.017085152529012104e+00,0.000000000000000000e+00,1.859788634674039709e-01,-1.271756383207910401e-01,0.000000000000000000e+00
2.994288181871450405e+00,1.173817318991181580e+00,0.000000000000000000e+00,4.474820663012840649e-01,-2.215187073349187130e-01,0.000000000000000000e+00
2.813257788998696718e+00,1.176793462283816982e+00,0.000000000000000000e+00,3.890183375161997414e-01,-2.317577407513417842e-01,0.000000000000000000e+00
2.901359210315200610e+00,1.015654177067614183e+00,0.000000000000000000e+00,1.056784570315172644e-01,-1.862858659501536451e-01,0.000000000000000000e+00
3.915164875785694498e+00,8.306980931887206765e-01,0.000000000000000000e+00,1.611183881130021645e-01,-2.348342796120735376e-01,0.000000000000000000e+00
4.006208961607875096e+00,6.799743804702242933e-01,0.000000000000000000e+00,1.027889815213743896e-01,-2.236848470465686023e-01,0.000000000000000000e+00
3.725885300046707371e+00,8.392331434253041955e-01,0.000000000000000000e+00,1.284558019866474665e-01,-4.229429728753900108e-01,0.000000000000000000e+00
3.822348508113579513e+00,6.719919647221422876e-01,0.000000000000000000e+00,1.070282628775623135e-01,-2.678546879985309603e-01,0.000000000000000000e+00
3.537234103675916952e+00,8.534010422612829938e-01,0.000000000000000000e+00,1.238351323748447946e-01,-3.828216523719658593e-01,0.000000000000000000e+00
3.353937312205143684e+00,8.594219451922551212e-01,0.000000000000000000e+00,1.267464801937102925e-01,-5.050564255163499106e-02,0.000000000000000000e+00
3.633697311742789537e+00,6.861598635581211969e-01,0.000000000000000000e+00,-5.069103485469832887e-02,-3.777853779085597608e-01,0.000000000000000000e+00
3.445046115371999118e+00,7.003277623941001062e-01,0.000000000000000000e+00,-2.113457558690568505e-01,-1.901444731669018895e-01,0.000000000000000000e+00
3.262617645194182181e+00,7.033736301045869777e-01,0.000000000000000000e+00,-3.124430494430097127e-02,-6.754566999499914126e-02,0.000000000000000000e+00
3.171508842027325858e+00,8.624678129027418816e-01,0.000000000000000000e+00,1.124641500795192650e-01,-2.305787444494169364e-02,0.000000000000000000e+00
2.990774192665782039e+00,8.610368374413439607e-01,0.000000000000000000e+00,-2.474313003709740708e-02,-7.399209395657631305e-02,0.000000000000000000e+00
3.080189175016363912e+00,7.064194978150737381e-01,0.000000000000000000e+00,-2.214702799255786198e-02,1.011100285183017256e-01,0.000000000000000000e+00
4.450219589535080900e+00,5.280260210033708157e-01,0.000000000000000000e+00,-1.057049904667648477e-01,-1.114512126102902012e-01,0.000000000000000000e+00
4.305218273350838842e+00,5.205045050018111130e-01,0.000000000000000000e+00,-1.488826128582863006e-01,-1.677691657511160561e-01,0.000000000000000000e+00
4.420367131599507893e+00,3.530522137853159270e-01,0.000000000000000000e+00,-1.519263937131512809e-01,-4.584329006324878997e-02,0.000000000000000000e+00
4.571963111186662765e+00,4.496265245440806968e-01,0.000000000000000000e+00,-8.519674024843003346e-02,-8.013246887664904339e-02,0.000000000000000000e+00
4.105949406081535358e+00,5.138373624322682964e-01,0.000000000000000000e+00,-2.108110268128012832e-01,-3.114754038057961361e-01,0.000000000000000000e+00
3.922088952587239774e+00,5.058549466841864017e-01,0.000000000000000000e+00,-2.210754845231819032e-01,-2.246199607938171028e-01,0.000000000000000000e+00
4.221098264330204408e+00,3.463850712157731659e-01,0.000000000000000000e+00,-2.972735452204220974e-01,-1.417208148841592741e-01,0.000000000000000000e+00
4.021829397060899147e+00,3.397179286462304049e-01,0.000000000000000000e+00,-4.874227991783033898e-01,-2.666582422074864067e-01,0.000000000000000000e+00
5.000000000000000000e+00,5.357142857133878611e-01,0.000000000000000000e+00,0.000000000000000000e+00,0.000000000000000000e+00,0.000000000000000000e+00
4.861779545386908374e+00,4.516718462226629316e-01,0.000000000000000000e+00,-1.886618314639797872e-02,-3.040847133961500220e-02,0.000000000000000000e+00
5.000000000000000000e+00,3.571428571424803966e-01,0.000000000000000000e+00,0.000000000000000000e+00,0.000000000000000000e+00,0.000000000000000000e+00
4.737283278735739955e+00,3.987400082744868568e-01,0.000000000000000000e+00,-3.720321649427379279e-02,-3.284210720148441481e-02,0.000000000000000000e+00
4.585687299148586860e+00,3.021656975157220870e-01,0.000000000000000000e+00,-8.069617822617659864e-02,-3.178063929404589122e-02,0.000000000000000000e+00
4.875503733348832469e+00,3.042110191943043773e-01,0.000000000000000000e+00,-1.033464154745887369e-02,-1.496177778729590631e-02,0.000000000000000000e+00
4.751007466697664050e+00,2.512791812461283025e-01,0.000000000000000000e+00,-3.283151740254066503e-02,-6.145752040516907523e-03,0.000000000000000000e+00
1.953263960989399362e+00,3.309873512641452908e+00,0.000000000000000000e+00,-5.531596077847282522e-02,-4.077669603482664967e-02,0.000000000000000000e+00
1.854749047074598423e+00,3.152423853405470489e+00,0.000000000000000000e+00,-7.812755246632217820e-02,-1.435367069117685253e-02,0.000000000000000000e+00
2.040742380244581877e+00,3.409628252387583380e+00,0.000000000000000000e+00,-3.229048158788502734e-03,-5.957466182469527832e-02,0.000000000000000000e+00
2.073942640321004394e+00,3.560368549526320869e+00,0.000000000000000000e+00,3.134346587016045849e-02,-6.773967489646241791e-02,0.000000000000000000e+00
1.852532068959203970e+00,3.404602446557071893e+00,0.000000000000000000e+00,-5.009012249217899976e-02,-7.555556225401013903e-02,0.000000000000000000e+00
1.940010488214386708e+00,3.504357186303202365e+00,0.000000000000000000e+00,3.457975318563248981e-03,-7.854674556460690404e-02,0.000000000000000000e+00
1.765053649704021010e+00,3.304847706810940977e+00,0.000000000000000000e+00,-1.169606466902413655e-01,-6.678868431801954220e-02,0.000000000000000000e+00
1.750000000000206724e+00,3.000000000000000444e+00,0.000000000000000000e+00,0.000000000000000000e+00,0.000000000000000000e+00,0.000000000000000000e+00
1.660304602629629311e+00,3.152423853405470933e+00,0.000000000000000000e+00,-1.330378296476283639e-01,-1.890379967722230145e-02,0.000000000000000000e+00
1.555555555555236946e+00,3.000000000000000000e+00,0.000000000000000000e+00,0.000000000000000000e+00,0.000000000000000000e+00,0.000000000000000000e+00
2.313677237774951934e+00,4.199882797792422906e+00,0.000000000000000000e+00,8.934118051157366458e-02,-1.164926436368172169e-01,0.000000000000000000e+00
2.332762929065136603e+00,4.071485143664570927e+00,0.000000000000000000e+00,1.033613797978403387e-01,-6.270405002259185623e-02,0.000000000000000000e+00
2.227970295512184951e+00,3.995113959645872903e+00,0.000000000000000000e+00,6.337984552783176850e-02,-8.683062840068288268e-02,0.000000000000000000e+00
2.216917924259751871e+00,4.122047156626558184e+00,0.000000000000000000e+00,6.295651767978983904e-02,-1.357629485822156035e-01,0.000000000000000000e+00
2.729588583070535091e+00,4.688507410299038725e+00,0.000000000000000000e+00,-5.857680714732025340e-01,1.408274809035904573e-01,0.000000000000000000e+00
2.615444335638397622e+00,4.652535571537479875e+00,0.000000000000000000e+00,-5.772465667771569109e-01,1.128658759266529601e-02,0.000000000000000000e+00
2.677983927252121088e+00,4.796391511824271703e+00,0.000000000000000000e+00,-7.797313848071690812e-01,7.352486840656140277e-02,0.000000000000000000e+00
2.795744868449460796e+00,4.784820302125141644e+00,0.000000000000000000e+00,-8.070693048098677158e-01,3.017628685041336412e-01,0.000000000000000000e+00
2.421050798343459487e+00,4.532387102834977810e+00,0.000000000000000000e+00,-2.812729561585616822e-01,-8.770281361337005366e-02,0.000000000000000000e+00
2.349816701976198630e+00,4.416906506688777156e+00,0.000000000000000000e+00,-5.945621066107967256e-02,-1.892118228429398308e-01,0.000000000000000000e+00
2.536697499193107497e+00,4.802457953568479709e+00,0.000000000000000000e+00,-7.225789054901070596e-01,5.522854290566991259e-02,0.000000000000000000e+00
2.474157907579383586e+00,4.658602013281686993e+00,0.000000000000000000e+00,-5.719016567825325748e-01,7.547635028833767426e-03,0.000000000000000000e+00
2.342303961898168918e+00,4.682309484865976756e+00,0.000000000000000000e+00,-4.897326479901196183e-01,2.457480919630717492e-02,0.000000000000000000e+00
2.289196852662244375e+00,4.556094574419266685e+00,0.000000000000000000e+00,-2.208249880989154312e-01,-1.479692580575599214e-01,0.000000000000000000e+00
2.395411071134092573e+00,4.808524395312685051e+00,0.000000000000000000e+00,-6.328004660491941546e-01,1.656386687556002102e-01,0.000000000000000000e+00
2.981694945437904032e+00,4.895160001218934909e+00,0.000000000000000000e+00,-6.637608659802826105e-01,2.919832808914415989e-01,0.000000000000000000e+00
3.123340020603256662e+00,4.893253592979100119e+00,0.000000000000000000e+00,-6.221551644088508803e-01,1.129768036884366278e-01,0.000000000000000000e+00
3.049884081229006227e+00,5.017070910011859119e+00,0.000000000000000000e+00,-3.535690143136892560e-01,1.088595095931771395e-01,0.000000000000000000e+00
3.339091562545493552e+00,4.780999394261389313e+00,0.000000000000000000e+00,-8.513057479118555371e-01,2.339688333314066115e-02,0.000000000000000000e+00
3.440693582556740182e+00,4.646281256288219197e+00,0.000000000000000000e+00,-5.942188434339759073e-01,1.313407631065870618e-04,0.000000000000000000e+00
3.481387165113480897e+00,4.792562512576438394e+00,0.000000000000000000e+00,-8.587222932114195739e-01,-9.260587509986709792e-03,0.000000000000000000e+00
3.599999999999999645e+00,4.500000000000000000e+00,0.000000000000000000e+00,0.000000000000000000e+00,0.000000000000000000e+00,0.000000000000000000e+00
3.640693582556740360e+00,4.646281256288219197e+00,0.000000000000000000e+00,-5.723674630221990967e-01,-5.400729682703724228e-03,0.000000000000000000e+00
3.799999999999999822e+00,4.500000000000000888e+00,0.000000000000000000e+00,0.000000000000000000e+00,0.000000000000000000e+00,0.000000000000000000e+00
2.732029065056686967e+00,4.919410672536962181e+00,0.000000000000000000e+00,-7.464368751242411726e-01,2.112152139341846868e-01,0.000000000000000000e+00
2.849790006254026231e+00,4.907839462837831235e+00,0.000000000000000000e+00,-7.782080182783730482e-01,4.190634337386496822e-01,0.000000000000000000e+00
2.917979142045129315e+00,5.029750371630755446e+00,0.000000000000000000e+00,-5.187414541294970149e-01,2.364327283098426880e-01,0.000000000000000000e+00
2.786074202861251958e+00,5.042429833249651772e+00,0.000000000000000000e+00,-6.586092106451011396e-01,3.357475289345145386e-01,0.000000000000000000e+00
3.191739670938050111e+00,5.025421191341409966e+00,0.000000000000000000e+00,-3.083433981859095563e-01,1.764800541001952661e-01,0.000000000000000000e+00
3.265195610312300101e+00,4.901603874308650077e+00,0.000000000000000000e+00,-6.495789321309228814e-01,7.950939213759583568e-02,0.000000000000000000e+00
3.407491212880287001e+00,4.913166992623699159e+00,0.000000000000000000e+00,-6.629392983253034055e-01,5.050245689631248369e-02,0.000000000000000000e+00
3.333595260647093106e+00,5.033771472670959923e+00,0.000000000000000000e+00,-3.501866824425698410e-01,1.159829173560316395e-01,0.000000000000000000e+00
2.100785238444355052e+00,3.677730258964548860e+00,0.000000000000000000e+00,2.480230938673563465e-02,-5.863049045771948076e-02,0.000000000000000000e+00
2.116359175612853250e+00,3.803630683922422762e+00,0.000000000000000000e+00,2.932821421771953860e-02,-5.343231978290911843e-02,0.000000000000000000e+00
1.993695684461088247e+00,3.739080605179658789e+00,0.000000000000000000e+00,3.461304305452003738e-02,-5.582691969075421340e-02,0.000000000000000000e+00
1.966853086337737366e+00,3.621718895741430355e+00,0.000000000000000000e+00,3.380520477562715120e-02,-7.967939567005204171e-02,0.000000000000000000e+00
2.119511333382309459e+00,3.934090381332594255e+00,0.000000000000000000e+00,3.120813891001082002e-02,-4.446695812470425474e-02,0.000000000000000000e+00
2.108458962129875935e+00,4.061023578313279536e+00,0.000000000000000000e+00,1.880662208580125352e-02,-7.066615671167580937e-02,0.000000000000000000e+00
1.996847842230544012e+00,3.869540302589828951e+00,0.000000000000000000e+00,5.062064949331338687e-02,-1.733633596618741959e-02,0.000000000000000000e+00
2.000000000000000444e+00,4.000000000000000888e+00,0.000000000000000000e+00,0.000000000000000000e+00,0.000000000000000000e+00,0.000000000000000000e+00
2.200114094951090671e+00,4.231609595313690519e+00,0.000000000000000000e+00,3.357388262494237496e-02,-1.678969993548542206e-01,0.000000000000000000e+00
2.296873408466290734e+00,4.309445236479554353e+00,0.000000000000000000e+00,3.442765142944605866e-02,-1.787383375210278014e-01,0.000000000000000000e+00
2.236253559152337367e+00,4.448633304210044770e+00,0.000000000000000000e+00,-7.889898911053991326e-02,-1.837745322005021886e-01,0.000000000000000000e+00
2.183310265642429471e+00,4.341172034000821967e+00,0.000000000000000000e+00,-1.180741648418556777e-02,-1.785492052431570664e-01,0.000000000000000000e+00
2.250043504282517759e+00,1.778155479749875978e+00,0.000000000000000000e+00,1.855473481557234683e+00,4.926516152660325165e-01,0.000000000000000000e+00
2.354480166926387508e+00,1.647884427566637111e+00,0.000000000000000000e+00,1.685769476805566880e+00,3.274654240650127779e-01,0.000000000000000000e+00
2.160556450398726014e+00,1.639302886403227744e+00,0.000000000000000000e+00,1.639024726443271129e+00,7.230655862916949284e-01,0.000000000000000000e+00
2.139881351185784375e+00,1.920482560271621342e+00,0.000000000000000000e+00,1.861834457379611507e+00,4.705634165210626496e-01,0.000000000000000000e+00
2.035489200031452839e+00,2.053900517380802260e+00,0.000000000000000000e+00,1.318139267940016346e+00,4.202245583547981056e-01,0.000000000000000000e+00
2.050394297301992630e+00,1.781629966924973552e+00,0.000000000000000000e+00,1.665530560548534655e+00,6.740315453041523241e-01,0.000000000000000000e+00
1.940232144205258802e+00,1.923957047446718693e+00,0.000000000000000000e+00,1.682146540571000326e+00,5.599677374469722579e-01,0.000000000000000000e+00
2.453852474550958007e+00,1.501325607902505688e+00,0.000000000000000000e+00,1.250017360425618396e+00,1.596769598847198601e-01,0.000000000000000000e+00
2.542228716665030142e+00,1.342058997287492339e+00,0.000000000000000000e+00,6.447220083064605367e-01,7.168364259649000203e-02,0.000000000000000000e+00
2.259928758023296513e+00,1.492744066739096542e+00,0.000000000000000000e+00,1.242054916601482928e+00,5.212689958594594053e-01,0.000000000000000000e+00
2.359301065647867013e+00,1.346185247074964897e+00,0.000000000000000000e+00,6.479874535918981326e-01,2.661865394351345393e-01,0.000000000000000000e+00
2.718956854450989891e+00,1.017902700375421521e+00,0.000000000000000000e+00,2.813933731166324767e-02,-1.486262010182479165e-01,0.000000000000000000e+00
2.630855433134485999e+00,1.179041985591624542e+00,0.000000000000000000e+00,3.518378277461630121e-01,-1.415678012032262345e-01,0.000000000000000000e+00
2.447927782117323314e+00,1.183168235379097100e+00,0.000000000000000000e+00,4.053656882837737840e-01,1.798153530185589433e-01,0.000000000000000000e+00
2.536554498586779616e+00,1.020151223683229302e+00,0.000000000000000000e+00,-4.292127820115247683e-02,-9.127388250861043911e-03,0.000000000000000000e+00
1.935157610018536145e+00,2.184583096570531957e+00,0.000000000000000000e+00,5.665001702628668090e-01,3.041147061142846497e-01,0.000000000000000000e+00
1.842006704312107335e+00,2.342661102913088378e+00,0.000000000000000000e+00,2.360558236922006003e-01,2.415532127930984305e-02,0.000000000000000000e+00
1.839900554192341886e+00,2.054639626636447947e+00,0.000000000000000000e+00,1.213796553030916270e+00,3.059504856537387241e-01,0.000000000000000000e+00
1.739568964179425192e+00,2.185322205826177644e+00,0.000000000000000000e+00,4.002351713979447889e-01,-7.186395219911910492e-02,0.000000000000000000e+00
1.749999999999824141e+00,2.500000000000000000e+00,0.000000000000000000e+00,0.000000000000000000e+00,0.000000000000000000e+00,0.000000000000000000e+00
1.647562259867141332e+00,2.342661102913088378e+00,0.000000000000000000e+00,2.406970703579859872e-01,-1.887676126105082910e-02,0.000000000000000000e+00
1.555555555554858138e+00,2.500000000000000444e+00,0.000000000000000000e+00,0.000000000000000000e+00,0.000000000000000000e+00,0.000000000000000000e+00
2.890205068390305776e+00,6.976614759121402276e-01,0.000000000000000000e+00,-1.840429436968439858e-01,-1.106898453628838569e-02,0.000000000000000000e+00
2.800790086039723903e+00,8.522788155384102282e-01,0.000000000000000000e+00,-1.455903227785201315e-01,-1.069695984397271288e-01,0.000000000000000000e+00
2.618387730175513184e+00,8.545273388462177877e-01,0.000000000000000000e+00,-2.338076819453294153e-01,-2.151200297520887775e-02,0.000000000000000000e+00
2.700220961764246752e+00,6.889034540092064951e-01,0.000000000000000000e+00,-3.197839436593951645e-01,2.242763759578832519e-02,0.000000000000000000e+00
3.829838570681086907e+00,3.409583116798224900e-01,0.000000000000000000e+00,-4.894160726582041376e-01,-1.107473174132317800e-01,0.000000000000000000e+00
3.730098126207426645e+00,5.070953297177784869e-01,0.000000000000000000e+00,-3.070931898519673187e-01,-1.791947849894686973e-01,0.000000000000000000e+00
3.541446929836636670e+00,5.212632285537573962e-01,0.000000000000000000e+00,-4.223596830601304419e-01,-1.569814450771120085e-01,0.000000000000000000e+00
3.637847744301273778e+00,3.421986947134145751e-01,0.000000000000000000e+00,-5.146486448495648514e-01,-8.736799247270042590e-02,0.000000000000000000e+00
3.350563537360561561e+00,5.299576563403438634e-01,0.000000000000000000e+00,-4.492409495494438798e-01,-2.011028498742648551e-01,0.000000000000000000e+00
3.168135067182744180e+00,5.330035240508306238e-01,0.000000000000000000e+00,-4.403572847183380157e-01,3.223541982928974231e-02,0.000000000000000000e+00
3.446964351825198669e+00,3.508931225000010423e-01,0.000000000000000000e+00,-5.726636036512707806e-01,-1.224167923953220077e-01,0.000000000000000000e+00
3.256080959349123560e+00,3.595875502865875095e-01,0.000000000000000000e+00,-6.579327334815292527e-01,-4.996375372375500001e-02,0.000000000000000000e+00
3.060193645478563429e+00,3.499050274728897625e-01,0.000000000000000000e+00,-6.277660863858588458e-01,3.937391661482588651e-02,0.000000000000000000e+00
2.972247753312183605e+00,5.233210012371329878e-01,0.000000000000000000e+00,-4.124075411257884238e-01,1.012885841254702879e-01,0.000000000000000000e+00
2.782263646686125025e+00,5.145629793341992553e-01,0.000000000000000000e+00,-4.655630545109399332e-01,4.762078009008401114e-02,0.000000000000000000e+00
2.864306331608002854e+00,3.402225046591920155e-01,0.000000000000000000e+00,-5.847047634940265581e-01,4.906234970670739215e-02,0.000000000000000000e+00
4.416666666672504959e+00,0.000000000000000000e+00,0.000000000000000000e+00,0.000000000000000000e+00,0.000000000000000000e+00,0.000000000000000000e+00
4.681059288906333826e+00,1.256395906230641513e-01,0.000000000000000000e+00,-2.359650525721060724e-02,2.610933730244971440e-04,0.000000000000000000e+00
4.515739121357255748e+00,1.765261068926579635e-01,0.000000000000000000e+00,-6.052031857194187237e-02,-8.076008346766304011e-03,0.000000000000000000e+00
4.122025809645452732e+00,1.698589643231152024e-01,0.000000000000000000e+00,-1.767020959917663669e-01,-6.704470351118069216e-02,0.000000000000000000e+00
4.321294676914757105e+00,1.765261068926579635e-01,0.000000000000000000e+00,-9.287780343733710586e-02,-6.991986457368719668e-03,0.000000000000000000e+00
4.611111111115003602e+00,-5.413126660430650266e-18,0.000000000000000000e+00,0.000000000000000000e+00,0.000000000000000000e+00,0.000000000000000000e+00
4.222222222230005428e+00,7.318298983073916439e-18,0.000000000000000000e+00,0.000000000000000000e+00,0.000000000000000000e+00,0.000000000000000000e+00
4.027777777786438307e+00,0.000000000000000000e+00,0.000000000000000000e+00,0.000000000000000000e+00,0.000000000000000000e+00,0.000000000000000000e+00
3.927581365201885166e+00,1.698589643231152024e-01,0.000000000000000000e+00,-3.016943299589419647e-01,-1.071489279899848768e-01,0.000000000000000000e+00
3.735590538822071593e+00,1.710993473567072876e-01,0.000000000000000000e+00,-3.450398411438161395e-01,-3.510140576762930953e-02,0.000000000000000000e+00
3.833333333342869853e+00,7.371740342083331167e-18,0.000000000000000000e+00,0.000000000000000000e+00,0.000000000000000000e+00,0.000000000000000000e+00
5.000000000000000000e+00,1.785714285712402261e-01,0.000000000000000000e+00,0.000000000000000000e+00,0.000000000000000000e+00,0.000000000000000000e+00
5.000000000000000000e+00,5.413126660430650266e-18,0.000000000000000000e+00,0.000000000000000000e+00,0.000000000000000000e+00,0.000000000000000000e+00
4.875503733348832469e+00,1.256395906230641513e-01,0.000000000000000000e+00,-1.088711331683097500e-02,1.258061882855339821e-03,0.000000000000000000e+00
4.805555555557502245e+00,0.000000000000000000e+00,0.000000000000000000e+00,0.000000000000000000e+00,0.000000000000000000e+00,0.000000000000000000e+00
1.811202320774194519e+00,3.552873238207420403e+00,0.000000000000000000e+00,2.940247870615718840e-03,-1.248041531170675511e-01,0.000000000000000000e+00
1.723723901519011559e+00,3.453118498461289487e+00,0.000000000000000000e+00,-7.548016984402614038e-02,-1.446370542287441496e-01,0.000000000000000000e+00
1.682394153334001885e+00,3.601389290111637553e+00,0.000000000000000000e+00,3.709349059679849930e-02,-1.741075568375220206e-01,0.000000000000000000e+00
1.838044918897545177e+00,3.670234947645647949e+00,0.000000000000000000e+00,5.774972585183976020e-02,-1.059775280282052312e-01,0.000000000000000000e+00
1.481488737980615866e+00,3.155025049407421456e+00,0.000000000000000000e+00,-2.626155744422656868e-01,-1.024137671435416952e-01,0.000000000000000000e+00
1.586237785055008231e+00,3.307448902812892388e+00,0.000000000000000000e+00,-2.585310226529514144e-01,-1.668443283766210816e-01,0.000000000000000000e+00
1.544908036869998558e+00,3.455719694463240454e+00,0.000000000000000000e+00,-1.371088280515433966e-01,-2.985884478374773443e-01,0.000000000000000000e+00
1.407421920405994786e+00,3.310050098814842467e+00,0.000000000000000000e+00,-4.417837427708348197e-01,-3.331541790808986714e-01,0.000000000000000000e+00
1.361111111110677285e+00,3.000000000000000444e+00,0.000000000000000000e+00,0.000000000000000000e+00,0.000000000000000000e+00,0.000000000000000000e+00
1.287044293536055983e+00,3.155025049407421456e+00,0.000000000000000000e+00,-4.686184029547699192e-01,-1.206138196263226298e-01,0.000000000000000000e+00
1.166666666666116958e+00,3.000000000000000000e+00,0.000000000000000000e+00,-7.528323517104655860e-01,-2.911427662795799953e-02,0.000000000000000000e+00
2.000000000000000000e+00,4.125000000000000000e+00,0.000000000000000000e+00,0.000000000000000000e+00,0.000000000000000000e+00,0.000000000000000000e+00
2.091655132821214735e+00,4.295586017000411871e+00,0.000000000000000000e+00,-1.563284338680869011e-03,-1.021873145221571105e-01,0.000000000000000000e+00
2.108458962129875935e+00,4.186023578313279536e+00,0.000000000000000000e+00,1.722659471375320370e-02,-1.025617136406438284e-01,0.000000000000000000e+00
2.000000000000000000e+00,4.250000000000000000e+00,0.000000000000000000e+00,0.000000000000000000e+00,0.000000000000000000e+00,0.000000000000000000e+00
2.603336106851125820e+00,4.951319018025758467e+00,0.000000000000000000e+00,-6.465368667467329411e-01,1.459041312480151009e-01,0.000000000000000000e+00
2.657381244655691255e+00,5.074338178738448946e+00,0.000000000000000000e+00,-5.538642648961715764e-01,2.567507450667752544e-01,0.000000000000000000e+00
2.462049678792111784e+00,4.957385459769965586e+00,0.000000000000000000e+00,-5.348726146728491893e-01,2.114927925836470046e-01,0.000000000000000000e+00
2.528688286450129663e+00,5.106246524227244343e+00,0.000000000000000000e+00,-4.056048726204748989e-01,3.175357163341649969e-01,0.000000000000000000e+00
2.253094976827824780e+00,4.799514912214609907e+00,0.000000000000000000e+00,-4.261690703637895372e-01,2.215031225821885719e-01,0.000000000000000000e+00
2.199987867591900681e+00,4.673300001767900724e+00,0.000000000000000000e+00,-2.523824974790090936e-01,1.471281233044892042e-02,0.000000000000000000e+00
2.110778882521556099e+00,4.790505429116533875e+00,0.000000000000000000e+00,-2.171550414531471240e-01,1.422289619467591026e-01,0.000000000000000000e+00
2.091655132821214735e+00,4.420586017000411871e+00,0.000000000000000000e+00,-5.992073670460072547e-03,-8.945743080523098356e-02,0.000000000000000000e+00
2.144598426331122187e+00,4.528047287209633787e+00,0.000000000000000000e+00,-8.685781362697696240e-02,-7.495761684028028060e-02,0.000000000000000000e+00
2.055389441260778050e+00,4.645252714558266938e+00,0.000000000000000000e+00,-1.151733548859079637e-01,4.253380049309026661e-02,0.000000000000000000e+00
2.000000000000000000e+00,4.500000000000000000e+00,0.000000000000000000e+00,0.000000000000000000e+00,0.000000000000000000e+00,0.000000000000000000e+00
2.385574617846683232e+00,5.098288857800423735e+00,0.000000000000000000e+00,-1.859669525090923980e-01,5.168521377639686554e-01,0.000000000000000000e+00
2.318936010188664465e+00,4.949427793343144089e+00,0.000000000000000000e+00,-3.908117833711449163e-01,4.281010127668589127e-01,0.000000000000000000e+00
2.176619915882396228e+00,4.940418310245068056e+00,0.000000000000000000e+00,-2.167898808786033193e-01,3.866531310026561363e-01,0.000000000000000000e+00
2.242460949243235913e+00,5.090331191373602238e+00,0.000000000000000000e+00,-3.901668770475189701e-02,5.791180226331086311e-01,0.000000000000000000e+00
3.115157342816873509e+00,5.147379004274545089e+00,0.000000000000000000e+00,-1.977276122408573589e-01,1.172995624781418417e-01,0.000000000000000000e+00
3.257012932525917392e+00,5.155729285604095935e+00,0.000000000000000000e+00,-1.768363579033602195e-01,2.080611187890444025e-01,0.000000000000000000e+00
2.862913993322167006e+00,5.141114321675051002e+00,0.000000000000000000e+00,-4.139891155920783494e-01,1.770775327460958615e-01,0.000000000000000000e+00
2.994818932506043918e+00,5.128434860056154676e+00,0.000000000000000000e+00,-2.759226076729108801e-01,3.769607801191102170e-02,0.000000000000000000e+00
3.060092194093911644e+00,5.258742954318840646e+00,0.000000000000000000e+00,5.368322755932650181e-02,4.558751445535275809e-02,0.000000000000000000e+00
2.939753783783081609e+00,5.239798810100450233e+00,0.000000000000000000e+00,-3.288763982938439079e-02,-7.772209508125280109e-03,0.000000000000000000e+00
3.180430604404741235e+00,5.277687098537231947e+00,0.000000000000000000e+00,1.052140535539936167e-01,1.851337897368291741e-01,0.000000000000000000e+00
3.615898552675095967e+00,4.817525336336341724e+00,0.000000000000000000e+00,-9.245102422387443397e-01,2.075380253115332793e-02,0.000000000000000000e+00
3.775204970118354986e+00,4.671244080048122527e+00,0.000000000000000000e+00,-6.558395241546720600e-01,7.447995916475410108e-03,0.000000000000000000e+00
3.551317291226711248e+00,4.921801939962998418e+00,0.000000000000000000e+00,-7.815688032295509124e-01,9.484474985106912392e-02,0.000000000000000000e+00
3.477421338993517352e+00,5.042406420010258294e+00,0.000000000000000000e+00,-5.045536455456898217e-01,2.359304216646967989e-01,0.000000000000000000e+00
3.685828678788326762e+00,4.946764763722900859e+00,0.000000000000000000e+00,-8.512734498065861466e-01,9.655358881273830296e-02,0.000000000000000000e+00
3.750409940236711037e+00,4.842488160096244165e+00,0.000000000000000000e+00,-9.834536079697797639e-01,3.144535713509802322e-02,0.000000000000000000e+00
3.621247417339941155e+00,5.051041367349556666e+00,0.000000000000000000e+00,-6.732158700569292886e-01,1.986758731389798860e-01,0.000000000000000000e+00
3.999999999999999556e+00,4.500000000000000000e+00,0.000000000000000000e+00,0.000000000000000000e+00,0.000000000000000000e+00,0.000000000000000000e+00
3.877857701589324968e+00,4.837945579345479530e+00,0.000000000000000000e+00,-9.727391128288335187e-01,-2.338131060534578975e-02,0.000000000000000000e+00
3.902652731470968916e+00,4.666701499297357003e+00,0.000000000000000000e+00,-6.450768065201665236e-01,-1.031246875889858285e-02,0.000000000000000000e+00
4.102652731470969094e+00,4.666701499297357891e+00,0.000000000000000000e+00,-6.414602421022406187e-01,-2.770769094923395889e-02,0.000000000000000000e+00
4.200000000000000178e+00,4.500000000000000888e+00,0.000000000000000000e+00,0.000000000000000000e+00,0.000000000000000000e+00,0.000000000000000000e+00
4.005305462941938899e+00,4.833402998594715783e+00,0.000000000000000000e+00,-9.495339158802915680e-01,-4.974507419773258055e-02,0.000000000000000000e+00
2.604977423862268715e+00,5.233375651913744875e+00,0.000000000000000000e+00,-2.627098467585725627e-01,3.200657183030046760e-01,0.000000000000000000e+00
2.733670382067829863e+00,5.201467306424948589e+00,0.000000000000000000e+00,-3.257927417391918157e-01,3.252365773677604044e-01,0.000000000000000000e+00
2.810510172528744466e+00,5.300151794850348708e+00,0.000000000000000000e+00,9.641871162479594137e-02,1.184965210467766594e-01,0.000000000000000000e+00
2.681266561274406879e+00,5.360504779600245406e+00,0.000000000000000000e+00,1.488353734564199227e-01,1.866451683180348764e-01,0.000000000000000000e+00
3.325934956420359967e+00,5.283398919463495602e+00,0.000000000000000000e+00,1.471572257964638419e-01,3.037760277153691013e-01,0.000000000000000000e+00
3.402517284541535680e+00,5.161441106530360479e+00,0.000000000000000000e+00,-2.652821360668974893e-01,3.336277153650940019e-01,0.000000000000000000e+00
3.546343362887959927e+00,5.170076053869658850e+00,0.000000000000000000e+00,-4.138950187339631714e-01,4.116252566544184033e-01,0.000000000000000000e+00
3.471439308435978255e+00,5.289110740389761034e+00,0.000000000000000000e+00,1.433616280581542224e-01,5.353966801231198058e-01,0.000000000000000000e+00
1.800000000000000266e+00,4.000000000000000000e+00,0.000000000000000000e+00,0.000000000000000000e+00,0.000000000000000000e+00,0.000000000000000000e+00
1.796847842230544279e+00,3.869540302589829395e+00,0.000000000000000000e+00,8.463931223310142138e-02,-1.727855795731110533e-02,0.000000000000000000e+00
1.641197076667001209e+00,3.800694645055818999e+00,0.000000000000000000e+00,1.910929436785323010e-01,-8.972941648274873616e-02,0.000000000000000000e+00
1.600000000000000311e+00,4.000000000000000888e+00,0.000000000000000000e+00,0.000000000000000000e+00,0.000000000000000000e+00,0.000000000000000000e+00
2.000000000000000000e+00,4.375000000000000000e+00,0.000000000000000000e+00,0.000000000000000000e+00,0.000000000000000000e+00,0.000000000000000000e+00
1.868208746788859509e+00,1.770669729547881932e+00,0.000000000000000000e+00,1.561910775220259673e+00,7.012976884604200656e-01,0.000000000000000000e+00
1.978370899885593115e+00,1.628342649026136346e+00,0.000000000000000000e+00,1.433194499251758236e+00,9.278542874165286447e-01,0.000000000000000000e+00
2.080281412036018907e+00,1.493706028193435564e+00,0.000000000000000000e+00,1.199250010688486467e+00,9.450807878549262186e-01,0.000000000000000000e+00
2.179653719660589406e+00,1.347147208529303919e+00,0.000000000000000000e+00,6.686679452784959343e-01,7.249378495104434883e-01,0.000000000000000000e+00
1.898095861522886008e+00,1.482745790816343945e+00,0.000000000000000000e+00,1.095590760287461274e+00,9.193346952927042848e-01,0.000000000000000000e+00
1.796185349372459994e+00,1.617382411649044949e+00,0.000000000000000000e+00,1.357080189489510591e+00,8.570879004389707623e-01,0.000000000000000000e+00
2.000006373673311799e+00,1.348109169983642941e+00,0.000000000000000000e+00,7.328112289751150810e-01,9.704108984360265699e-01,0.000000000000000000e+00
1.759591757120677169e+00,1.905861623150955975e+00,0.000000000000000000e+00,1.426310904124129753e+00,4.703875000859735755e-01,0.000000000000000000e+00
1.659260167107760031e+00,2.036544202340685228e+00,0.000000000000000000e+00,8.651076174105494232e-01,1.107403068295690074e-01,0.000000000000000000e+00
1.687568359704277654e+00,1.752574305252119213e+00,0.000000000000000000e+00,1.272490792798866455e+00,6.004138169933380675e-01,0.000000000000000000e+00
1.578951370036095314e+00,1.887766198855193256e+00,0.000000000000000000e+00,1.125171652113559739e+00,2.654921887596264907e-01,0.000000000000000000e+00
2.353108126002368294e+00,1.025435797628975632e+00,0.000000000000000000e+00,-1.952917359239175928e-03,3.476722592191267003e-01,0.000000000000000000e+00
2.264481409532912437e+00,1.188452809324843429e+00,0.000000000000000000e+00,3.635808976662203706e-01,4.768715161443992656e-01,0.000000000000000000e+00
2.084834063545634386e+00,1.189414770779182451e+00,0.000000000000000000e+00,4.522547637392645981e-01,8.101126575688919473e-01,0.000000000000000000e+00
2.169661753417957417e+00,1.030720371574722183e+00,0.000000000000000000e+00,3.894697343761813202e-02,5.554320424513766730e-01,0.000000000000000000e+00
2.524877126710144637e+00,7.028934537847131292e-01,0.000000000000000000e+00,-3.699442447717140592e-01,6.158136471237918991e-02,0.000000000000000000e+00
2.443043895121410625e+00,8.685173386217243108e-01,0.000000000000000000e+00,-2.604788359262350528e-01,1.362975689082505382e-01,0.000000000000000000e+00
2.259597522536999747e+00,8.738019125674708620e-01,0.000000000000000000e+00,-1.959402322487894532e-01,4.220439301831503398e-01,0.000000000000000000e+00
2.349533291656042522e+00,7.168834535602196523e-01,0.000000000000000000e+00,-3.527923415010765229e-01,2.278811794184793238e-01,0.000000000000000000e+00
1.547675422148004021e+00,2.178326457272384609e+00,0.000000000000000000e+00,3.174199130639194788e-01,9.423680385704685802e-02,0.000000000000000000e+00
1.455668717835720383e+00,2.335665354359296231e+00,0.000000000000000000e+00,1.517518275067356037e-01,-1.661116658190959355e-02,0.000000000000000000e+00
1.467366625076339082e+00,2.029548453786892637e+00,0.000000000000000000e+00,7.883073578733844622e-01,1.290509990640374138e-01,0.000000000000000000e+00
1.355781880116583293e+00,2.171330708718592462e+00,0.000000000000000000e+00,2.406038782902429063e-01,-1.085534660070911900e-01,0.000000000000000000e+00
1.361111111110508975e+00,2.500000000000000000e+00,0.000000000000000000e+00,0.000000000000000000e+00,0.000000000000000000e+00,0.000000000000000000e+00
1.261224273391371664e+00,2.335665354359296231e+00,0.000000000000000000e+00,1.756209819267873506e-01,-3.702479959941990667e-02,0.000000000000000000e+00
1.166666666666160257e+00,2.500000000000000444e+00,0.000000000000000000e+00,0.000000000000000000e+00,0.000000000000000000e+00,0.000000000000000000e+00
2.567888903339063944e+00,5.299431910644044619e-01,0.000000000000000000e+00,-4.669546889617608998e-01,6.800345538834623449e-02,0.000000000000000000e+00
2.649931588260941773e+00,3.556027163893972221e-01,0.000000000000000000e+00,-5.707910357803656076e-01,4.741989393651247636e-02,0.000000000000000000e+00
2.392545068284961829e+00,5.439331908399109849e-01,0.000000000000000000e+00,-4.709028986735607214e-01,1.364199566624599291e-01,0.000000000000000000e+00
2.435556844913880692e+00,3.709829281196023731e-01,0.000000000000000000e+00,-5.453188976782131769e-01,8.557325235634341554e-02,0.000000000000000000e+00
3.638888888897491292e+00,0.000000000000000000e+00,0.000000000000000000e+00,0.000000000000000000e+00,0.000000000000000000e+00,0.000000000000000000e+00
3.541146094376693476e+00,1.710993473567073153e-01,0.000000000000000000e+00,-3.680612281683909859e-01,-4.173550365608701129e-02,0.000000000000000000e+00
3.350262701900617923e+00,1.797937751432937548e-01,0.000000000000000000e+00,-4.378717347133264659e-01,-2.388999105653596619e-02,0.000000000000000000e+00
3.444444444452111842e+00,7.746335950166446649e-18,0.000000000000000000e+00,0.000000000000000000e+00,0.000000000000000000e+00,0.000000000000000000e+00
3.250000000005914380e+00,0.000000000000000000e+00,0.000000000000000000e+00,0.000000000000000000e+00,0.000000000000000000e+00,0.000000000000000000e+00
3.155818257454420017e+00,1.797937751432937548e-01,0.000000000000000000e+00,-4.516414164103061957e-01,-9.415683553510682813e-03,0.000000000000000000e+00
2.959930943583859442e+00,1.701112523295960077e-01,0.000000000000000000e+00,-4.079597828430342465e-01,1.610186064395759120e-02,0.000000000000000000e+00
3.055555555559716030e+00,7.329168701187574142e-18,0.000000000000000000e+00,0.000000000000000000e+00,0.000000000000000000e+00,0.000000000000000000e+00
2.861111111114752248e+00,0.000000000000000000e+00,0.000000000000000000e+00,0.000000000000000000e+00,0.000000000000000000e+00,0.000000000000000000e+00
2.765486499138895216e+00,1.701112523295960355e-01,0.000000000000000000e+00,-3.867162279104074396e-01,1.955372928262059593e-02,0.000000000000000000e+00
2.551111755791834135e+00,1.854914640598011866e-01,0.000000000000000000e+00,-3.877390972984920969e-01,2.518873899019218390e-02,0.000000000000000000e+00
2.666666666669787134e+00,7.991818378307411238e-18,0.000000000000000000e+00,0.000000000000000000e+00,0.000000000000000000e+00,0.000000000000000000e+00
1.511208616951390526e+00,3.632566968711517408e+00,0.000000000000000000e+00,1.916934226865172897e-01,-2.277554597174932249e-01,0.000000000000000000e+00
1.373722500487386977e+00,3.486897373063119865e+00,0.000000000000000000e+00,-4.631555387461224610e-02,-3.371929155096756170e-01,0.000000000000000000e+00
1.470011540284389628e+00,3.831872323655698409e+00,0.000000000000000000e+00,2.884998910352545298e-01,-6.057701274788773044e-02,0.000000000000000000e+00
1.340023080568779168e+00,3.663744647311397706e+00,0.000000000000000000e+00,3.884931972381407417e-01,-2.536475401234943861e-01,0.000000000000000000e+00
1.195540375800774768e+00,3.334967292225448521e+00,0.000000000000000000e+00,-4.126424146957145545e-01,4.650652722712957793e-02,0.000000000000000000e+00
1.075162748930835743e+00,3.179942242818027065e+00,0.000000000000000000e+00,-3.531454940229841744e-01,8.033669093520263982e-02,0.000000000000000000e+00
1.161840955882166959e+00,3.511814566473725918e+00,0.000000000000000000e+00,2.793644608087606299e-02,1.320373366675671178e-01,0.000000000000000000e+00
9.836588311955547503e-01,3.359884485636054130e+00,0.000000000000000000e+00,-2.673540977911122440e-01,2.407052529721610823e-01,0.000000000000000000e+00
9.722222222217644649e-01,3.000000000000000444e+00,0.000000000000000000e+00,0.000000000000000000e+00,0.000000000000000000e+00,0.000000000000000000e+00
8.807183044864833610e-01,3.179942242818027509e+00,0.000000000000000000e+00,-2.161721447721758893e-01,6.655810672836832975e-02,0.000000000000000000e+00
7.777777777774117496e-01,3.000000000000000000e+00,0.000000000000000000e+00,0.000000000000000000e+00,0.000000000000000000e+00,0.000000000000000000e+00
2.439288000578001547e+00,5.241691965895962646e+00,0.000000000000000000e+00,-1.063620527567248203e-01,6.717943731769792093e-01,0.000000000000000000e+00
2.515577137990139711e+00,5.368821093582463178e+00,0.000000000000000000e+00,1.420878750643248256e-01,5.853990773405233217e-01,0.000000000000000000e+00
2.296174331974554672e+00,5.233734299469141149e+00,0.000000000000000000e+00,4.448645068494638810e-02,7.169795100885206773e-01,0.000000000000000000e+00
2.349887714705873432e+00,5.377137407564680949e+00,0.000000000000000000e+00,1.634707655391021142e-01,8.396601026271883761e-01,0.000000000000000000e+00
1.955389441260514616e+00,4.785981842673466602e+00,0.000000000000000000e+00,-5.395964351935376296e-02,1.751845582850196370e-01,0.000000000000000000e+00
1.899999999999736566e+00,4.640729128115198776e+00,0.000000000000000000e+00,-1.041138486435033532e-02,4.309272029046452152e-02,0.000000000000000000e+00
2.088645752182011428e+00,5.081976503799186418e+00,0.000000000000000000e+00,4.652986854395015082e-02,4.756846469050119430e-01,0.000000000000000000e+00
2.022804718821171299e+00,4.932063622670651348e+00,0.000000000000000000e+00,-3.887977650463651097e-02,2.998302964331641673e-01,0.000000000000000000e+00
1.867415277560130260e+00,4.927540036227584075e+00,0.000000000000000000e+00,6.025343268087954285e-02,2.806949153759399351e-01,0.000000000000000000e+00
1.799999999999473133e+00,4.781458256230399329e+00,0.000000000000000000e+00,1.057661321602442750e-01,1.442862993541903505e-01,0.000000000000000000e+00
1.934830555120786943e+00,5.073621816224768821e+00,0.000000000000000000e+00,1.247668784215106852e-01,3.519084264161161935e-01,0.000000000000000000e+00
1.799999999999473577e+00,4.500000000000000000e+00,0.000000000000000000e+00,0.000000000000000000e+00,0.000000000000000000e+00,0.000000000000000000e+00
1.699999999999210143e+00,4.640729128115199664e+00,0.000000000000000000e+00,1.034330038828544657e-01,4.075411046660527836e-02,0.000000000000000000e+00
1.599999999998946931e+00,4.500000000000000000e+00,0.000000000000000000e+00,0.000000000000000000e+00,0.000000000000000000e+00,0.000000000000000000e+00
2.159768440214770102e+00,5.201907322656172283e+00,0.000000000000000000e+00,9.394437145548993617e-02,5.663504287137794968e-01,0.000000000000000000e+00
2.213481822946088418e+00,5.345310430751711195e+00,0.000000000000000000e+00,1.866209370450488680e-01,6.940463974249405643e-01,0.000000000000000000e+00
2.005953243153545174e+00,5.193552635081754687e+00,0.000000000000000000e+00,1.214990663739794058e-01,4.554639204937922514e-01,0.000000000000000000e+00
2.077075931186303848e+00,5.313483453938740553e+00,0.000000000000000000e+00,2.005082646515728984e-01,5.117367369063187121e-01,0.000000000000000000e+00
2.970433626464545007e+00,5.370550119601860573e+00,0.000000000000000000e+00,3.882718900849437271e-01,-4.401150638395538717e-02,0.000000000000000000e+00
3.090772036775374154e+00,5.389494263820250097e+00,0.000000000000000000e+00,4.491356567308709136e-01,8.633136932654160434e-02,0.000000000000000000e+00
3.001113469146007962e+00,5.501301429103270024e+00,0.000000000000000000e+00,6.248682034356752846e-01,-5.591265463945546688e-02,0.000000000000000000e+00
2.841190015210207864e+00,5.430903104351758159e+00,0.000000000000000000e+00,4.610454649443491149e-01,3.735612896010478620e-03,0.000000000000000000e+00
3.239115053509729059e+00,5.398896007746023074e+00,0.000000000000000000e+00,5.626249239311100769e-01,1.932226039905773907e-01,0.000000000000000000e+00
3.384619405525347346e+00,5.404607828672288505e+00,0.000000000000000000e+00,6.290356813275339576e-01,3.731239945268759461e-01,0.000000000000000000e+00
3.149456485880362422e+00,5.510703173029043000e+00,0.000000000000000000e+00,7.545946429588994420e-01,6.751629644851060708e-02,0.000000000000000000e+00
3.297799502614716438e+00,5.520104916954815977e+00,0.000000000000000000e+00,8.812972033719439491e-01,1.546236080298031002e-01,0.000000000000000000e+00
3.801687660352276232e+00,4.946569398443289245e+00,0.000000000000000000e+00,-8.379669681393756564e-01,-9.091781566526527247e-03,0.000000000000000000e+00
3.737106398903891069e+00,5.050846002069945051e+00,0.000000000000000000e+00,-6.763185066334296280e-01,2.755422563902306873e-02,0.000000000000000000e+00
3.852965380467840539e+00,5.050650636790332548e+00,0.000000000000000000e+00,-6.441072844633310979e-01,-6.167580168695144943e-02,0.000000000000000000e+00
3.929135421704889275e+00,4.942026817692523721e+00,0.000000000000000000e+00,-8.218680792635389976e-01,-6.442703425989312893e-02,0.000000000000000000e+00
3.621343766851545798e+00,5.293926625961294263e+00,0.000000000000000000e+00,8.930236025977310310e-02,3.321756047512259835e-01,0.000000000000000000e+00
3.696247821303527470e+00,5.174891939441192079e+00,0.000000000000000000e+00,-4.715881295318596345e-01,5.614244628715103075e-02,0.000000000000000000e+00
3.812106802867476496e+00,5.174696574161579576e+00,0.000000000000000000e+00,-4.060366711231006565e-01,-1.193498539217722199e-01,0.000000000000000000e+00
3.771248225267112897e+00,5.298742511532826605e+00,0.000000000000000000e+00,4.836963068532701415e-02,-1.811332929361518795e-01,0.000000000000000000e+00
4.191887839685506378e+00,4.837590491345077126e+00,0.000000000000000000e+00,-9.306855501802986375e-01,-7.870583543407988492e-02,0.000000000000000000e+00
4.289235108214537462e+00,4.670888992047720123e+00,0.000000000000000000e+00,-6.329915386286466550e-01,-3.947107043769908924e-02,0.000000000000000000e+00
4.378470216429075634e+00,4.841777984095440246e+00,0.000000000000000000e+00,-8.988875918379485297e-01,-1.255723222087979929e-01,0.000000000000000000e+00
4.400000000000000355e+00,4.500000000000000000e+00,0.000000000000000000e+00,0.000000000000000000e+00,0.000000000000000000e+00,0.000000000000000000e+00
4.489235108214537640e+00,4.670888992047720123e+00,0.000000000000000000e+00,-6.229870720914131299e-01,-8.197106018722533083e-02,0.000000000000000000e+00
4.600000000000000533e+00,4.500000000000000888e+00,0.000000000000000000e+00,0.000000000000000000e+00,0.000000000000000000e+00,0.000000000000000000e+00
3.974247502837991775e+00,5.108001206258453664e+00,0.000000000000000000e+00,-4.870331886391216503e-01,-1.212567734223012755e-01,0.000000000000000000e+00
4.050417544075040510e+00,4.999377387160644837e+00,0.000000000000000000e+00,-7.050195048178730106e-01,-1.036105288909065086e-01,0.000000000000000000e+00
4.236999920818608878e+00,5.003564879911007068e+00,0.000000000000000000e+00,-6.557665423738878729e-01,-1.434711618833442170e-01,0.000000000000000000e+00
4.095529625208141233e+00,5.165351775726573891e+00,0.000000000000000000e+00,-2.626942996534493147e-01,-2.083022989737874087e-01,0.000000000000000000e+00
2.590977123653016356e+00,5.525705465625955881e+00,0.000000000000000000e+00,4.982191447975977128e-01,3.147443597324700582e-01,0.000000000000000000e+00
2.425287700368749633e+00,5.534021779608172764e+00,0.000000000000000000e+00,3.915335707677112254e-01,7.264102908426119942e-01,0.000000000000000000e+00
2.752014984467021641e+00,5.541943959017396892e+00,0.000000000000000000e+00,5.986352290203621473e-01,-2.648312748956549445e-02,0.000000000000000000e+00
2.911938438402822626e+00,5.612342283768910534e+00,0.000000000000000000e+00,7.294981320238090872e-01,-5.974808683746566512e-02,0.000000000000000000e+00
2.661725546845631563e+00,5.707144645043106479e+00,0.000000000000000000e+00,8.312456208947451852e-01,7.607595638010850037e-02,0.000000000000000000e+00
2.500687686031625390e+00,5.690906151651663691e+00,0.000000000000000000e+00,7.288623326425471838e-01,3.743973499273581251e-01,0.000000000000000000e+00
2.822763407659636403e+00,5.723383138434548378e+00,0.000000000000000000e+00,8.180327378819475248e-01,-6.450465435641429546e-02,0.000000000000000000e+00
3.461951689654393149e+00,5.545234203083391655e+00,0.000000000000000000e+00,1.069524189710434170e+00,3.884537855871672551e-01,0.000000000000000000e+00
3.548771592565023170e+00,5.429737114800863296e+00,0.000000000000000000e+00,8.528126299105724950e-01,5.306193830074704687e-01,0.000000000000000000e+00
3.698676050980591157e+00,5.434553000372396525e+00,0.000000000000000000e+00,8.976473601442256367e-01,1.358613874246550057e-01,0.000000000000000000e+00
3.626103876694068529e+00,5.570363489211966446e+00,0.000000000000000000e+00,1.306349990342006828e+00,3.227429657236896565e-01,0.000000000000000000e+00
1.400000000001387246e+00,4.000000000000000000e+00,0.000000000000000000e+00,0.000000000000000000e+00,0.000000000000000000e+00,0.000000000000000000e+00
1.270011540285776563e+00,3.831872323655698853e+00,0.000000000000000000e+00,4.243021244410185022e-01,-1.248102897916791576e-01,0.000000000000000000e+00
1.200000000002774181e+00,4.000000000000000888e+00,0.000000000000000000e+00,0.000000000000000000e+00,0.000000000000000000e+00,0.000000000000000000e+00
1.724007730061828614e+00,1.478359280789294239e+00,0.000000000000000000e+00,1.021043003518708359e+00,9.552690675577019119e-01,0.000000000000000000e+00
1.825918242212254405e+00,1.343722659956593013e+00,0.000000000000000000e+00,6.990656548785223467e-01,9.622051721858835283e-01,0.000000000000000000e+00
1.651830110751197012e+00,1.339336149929543085e+00,0.000000000000000000e+00,6.625061295740840572e-01,9.724686073520648621e-01,0.000000000000000000e+00
1.621010736379373984e+00,1.607154936094732367e+00,0.000000000000000000e+00,1.146310626078886008e+00,7.351260458323284341e-01,0.000000000000000000e+00
1.512393746711191422e+00,1.742346829697806410e+00,0.000000000000000000e+00,1.007886982360426620e+00,4.618612767066661018e-01,0.000000000000000000e+00
1.548833117068742382e+00,1.468131805234981435e+00,0.000000000000000000e+00,8.034416901808907330e-01,8.048992442668889691e-01,0.000000000000000000e+00
1.445836123386287753e+00,1.596927460540419785e+00,0.000000000000000000e+00,8.852224071147128948e-01,6.264667251625734012e-01,0.000000000000000000e+00
1.990896572966630806e+00,1.041463527899556096e+00,0.000000000000000000e+00,2.103284986609300078e-01,7.918226868524598228e-01,0.000000000000000000e+00
1.906068883094308219e+00,1.200157927104016586e+00,0.000000000000000000e+00,5.504364615591997856e-01,9.729675981093106607e-01,0.000000000000000000e+00
1.731980751633250826e+00,1.195771417076966658e+00,0.000000000000000000e+00,5.074558784057737748e-01,9.770058877291700750e-01,0.000000000000000000e+00
1.812131392515304196e+00,1.052206684224390232e+00,0.000000000000000000e+00,3.223092326356442050e-01,9.706657060652978952e-01,0.000000000000000000e+00
1.372878609253721738e+00,1.867601654702430114e+00,0.000000000000000000e+00,8.549066633997987052e-01,3.313146278030850711e-01,0.000000000000000000e+00
1.261293864293965505e+00,2.009383909634129495e+00,0.000000000000000000e+00,4.735993692778802666e-01,6.637725877736253000e-02,0.000000000000000000e+00
1.306320985928818068e+00,1.722182285545043490e+00,0.000000000000000000e+00,7.418590747174211852e-01,4.666556919921990843e-01,0.000000000000000000e+00
1.166805848471348162e+00,1.847437110549667194e+00,0.000000000000000000e+00,5.671511778715101482e-01,2.167866520768775007e-01,0.000000000000000000e+00
2.162127306514630920e+00,7.466798534049291503e-01,0.000000000000000000e+00,-2.468954949770271745e-01,4.253164290101250078e-01,0.000000000000000000e+00
2.072191537395588146e+00,9.035983124121802490e-01,0.000000000000000000e+00,-8.638611644865021311e-02,5.483724823526279213e-01,0.000000000000000000e+00
1.893426356944261535e+00,9.143414687370142735e-01,0.000000000000000000e+00,9.673103734648556828e-02,8.090062805390660916e-01,0.000000000000000000e+00
1.974721321373219318e+00,7.764762532496386482e-01,0.000000000000000000e+00,-1.769733273374742288e-01,5.478566494191721148e-01,0.000000000000000000e+00
2.282813762835036009e+00,4.643171757810897748e-01,0.000000000000000000e+00,-4.990084147830260441e-01,2.031538136356693947e-01,0.000000000000000000e+00
2.239801986206116702e+00,6.372674385013983311e-01,0.000000000000000000e+00,-3.706936137177096469e-01,2.971764569442361115e-01,0.000000000000000000e+00
2.052396001064705100e+00,6.670638383461078291e-01,0.000000000000000000e+00,-2.677315781051148869e-01,4.675386050498179791e-01,0.000000000000000000e+00
2.130070680756190882e+00,5.576514234425771210e-01,0.000000000000000000e+00,-3.853964473325399154e-01,3.472850027120344407e-01,0.000000000000000000e+00
1.166810490652617105e+00,2.177338808080182986e+00,0.000000000000000000e+00,1.526828630193284020e-01,6.727835672064721995e-02,0.000000000000000000e+00
1.072252883927405476e+00,2.341673453720886755e+00,0.000000000000000000e+00,9.780413877301964709e-02,6.228427873099232591e-03,0.000000000000000000e+00
1.072322474829999539e+00,2.015392008995720907e+00,0.000000000000000000e+00,3.616742021819125408e-01,1.485474756737022450e-01,0.000000000000000000e+00
9.778391011886509165e-01,2.183346907441774398e+00,0.000000000000000000e+00,3.846043723920580110e-02,3.041891581776659872e-02,0.000000000000000000e+00
9.722222222218104282e-01,2.500000000000000000e+00,0.000000000000000000e+00,0.000000000000000000e+00,0.000000000000000000e+00,0.000000000000000000e+00
8.778084394830556469e-01,2.341673453720886755e+00,0.000000000000000000e+00,4.510267801778886781e-02,-5.102061676730025933e-03,0.000000000000000000e+00
7.777777777774607104e-01,2.500000000000000444e+00,0.000000000000000000e+00,0.000000000000000000e+00,0.000000000000000000e+00,0.000000000000000000e+00
2.472222222224822907e+00,0.000000000000000000e+00,0.000000000000000000e+00,0.000000000000000000e+00,0.000000000000000000e+00,0.000000000000000000e+00
2.356667311346869464e+00,1.854914640598011866e-01,0.000000000000000000e+00,-3.622322974918155136e-01,3.569734980109271621e-02,0.000000000000000000e+00
2.085357199687414287e+00,4.202429380649934654e-01,0.000000000000000000e+00,-3.564610082632625465e-01,2.272442716696985721e-01,0.000000000000000000e+00
2.238100281766259414e+00,3.269086904035061192e-01,0.000000000000000000e+00,-4.362160693419627755e-01,1.277933916330741548e-01,0.000000000000000000e+00
2.159210748199248187e+00,1.414172263437049049e-01,0.000000000000000000e+00,-2.365914479569813100e-01,3.071640857303787123e-02,0.000000000000000000e+00
2.277777777779857793e+00,6.092899175880768022e-18,0.000000000000000000e+00,0.000000000000000000e+00,0.000000000000000000e+00,0.000000000000000000e+00
2.040643718618638136e+00,2.828344526874098097e-01,0.000000000000000000e+00,-2.978096272912332254e-01,1.091443804040816701e-01,0.000000000000000000e+00
9.847513742560356498e-01,3.550257269616821532e+00,0.000000000000000000e+00,7.680544696903317259e-02,2.562064827625223362e-01,0.000000000000000000e+00
1.162933498942647859e+00,3.702187350454492876e+00,0.000000000000000000e+00,3.743273367400958840e-01,6.828365682817665039e-02,0.000000000000000000e+00
1.092921958659645254e+00,3.870315026798794467e+00,0.000000000000000000e+00,3.291309202890401742e-01,4.535784263923656884e-02,0.000000000000000000e+00
9.858439173165164382e-01,3.740630053597588489e+00,0.000000000000000000e+00,2.907255174598806780e-01,1.670302904543277955e-01,0.000000000000000000e+00
6.630289348561990703e-01,3.148739156949484030e+00,0.000000000000000000e+00,-1.200959039601181833e-01,2.316023545789524726e-02,0.000000000000000000e+00
7.659694615652707927e-01,3.328681399767511540e+00,0.000000000000000000e+00,-1.461290042609011408e-01,1.075246866511775784e-01,0.000000000000000000e+00
5.769088833735664945e-01,3.488499724469731333e+00,0.000000000000000000e+00,4.212656426196584487e-03,1.065487335713791867e-01,0.000000000000000000e+00
7.945982530038506741e-01,3.519702810338275256e+00,0.000000000000000000e+00,6.684520456187773539e-03,1.928513628764045862e-01,0.000000000000000000e+00
7.956907960643314626e-01,3.710075594319041770e+00,0.000000000000000000e+00,1.494533356145775205e-01,1.201742239276721719e-01,0.000000000000000000e+00
5.482800919349865021e-01,3.297478313898968505e+00,0.000000000000000000e+00,-6.560398926156557620e-02,8.153645386010777152e-02,0.000000000000000000e+00
6.055376748121464869e-01,3.679521135040495494e+00,0.000000000000000000e+00,3.024480595965547969e-02,6.559724392175568519e-02,0.000000000000000000e+00
5.833333333330587012e-01,3.000000000000000444e+00,0.000000000000000000e+00,0.000000000000000000e+00,0.000000000000000000e+00,0.000000000000000000e+00
4.685844904118460219e-01,3.148739156949484475e+00,0.000000000000000000e+00,-6.295532925507013600e-02,1.941198225842212174e-02,0.000000000000000000e+00
3.888888888887053752e-01,3.000000000000000000e+00,0.000000000000000000e+00,0.000000000000000000e+00,0.000000000000000000e+00,0.000000000000000000e+00
2.223031886702717230e+00,5.512728113158944510e+00,0.000000000000000000e+00,1.932131006254296790e-01,6.942829019586974626e-01,0.000000000000000000e+00
2.298431872365593431e+00,5.669612485202435437e+00,0.000000000000000000e+00,3.833078691412340477e-01,6.241917574588126127e-01,0.000000000000000000e+00
2.086625994942932216e+00,5.480901136345973867e+00,0.000000000000000000e+00,1.525279638850026154e-01,4.906959120112304173e-01,0.000000000000000000e+00
2.096176058699561473e+00,5.648318818753208070e+00,0.000000000000000000e+00,1.001751324900545526e-01,4.134594079686085832e-01,0.000000000000000000e+00
1.701403189351718748e+00,4.922623427835498333e+00,0.000000000000000000e+00,1.579763657866445070e-01,1.949249041341043487e-01,0.000000000000000000e+00
1.768818466912375653e+00,5.068705207832683968e+00,0.000000000000000000e+00,1.465813990645668252e-01,2.905716213609921827e-01,0.000000000000000000e+00
1.602806378703964141e+00,5.063788599440599114e+00,0.000000000000000000e+00,1.897952440291444387e-01,2.191306187616562651e-01,0.000000000000000000e+00
1.520432308993960424e+00,4.641346707450043851e+00,0.000000000000000000e+00,1.845102230398055210e-01,3.067690364624281810e-02,0.000000000000000000e+00
1.620432308994223414e+00,4.782075835565243516e+00,0.000000000000000000e+00,2.198404769872863707e-01,1.086072593201715258e-01,0.000000000000000000e+00
1.521835498346468807e+00,4.923241007170343408e+00,0.000000000000000000e+00,2.384822001826031324e-01,1.759092413501956442e-01,0.000000000000000000e+00
1.440864617988973695e+00,4.782693414900087703e+00,0.000000000000000000e+00,3.279169356987746697e-01,1.010234843096523005e-01,0.000000000000000000e+00
1.919550154674184217e+00,5.345745744858096060e+00,0.000000000000000000e+00,1.723957331623676148e-01,3.631522596483761633e-01,0.000000000000000000e+00
1.848427466641425987e+00,5.225814926001110194e+00,0.000000000000000000e+00,1.439922278077024054e-01,3.029467383056532181e-01,0.000000000000000000e+00
1.682415378433014697e+00,5.220898317609025341e+00,0.000000000000000000e+00,9.797461080400342304e-02,2.543786403330947077e-01,0.000000000000000000e+00
1.762024378162065030e+00,5.378008035777450679e+00,0.000000000000000000e+00,1.130982534060638450e-01,1.926615120898085842e-01,0.000000000000000000e+00
1.399999999998420730e+00,4.500000000000000000e+00,0.000000000000000000e+00,0.000000000000000000e+00,0.000000000000000000e+00,0.000000000000000000e+00
1.320432308993434001e+00,4.641346707450043851e+00,0.000000000000000000e+00,2.617298251628782380e-01,2.828101902862714678e-02,0.000000000000000000e+00
1.199999999997894085e+00,4.500000000000000000e+00,0.000000000000000000e+00,0.000000000000000000e+00,0.000000000000000000e+00,0.000000000000000000e+00
1.929100218430813252e+00,5.513163427265329375e+00,0.000000000000000000e+00,6.903482837298927088e-02,3.158245240886227156e-01,0.000000000000000000e+00
3.062228631641255028e+00,5.602258917867818155e+00,0.000000000000000000e+00,7.183349404441824460e-01,-6.002133029867844777e-02,0.000000000000000000e+00
3.210571648375609044e+00,5.611660661793591132e+00,0.000000000000000000e+00,8.279012446889999488e-01,4.149833978052637484e-02,0.000000000000000000e+00
2.973053600898069249e+00,5.713299772533457777e+00,0.000000000000000000e+00,8.045091899348297826e-01,-5.049194883195069067e-02,0.000000000000000000e+00
3.123343794136501650e+00,5.703216406632365398e+00,0.000000000000000000e+00,7.892976785792509276e-01,-5.568557776085737016e-02,0.000000000000000000e+00
3.340865491382782437e+00,5.645698732812006071e+00,0.000000000000000000e+00,8.349602639889669442e-01,1.113268889088501329e-01,0.000000000000000000e+00
3.505017678422458260e+00,5.670828018940581750e+00,0.000000000000000000e+00,1.064920894663792028e+00,2.390280351171883699e-01,0.000000000000000000e+00
3.253637637143675043e+00,5.737254477650781226e+00,0.000000000000000000e+00,7.578928222846212925e-01,6.515069420259925193e-02,0.000000000000000000e+00
3.383931480150847548e+00,5.771292548669195277e+00,0.000000000000000000e+00,7.672241797970639210e-01,3.210105550444160988e-02,0.000000000000000000e+00
3.933388925237627731e+00,5.232047143629700692e+00,0.000000000000000000e+00,-1.349243478807982954e-01,-1.871230877859459407e-01,0.000000000000000000e+00
3.797016069401423888e+00,5.534844298879413316e+00,0.000000000000000000e+00,1.092660707197130154e+00,7.252305609576366330e-02,0.000000000000000000e+00
3.869588243687946516e+00,5.399033810039843395e+00,0.000000000000000000e+00,4.669030839187896520e-01,-2.636625943859020049e-01,0.000000000000000000e+00
4.031728943658460018e+00,5.332338442136716594e+00,0.000000000000000000e+00,3.248083745615403806e-01,-3.454113852379012695e-01,0.000000000000000000e+00
3.967928262108778359e+00,5.499325108546858409e+00,0.000000000000000000e+00,7.046338285274642566e-01,-3.255675595843443015e-01,0.000000000000000000e+00
4.550629954158793566e+00,4.805817823042071169e+00,0.000000000000000000e+00,-6.444354721133901398e-01,-3.989324672097386837e-01,0.000000000000000000e+00
4.661394845944256460e+00,4.634928830994351046e+00,0.000000000000000000e+00,-3.661119048264342424e-01,-1.539702580362666828e-01,0.000000000000000000e+00
4.255310761739114156e+00,5.170862543523035981e+00,0.000000000000000000e+00,-1.940983991270013309e-01,-2.075983218241967132e-01,0.000000000000000000e+00
4.396781057349580912e+00,5.009075647707469159e+00,0.000000000000000000e+00,-6.338201658378811443e-01,-2.219399573855541652e-01,0.000000000000000000e+00
4.701552249566606889e+00,4.914416895658257900e+00,0.000000000000000000e+00,-4.769414389901414641e-01,-8.207997026144447927e-01,0.000000000000000000e+00
4.529392511836888957e+00,4.950377056711626977e+00,0.000000000000000000e+00,-7.727859119594134851e-01,-6.487505430949788154e-01,0.000000000000000000e+00
4.547703352757394235e+00,5.117674720323655890e+00,0.000000000000000000e+00,-1.293825759580753687e-01,-8.324471231255108350e-01,0.000000000000000000e+00
4.722789691888511499e+00,4.769857661988701203e+00,0.000000000000000000e+00,-3.174707521068788063e-01,-5.011067102498899528e-01,0.000000000000000000e+00
4.415091898270086190e+00,5.176373311319497184e+00,0.000000000000000000e+00,-4.175578481512776802e-02,-4.255457052482944369e-01,0.000000000000000000e+00
4.680314807244702280e+00,5.058976129327814597e+00,0.000000000000000000e+00,-2.166062172622339188e-01,-1.118710933694937015e+00,0.000000000000000000e+00
4.800000000000000711e+00,4.500000000000000000e+00,0.000000000000000000e+00,0.000000000000000000e+00,0.000000000000000000e+00,0.000000000000000000e+00
5.000000000000000888e+00,4.500000000000000888e+00,0.000000000000000000e+00,0.000000000000000000e+00,0.000000000000000000e+00,0.000000000000000000e+00
4.861394845944255749e+00,4.634928830994351046e+00,0.000000000000000000e+00,-6.599811030723114202e-02,-1.996659383860943660e-01,0.000000000000000000e+00
4.357221550817779843e+00,5.315653552281368377e+00,0.000000000000000000e+00,1.130048584616846069e-01,-3.306830109524507844e-01,0.000000000000000000e+00
4.197440414286807808e+00,5.310142784484907175e+00,0.000000000000000000e+00,2.464183787020649274e-01,-1.564695055289566927e-01,0.000000000000000000e+00
4.133639732737125705e+00,5.477129450895048990e+00,0.000000000000000000e+00,5.873393161216998726e-01,-2.052539771473202435e-01,0.000000000000000000e+00
4.299351203365471719e+00,5.454933793243238682e+00,0.000000000000000000e+00,4.894866003718197911e-01,-3.964892749305774095e-02,0.000000000000000000e+00
2.772492814941119654e+00,5.861691569217274633e+00,0.000000000000000000e+00,5.716303444081812790e-01,-1.373032239486533107e-02,0.000000000000000000e+00
2.611454954127113925e+00,5.845453075825831846e+00,0.000000000000000000e+00,6.060434265342746762e-01,6.206260188475126033e-02,0.000000000000000000e+00
2.722222222222602017e+00,6.000000000000000000e+00,0.000000000000000000e+00,0.000000000000000000e+00,0.000000000000000000e+00,0.000000000000000000e+00
2.527777777778252855e+00,6.000000000000000888e+00,0.000000000000000000e+00,0.000000000000000000e+00,0.000000000000000000e+00,0.000000000000000000e+00
2.214754696016731916e+00,5.824159409376603591e+00,0.000000000000000000e+00,1.270670095762181928e-01,2.372073986100305121e-01,0.000000000000000000e+00
2.417010509682764319e+00,5.845453075825831846e+00,0.000000000000000000e+00,4.610129157362511942e-01,2.028238641551870503e-01,0.000000000000000000e+00
2.333333333333903248e+00,6.000000000000000888e+00,0.000000000000000000e+00,0.000000000000000000e+00,0.000000000000000000e+00,0.000000000000000000e+00
2.916666666666951624e+00,6.000000000000000888e+00,0.000000000000000000e+00,0.000000000000000000e+00,0.000000000000000000e+00,0.000000000000000000e+00
3.117227452623901662e+00,5.851608203316183143e+00,0.000000000000000000e+00,5.298937536363459433e-01,-1.760614590341796556e-02,0.000000000000000000e+00
2.966937259385468817e+00,5.861691569217274633e+00,0.000000000000000000e+00,5.298648810603098225e-01,-2.077400794593795355e-02,0.000000000000000000e+00
3.111111111111300787e+00,6.000000000000000000e+00,0.000000000000000000e+00,0.000000000000000000e+00,0.000000000000000000e+00,0.000000000000000000e+00
3.503463629505857213e+00,5.794403285136656478e+00,0.000000000000000000e+00,8.183695688113475919e-01,1.335263895307378379e-01,0.000000000000000000e+00
3.624549827777467481e+00,5.693938755408042951e+00,0.000000000000000000e+00,1.149585544788592761e+00,1.720548042303879088e-01,0.000000000000000000e+00
3.750551938347034486e+00,5.676928569132932978e+00,0.000000000000000000e+00,1.344525582822063248e+00,2.794441313675808392e-01,0.000000000000000000e+00
3.921464131054388957e+00,5.641409378800378960e+00,0.000000000000000000e+00,1.069017715320041306e+00,-1.409238142522423708e-02,0.000000000000000000e+00
3.748997889430432995e+00,5.800503835329007707e+00,0.000000000000000000e+00,1.112879500530453036e+00,1.493670311140992690e-01,0.000000000000000000e+00
3.622995778860865546e+00,5.817514021604116792e+00,0.000000000000000000e+00,8.957891937543029925e-01,1.396641954263974118e-02,0.000000000000000000e+00
3.874999999999999556e+00,5.783493649053896846e+00,0.000000000000000000e+00,1.273327293300614338e+00,2.283882429933327685e-01,0.000000000000000000e+00
1.000000000003051337e+00,4.000000000000000000e+00,0.000000000000000000e+00,0.000000000000000000e+00,0.000000000000000000e+00,0.000000000000000000e+00
8.929219586599226322e-01,3.870315026798794467e+00,0.000000000000000000e+00,1.906518105140488917e-01,5.057718533711128700e-02,0.000000000000000000e+00
8.000000000033288261e-01,4.000000000000000888e+00,0.000000000000000000e+00,0.000000000000000000e+00,0.000000000000000000e+00,0.000000000000000000e+00
1.382037349600204967e+00,1.470194097216339646e+00,0.000000000000000000e+00,6.535635640656147771e-01,7.432569667754195253e-01,0.000000000000000000e+00
1.485034343282659375e+00,1.341398441910901074e+00,0.000000000000000000e+00,5.767426401290618454e-01,8.669566166308063648e-01,0.000000000000000000e+00
1.646217892701134611e+00,1.057582432247746063e+00,0.000000000000000000e+00,4.007456051994791046e-01,9.131197060979896474e-01,0.000000000000000000e+00
1.566067251819081241e+00,1.201147165100322489e+00,0.000000000000000000e+00,5.197212266858649565e-01,9.494334156230371802e-01,0.000000000000000000e+00
1.399271484350543604e+00,1.203209457081680700e+00,0.000000000000000000e+00,5.078479046452506473e-01,7.953496016666354862e-01,0.000000000000000000e+00
1.318238575814121960e+00,1.343460733892259062e+00,0.000000000000000000e+00,5.274667737378687660e-01,7.297014958679103325e-01,0.000000000000000000e+00
1.480304392886965248e+00,1.062958180271102115e+00,0.000000000000000000e+00,4.944686685179419117e-01,8.409646887461984521e-01,0.000000000000000000e+00
1.304420804629395914e+00,1.571554809453618029e+00,0.000000000000000000e+00,6.919820038525235084e-01,6.272043610798232471e-01,0.000000000000000000e+00
1.164905667171926007e+00,1.696809634458241511e+00,0.000000000000000000e+00,5.626748556591316675e-01,3.865991399608534884e-01,0.000000000000000000e+00
1.240622030843312906e+00,1.444821446129537446e+00,0.000000000000000000e+00,5.495943618982576107e-01,6.306810522380094097e-01,0.000000000000000000e+00
1.163005485872503852e+00,1.546182158366815829e+00,0.000000000000000000e+00,5.575992559295142037e-01,5.131625034838041000e-01,0.000000000000000000e+00
1.786344505294487295e+00,7.634970310238691216e-01,0.000000000000000000e+00,4.144661455473651335e-02,6.610031453317931627e-01,0.000000000000000000e+00
1.705049540865529512e+00,9.013622465112447468e-01,0.000000000000000000e+00,2.728285521275949366e-01,8.394739263822512676e-01,0.000000000000000000e+00
1.539136041051360149e+00,9.067379945346007997e-01,0.000000000000000000e+00,3.637599655733940729e-01,7.765789295518822355e-01,0.000000000000000000e+00
1.597967689215755049e+00,7.505178087980995949e-01,0.000000000000000000e+00,2.049315179858506586e-01,7.009320797103250067e-01,0.000000000000000000e+00
9.953046016660490602e-01,1.885538480682205531e+00,0.000000000000000000e+00,4.102219360308112517e-01,2.036827673295950880e-01,0.000000000000000000e+00
9.008212280247005488e-01,2.053493379128259022e+00,0.000000000000000000e+00,1.886115193741209062e-01,2.812053408880830357e-02,0.000000000000000000e+00
8.349073539669493726e-01,1.774042727201019520e+00,0.000000000000000000e+00,2.813782105514436305e-01,1.456717748671000623e-01,0.000000000000000000e+00
1.006408600772248363e+00,1.735941357068481183e+00,0.000000000000000000e+00,3.920155678737538563e-01,3.062236575214265510e-01,0.000000000000000000e+00
1.004508419472826430e+00,1.585313880977055501e+00,0.000000000000000000e+00,4.222376629758882727e-01,4.102133111676731225e-01,0.000000000000000000e+00
8.238033548607500700e-01,1.923639850814743868e+00,0.000000000000000000e+00,2.380164259992536557e-01,4.033621847492248336e-02,0.000000000000000000e+00
8.460113530731486753e-01,1.624445603587294951e+00,0.000000000000000000e+00,3.031226022163120426e-01,2.086105826772143013e-01,0.000000000000000000e+00
1.976582507170334679e+00,5.375481653209372990e-01,0.000000000000000000e+00,-2.553989153180479810e-01,3.484376339450762639e-01,0.000000000000000000e+00
1.898907827478848453e+00,6.469605802244680071e-01,0.000000000000000000e+00,-1.600808262335128851e-01,4.352228509033596038e-01,0.000000000000000000e+00
1.710531011400116430e+00,6.339813579986984804e-01,0.000000000000000000e+00,5.808657096366608152e-02,5.555532214732175067e-01,0.000000000000000000e+00
1.823094333584477811e+00,5.174449071992973659e-01,0.000000000000000000e+00,-1.370410417746847909e-01,3.160391783383741937e-01,0.000000000000000000e+00
1.931869026101558084e+00,4.001396799433535878e-01,0.000000000000000000e+00,-2.305809438715238913e-01,2.236426893484156908e-01,0.000000000000000000e+00
7.787664298274361574e-01,2.172373966378280841e+00,0.000000000000000000e+00,1.055047901323613244e-02,-3.279166054424867416e-02,0.000000000000000000e+00
6.787357681218408878e-01,2.330700512657393197e+00,0.000000000000000000e+00,3.148125937425357707e-02,-1.839083867762301636e-02,0.000000000000000000e+00
7.017485566634857896e-01,2.042520438064765465e+00,0.000000000000000000e+00,1.219347976915030746e-01,-3.986868166719573225e-02,0.000000000000000000e+00
5.796937584662212872e-01,2.161401025314786839e+00,0.000000000000000000e+00,1.029548480955407887e-02,-3.992525044888680513e-02,0.000000000000000000e+00
5.833333333331112147e-01,2.500000000000000000e+00,0.000000000000000000e+00,0.000000000000000000e+00,0.000000000000000000e+00,0.000000000000000000e+00
4.842913236774916141e-01,2.330700512657393642e+00,0.000000000000000000e+00,2.218322887940611665e-02,-2.531196876346814353e-02,0.000000000000000000e+00
3.888888888887617745e-01,2.500000000000000444e+00,0.000000000000000000e+00,0.000000000000000000e+00,0.000000000000000000e+00,0.000000000000000000e+00
2.083333333334893567e+00,0.000000000000000000e+00,0.000000000000000000e+00,0.000000000000000000e+00,0.000000000000000000e+00,0.000000000000000000e+00
1.964766303754283738e+00,1.414172263437049326e-01,0.000000000000000000e+00,-1.848431770366567861e-01,3.909864975234571965e-02,0.000000000000000000e+00
1.888888888889928896e+00,5.449522544976205746e-18,0.000000000000000000e+00,0.000000000000000000e+00,0.000000000000000000e+00,0.000000000000000000e+00
1.753272147201735631e+00,3.852067988943694843e-01,0.000000000000000000e+00,-1.157038772674065102e-01,2.155434516697443958e-01,0.000000000000000000e+00
1.862046839718815683e+00,2.679015716384257062e-01,0.000000000000000000e+00,-1.751068675252574758e-01,1.294685551454008432e-01,0.000000000000000000e+00
1.786169424854461063e+00,1.264843452947208013e-01,0.000000000000000000e+00,-1.051042166135287281e-01,2.972003559507667078e-02,0.000000000000000000e+00
1.683449960818992786e+00,2.529686905894416027e-01,0.000000000000000000e+00,-4.609741331799273312e-02,9.925779120625674579e-02,0.000000000000000000e+00
7.027688374077375455e-01,3.839760567520247747e+00,0.000000000000000000e+00,1.162089438467952401e-01,2.608761838611562203e-02,0.000000000000000000e+00
4.455798378081336497e-01,3.591062507864901221e+00,0.000000000000000000e+00,-9.571866885924745078e-03,5.560320383005548650e-02,0.000000000000000000e+00
4.169510463695537128e-01,3.400041097294137504e+00,0.000000000000000000e+00,-9.165016197575386395e-03,5.836712374987197693e-02,0.000000000000000000e+00
2.856220008041208125e-01,3.502603880689305615e+00,0.000000000000000000e+00,-6.457666411016547113e-03,3.968462052131431494e-02,0.000000000000000000e+00
3.167235426071339233e-01,3.113341552792161071e+00,0.000000000000000000e+00,-3.781827300537484587e-02,9.113031522767611053e-03,0.000000000000000000e+00
3.964191441302745145e-01,3.262080709741645101e+00,0.000000000000000000e+00,-3.495019047294453673e-02,3.130846678619685769e-02,0.000000000000000000e+00
2.650900985648416697e-01,3.364643493136814101e+00,0.000000000000000000e+00,2.359957342935504901e-04,4.187359378987776798e-02,0.000000000000000000e+00
2.445581963255624713e-01,3.226683105584321698e+00,0.000000000000000000e+00,-1.692433999587341503e-02,3.554815537216781535e-02,0.000000000000000000e+00
6.000000000024966473e-01,4.000000000000000000e+00,0.000000000000000000e+00,0.000000000000000000e+00,0.000000000000000000e+00,0.000000000000000000e+00
2.690025380948045663e-01,3.636538761780395479e+00,0.000000000000000000e+00,-7.190152048169759849e-03,4.684619087632582723e-02,0.000000000000000000e+00
4.289603750988173481e-01,3.724997388955990196e+00,0.000000000000000000e+00,1.650608011808780279e-02,4.104766611797829035e-02,0.000000000000000000e+00
5.027688374069054777e-01,3.839760567520247747e+00,0.000000000000000000e+00,7.323217319903180256e-02,1.622942430405931516e-02,0.000000000000000000e+00
3.261915376935763389e-01,3.885236821435742449e+00,0.000000000000000000e+00,4.317661214803517056e-02,1.427420780035694101e-02,0.000000000000000000e+00
4.000000000016644131e-01,4.000000000000000888e+00,0.000000000000000000e+00,0.000000000000000000e+00,0.000000000000000000e+00,0.000000000000000000e+00
2.523830753854883202e-01,3.770473642871484454e+00,0.000000000000000000e+00,7.547519574259263335e-03,4.474180647462781130e-02,0.000000000000000000e+00
1.944444444443527431e-01,3.000000000000000444e+00,0.000000000000000000e+00,0.000000000000000000e+00,0.000000000000000000e+00,0.000000000000000000e+00
5.268341316585425769e-18,3.000000000000000000e+00,0.000000000000000000e+00,0.000000000000000000e+00,0.000000000000000000e+00,0.000000000000000000e+00
1.222790981627812495e-01,3.113341552792161071e+00,0.000000000000000000e+00,-5.246001737920199907e-03,7.845251166352755490e-03,0.000000000000000000e+00
2.138888888889346696e+00,6.000000000000000888e+00,0.000000000000000000e+00,0.000000000000000000e+00,0.000000000000000000e+00,0.000000000000000000e+00
2.020310251572175808e+00,5.824159409376604479e+00,0.000000000000000000e+00,-9.778607931168407930e-02,1.019799113351917003e-01,0.000000000000000000e+00
1.733916444352149089e+00,5.538113449351113715e+00,0.000000000000000000e+00,-9.311814642912309703e-02,8.875575773168421778e-02,0.000000000000000000e+00
1.900992284620897088e+00,5.673268840838992411e+00,0.000000000000000000e+00,-1.442624574343041588e-01,1.422146448100538862e-01,0.000000000000000000e+00
1.825126477493511423e+00,5.849109431462388820e+00,0.000000000000000000e+00,-1.663995179868194563e-01,1.892191447200083920e-02,0.000000000000000000e+00
1.944444444444790143e+00,6.000000000000000888e+00,0.000000000000000000e+00,0.000000000000000000e+00,0.000000000000000000e+00,0.000000000000000000e+00
1.705808510542232703e+00,5.698218862924776751e+00,0.000000000000000000e+00,-2.358179992168832340e-01,3.267438666320349877e-02,0.000000000000000000e+00
1.339803801340791356e+00,4.909565872499191741e+00,0.000000000000000000e+00,3.362088135319646898e-01,1.830134325199522238e-01,0.000000000000000000e+00
1.420774681698286468e+00,5.050113464769445670e+00,0.000000000000000000e+00,2.467694137933433562e-01,2.383593081493555199e-01,0.000000000000000000e+00
1.502112423854222056e+00,5.213535371881116376e+00,0.000000000000000000e+00,9.832882239925998247e-02,2.528643995372138464e-01,0.000000000000000000e+00
1.581721423583272834e+00,5.370645090049542603e+00,0.000000000000000000e+00,-6.375996824266552676e-03,2.022238619074757937e-01,0.000000000000000000e+00
1.320080726848544606e+00,5.199860237209964708e+00,0.000000000000000000e+00,1.211053680095554308e-01,2.728042491771456857e-01,0.000000000000000000e+00
1.238742984692609239e+00,5.036438330098294891e+00,0.000000000000000000e+00,3.187169294717013268e-01,2.324120113872615301e-01,0.000000000000000000e+00
1.401418469004480194e+00,5.363282144321634526e+00,0.000000000000000000e+00,-9.608205659503668561e-02,2.427167699360306130e-01,0.000000000000000000e+00
1.206367268725520248e+00,4.815864461735978708e+00,0.000000000000000000e+00,4.735400195509904542e-01,7.624998793707007949e-02,0.000000000000000000e+00
1.085934959729980331e+00,4.674517754285933968e+00,0.000000000000000000e+00,3.884159517890737878e-01,-2.899984064057667052e-02,0.000000000000000000e+00
1.105306452077337909e+00,4.942736919335080970e+00,0.000000000000000000e+00,4.756728593099058822e-01,7.426398663683184131e-02,0.000000000000000000e+00
9.718699194620664672e-01,4.849035508571867048e+00,0.000000000000000000e+00,5.765339609744933869e-01,-1.066676666364840126e-01,0.000000000000000000e+00
1.553613489773356449e+00,5.530750503623205638e+00,0.000000000000000000e+00,-1.652529526351300682e-01,1.267244405910178673e-01,0.000000000000000000e+00
9.999999999979221066e-01,4.500000000000000000e+00,0.000000000000000000e+00,0.000000000000000000e+00,0.000000000000000000e+00,0.000000000000000000e+00
8.859349597300082424e-01,4.674517754285933968e+00,0.000000000000000000e+00,3.524887293336533833e-01,-4.119707450350766631e-02,0.000000000000000000e+00
7.999999999979499066e-01,4.500000000000000000e+00,0.000000000000000000e+00,0.000000000000000000e+00,0.000000000000000000e+00,0.000000000000000000e+00
3.247521295631074167e+00,5.885646274334598083e+00,0.000000000000000000e+00,4.781339793219668843e-01,1.217390489899721623e-02,0.000000000000000000e+00
3.305555555555650837e+00,6.000000000000000888e+00,0.000000000000000000e+00,0.000000000000000000e+00,0.000000000000000000e+00,0.000000000000000000e+00
3.441965740075423774e+00,5.885646274334598083e+00,0.000000000000000000e+00,5.396284251885756778e-01,1.879968399412678542e-02,0.000000000000000000e+00
3.561497889430432995e+00,5.908757010802059284e+00,0.000000000000000000e+00,5.726236342166918236e-01,3.303525795936756299e-02,0.000000000000000000e+00
3.500000000000000000e+00,6.000000000000000000e+00,0.000000000000000000e+00,0.000000000000000000e+00,0.000000000000000000e+00,0.000000000000000000e+00
4.067297464387722883e+00,5.623367182888198812e+00,0.000000000000000000e+00,8.661232176454923826e-01,-2.441548228081417693e-01,0.000000000000000000e+00
4.020833333333333037e+00,5.765451453141718474e+00,0.000000000000000000e+00,1.159519285870811878e+00,-1.155034475489855328e-01,0.000000000000000000e+00
4.233008935016069785e+00,5.601171525236389392e+00,0.000000000000000000e+00,7.769422950002368156e-01,-5.754030389223320496e-02,0.000000000000000000e+00
4.166666666666666075e+00,5.747409257229539215e+00,0.000000000000000000e+00,1.008281580607414130e+00,-9.103496970306031166e-02,0.000000000000000000e+00
4.861394845944255749e+00,4.822428830999903049e+00,0.000000000000000000e+00,-7.750349699148767479e-02,-5.095991752583955980e-01,0.000000000000000000e+00
4.840157403622351140e+00,4.966988064669458858e+00,0.000000000000000000e+00,-2.204738173517368505e-01,-9.111850790194344629e-01,0.000000000000000000e+00
5.000000000000000888e+00,4.875000000011104895e+00,0.000000000000000000e+00,0.000000000000000000e+00,0.000000000000000000e+00,0.000000000000000000e+00
4.550639156752551706e+00,5.297457192124711334e+00,0.000000000000000000e+00,3.478682329229377396e-02,-7.930468672144164177e-01,0.000000000000000000e+00
4.683250611239858863e+00,5.238758601128869152e+00,0.000000000000000000e+00,1.206286757389508739e-02,-1.088927239857085061e+00,0.000000000000000000e+00
4.686186415235017222e+00,5.418541072929925484e+00,0.000000000000000000e+00,7.682746279028658531e-02,-9.905444852665431510e-01,0.000000000000000000e+00
5.000000000000000000e+00,4.687500000005552891e+00,0.000000000000000000e+00,0.000000000000000000e+00,0.000000000000000000e+00,0.000000000000000000e+00
4.492768809300244470e+00,5.436737433086582527e+00,0.000000000000000000e+00,2.840855373761342340e-01,-6.342035709289308709e-01,0.000000000000000000e+00
5.000000000000000000e+00,5.062500000016568968e+00,0.000000000000000000e+00,0.000000000000000000e+00,0.000000000000000000e+00,0.000000000000000000e+00
4.840157403622351140e+00,5.154488064674923820e+00,0.000000000000000000e+00,-4.046092363315065277e-02,-8.448595874119254612e-01,0.000000000000000000e+00
4.843093207617508611e+00,5.334270536475978375e+00,0.000000000000000000e+00,4.086274013053579901e-03,-7.078116709332981094e-01,0.000000000000000000e+00
5.000000000000000888e+00,5.250000000022033930e+00,0.000000000000000000e+00,0.000000000000000000e+00,0.000000000000000000e+00,0.000000000000000000e+00
4.587900140109612224e+00,5.567070776800804310e+00,0.000000000000000000e+00,5.278782430675393877e-01,-7.349806357249004662e-01,0.000000000000000000e+00
4.394482534174839472e+00,5.585267136957462242e+00,0.000000000000000000e+00,7.142084267051548307e-01,-1.957872493738630204e-01,0.000000000000000000e+00
4.328140265825435762e+00,5.731504868950612064e+00,0.000000000000000000e+00,9.571357623672325232e-01,-8.159407568914255060e-02,0.000000000000000000e+00
4.489613864984205449e+00,5.715600480671683137e+00,0.000000000000000000e+00,8.337929192776210030e-01,-3.042472243505939256e-01,0.000000000000000000e+00
3.812500000000000000e+00,5.891746824526949311e+00,0.000000000000000000e+00,8.873123126929310933e-01,1.046800273827023092e-01,0.000000000000000000e+00
3.686497889430432995e+00,5.908757010802059284e+00,0.000000000000000000e+00,6.410080037987513357e-01,-5.342429921517184710e-02,0.000000000000000000e+00
3.750000000000000000e+00,6.000000000000000000e+00,0.000000000000000000e+00,2.495809522203153163e-01,-9.946064450931323131e-02,0.000000000000000000e+00
3.625000000000000444e+00,6.000000000000000888e+00,0.000000000000000000e+00,1.601111653931457934e-01,-8.928679980162793073e-02,0.000000000000000000e+00
3.875000000000000444e+00,6.000000000000000888e+00,0.000000000000000000e+00,1.327207216641421994e-01,2.500045817669160897e-01,0.000000000000000000e+00
3.937500000000000000e+00,5.891746824526949311e+00,0.000000000000000000e+00,8.328235723724721762e-01,1.251699050937042923e-01,0.000000000000000000e+00
4.083333333333333037e+00,5.873704628614769163e+00,0.000000000000000000e+00,7.377744170442629423e-01,-3.261005023360266653e-02,0.000000000000000000e+00
4.000000000000000000e+00,6.000000000000000000e+00,0.000000000000000000e+00,0.000000000000000000e+00,0.000000000000000000e+00,0.000000000000000000e+00
1.317828053105202013e+00,1.069586487621061011e+00,0.000000000000000000e+00,5.518578207818399806e-01,7.073889691576775718e-01,0.000000000000000000e+00
1.236795144568780591e+00,1.209837764431639595e+00,0.000000000000000000e+00,5.069233889916540114e-01,6.929192882274801679e-01,0.000000000000000000e+00
1.155351713323439222e+00,1.076214794971020128e+00,0.000000000000000000e+00,6.505309176360243306e-01,5.039156983390534750e-01,0.000000000000000000e+00
1.081492906046611857e+00,1.444855938938732542e+00,0.000000000000000000e+00,4.423533624497333339e-01,5.423724337516284688e-01,0.000000000000000000e+00
1.159109451017420689e+00,1.343495226701453937e+00,0.000000000000000000e+00,4.581254173331255619e-01,6.275566376908550126e-01,0.000000000000000000e+00
1.077666019772079320e+00,1.209872257240834692e+00,0.000000000000000000e+00,5.578533536835000861e-01,4.825180798411731198e-01,0.000000000000000000e+00
9.999803262207193066e-01,1.343529719510649034e+00,0.000000000000000000e+00,4.609542508072510536e-01,4.442174650270424019e-01,0.000000000000000000e+00
1.438567847392269616e+00,7.836326019481709704e-01,0.000000000000000000e+00,3.329086010189216127e-01,6.227269506014494471e-01,0.000000000000000000e+00
1.379736199227874494e+00,9.398527876846720641e-01,0.000000000000000000e+00,4.750560979929439043e-01,6.949067429492369330e-01,0.000000000000000000e+00
1.217259859446111481e+00,9.464810950346309593e-01,0.000000000000000000e+00,5.642951928110474524e-01,5.003654281922158553e-01,0.000000000000000000e+00
1.279168005568783739e+00,8.167473950982420128e-01,0.000000000000000000e+00,4.670782177792278667e-01,4.972025238333582786e-01,0.000000000000000000e+00
9.229958396469339910e-01,1.483987661548971992e+00,0.000000000000000000e+00,3.878277179034085864e-01,3.486559063255326163e-01,0.000000000000000000e+00
1.664611409900660366e+00,4.879542022309660831e-01,0.000000000000000000e+00,1.365182169235163410e-02,4.302630964222973198e-01,0.000000000000000000e+00
1.552048087716299207e+00,6.044906530303673087e-01,0.000000000000000000e+00,1.738158752643727822e-01,5.968490851539774988e-01,0.000000000000000000e+00
1.474433534044080396e+00,6.781240937330647034e-01,0.000000000000000000e+00,2.313201775696760165e-01,5.701952173738649154e-01,0.000000000000000000e+00
1.315033692220594963e+00,7.112388868831359678e-01,0.000000000000000000e+00,3.605313933703898077e-01,4.596370718251218679e-01,0.000000000000000000e+00
1.428513932544624332e+00,5.320969379653323061e-01,0.000000000000000000e+00,1.841096427081286013e-01,4.654368686079943251e-01,0.000000000000000000e+00
1.350899378872405743e+00,6.057303786680297009e-01,0.000000000000000000e+00,2.339906829584230408e-01,4.241130464975646497e-01,0.000000000000000000e+00
1.506128486216842921e+00,4.584634972626348004e-01,0.000000000000000000e+00,1.245719693676645839e-01,4.931120303969159235e-01,0.000000000000000000e+00
6.897297132091833038e-01,1.866331479744617994e+00,0.000000000000000000e+00,1.611345567043974969e-01,1.637016508241341539e-02,0.000000000000000000e+00
7.008337123153824955e-01,1.716734356130893646e+00,0.000000000000000000e+00,2.356806150237744923e-01,6.745091578623522988e-02,0.000000000000000000e+00
5.556560715576163156e-01,1.809023108674492120e+00,0.000000000000000000e+00,1.327485306361695649e-01,-2.521567422403027392e-02,0.000000000000000000e+00
5.676749150119188014e-01,1.985212066994639368e+00,0.000000000000000000e+00,9.290079233513820478e-02,-2.246945800201189877e-02,0.000000000000000000e+00
7.021606148124438507e-01,1.586314698778708898e+00,0.000000000000000000e+00,3.186144845123297653e-01,5.786971532544955832e-02,0.000000000000000000e+00
5.569829740546776708e-01,1.678603451322307372e+00,0.000000000000000000e+00,2.396917937188122461e-01,-1.569688132701727024e-02,0.000000000000000000e+00
7.704856773962821537e-01,1.480194901530249130e+00,0.000000000000000000e+00,3.845882668893734757e-01,9.306858544831234092e-02,0.000000000000000000e+00
8.474701639700673583e-01,1.339736959491926171e+00,0.000000000000000000e+00,4.958708319510916063e-01,1.972074380707087293e-01,0.000000000000000000e+00
6.266349391355772180e-01,1.442063996721663077e+00,0.000000000000000000e+00,4.234285036155447379e-01,-2.243137993049657778e-03,0.000000000000000000e+00
5.583098765517390261e-01,1.548183793970122846e+00,0.000000000000000000e+00,3.200830567732033671e-01,-7.518779789129688418e-03,0.000000000000000000e+00
6.949600017194154100e-01,1.335944199473203087e+00,0.000000000000000000e+00,4.918656960100931674e-01,-2.193758201169799041e-02,0.000000000000000000e+00
1.594789223517917964e+00,3.557160939260382015e-01,0.000000000000000000e+00,7.076630141961115505e-02,3.488625396685329783e-01,0.000000000000000000e+00
4.145404754420697335e-01,2.210908661096293137e+00,0.000000000000000000e+00,1.014847820660767959e-02,-4.105099014933692031e-02,0.000000000000000000e+00
3.191380406533400049e-01,2.380208148438899940e+00,0.000000000000000000e+00,1.685081878696127050e-02,-1.699380630760012265e-02,0.000000000000000000e+00
4.170046931461120487e-01,1.891518450541020080e+00,0.000000000000000000e+00,9.699659527273775395e-02,-6.350815148002947330e-02,0.000000000000000000e+00
4.290235366004145900e-01,2.067707408861167551e+00,0.000000000000000000e+00,2.303401129916759354e-02,-6.583897375036264210e-02,0.000000000000000000e+00
2.638702535762629808e-01,2.117215044642673849e+00,0.000000000000000000e+00,1.663579382630379563e-02,-4.908278807564340346e-02,0.000000000000000000e+00
2.493871924179181798e-01,2.260416296877799436e+00,0.000000000000000000e+00,7.674400094835427330e-03,-2.762002999864232242e-02,0.000000000000000000e+00
2.783533147346077818e-01,1.974013792407547818e+00,0.000000000000000000e+00,4.016630934013585424e-02,-6.958641806844288735e-02,0.000000000000000000e+00
1.944444444443808873e-01,2.500000000000000000e+00,0.000000000000000000e+00,-5.208162817396861932e-01,-2.553390906804886562e-01,0.000000000000000000e+00
-5.372368905982264367e-18,2.500000000000000444e+00,0.000000000000000000e+00,0.000000000000000000e+00,0.000000000000000000e+00,0.000000000000000000e+00
1.246935962089591038e-01,2.380208148438899940e+00,0.000000000000000000e+00,1.006570418860362574e-02,-1.810303944853097410e-02,0.000000000000000000e+00
1.694444444444964670e+00,0.000000000000000000e+00,0.000000000000000000e+00,0.000000000000000000e+00,0.000000000000000000e+00,0.000000000000000000e+00
1.591724980409496393e+00,1.264843452947208013e-01,0.000000000000000000e+00,-5.241241882437786687e-02,3.939559182165207341e-02,0.000000000000000000e+00
1.500000000000000000e+00,4.969440751409550048e-18,0.000000000000000000e+00,0.000000000000000000e+00,0.000000000000000000e+00,0.000000000000000000e+00
1.444823007548016180e+00,3.445733138299777454e-01,0.000000000000000000e+00,1.690223838828314451e-01,4.656618309082166673e-01,0.000000000000000000e+00
1.533483744849091002e+00,2.418259104933810910e-01,0.000000000000000000e+00,1.257684389749188503e-01,3.084228024208523489e-01,0.000000000000000000e+00
1.441758764439594387e+00,1.153415651986603035e-01,0.000000000000000000e+00,1.484631878352134782e-01,3.146370622975828701e-01,0.000000000000000000e+00
1.383517528879188996e+00,2.306831303973206071e-01,0.000000000000000000e+00,1.983925546999534550e-01,4.695171229182490413e-01,0.000000000000000000e+00
0.000000000000000000e+00,3.500000000000000444e+00,0.000000000000000000e+00,0.000000000000000000e+00,0.000000000000000000e+00,0.000000000000000000e+00
1.222790981627812357e-01,3.280008219458827590e+00,0.000000000000000000e+00,-4.128049174577265792e-03,1.753961753913077862e-02,0.000000000000000000e+00
1.428110004020604062e-01,3.417968607011319548e+00,0.000000000000000000e+00,-2.887915861289615596e-03,1.926177195145165749e-02,0.000000000000000000e+00
1.261915376927441601e-01,3.718570154769075931e+00,0.000000000000000000e+00,7.057780064753079244e-04,1.971550457688214103e-02,0.000000000000000000e+00
1.428110004020604062e-01,3.584635273677986511e+00,0.000000000000000000e+00,-9.735339027293226678e-04,2.102939163292188302e-02,0.000000000000000000e+00
6.152949319919647149e-18,3.333333333333333037e+00,0.000000000000000000e+00,0.000000000000000000e+00,0.000000000000000000e+00,0.000000000000000000e+00
5.436907057861226757e-18,3.666666666666666963e+00,0.000000000000000000e+00,0.000000000000000000e+00,0.000000000000000000e+00,0.000000000000000000e+00
0.000000000000000000e+00,3.166666666666666963e+00,0.000000000000000000e+00,0.000000000000000000e+00,0.000000000000000000e+00,0.000000000000000000e+00
2.000000000008322065e-01,4.000000000000000000e+00,0.000000000000000000e+00,0.000000000000000000e+00,0.000000000000000000e+00,0.000000000000000000e+00
5.436907057861226757e-18,4.000000000000000000e+00,0.000000000000000000e+00,0.000000000000000000e+00,0.000000000000000000e+00,0.000000000000000000e+00
1.261915376927441601e-01,3.885236821435742449e+00,0.000000000000000000e+00,3.487443457518668577e-03,1.163126742369081576e-02,0.000000000000000000e+00
0.000000000000000000e+00,3.833333333333333925e+00,0.000000000000000000e+00,0.000000000000000000e+00,0.000000000000000000e+00,0.000000000000000000e+00
1.749999999999824141e+00,6.000000000000000888e+00,0.000000000000000000e+00,0.000000000000000000e+00,0.000000000000000000e+00,0.000000000000000000e+00
1.630682033048545421e+00,5.849109431462388820e+00,0.000000000000000000e+00,-1.845734002622453351e-01,1.217378616078196481e-02,0.000000000000000000e+00
1.555555555554858138e+00,6.000000000000000888e+00,0.000000000000000000e+00,0.000000000000000000e+00,0.000000000000000000e+00,0.000000000000000000e+00
1.537490546615829512e+00,5.723686978355569721e+00,0.000000000000000000e+00,-2.787852038794253473e-01,5.818683728089583257e-02,0.000000000000000000e+00
1.385295525846953035e+00,5.556218619053996832e+00,0.000000000000000000e+00,-2.650414705563437501e-01,1.187779540645409609e-01,0.000000000000000000e+00
1.462364069122142007e+00,5.874577546893180013e+00,0.000000000000000000e+00,-1.972242399982505612e-01,1.046446109683801112e-02,0.000000000000000000e+00
1.369172582689425877e+00,5.749155093786360027e+00,0.000000000000000000e+00,-3.267056819851133498e-01,3.164183713931465608e-02,0.000000000000000000e+00
1.130457191281716955e+00,5.150097859850026438e+00,0.000000000000000000e+00,1.869143095132476950e-01,1.730048789155769207e-01,0.000000000000000000e+00
1.211794933437652322e+00,5.313519766961696256e+00,0.000000000000000000e+00,-7.683351943771681014e-02,2.029879964944405202e-01,0.000000000000000000e+00
1.022171397870824894e+00,5.263757389601757986e+00,0.000000000000000000e+00,-7.465730959612663052e-03,8.654922482592383726e-02,0.000000000000000000e+00
9.970206586664457360e-01,5.056396449086813405e+00,0.000000000000000000e+00,3.849406764082160537e-01,-1.270975266284071238e-02,0.000000000000000000e+00
1.170697402455618263e+00,5.706183718379621794e+00,0.000000000000000000e+00,-4.040104877766673708e-01,4.698385148811072554e-02,0.000000000000000000e+00
1.186820345613145422e+00,5.513247243647258600e+00,0.000000000000000000e+00,-3.506863112444295050e-01,1.347232918353840625e-01,0.000000000000000000e+00
9.971968100463177720e-01,5.463484866287320330e+00,0.000000000000000000e+00,-3.520057931082630209e-01,5.007162277800475403e-02,0.000000000000000000e+00
9.722222222218106502e-01,5.663212342972883562e+00,0.000000000000000000e+00,-4.730030878516631732e-01,-1.104445554237445948e-02,0.000000000000000000e+00
7.683291279871123924e-01,4.831880296204285052e+00,0.000000000000000000e+00,4.583831600212773250e-01,-1.368926336685802325e-01,0.000000000000000000e+00
6.823941682550540566e-01,4.657362541918351084e+00,0.000000000000000000e+00,2.514077870329988751e-01,-4.485746545490307269e-02,0.000000000000000000e+00
8.098241023861201260e-01,5.042842441848104151e+00,0.000000000000000000e+00,4.417170646507410647e-01,-2.610680044745326556e-01,0.000000000000000000e+00
6.062833109111660512e-01,5.025687229480521268e+00,0.000000000000000000e+00,3.169524049775396257e-01,-3.508939546036158874e-01,0.000000000000000000e+00
8.349748415904993948e-01,5.250203382363049620e+00,0.000000000000000000e+00,5.437515454148698912e-02,-2.022008752176725488e-01,0.000000000000000000e+00
5.647883365121582067e-01,4.814725083836703057e+00,0.000000000000000000e+00,3.008262679372075699e-01,-1.788059972552730748e-01,0.000000000000000000e+00
6.477782853101737848e-01,5.236649375124340366e+00,0.000000000000000000e+00,9.988644382112672748e-02,-4.737016348764442886e-01,0.000000000000000000e+00
5.999999999985329291e-01,4.500000000000000000e+00,0.000000000000000000e+00,0.000000000000000000e+00,0.000000000000000000e+00,0.000000000000000000e+00
4.823941682556370791e-01,4.657362541918351084e+00,0.000000000000000000e+00,1.565487218996467478e-01,-5.892802497070463025e-02,0.000000000000000000e+00
3.999999999991157851e-01,4.500000000000000000e+00,0.000000000000000000e+00,0.000000000000000000e+00,0.000000000000000000e+00,0.000000000000000000e+00
4.166666666666666963e+00,6.000000000000000888e+00,0.000000000000000000e+00,0.000000000000000000e+00,0.000000000000000000e+00,0.000000000000000000e+00
4.250000000000000000e+00,5.873704628614770051e+00,0.000000000000000000e+00,6.753307414559959199e-01,-2.315542938909616322e-02,0.000000000000000000e+00
4.411473599158769687e+00,5.857800240335842012e+00,0.000000000000000000e+00,6.418439875190120603e-01,-6.401180434849103318e-02,0.000000000000000000e+00
4.333333333333333037e+00,6.000000000000000000e+00,0.000000000000000000e+00,0.000000000000000000e+00,0.000000000000000000e+00,0.000000000000000000e+00
5.000000000000000000e+00,5.437500000016568968e+00,0.000000000000000000e+00,0.000000000000000000e+00,0.000000000000000000e+00,0.000000000000000000e+00
4.843093207617508611e+00,5.521770536470514301e+00,0.000000000000000000e+00,3.459689049732408289e-02,-6.481988153942480624e-01,0.000000000000000000e+00
4.623903397249409686e+00,5.730654505307087199e+00,0.000000000000000000e+00,5.340158210289165375e-01,-3.970939689315098886e-01,0.000000000000000000e+00
4.722189672374814684e+00,5.582124801436207484e+00,0.000000000000000000e+00,2.939049738069712814e-01,-6.794479031605208386e-01,0.000000000000000000e+00
4.879096464757306961e+00,5.685354264976797189e+00,0.000000000000000000e+00,6.227572447914959258e-02,-3.259945123059054817e-01,0.000000000000000000e+00
5.000000000000000888e+00,5.625000000011104895e+00,0.000000000000000000e+00,0.000000000000000000e+00,0.000000000000000000e+00,0.000000000000000000e+00
4.758192929514612146e+00,5.745708529942489484e+00,0.000000000000000000e+00,2.462022038772420929e-01,-3.340420983174823277e-01,0.000000000000000000e+00
4.500000000000000000e+00,6.000000000000000888e+00,0.000000000000000000e+00,0.000000000000000000e+00,0.000000000000000000e+00,0.000000000000000000e+00
4.712429798090639999e+00,5.872854264971245186e+00,0.000000000000000000e+00,2.830588351456937990e-01,-9.963637599506197651e-02,0.000000000000000000e+00
4.578140265825436650e+00,5.857800240335842012e+00,0.000000000000000000e+00,5.234557833654143177e-01,-1.184750179305365941e-01,0.000000000000000000e+00
4.666666666666666963e+00,6.000000000000000000e+00,0.000000000000000000e+00,0.000000000000000000e+00,0.000000000000000000e+00,0.000000000000000000e+00
9.215710124447150653e-01,1.214172085973820092e+00,0.000000000000000000e+00,6.264324227043051030e-01,2.759080837922548435e-01,0.000000000000000000e+00
9.992567059960750786e-01,1.080514623704005528e+00,0.000000000000000000e+00,7.221983427699993907e-01,3.162895146090662912e-01,0.000000000000000000e+00
1.134981652368583172e+00,8.190493690143919592e-01,0.000000000000000000e+00,5.222456854971229134e-01,3.559535081094495901e-01,0.000000000000000000e+00
1.073073506245910691e+00,9.487830689507807946e-01,0.000000000000000000e+00,6.225840289862074606e-01,3.415917389293505191e-01,0.000000000000000000e+00
9.169784989185467694e-01,9.530828976837664168e-01,0.000000000000000000e+00,6.778030026014724152e-01,1.479293811984823126e-01,0.000000000000000000e+00
8.431616986687109350e-01,1.084814452436990928e+00,0.000000000000000000e+00,7.702624694487406609e-01,9.455044822864973331e-02,0.000000000000000000e+00
9.907952991683824928e-01,8.213513429305419056e-01,0.000000000000000000e+00,5.579398814827136732e-01,1.928381024199423144e-01,0.000000000000000000e+00
7.690608501940632280e-01,1.210379325955097229e+00,0.000000000000000000e+00,6.503552448087999149e-01,4.269212209661427809e-02,0.000000000000000000e+00
1.233790911926833989e+00,6.030838250192036565e-01,0.000000000000000000e+00,2.584622599625330253e-01,3.562649837061256375e-01,0.000000000000000000e+00
1.197925225275022987e+00,7.085923332343098124e-01,0.000000000000000000e+00,4.035748796006270456e-01,3.735559278393838500e-01,0.000000000000000000e+00
1.053738872074822197e+00,7.108943071504596478e-01,0.000000000000000000e+00,4.320289632899983467e-01,2.374887248522207228e-01,0.000000000000000000e+00
1.116682444981262234e+00,6.004372713703777231e-01,0.000000000000000000e+00,2.746881535392949880e-01,2.747088441366616340e-01,0.000000000000000000e+00
1.302724823625894590e+00,5.041081497394123145e-01,0.000000000000000000e+00,1.790471020641079825e-01,3.721177447463924204e-01,0.000000000000000000e+00
1.380339377298112957e+00,4.304747090367148088e-01,0.000000000000000000e+00,1.198131978787018020e-01,4.131900971794432720e-01,0.000000000000000000e+00
1.254550268379382993e+00,4.024859208107948172e-01,0.000000000000000000e+00,8.864269101400924777e-02,3.330684337059703348e-01,0.000000000000000000e+00
1.185616356680322614e+00,5.014615960905862702e-01,0.000000000000000000e+00,1.861223669644160306e-01,3.018612120992604231e-01,0.000000000000000000e+00
1.319033898629285995e+00,3.165845256040576983e-01,0.000000000000000000e+00,1.313098045095540400e-01,4.035377583019774117e-01,0.000000000000000000e+00
4.178212447645051064e-01,1.716773845761425221e+00,0.000000000000000000e+00,1.644116723049700302e-01,-6.130024669524573866e-02,0.000000000000000000e+00
2.791698663530008395e-01,1.799269187627952959e+00,0.000000000000000000e+00,8.321565077045418868e-02,-2.132375480906130438e-02,0.000000000000000000e+00
4.191481472615664616e-01,1.586354188409240695e+00,0.000000000000000000e+00,2.494605455753580447e-01,-2.336707354788593316e-02,0.000000000000000000e+00
2.799864179713938972e-01,1.624524582848358323e+00,0.000000000000000000e+00,1.392577956698597408e-01,5.639043149318333226e-02,0.000000000000000000e+00
4.866227074944300401e-01,1.447582634618695963e+00,0.000000000000000000e+00,4.391041447282879040e-01,-6.206944008898589160e-02,0.000000000000000000e+00
5.549477700782682321e-01,1.341462837370236194e+00,0.000000000000000000e+00,5.234902362315769775e-01,-6.588359829227628806e-02,0.000000000000000000e+00
4.149355384371211097e-01,1.346981475267269079e+00,0.000000000000000000e+00,5.350427485685338436e-01,-1.131349088391813418e-01,0.000000000000000000e+00
3.474609782042575312e-01,1.485753029057813812e+00,0.000000000000000000e+00,4.176744405906198110e-01,-1.164812829790142813e-02,0.000000000000000000e+00
6.953281897917431564e-01,1.085339241120987452e+00,0.000000000000000000e+00,7.997567030143558631e-01,-8.165986467045861785e-02,0.000000000000000000e+00
6.212273413170954495e-01,1.210904114639093532e+00,0.000000000000000000e+00,6.606944461486294884e-01,-1.024874083622077520e-01,0.000000000000000000e+00
4.812151096759482716e-01,1.216422752536126417e+00,0.000000000000000000e+00,6.702379766612508449e-01,-1.133455124480601123e-01,0.000000000000000000e+00
5.474946809147754889e-01,1.085864029804984199e+00,0.000000000000000000e+00,7.910676470433193330e-01,-1.314501635896968557e-01,0.000000000000000000e+00
1.246935962089591177e-01,2.213541481772233421e+00,0.000000000000000000e+00,1.009836924403022078e-02,-4.220378355395482117e-02,0.000000000000000000e+00
1.391766573673038909e-01,2.070340229537107390e+00,0.000000000000000000e+00,2.093706161626139248e-02,-6.292367044206932658e-02,0.000000000000000000e+00
-5.996365244175457388e-18,2.166666666666667407e+00,0.000000000000000000e+00,0.000000000000000000e+00,0.000000000000000000e+00,0.000000000000000000e+00
0.000000000000000000e+00,2.333333333333333925e+00,0.000000000000000000e+00,0.000000000000000000e+00,0.000000000000000000e+00,0.000000000000000000e+00
0.000000000000000000e+00,2.000000000000000000e+00,0.000000000000000000e+00,0.000000000000000000e+00,0.000000000000000000e+00,0.000000000000000000e+00
1.391766573673038909e-01,1.903673562870440428e+00,0.000000000000000000e+00,1.686512950541671496e-02,-6.900073236717414737e-02,0.000000000000000000e+00
1.399932089856969486e-01,1.728928958090845569e+00,0.000000000000000000e+00,3.912223435945351435e-02,-5.352956016783411153e-02,0.000000000000000000e+00
-6.031546012540120939e-18,1.833333333333333259e+00,0.000000000000000000e+00,0.000000000000000000e+00,0.000000000000000000e+00,0.000000000000000000e+00
1.375000000000000222e+00,0.000000000000000000e+00,0.000000000000000000e+00,5.600547831200428095e-02,5.273491356793128526e-01,0.000000000000000000e+00
1.316758764439594609e+00,1.153415651986603313e-01,0.000000000000000000e+00,1.151061707093436887e-01,6.414483030472656333e-01,0.000000000000000000e+00
1.250000000000000000e+00,4.800465950604801529e-18,0.000000000000000000e+00,3.233088329175428516e-02,7.798938613986330370e-01,0.000000000000000000e+00
1.182217538246122635e+00,3.126625917328423321e-01,0.000000000000000000e+00,-7.497426278430765166e-03,3.586767731664590175e-01,0.000000000000000000e+00
1.246701168496025414e+00,2.267611965261051576e-01,0.000000000000000000e+00,1.680032655471030631e-02,4.840092944946561282e-01,0.000000000000000000e+00
1.179942404056431027e+00,1.114196313274448541e-01,0.000000000000000000e+00,-7.852361063422490239e-02,6.138388526239200171e-01,0.000000000000000000e+00
1.109884808112862054e+00,2.228392626548897082e-01,0.000000000000000000e+00,-1.776440322818677586e-01,3.862514870545422641e-01,0.000000000000000000e+00
1.361111111110508975e+00,6.000000000000000888e+00,0.000000000000000000e+00,0.000000000000000000e+00,0.000000000000000000e+00,0.000000000000000000e+00
1.267919624677793067e+00,5.874577546893180013e+00,0.000000000000000000e+00,-2.227703748113944171e-01,1.071568759601172587e-02,0.000000000000000000e+00
1.166666666666160257e+00,6.000000000000000888e+00,0.000000000000000000e+00,0.000000000000000000e+00,0.000000000000000000e+00,0.000000000000000000e+00
1.069444444443985232e+00,5.831606171486441781e+00,0.000000000000000000e+00,-3.179509406957610196e-01,-1.208236879752373283e-03,0.000000000000000000e+00
8.100002537659922730e-01,5.449930859048611964e+00,0.000000000000000000e+00,-3.549017608657197287e-01,-2.344577153312806250e-01,0.000000000000000000e+00
9.722222222218104282e-01,6.000000000000000888e+00,0.000000000000000000e+00,0.000000000000000000e+00,0.000000000000000000e+00,0.000000000000000000e+00
8.749999999996356248e-01,5.831606171486441781e+00,0.000000000000000000e+00,-3.179864174551409461e-01,-1.178590126854868816e-02,0.000000000000000000e+00
6.061710249027358888e-01,5.457102298718389477e+00,0.000000000000000000e+00,-2.248579224235505991e-01,-3.064601442152757316e-01,0.000000000000000000e+00
7.683929933585542660e-01,5.670383782642661075e+00,0.000000000000000000e+00,-3.886922994175361357e-01,-1.155896140043203291e-01,0.000000000000000000e+00
6.711707711363792406e-01,5.838777611156219294e+00,0.000000000000000000e+00,-2.466996222130634075e-01,-4.448624315543191904e-02,0.000000000000000000e+00
7.777777777774607104e-01,6.000000000000000888e+00,0.000000000000000000e+00,0.000000000000000000e+00,0.000000000000000000e+00,0.000000000000000000e+00
5.645637644952979928e-01,5.677555222312439476e+00,0.000000000000000000e+00,-2.787592024798593027e-01,-1.413447555608291217e-01,0.000000000000000000e+00
4.768114894598394216e-01,5.149892074226317007e+00,0.000000000000000000e+00,1.526541342815113389e-01,-4.964670813806904559e-01,0.000000000000000000e+00
4.353165150608316325e-01,4.938929928582497908e+00,0.000000000000000000e+00,1.992254742060950157e-01,-3.332647657096811655e-01,0.000000000000000000e+00
3.058446936095050028e-01,5.063134773328292759e+00,0.000000000000000000e+00,1.188659795893165921e-01,-3.203241185171754601e-01,0.000000000000000000e+00
3.270633030116357753e-01,4.625285985715389181e+00,0.000000000000000000e+00,5.060862852014273716e-02,-2.872624164983320419e-02,0.000000000000000000e+00
4.094574712681570139e-01,4.782648527633740265e+00,0.000000000000000000e+00,1.301663065258598651e-01,-1.786085769901327724e-01,0.000000000000000000e+00
2.799856498168303842e-01,4.906853372379536005e+00,0.000000000000000000e+00,7.745293736089664538e-02,-1.879196175874146002e-01,0.000000000000000000e+00
2.541266060241558211e-01,4.750571971430777474e+00,0.000000000000000000e+00,3.927494391783048835e-03,-7.421355097837552262e-02,0.000000000000000000e+00
4.862689058646691986e-01,5.337074687553885255e+00,0.000000000000000000e+00,3.238990390323755880e-02,-4.629858329492217428e-01,0.000000000000000000e+00
3.153021100143347244e-01,5.250317386655861895e+00,0.000000000000000000e+00,8.461449776463929318e-02,-3.711124469569200834e-01,0.000000000000000000e+00
4.446616454572312471e-01,5.557527611147934365e+00,0.000000000000000000e+00,-1.768187982638517730e-01,-2.910835209439336380e-01,0.000000000000000000e+00
3.247595264191645015e-01,5.437499999983430143e+00,0.000000000000000000e+00,-7.140790958963291746e-03,-3.667632356664590199e-01,0.000000000000000000e+00
1.999999999995579480e-01,4.500000000000000000e+00,0.000000000000000000e+00,0.000000000000000000e+00,0.000000000000000000e+00,0.000000000000000000e+00
5.474466684315932070e-18,4.500000000000000000e+00,0.000000000000000000e+00,0.000000000000000000e+00,0.000000000000000000e+00,0.000000000000000000e+00
1.270633030120779106e-01,4.625285985715389181e+00,0.000000000000000000e+00,6.019916541503653488e-04,-1.869415997028394186e-02,0.000000000000000000e+00
5.000000000000000000e+00,5.812500000005552891e+00,0.000000000000000000e+00,0.000000000000000000e+00,0.000000000000000000e+00,0.000000000000000000e+00
5.000000000000000888e+00,6.000000000000000888e+00,0.000000000000000000e+00,0.000000000000000000e+00,0.000000000000000000e+00,0.000000000000000000e+00
4.879096464757306961e+00,5.872854264971245186e+00,0.000000000000000000e+00,6.957833948160116466e-02,-1.075121672765544101e-01,0.000000000000000000e+00
4.833333333333333925e+00,6.000000000000000888e+00,0.000000000000000000e+00,0.000000000000000000e+00,0.000000000000000000e+00,0.000000000000000000e+00
7.681355989147466978e-01,9.581460523904808957e-01,0.000000000000000000e+00,7.266961335057124938e-01,-6.739669890678162689e-02,0.000000000000000000e+00
8.419523991645824212e-01,8.264144976372564955e-01,0.000000000000000000e+00,6.046145383135419493e-01,-1.310813862673992393e-02,0.000000000000000000e+00
6.931094991607823497e-01,8.314776523439708633e-01,0.000000000000000000e+00,5.931263642468648234e-01,-9.081826890501573657e-02,0.000000000000000000e+00
6.203020900377789193e-01,9.586708410744775311e-01,0.000000000000000000e+00,7.051996652630196927e-01,-1.150883461814442288e-01,0.000000000000000000e+00
9.729331975258549425e-01,5.936932272348560691e-01,0.000000000000000000e+00,2.483026023445356611e-01,1.316675961689336705e-01,0.000000000000000000e+00
9.099896246194150162e-01,7.041502630149381048e-01,0.000000000000000000e+00,4.287085153814771399e-01,3.537022068937932529e-02,0.000000000000000000e+00
7.611467246156150557e-01,7.092134177216526947e-01,0.000000000000000000e+00,4.331515782613387100e-01,-7.003433870111847037e-02,0.000000000000000000e+00
8.291839500704477617e-01,5.869491830993344150e-01,0.000000000000000000e+00,1.653568952274359904e-01,-3.701952929910109352e-02,0.000000000000000000e+00
1.113401827810563738e+00,4.063463675733333114e-01,0.000000000000000000e+00,3.574459696795093122e-02,2.817431319074247820e-01,0.000000000000000000e+00
1.044467916111503136e+00,5.053220428531246533e-01,0.000000000000000000e+00,1.702345389653004415e-01,2.197987449072687505e-01,0.000000000000000000e+00
9.007186686560960664e-01,4.985779987176031103e-01,0.000000000000000000e+00,9.763699256224830925e-02,8.997263160613462596e-02,0.000000000000000000e+00
9.722533872417442602e-01,4.102068143358718055e-01,0.000000000000000000e+00,-1.964742401343903822e-02,1.887509956813754330e-01,0.000000000000000000e+00
1.041069097677303157e+00,3.165230384953807707e-01,0.000000000000000000e+00,-1.017145256158221850e-01,2.811269630620102378e-01,0.000000000000000000e+00
0.000000000000000000e+00,1.666666666666666741e+00,0.000000000000000000e+00,0.000000000000000000e+00,0.000000000000000000e+00,0.000000000000000000e+00
1.399932089856969486e-01,1.562262291424179272e+00,0.000000000000000000e+00,6.099007336909508664e-02,-7.842363404741981014e-03,0.000000000000000000e+00
3.016968849052554802e-01,1.359877166459418696e+00,0.000000000000000000e+00,5.906111925741430735e-01,-2.163920100549028211e-02,0.000000000000000000e+00
2.342223246723918462e-01,1.498648720249962984e+00,0.000000000000000000e+00,4.080006990765542851e-01,1.646795078683467861e-01,0.000000000000000000e+00
9.422911568669489757e-02,1.436386428825783934e+00,0.000000000000000000e+00,4.218503144907055358e-01,1.477304267143361438e-01,0.000000000000000000e+00
-4.059820123441375091e-18,1.500000000000000222e+00,0.000000000000000000e+00,0.000000000000000000e+00,0.000000000000000000e+00,0.000000000000000000e+00
1.884582313733897951e-01,1.372772857651567868e+00,0.000000000000000000e+00,6.377568194431794124e-01,2.008783745661224807e-01,0.000000000000000000e+00
3.320999578079124048e-01,1.228848233461484529e+00,0.000000000000000000e+00,6.154537645803753731e-01,-1.560591513286811727e-01,0.000000000000000000e+00
3.983795290467395667e-01,1.098289510730342089e+00,0.000000000000000000e+00,7.414729388461585025e-01,-1.035333003089511511e-01,0.000000000000000000e+00
2.188613042760466920e-01,1.241743924653634146e+00,0.000000000000000000e+00,6.999453002692112014e-01,-1.553930042471521767e-03,0.000000000000000000e+00
2.492643771787035889e-01,1.110714991655700201e+00,0.000000000000000000e+00,6.699955990815429363e-01,-2.020509869556422755e-01,0.000000000000000000e+00
5.532988308904770447e-01,8.515159864083128305e-01,0.000000000000000000e+00,5.107141399365402457e-01,-2.327270296849261177e-02,0.000000000000000000e+00
4.804914217674735033e-01,9.787091751388192762e-01,0.000000000000000000e+00,6.380310229491465979e-01,-6.803902680824597260e-02,0.000000000000000000e+00
3.313762698994375810e-01,9.911346560641773884e-01,0.000000000000000000e+00,5.627525544743360308e-01,-8.015664290863402930e-02,0.000000000000000000e+00
4.134881626201716287e-01,8.715543204726545756e-01,0.000000000000000000e+00,4.219308480823499297e-01,9.987732278983991324e-03,0.000000000000000000e+00
1.125000000000000000e+00,0.000000000000000000e+00,0.000000000000000000e+00,-1.670741184232325469e-02,5.320595370310805539e-01,0.000000000000000000e+00
1.054942404056431027e+00,1.114196313274448541e-01,0.000000000000000000e+00,-1.511317219230517150e-01,2.614581141851596291e-01,0.000000000000000000e+00
1.000000000000000000e+00,5.109513429696411832e-18,0.000000000000000000e+00,0.000000000000000000e+00,0.000000000000000000e+00,0.000000000000000000e+00
9.013368133373552693e-01,3.236960830575915105e-01,0.000000000000000000e+00,-1.126339760532823198e-01,1.140499180079724839e-01,0.000000000000000000e+00
9.701525237729140549e-01,2.300123072171004202e-01,0.000000000000000000e+00,-1.841249011946228253e-01,1.874595992987786730e-01,0.000000000000000000e+00
9.152101197164830282e-01,1.185926758896555522e-01,0.000000000000000000e+00,-3.400696497770406418e-02,9.769244324948109931e-03,0.000000000000000000e+00
8.304202394329660564e-01,2.371853517793111044e-01,0.000000000000000000e+00,-1.336096919427742780e-01,-5.575060396926579016e-03,0.000000000000000000e+00
5.833333333331112147e-01,6.000000000000000888e+00,0.000000000000000000e+00,0.000000000000000000e+00,0.000000000000000000e+00,0.000000000000000000e+00
4.767263266920298559e-01,5.838777611156220182e+00,0.000000000000000000e+00,-1.803436338922272952e-01,-4.977531367553440778e-02,0.000000000000000000e+00
3.888888888887617745e-01,6.000000000000000888e+00,0.000000000000000000e+00,0.000000000000000000e+00,0.000000000000000000e+00,0.000000000000000000e+00
3.003577063867903796e-01,5.582734807888704687e+00,0.000000000000000000e+00,-8.503481166728155127e-02,-2.499543388355827955e-01,0.000000000000000000e+00
4.202598254248570697e-01,5.702762419053208909e+00,0.000000000000000000e+00,-1.621073107799231305e-01,-1.703486959304042481e-01,0.000000000000000000e+00
3.324223876215889883e-01,5.863984807896989615e+00,0.000000000000000000e+00,-9.490083348875912039e-02,-4.585843648583067672e-02,0.000000000000000000e+00
2.759558863544162022e-01,5.727969615793978342e+00,0.000000000000000000e+00,-5.731084492514625095e-02,-1.384476457505837699e-01,0.000000000000000000e+00
0.000000000000000000e+00,5.062499999983431920e+00,0.000000000000000000e+00,0.000000000000000000e+00,0.000000000000000000e+00,0.000000000000000000e+00
1.270633030120779106e-01,4.812785985709837178e+00,0.000000000000000000e+00,-5.914334773805084502e-03,-3.086411565005139218e-02,0.000000000000000000e+00
1.529223468047525014e-01,4.969067386658594820e+00,0.000000000000000000e+00,2.909602542786573001e-02,-9.413014071296166296e-02,0.000000000000000000e+00
1.529223468047525014e-01,5.156567386653129859e+00,0.000000000000000000e+00,4.859431239810333564e-02,-1.632912237161139590e-01,0.000000000000000000e+00
1.623797632095822507e-01,5.343749999980698107e+00,0.000000000000000000e+00,2.257653881783001568e-02,-2.121537366423888182e-01,0.000000000000000000e+00
6.588592245161831391e-18,4.874999999988895993e+00,0.000000000000000000e+00,0.000000000000000000e+00,0.000000000000000000e+00,0.000000000000000000e+00
6.996060883239199678e-18,5.249999999977966958e+00,0.000000000000000000e+00,0.000000000000000000e+00,0.000000000000000000e+00,0.000000000000000000e+00
0.000000000000000000e+00,4.687499999994448885e+00,0.000000000000000000e+00,0.000000000000000000e+00,0.000000000000000000e+00,0.000000000000000000e+00
0.000000000000000000e+00,5.437499999983431920e+00,0.000000000000000000e+00,0.000000000000000000e+00,0.000000000000000000e+00,0.000000000000000000e+00
1.623797632095822785e-01,5.531249999986163957e+00,0.000000000000000000e+00,-1.330658802597034377e-03,-1.894756734496713668e-01,0.000000000000000000e+00
1.379779431772081011e-01,5.676484807891437612e+00,0.000000000000000000e+00,-8.737434658841140150e-03,-1.079666168424982392e-01,0.000000000000000000e+00
5.944719169013438550e-18,5.624999999988895993e+00,0.000000000000000000e+00,0.000000000000000000e+00,0.000000000000000000e+00,0.000000000000000000e+00
6.146497532305801315e-01,7.122313127691466406e-01,0.000000000000000000e+00,3.765813614919420460e-01,2.842801356815279415e-02,0.000000000000000000e+00
4.748390849602747155e-01,7.322696468334884967e-01,0.000000000000000000e+00,2.952974102898622832e-01,7.829008353770207373e-02,0.000000000000000000e+00
6.826869786854128375e-01,5.899670781468283609e-01,0.000000000000000000e+00,1.028874296574211755e-01,9.500648599769985839e-03,0.000000000000000000e+00
5.361900073003778022e-01,5.929849731943223068e-01,0.000000000000000000e+00,5.586061310957910614e-02,1.443668643955455799e-01,0.000000000000000000e+00
8.383570658438059819e-01,4.119900529860371918e-01,0.000000000000000000e+00,-4.951852530955893478e-02,7.158538860727639563e-02,0.000000000000000000e+00
7.668223472581576772e-01,5.003612373677683856e-01,0.000000000000000000e+00,4.735049094189746136e-03,-1.993443103850386314e-03,0.000000000000000000e+00
6.203253758731227530e-01,5.033791324152624425e-01,0.000000000000000000e+00,-2.205450806399212801e-02,6.528304728568234960e-02,0.000000000000000000e+00
7.044607444458675927e-01,4.137732916362025226e-01,0.000000000000000000e+00,-7.461062902636471372e-02,9.225412152619962350e-03,0.000000000000000000e+00
7.674404919394168800e-01,3.254793217077568412e-01,0.000000000000000000e+00,-7.717376171556898645e-02,1.319049964705878465e-02,0.000000000000000000e+00
0.000000000000000000e+00,1.375000000000000000e+00,0.000000000000000000e+00,7.343945615262361670e-01,3.614345479959068380e-02,0.000000000000000000e+00
9.422911568669489757e-02,1.311386428825783934e+00,0.000000000000000000e+00,8.871228085997805435e-01,5.221533542801493066e-02,0.000000000000000000e+00
-5.369723185622930283e-18,1.250000000000000222e+00,0.000000000000000000e+00,1.075141618217269057e+00,-2.547221353786214074e-02,0.000000000000000000e+00
1.246321885893517944e-01,1.180357495827849990e+00,0.000000000000000000e+00,8.894203962548389297e-01,-1.891240788537807138e-01,0.000000000000000000e+00
0.000000000000000000e+00,1.125000000000000000e+00,0.000000000000000000e+00,7.285396478408358023e-01,-6.422629399129384242e-02,0.000000000000000000e+00
3.015429936833837754e-01,8.797535945167479499e-01,0.000000000000000000e+00,2.919058728837254924e-01,3.054451410574824180e-02,0.000000000000000000e+00
2.194311009626497277e-01,9.993339301082706516e-01,0.000000000000000000e+00,4.583680918280413907e-01,-1.297795061750505741e-01,0.000000000000000000e+00
1.246321885893517944e-01,1.055357495827850212e+00,0.000000000000000000e+00,4.305346739738405981e-01,-2.121128529656793049e-01,0.000000000000000000e+00
9.479891237329794718e-02,9.439764342804206620e-01,0.000000000000000000e+00,5.015364090993267715e-02,1.428974543857466917e-02,0.000000000000000000e+00
-4.084369563788801829e-18,1.000000000000000000e+00,0.000000000000000000e+00,0.000000000000000000e+00,0.000000000000000000e+00,0.000000000000000000e+00
1.895978247465958944e-01,8.879528685608413241e-01,0.000000000000000000e+00,1.108431359684863560e-01,5.833498336842637272e-02,0.000000000000000000e+00
4.034321268325151699e-01,6.466208262482945335e-01,0.000000000000000000e+00,7.903154327740823104e-02,1.643889450087295256e-01,0.000000000000000000e+00
3.420812044924120277e-01,7.859054998874606124e-01,0.000000000000000000e+00,2.688004306147686040e-01,1.143728176080299058e-01,0.000000000000000000e+00
2.301360355556241744e-01,7.941047739315539866e-01,0.000000000000000000e+00,1.439468205039802218e-01,1.601836094778957553e-01,0.000000000000000000e+00
2.706742463646524821e-01,7.002566793022666491e-01,0.000000000000000000e+00,8.601844391544803681e-02,2.125688036014670157e-01,0.000000000000000000e+00
8.333333333328944992e-01,0.000000000000000000e+00,0.000000000000000000e+00,0.000000000000000000e+00,0.000000000000000000e+00,0.000000000000000000e+00
7.485434530493775274e-01,1.185926758896555799e-01,0.000000000000000000e+00,-6.244626561843352047e-02,2.641562504837164337e-03,0.000000000000000000e+00
6.666666666657888873e-01,5.946897057986268771e-18,0.000000000000000000e+00,0.000000000000000000e+00,0.000000000000000000e+00,0.000000000000000000e+00
6.122062268462115098e-01,3.449151381688524420e-01,0.000000000000000000e+00,-1.168652283172033068e-01,5.710672224875248254e-02,0.000000000000000000e+00
6.751859743397606861e-01,2.566211682404067607e-01,0.000000000000000000e+00,-1.261555301708542631e-01,4.302864061652651728e-02,0.000000000000000000e+00
5.933091879561720461e-01,1.380284923507512085e-01,0.000000000000000000e+00,-6.739405705506229527e-02,2.306520892102394485e-02,0.000000000000000000e+00
5.199517092465553159e-01,2.760569847015024725e-01,0.000000000000000000e+00,-1.100986321629474907e-01,5.767005664381796848e-02,0.000000000000000000e+00
1.944444444443808873e-01,6.000000000000000888e+00,0.000000000000000000e+00,0.000000000000000000e+00,0.000000000000000000e+00,0.000000000000000000e+00
-5.944719169013438550e-18,6.000000000000000888e+00,0.000000000000000000e+00,0.000000000000000000e+00,0.000000000000000000e+00,0.000000000000000000e+00
1.379779431772081011e-01,5.863984807896989615e+00,0.000000000000000000e+00,-1.157237266970861933e-02,-4.447087234336581651e-02,0.000000000000000000e+00
0.000000000000000000e+00,5.812499999994448885e+00,0.000000000000000000e+00,0.000000000000000000e+00,0.000000000000000000e+00,0.000000000000000000e+00
2.703459856586520327e-01,5.885054518031884729e-01,0.000000000000000000e+00,1.915508418193851911e-02,2.148378521512022965e-01,0.000000000000000000e+00
4.031038661265147205e-01,5.348695987492162462e-01,0.000000000000000000e+00,-1.688697541017571309e-03,1.631752816332360800e-01,0.000000000000000000e+00
5.280708582734665590e-01,4.345209789479123619e-01,0.000000000000000000e+00,-6.994007844776471694e-02,1.178501716058737159e-01,0.000000000000000000e+00
3.949847170996034773e-01,3.764056045028064124e-01,0.000000000000000000e+00,-6.638644565750390081e-02,1.247545235606553893e-01,0.000000000000000000e+00
2.700177249526515832e-01,4.767542243041103522e-01,0.000000000000000000e+00,-2.166578919780433321e-02,1.930432162445959721e-01,0.000000000000000000e+00
0.000000000000000000e+00,8.333333333328944992e-01,0.000000000000000000e+00,0.000000000000000000e+00,0.000000000000000000e+00,0.000000000000000000e+00
9.479891237329794718e-02,7.773097676133151612e-01,0.000000000000000000e+00,3.302634951694814053e-02,7.908635769408946248e-02,0.000000000000000000e+00
-5.816797629161128352e-18,6.666666666657888873e-01,0.000000000000000000e+00,0.000000000000000000e+00,0.000000000000000000e+00,0.000000000000000000e+00
1.353371231823262411e-01,6.834616729840278238e-01,0.000000000000000000e+00,3.474356438707144196e-02,1.467611907791061265e-01,0.000000000000000000e+00
1.350088624763257916e-01,5.717104454849495365e-01,0.000000000000000000e+00,6.593560313720515757e-03,1.442495611427035695e-01,0.000000000000000000e+00
4.999999999991457944e-01,0.000000000000000000e+00,0.000000000000000000e+00,0.000000000000000000e+00,0.000000000000000000e+00,0.000000000000000000e+00
4.266425212895290087e-01,1.380284923507512362e-01,0.000000000000000000e+00,-5.578315368720313666e-02,2.527356625312999344e-02,0.000000000000000000e+00
3.333333333325025905e-01,5.256681331608428154e-18,0.000000000000000000e+00,0.000000000000000000e+00,0.000000000000000000e+00,0.000000000000000000e+00
2.886751345942202285e-01,1.220084679279689471e-01,0.000000000000000000e+00,-3.036783315746264048e-02,2.993368466346787646e-02,0.000000000000000000e+00
3.819843225512465912e-01,2.600369602787201417e-01,0.000000000000000000e+00,-7.034103465578160630e-02,7.393839541267584192e-02,0.000000000000000000e+00
2.570173304042947526e-01,3.603855800800240816e-01,0.000000000000000000e+00,-2.257714859589804099e-02,1.372746934330830448e-01,0.000000000000000000e+00
2.440169358559378943e-01,2.440169358559378665e-01,0.000000000000000000e+00,-2.684990905123492769e-02,8.198356660645603200e-02,0.000000000000000000e+00
0.000000000000000000e+00,4.999999999991457944e-01,0.000000000000000000e+00,0.000000000000000000e+00,0.000000000000000000e+00,0.000000000000000000e+00
1.350088624763257916e-01,4.050437788183064436e-01,0.000000000000000000e+00,3.241113343010404262e-03,1.066130614271204591e-01,0.000000000000000000e+00
1.220084679279689471e-01,2.886751345942202285e-01,0.000000000000000000e+00,1.848640697045181910e-03,7.176996509002943336e-02,0.000000000000000000e+00
-5.256681331608428154e-18,3.333333333325025905e-01,0.000000000000000000e+00,0.000000000000000000e+00,0.000000000000000000e+00,0.000000000000000000e+00
1.666666666662513230e-01,0.000000000000000000e+00,0.000000000000000000e+00,0.000000000000000000e+00,0.000000000000000000e+00,0.000000000000000000e+00
5.256681331608428154e-18,5.256681331608428154e-18,0.000000000000000000e+00,0.000000000000000000e+00,0.000000000000000000e+00,0.000000000000000000e+00
1.220084679279689471e-01,1.220084679279689333e-01,0.000000000000000000e+00,1.628292268649684463e-03,2.915066215401809768e-02,0.000000000000000000e+00
0.000000000000000000e+00,1.666666666662512952e-01,0.000000000000000000e+00,0.000000000000000000e+00,0.000000000000000000e+00,0.000000000000000000e+00
