Points:0,Points:1,Points:2,U:0,U:1,U:2
9.812499999996290967e+00,0.000000000000000000e+00,0.000000000000000000e+00,0.000000000000000000e+00,0.000000000000000000e+00,0.000000000000000000e+00
1.000000000000000178e+01,5.664362628085781756e-17,0.000000000000000000e+00,0.000000000000000000e+00,0.000000000000000000e+00,0.000000000000000000e+00
9.677732030644911276e+00,1.347679693504804932e-01,0.000000000000000000e+00,4.385602432057610078e-02,8.791196093381191054e-03,0.000000000000000000e+00
9.865232030648620309e+00,1.347679693504804932e-01,0.000000000000000000e+00,1.226716353162064267e-02,8.102812903021797131e-03,0.000000000000000000e+00
9.624999999992581934e+00,7.322853433113562488e-18,0.000000000000000000e+00,0.000000000000000000e+00,0.000000000000000000e+00,0.000000000000000000e+00
9.730464061297237066e+00,2.695359387009609309e-01,0.000000000000000000e+00,3.607113390796019142e-02,3.550704330213810822e-02,0.000000000000000000e+00
1.000000000000000000e+01,1.875000000005254130e-01,0.000000000000000000e+00,0.000000000000000000e+00,0.000000000000000000e+00,0.000000000000000000e+00
9.865232030648620309e+00,3.222679693510058785e-01,0.000000000000000000e+00,1.175312625198837203e-02,2.997458458765988459e-02,0.000000000000000000e+00
1.000000000000000178e+01,3.750000000010508261e-01,0.000000000000000000e+00,0.000000000000000000e+00,0.000000000000000000e+00,0.000000000000000000e+00
9.592977028719278820e+00,3.047326432337796875e-01,0.000000000000000000e+00,7.858963478568996297e-02,5.821582378910076377e-02,0.000000000000000000e+00
9.540244998066949478e+00,1.699646738832991943e-01,0.000000000000000000e+00,8.310300750644830647e-02,1.880243796661030045e-02,0.000000000000000000e+00
9.455489996141315245e+00,3.399293477665983332e-01,0.000000000000000000e+00,1.364372477228640579e-01,8.035336065476109124e-02,0.000000000000000000e+00
9.437499999988874677e+00,0.000000000000000000e+00,0.000000000000000000e+00,0.000000000000000000e+00,0.000000000000000000e+00,0.000000000000000000e+00
9.352744998063240445e+00,1.699646738832991943e-01,0.000000000000000000e+00,1.335898070323682241e-01,2.131452300550365497e-02,0.000000000000000000e+00
9.249999999985165644e+00,7.752900328033281086e-18,0.000000000000000000e+00,0.000000000000000000e+00,0.000000000000000000e+00,0.000000000000000000e+00
9.715235779060066079e+00,4.235446083687894880e-01,0.000000000000000000e+00,5.370182964227075001e-02,7.274416201831017392e-02,0.000000000000000000e+00
9.850003748411445770e+00,4.762766390188343246e-01,0.000000000000000000e+00,2.454132775980434264e-02,5.801245863717336554e-02,0.000000000000000000e+00
9.577748746482104281e+00,4.587413129016081337e-01,0.000000000000000000e+00,1.055169092108772799e-01,1.130774300100560875e-01,0.000000000000000000e+00
9.700007496822889763e+00,5.775532780366178232e-01,0.000000000000000000e+00,8.156788900459871483e-02,1.198148843902802213e-01,0.000000000000000000e+00
1.000000000000000000e+01,5.625000000015759616e-01,0.000000000000000000e+00,0.000000000000000000e+00,0.000000000000000000e+00,0.000000000000000000e+00
9.850003748411445770e+00,6.637766390193594601e-01,0.000000000000000000e+00,2.213891456935448629e-02,1.049993354745033247e-01,0.000000000000000000e+00
1.000000000000000178e+01,7.500000000021012081e-01,0.000000000000000000e+00,0.000000000000000000e+00,0.000000000000000000e+00,0.000000000000000000e+00
9.269229608476027948e+00,3.499108093535575614e-01,0.000000000000000000e+00,2.384480548496737407e-01,1.011976045921482575e-01,0.000000000000000000e+00
9.166484610397953148e+00,1.799461354702583948e-01,0.000000000000000000e+00,2.040712218463756888e-01,2.581768333603433330e-02,0.000000000000000000e+00
9.518315450969218716e+00,6.554201950759886985e-01,0.000000000000000000e+00,1.629516392502811384e-01,2.098291949891934183e-01,0.000000000000000000e+00
9.396056700628431457e+00,5.366082299409788980e-01,0.000000000000000000e+00,2.062540825324332416e-01,1.827044483068403780e-01,0.000000000000000000e+00
9.209796312963142384e+00,5.465896915279381263e-01,0.000000000000000000e+00,2.961634055563330259e-01,1.941340487003016813e-01,0.000000000000000000e+00
9.082969220810742428e+00,3.598922709405169007e-01,0.000000000000000000e+00,3.392039330832671284e-01,8.695654823539691880e-02,0.000000000000000000e+00
9.336623405115542340e+00,7.332871121153593519e-01,0.000000000000000000e+00,2.372764340034797248e-01,2.711314152238927799e-01,0.000000000000000000e+00
9.062499999981458387e+00,0.000000000000000000e+00,0.000000000000000000e+00,0.000000000000000000e+00,0.000000000000000000e+00,0.000000000000000000e+00
8.978984610394245891e+00,1.799461354702584226e-01,0.000000000000000000e+00,2.536233183813588199e-01,1.871470175573706346e-02,0.000000000000000000e+00
8.874999999977749354e+00,7.420802714442363974e-18,0.000000000000000000e+00,0.000000000000000000e+00,0.000000000000000000e+00,0.000000000000000000e+00
9.689897907996856574e+00,7.561567887854760972e-01,0.000000000000000000e+00,6.827323787421085699e-02,1.938500898642154524e-01,0.000000000000000000e+00
9.839894159585410804e+00,8.423801497682177342e-01,0.000000000000000000e+00,1.677184705501593570e-02,1.485417100549874247e-01,0.000000000000000000e+00
9.508205862143183751e+00,8.340237058248469726e-01,0.000000000000000000e+00,1.215117338332015740e-01,2.896430751523588198e-01,0.000000000000000000e+00
9.679788319170823385e+00,9.347602995343344823e-01,0.000000000000000000e+00,4.422704264348961689e-02,2.500814152690592485e-01,0.000000000000000000e+00
1.000000000000000000e+01,9.375000000026261215e-01,0.000000000000000000e+00,0.000000000000000000e+00,0.000000000000000000e+00,0.000000000000000000e+00
9.839894159585412581e+00,1.029880149768742648e+00,0.000000000000000000e+00,1.230536980881010226e-02,1.706571310582080392e-01,0.000000000000000000e+00
1.000000000000000178e+01,1.125000000003151257e+00,0.000000000000000000e+00,0.000000000000000000e+00,0.000000000000000000e+00,0.000000000000000000e+00
9.133725455553651784e+00,7.315751271099966146e-01,0.000000000000000000e+00,3.406994703924017265e-01,2.905303303427669848e-01,0.000000000000000000e+00
9.006898363401250052e+00,5.448777065225753891e-01,0.000000000000000000e+00,4.109913450405439650e-01,1.769710983067034615e-01,0.000000000000000000e+00
8.930827505991759452e+00,7.298631421046339884e-01,0.000000000000000000e+00,4.604785691785072688e-01,2.667580068748349187e-01,0.000000000000000000e+00
8.790065006576877948e+00,1.722380933652284951e-01,0.000000000000000000e+00,3.034336147606531142e-01,2.542208824461412650e-02,0.000000000000000000e+00
8.894049616993374485e+00,3.521842288354869455e-01,0.000000000000000000e+00,4.278199619434748247e-01,8.204882569398801173e-02,0.000000000000000000e+00
8.817978759583882109e+00,5.371696644175454338e-01,0.000000000000000000e+00,5.057806836845735177e-01,1.547762872234623721e-01,0.000000000000000000e+00
8.705130013176004766e+00,3.444761867304569347e-01,0.000000000000000000e+00,5.010937337512937351e-01,8.302143156347173425e-02,0.000000000000000000e+00
9.371297295428817620e+00,9.085820870167142793e-01,0.000000000000000000e+00,1.514278934011414057e-01,3.488428723242083529e-01,0.000000000000000000e+00
9.542879752456455478e+00,1.009318680726201789e+00,0.000000000000000000e+00,6.149671887047370583e-02,3.303037502755391541e-01,0.000000000000000000e+00
9.251122552055708326e+00,1.066773995060777525e+00,0.000000000000000000e+00,1.120072400082050973e-01,4.069470933588463790e-01,0.000000000000000000e+00
9.216448661742436599e+00,8.914790201594227081e-01,0.000000000000000000e+00,2.230962294803391643e-01,3.514076330953179172e-01,0.000000000000000000e+00
9.013550712180542490e+00,8.897670351540598599e-01,0.000000000000000000e+00,3.124272990460556509e-01,3.662004531199619106e-01,0.000000000000000000e+00
9.405971185742087570e+00,1.083877061918068874e+00,0.000000000000000000e+00,6.836764921112654936e-02,3.928335956652573846e-01,0.000000000000000000e+00
9.096273918369325528e+00,1.049670928203485731e+00,0.000000000000000000e+00,1.635023784404098235e-01,4.177891206423778869e-01,0.000000000000000000e+00
8.687499999974214404e+00,0.000000000000000000e+00,0.000000000000000000e+00,0.000000000000000000e+00,0.000000000000000000e+00,0.000000000000000000e+00
8.602565006573342998e+00,1.722380933652284951e-01,0.000000000000000000e+00,3.490126883848220785e-01,2.335464945899748054e-02,0.000000000000000000e+00
8.499999999970679454e+00,7.060365842124614763e-18,0.000000000000000000e+00,0.000000000000000000e+00,0.000000000000000000e+00,0.000000000000000000e+00
9.655216989787055226e+00,1.136201188209433610e+00,0.000000000000000000e+00,2.987095495598621891e-02,2.906521614123457331e-01,0.000000000000000000e+00
9.815322830201644422e+00,1.231321038443841998e+00,0.000000000000000000e+00,2.514156973888895773e-03,2.070372318050540117e-01,0.000000000000000000e+00
9.518308423072689095e+00,1.210759569401301139e+00,0.000000000000000000e+00,3.217867181571675700e-02,3.621881870748882570e-01,0.000000000000000000e+00
9.630645660403287067e+00,1.337642076884532960e+00,0.000000000000000000e+00,-1.474774311490319742e-03,3.182409774758050980e-01,0.000000000000000000e+00
1.000000000000000000e+01,1.312500000003655298e+00,0.000000000000000000e+00,0.000000000000000000e+00,0.000000000000000000e+00,0.000000000000000000e+00
9.815322830201644422e+00,1.418821038444345817e+00,0.000000000000000000e+00,-1.407748887291922343e-03,2.046970972229484043e-01,0.000000000000000000e+00
1.000000000000000178e+01,1.500000000004159117e+00,0.000000000000000000e+00,0.000000000000000000e+00,0.000000000000000000e+00,0.000000000000000000e+00
8.631080794110587817e+00,5.207089379185223521e-01,0.000000000000000000e+00,5.402975913619126880e-01,9.383010244693312796e-02,0.000000000000000000e+00
8.743929540518463384e+00,7.134024156056106847e-01,0.000000000000000000e+00,5.055814203924661188e-01,1.488082307281535510e-01,0.000000000000000000e+00
8.839231600395056176e+00,8.842078800418430307e-01,0.000000000000000000e+00,3.584951077926721852e-01,2.382442482485074842e-01,0.000000000000000000e+00
8.921954806583840991e+00,1.044111773091269013e+00,0.000000000000000000e+00,1.812332364622777359e-01,3.301235028335708921e-01,0.000000000000000000e+00
8.652333634921763661e+00,8.677471535428199489e-01,0.000000000000000000e+00,4.060197414038526631e-01,8.887737497513924223e-02,0.000000000000000000e+00
8.557031575045170868e+00,6.969416891065878250e-01,0.000000000000000000e+00,5.047509081504619743e-01,4.193473288131015220e-02,0.000000000000000000e+00
8.747635694798356454e+00,1.038552617979052295e+00,0.000000000000000000e+00,2.173364717444227490e-01,1.938036355111200926e-01,0.000000000000000000e+00
8.515967776737490169e+00,3.361103856095467579e-01,0.000000000000000000e+00,5.407427136719622496e-01,4.508438826322703347e-02,0.000000000000000000e+00
8.413402770134826625e+00,1.638722922443182906e-01,0.000000000000000000e+00,3.701822978929990016e-01,6.608088837962837817e-03,0.000000000000000000e+00
8.441918557672071444e+00,5.123431367976121198e-01,0.000000000000000000e+00,5.403710411843249961e-01,3.526338947888650599e-02,0.000000000000000000e+00
8.326805540298975572e+00,3.277445844886366921e-01,0.000000000000000000e+00,5.640734973563376053e-01,1.252603910524952013e-02,0.000000000000000000e+00
9.329775889729068794e+00,1.218127446457953011e+00,0.000000000000000000e+00,4.302956124097567780e-02,4.287923805378123232e-01,0.000000000000000000e+00
9.174927256042687773e+00,1.201024379600661440e+00,0.000000000000000000e+00,7.962409795989419670e-02,4.450013511933160193e-01,0.000000000000000000e+00
9.253580593716046465e+00,1.352377830997836705e+00,0.000000000000000000e+00,-1.414941018382464069e-02,4.549076082523757503e-01,0.000000000000000000e+00
9.442113127059668543e+00,1.345009953941185055e+00,0.000000000000000000e+00,-6.224275247752747604e-03,3.932333354519604307e-01,0.000000000000000000e+00
9.087159108669734309e+00,1.351991093600803051e+00,0.000000000000000000e+00,-3.538450420154878873e-02,3.981508823183597667e-01,0.000000000000000000e+00
9.008505770996375617e+00,1.200637642203627564e+00,0.000000000000000000e+00,7.512910669626263194e-02,3.808860242865308998e-01,0.000000000000000000e+00
8.834186659210889303e+00,1.195078487091410402e+00,0.000000000000000000e+00,7.821141903222644798e-02,2.839184686522215895e-01,0.000000000000000000e+00
8.920737623623420376e+00,1.351604356203768731e+00,0.000000000000000000e+00,-6.218513667536448852e-02,3.192622512569915916e-01,0.000000000000000000e+00
8.312499999977902121e+00,0.000000000000000000e+00,0.000000000000000000e+00,0.000000000000000000e+00,0.000000000000000000e+00,0.000000000000000000e+00
8.225902770142049292e+00,1.638722922443183183e-01,0.000000000000000000e+00,3.835878107067038911e-01,1.088827529150393752e-03,0.000000000000000000e+00
8.124999999985121235e+00,7.472195057716834348e-18,0.000000000000000000e+00,0.000000000000000000e+00,0.000000000000000000e+00,0.000000000000000000e+00
9.648642403010732949e+00,1.532288404932576231e+00,0.000000000000000000e+00,-2.376221488035255847e-02,2.929681541622826124e-01,0.000000000000000000e+00
9.833319572809088527e+00,1.613467366492388866e+00,0.000000000000000000e+00,-6.606089562699821519e-03,1.747420360634393266e-01,0.000000000000000000e+00
9.509123319806283448e+00,1.474856358045959936e+00,0.000000000000000000e+00,-3.202961431981357632e-02,3.618030181794247291e-01,0.000000000000000000e+00
9.527120062413727553e+00,1.669502686094002986e+00,0.000000000000000000e+00,-4.862216014370591977e-02,3.283676578648135891e-01,0.000000000000000000e+00
9.320590786462663146e+00,1.482224235102612031e+00,0.000000000000000000e+00,-4.754595103216519014e-02,4.246391536378824050e-01,0.000000000000000000e+00
9.387600979209278051e+00,1.612070639207386691e+00,0.000000000000000000e+00,-6.822679936355045827e-02,3.898626432629262450e-01,0.000000000000000000e+00
9.666639145618175277e+00,1.726934732980619058e+00,0.000000000000000000e+00,-2.700400730771669588e-02,2.590768972300075412e-01,0.000000000000000000e+00
1.000000000000000000e+01,1.687500000003319123e+00,0.000000000000000000e+00,0.000000000000000000e+00,0.000000000000000000e+00,0.000000000000000000e+00
9.833319572809088527e+00,1.800967366491549093e+00,0.000000000000000000e+00,-9.284367634846650910e-03,1.592208322940398546e-01,0.000000000000000000e+00
1.000000000000000178e+01,1.875000000002479350e+00,0.000000000000000000e+00,0.000000000000000000e+00,0.000000000000000000e+00,0.000000000000000000e+00
8.477032376736268304e+00,8.597157965436139637e-01,0.000000000000000000e+00,3.846349901131872473e-01,-8.887905758701575287e-02,0.000000000000000000e+00
8.572334436612859321e+00,1.030521260979845977e+00,0.000000000000000000e+00,2.228402834945559519e-01,-3.031093854778737010e-02,0.000000000000000000e+00
8.397033178427365741e+00,1.022489903980640324e+00,0.000000000000000000e+00,1.193285667601546168e-01,-3.220959664878368933e-01,0.000000000000000000e+00
8.278650345808650002e+00,4.932137625201261644e-01,0.000000000000000000e+00,5.036202994470455607e-01,-4.728369907354677132e-02,0.000000000000000000e+00
8.393763363181747650e+00,6.778123148291016475e-01,0.000000000000000000e+00,4.509906177082761980e-01,-4.602399658604140742e-02,0.000000000000000000e+00
8.313764164872843310e+00,8.405864222661278973e-01,0.000000000000000000e+00,2.769146908288411812e-01,-2.104397266927898469e-01,0.000000000000000000e+00
8.230495151318324432e+00,6.586829405516154701e-01,0.000000000000000000e+00,3.790864722711107526e-01,-1.569404967909358573e-01,0.000000000000000000e+00
8.657627397326603358e+00,1.191697040681875208e+00,0.000000000000000000e+00,8.336678896052639176e-02,1.056525231568436612e-01,0.000000000000000000e+00
8.744178361739137983e+00,1.348222909794233537e+00,0.000000000000000000e+00,-1.038289395285164618e-01,1.842189538605749355e-01,0.000000000000000000e+00
8.482326139141108001e+00,1.183665683682669112e+00,0.000000000000000000e+00,8.719086834234562877e-02,-2.454543184847831905e-01,0.000000000000000000e+00
8.567619099854850262e+00,1.344841463384697677e+00,0.000000000000000000e+00,-1.600103621782141272e-01,-6.135653283471755037e-02,0.000000000000000000e+00
8.031787950502643270e+00,1.734309183950515920e-01,0.000000000000000000e+00,3.895276161405114013e-01,-1.995506458675405659e-02,0.000000000000000000e+00
8.132690720659569550e+00,3.373032106393699103e-01,0.000000000000000000e+00,5.432027745574435906e-01,-3.563836092321067545e-02,0.000000000000000000e+00
8.084535526169243980e+00,5.027723886708593826e-01,0.000000000000000000e+00,4.332623300817711187e-01,-8.889455777128422997e-02,0.000000000000000000e+00
7.938575901020164416e+00,3.468618367901031285e-01,0.000000000000000000e+00,5.158441687552094423e-01,-6.626846785741766221e-02,0.000000000000000000e+00
9.234182802407854496e+00,1.634745837723712292e+00,0.000000000000000000e+00,-1.179811212372158247e-01,3.750892410012275913e-01,0.000000000000000000e+00
9.167172609661237814e+00,1.504899433618937410e+00,0.000000000000000000e+00,-9.664363013609046649e-02,4.061298021582088746e-01,0.000000000000000000e+00
9.000751124614925658e+00,1.504512696221903312e+00,0.000000000000000000e+00,-1.272732737237892986e-01,3.318569129938443441e-01,0.000000000000000000e+00
9.080764625606427387e+00,1.657421036240037893e+00,0.000000000000000000e+00,-1.779425411874006602e-01,3.356871796993786128e-01,0.000000000000000000e+00
8.909233323940956240e+00,1.656628074663291095e+00,0.000000000000000000e+00,-2.187480868425646097e-01,2.523986091089230333e-01,0.000000000000000000e+00
8.829219822949454510e+00,1.503719734645156514e+00,0.000000000000000000e+00,-1.596997511948288206e-01,2.347635516374104725e-01,0.000000000000000000e+00
8.652660561065168565e+00,1.500338288235620876e+00,0.000000000000000000e+00,-1.891398526251387990e-01,2.682877257144582542e-02,0.000000000000000000e+00
8.737702022275485092e+00,1.655835113086544075e+00,0.000000000000000000e+00,-2.689424936895556395e-01,1.151435043096914607e-01,0.000000000000000000e+00
7.937499999988873789e+00,0.000000000000000000e+00,0.000000000000000000e+00,0.000000000000000000e+00,0.000000000000000000e+00,0.000000000000000000e+00
7.844287950506395823e+00,1.734309183950516198e-01,0.000000000000000000e+00,3.849290868721846892e-01,-3.444178730198440425e-02,0.000000000000000000e+00
7.749999999992624566e+00,5.152466039552466360e-18,0.000000000000000000e+00,0.000000000000000000e+00,0.000000000000000000e+00,0.000000000000000000e+00
9.349817051554815350e+00,1.777862945531365035e+00,0.000000000000000000e+00,-1.200387658121473133e-01,3.478292979305469546e-01,0.000000000000000000e+00
9.489336134759263075e+00,1.835294992417981330e+00,0.000000000000000000e+00,-8.366272571018025517e-02,2.946947333764790566e-01,0.000000000000000000e+00
9.312033123900350873e+00,1.943655251855342936e+00,0.000000000000000000e+00,-1.553478701651783422e-01,2.959320312366995331e-01,0.000000000000000000e+00
9.196398874753388242e+00,1.800538144047690414e+00,0.000000000000000000e+00,-1.693551146168846000e-01,3.168747368687757082e-01,0.000000000000000000e+00
9.668687625437662803e+00,1.906472510961889189e+00,0.000000000000000000e+00,-4.788313747964560718e-02,2.206780452675763948e-01,0.000000000000000000e+00
9.835368052628574276e+00,1.980505144472819001e+00,0.000000000000000000e+00,-1.523777311645898441e-02,1.309053380774967967e-01,0.000000000000000000e+00
9.491384614578750600e+00,2.014832770399251238e+00,0.000000000000000000e+00,-1.074358400325156199e-01,2.439588297138023387e-01,0.000000000000000000e+00
9.670736105257150328e+00,2.086010288943159541e+00,0.000000000000000000e+00,-5.617506671758291936e-02,1.725120260859405175e-01,0.000000000000000000e+00
1.000000000000000000e+01,2.062500000002528644e+00,0.000000000000000000e+00,0.000000000000000000e+00,0.000000000000000000e+00,0.000000000000000000e+00
9.835368052628574276e+00,2.168005144472868295e+00,0.000000000000000000e+00,-1.702295319132944573e-02,9.932427814563507540e-02,0.000000000000000000e+00
1.000000000000000178e+01,2.250000000002578382e+00,0.000000000000000000e+00,0.000000000000000000e+00,0.000000000000000000e+00,0.000000000000000000e+00
8.144289007302015548e+00,8.412305772149888394e-01,0.000000000000000000e+00,1.031046517635986759e-01,-5.152424009025983187e-01,0.000000000000000000e+00
8.227558020856534426e+00,1.023134058929501045e+00,0.000000000000000000e+00,-1.137510127882117722e-01,-5.648771038082169849e-01,0.000000000000000000e+00
8.309346806064237256e+00,1.183203851949933716e+00,0.000000000000000000e+00,-1.524775320067913754e-02,-6.479522491562793585e-01,0.000000000000000000e+00
8.394639766777981293e+00,1.344379631651962503e+00,0.000000000000000000e+00,-1.981372566714657835e-01,-5.445665796510864576e-01,0.000000000000000000e+00
8.139871648493407719e+00,1.183848006898794658e+00,0.000000000000000000e+00,-1.391926346326835817e-01,-7.774228349237131130e-01,0.000000000000000000e+00
8.058082863285706665e+00,1.023778213878361765e+00,0.000000000000000000e+00,-2.742509860522814868e-01,-6.665168711387092770e-01,0.000000000000000000e+00
8.221660433701110549e+00,1.343917799919227329e+00,0.000000000000000000e+00,-2.190719417012345072e-01,-8.296292175183459516e-01,0.000000000000000000e+00
7.914007095791359525e+00,5.353661576332330307e-01,0.000000000000000000e+00,2.590360251074906861e-01,-1.772832486054136680e-01,0.000000000000000000e+00
8.059966720940439089e+00,6.912767095139891182e-01,0.000000000000000000e+00,5.664681662163955495e-02,-3.178544924178322573e-01,0.000000000000000000e+00
7.973760576924130206e+00,8.738243461773623766e-01,0.000000000000000000e+00,-9.810567034536041287e-02,-5.751740942477034935e-01,0.000000000000000000e+00
7.889438290562552858e+00,7.238704784763627664e-01,0.000000000000000000e+00,-2.457719156011171080e-01,-3.419409038908617360e-01,0.000000000000000000e+00
8.563353247224810616e+00,1.650608113607066274e+00,0.000000000000000000e+00,-3.349954239457048621e-01,-1.987464007345859096e-01,0.000000000000000000e+00
8.478311786014492313e+00,1.495111288756143075e+00,0.000000000000000000e+00,-2.523663435001406441e-01,-3.065846813013972105e-01,0.000000000000000000e+00
8.305332452937619792e+00,1.494649457023407457e+00,0.000000000000000000e+00,-1.788572607825630878e-01,-6.851384245045027965e-01,0.000000000000000000e+00
8.389004472174130811e+00,1.645381114127587807e+00,0.000000000000000000e+00,-3.294859656999766240e-01,-4.244411284296504827e-01,0.000000000000000000e+00
7.654349168037231088e+00,1.195896132711424947e-01,0.000000000000000000e+00,2.633792232276004341e-01,-1.175169340081259201e-01,0.000000000000000000e+00
7.748637118551001457e+00,2.930205316661940729e-01,0.000000000000000000e+00,4.735862787630218396e-01,-1.285293277867202433e-01,0.000000000000000000e+00
7.623910802373041307e+00,3.671297420347661711e-01,0.000000000000000000e+00,2.563372561811384509e-01,-4.330798381797212326e-01,0.000000000000000000e+00
7.813849584842206042e+00,4.209710471586752267e-01,0.000000000000000000e+00,4.039536558765531860e-01,-1.878935299594974018e-01,0.000000000000000000e+00
7.789280779613399375e+00,6.094753680018051289e-01,0.000000000000000000e+00,-2.852681323664060103e-02,-3.943320400103159096e-01,0.000000000000000000e+00
7.689123268664246780e+00,4.950802575272474360e-01,0.000000000000000000e+00,1.768905849108904915e-01,-4.593047361330743206e-01,0.000000000000000000e+00
7.558698336081836722e+00,2.391792265422849340e-01,0.000000000000000000e+00,3.469913765508781944e-01,-4.133030564869365486e-01,0.000000000000000000e+00
9.108105597820637556e+00,1.955426612533905040e+00,0.000000000000000000e+00,-2.159566426855014099e-01,2.552519457273658143e-01,0.000000000000000000e+00
8.992471348673674925e+00,1.812309504726252296e+00,0.000000000000000000e+00,-2.296406863525637387e-01,2.670449348594785555e-01,0.000000000000000000e+00
8.820940047008203777e+00,1.811516543149505720e+00,0.000000000000000000e+00,-2.641577245645440053e-01,1.524386731500312342e-01,0.000000000000000000e+00
8.904178071740924238e+00,1.967197973212467366e+00,0.000000000000000000e+00,-2.879714213295301861e-01,1.817275996742974964e-01,0.000000000000000000e+00
8.651694876900306141e+00,1.799127179169146107e+00,0.000000000000000000e+00,-3.019002093420441457e-01,-6.817711714616495056e-02,0.000000000000000000e+00
8.734932901633024827e+00,1.954808609232107530e+00,0.000000000000000000e+00,-3.090107404963607918e-01,3.347681092549363580e-02,0.000000000000000000e+00
8.477346101849629889e+00,1.793900179689667862e+00,0.000000000000000000e+00,-2.798630607946064330e-01,-3.002476068844209256e-01,0.000000000000000000e+00
8.565687731525127191e+00,1.942419245251747917e+00,0.000000000000000000e+00,-2.661692587893580986e-01,-1.448250444932289160e-01,0.000000000000000000e+00
7.562499999994469313e+00,0.000000000000000000e+00,0.000000000000000000e+00,0.000000000000000000e+00,0.000000000000000000e+00,0.000000000000000000e+00
7.466849168039074947e+00,1.195896132711424809e-01,0.000000000000000000e+00,-2.503729325551378240e-02,-1.704791914903037719e-01,0.000000000000000000e+00
7.374999999996312283e+00,5.567846405960037255e-18,0.000000000000000000e+00,0.000000000000000000e+00,0.000000000000000000e+00,0.000000000000000000e+00
9.355322001381193076e+00,2.094979741835147458e+00,0.000000000000000000e+00,-1.529474411203242401e-01,2.422942066165820196e-01,0.000000000000000000e+00
9.534673492059591027e+00,2.166157260379055316e+00,0.000000000000000000e+00,-9.142876100908094161e-02,1.879912258665948910e-01,0.000000000000000000e+00
9.239565736126227335e+00,2.248604595661763739e+00,0.000000000000000000e+00,-1.966380611711884274e-01,1.856425165356567486e-01,0.000000000000000000e+00
9.196276858645386909e+00,2.097280105681958773e+00,0.000000000000000000e+00,-2.105915638579481386e-01,2.375200753984348656e-01,0.000000000000000000e+00
8.992349332565673592e+00,2.109051466360521321e+00,0.000000000000000000e+00,-2.690311518099107180e-01,1.715631451938020302e-01,0.000000000000000000e+00
9.398610878862033502e+00,2.246304231814951979e+00,0.000000000000000000e+00,-1.355773539326371735e-01,1.832315983158980532e-01,0.000000000000000000e+00
9.080520593390421169e+00,2.250904959508575054e+00,0.000000000000000000e+00,-2.571639881608527856e-01,1.648542326542820902e-01,0.000000000000000000e+00
9.659588272965297762e+00,2.267341425307440872e+00,0.000000000000000000e+00,-5.382034202928808603e-02,1.280505333451585903e-01,0.000000000000000000e+00
9.824220220336723486e+00,2.349336280837150071e+00,0.000000000000000000e+00,-1.681441747555830271e-02,7.479715672986583797e-02,0.000000000000000000e+00
9.523525659767740237e+00,2.347488396743337091e+00,0.000000000000000000e+00,-9.648098546085044636e-02,1.347309939967043513e-01,0.000000000000000000e+00
9.648440440673446972e+00,2.448672561671722647e+00,0.000000000000000000e+00,-5.964860347223644582e-02,7.909350120347378998e-02,0.000000000000000000e+00
1.000000000000000000e+01,2.437500000002194245e+00,0.000000000000000000e+00,0.000000000000000000e+00,0.000000000000000000e+00,0.000000000000000000e+00
9.824220220336723486e+00,2.536836280836766377e+00,0.000000000000000000e+00,-1.627421483533216667e-02,4.394800206165416778e-02,0.000000000000000000e+00
1.000000000000000178e+01,2.625000000001810552e+00,0.000000000000000000e+00,0.000000000000000000e+00,0.000000000000000000e+00,0.000000000000000000e+00
7.972136058135616210e+00,1.183416675175681831e+00,0.000000000000000000e+00,-2.752874007521087796e-01,-9.351947323397111766e-01,0.000000000000000000e+00
8.053924843343317264e+00,1.343486468196114503e+00,0.000000000000000000e+00,-2.878427129738105328e-01,-9.651930333758739211e-01,0.000000000000000000e+00
7.886189252985524867e+00,1.343055136473001676e+00,0.000000000000000000e+00,-3.571031475712274084e-01,-1.085957280737552599e+00,0.000000000000000000e+00
7.890881868002534105e+00,1.037215618873841505e+00,0.000000000000000000e+00,-4.970905809886150828e-01,-1.027547554644999916e+00,0.000000000000000000e+00
7.806559581640957646e+00,8.872617511728420059e-01,0.000000000000000000e+00,-4.576430798231758690e-01,-9.508910287322557275e-01,0.000000000000000000e+00
7.804935062852443650e+00,1.196854080171161350e+00,0.000000000000000000e+00,-2.845379429281011396e-01,-1.289735013372725891e+00,0.000000000000000000e+00
7.723680872719359769e+00,1.050653023869320801e+00,0.000000000000000000e+00,-6.896961992676653441e-01,-1.276071672677542734e+00,0.000000000000000000e+00
8.134100357805440495e+00,1.491332254971426297e+00,0.000000000000000000e+00,-1.068949037492156195e-01,-8.745052557089958434e-01,0.000000000000000000e+00
8.217772377041953291e+00,1.642063912075606424e+00,0.000000000000000000e+00,-1.878386027911770617e-01,-7.107769072503278274e-01,0.000000000000000000e+00
7.966364767447648987e+00,1.490900923248313470e+00,0.000000000000000000e+00,-5.164369337748721256e-02,-1.038500272840871874e+00,0.000000000000000000e+00
8.046540281909772219e+00,1.638746710023624820e+00,0.000000000000000000e+00,-9.674055473839821007e-02,-8.748004458143340267e-01,0.000000000000000000e+00
7.627311600038090056e+00,6.264566760210344976e-01,0.000000000000000000e+00,-5.028582754663574184e-01,-1.021401057926188294e+00,0.000000000000000000e+00
7.727469110987243539e+00,7.408517864955921350e-01,0.000000000000000000e+00,-6.752646463358584761e-01,-9.349133184006480635e-01,0.000000000000000000e+00
7.644590402065646551e+00,9.042430591920712635e-01,0.000000000000000000e+00,-6.162943850132691637e-01,-1.403537520489102519e+00,0.000000000000000000e+00
7.565499931411933332e+00,7.578330945148217257e-01,0.000000000000000000e+00,-9.982298853314633957e-01,-1.268439387086170989e+00,0.000000000000000000e+00
8.387664524811635047e+00,1.935130353952873250e+00,0.000000000000000000e+00,-1.720284726315177148e-01,-3.057127027182000023e-01,0.000000000000000000e+00
8.299322895136135969e+00,1.786611288390792973e+00,0.000000000000000000e+00,-2.093390574392329229e-01,-4.364157227885969159e-01,0.000000000000000000e+00
8.128090800003956673e+00,1.783294086338811368e+00,0.000000000000000000e+00,-2.948741908450999011e-02,-7.059786176178345363e-01,0.000000000000000000e+00
8.209641318098141127e+00,1.927841462653997917e+00,0.000000000000000000e+00,-8.145671743820004362e-02,-4.137822665764411267e-01,0.000000000000000000e+00
7.471372336628460786e+00,3.733824479529120888e-01,0.000000000000000000e+00,-9.175385757511286822e-02,-1.174084652952684271e+00,0.000000000000000000e+00
7.536584802919664483e+00,5.013329634453933537e-01,0.000000000000000000e+00,-1.278027616503612796e-01,-1.182383921499239987e+00,0.000000000000000000e+00
7.384046337175083963e+00,5.075856693635393269e-01,0.000000000000000000e+00,-2.902711019595845543e-01,-1.631528994939772215e+00,0.000000000000000000e+00
7.474773134293507759e+00,6.327093819391803597e-01,0.000000000000000000e+00,-6.133430956231474829e-01,-1.497243052607557079e+00,0.000000000000000000e+00
7.384608614579761365e+00,2.488202755075337724e-01,0.000000000000000000e+00,-2.737176326525715409e-01,-6.931805234417420802e-01,0.000000000000000000e+00
7.292759446536997814e+00,1.292306622363912916e-01,0.000000000000000000e+00,-4.960655903871626360e-01,-2.648311373272229652e-01,0.000000000000000000e+00
7.297282615126384542e+00,3.830234969181609550e-01,0.000000000000000000e+00,-7.166429195901216076e-01,-1.136184368881291817e+00,0.000000000000000000e+00
7.210518893077684233e+00,2.584613244727825832e-01,0.000000000000000000e+00,-8.127731387420356057e-01,-5.517674704217170323e-01,0.000000000000000000e+00
8.819504673927523797e+00,2.098081035034162767e+00,0.000000000000000000e+00,-3.185113017077049746e-01,9.652357872636098401e-02,0.000000000000000000e+00
8.907675934752273150e+00,2.239934528182216944e+00,0.000000000000000000e+00,-2.975815916129742056e-01,1.042725127021175979e-01,0.000000000000000000e+00
8.650259503819626161e+00,2.085691671053803375e+00,0.000000000000000000e+00,-3.104388670668600247e-01,-1.918245378300866694e-02,0.000000000000000000e+00
8.734831276114123355e+00,2.228964096855857946e+00,0.000000000000000000e+00,-3.189221001133547562e-01,4.986440479280979804e-02,0.000000000000000000e+00
8.470849350580680337e+00,2.074537983604835212e+00,0.000000000000000000e+00,-2.381318475004715607e-01,-1.522695566955397928e-01,0.000000000000000000e+00
8.555421122875179307e+00,2.217810409406890226e+00,0.000000000000000000e+00,-2.934514729062844274e-01,-3.926438070882611042e-02,0.000000000000000000e+00
8.292826143867188193e+00,2.067249092305960101e+00,0.000000000000000000e+00,-1.297308597652058471e-01,-2.982515998179027239e-01,0.000000000000000000e+00
8.376010969636235259e+00,2.206656721957922507e+00,0.000000000000000000e+00,-2.228054156543251285e-01,-1.441966239824060136e-01,0.000000000000000000e+00
7.187499999998157030e+00,0.000000000000000000e+00,0.000000000000000000e+00,0.000000000000000000e+00,0.000000000000000000e+00,0.000000000000000000e+00
7.105259446538843449e+00,1.292306622363913193e-01,0.000000000000000000e+00,-7.332475626414924896e-01,-1.390516363922612575e-01,0.000000000000000000e+00
7.000000000000000000e+00,5.665253239786528793e-18,0.000000000000000000e+00,0.000000000000000000e+00,0.000000000000000000e+00,0.000000000000000000e+00
9.339967504975417611e+00,2.374291164455456737e+00,0.000000000000000000e+00,-1.584787201312738147e-01,1.411777128295781947e-01,0.000000000000000000e+00
9.180922362239611445e+00,2.376591528302268053e+00,0.000000000000000000e+00,-2.134813700341636755e-01,1.362000728712820519e-01,0.000000000000000000e+00
9.281324131088799945e+00,2.502278097095960607e+00,0.000000000000000000e+00,-1.673962317520454324e-01,1.008449937425522219e-01,0.000000000000000000e+00
9.464882285881124346e+00,2.475475329383841405e+00,0.000000000000000000e+00,-1.138227593136702936e-01,1.020362638293348390e-01,0.000000000000000000e+00
9.097606840219800262e+00,2.493896271362111783e+00,0.000000000000000000e+00,-2.293799991641459202e-01,8.851268663925399016e-02,0.000000000000000000e+00
8.997205071370608209e+00,2.368209702568418784e+00,0.000000000000000000e+00,-2.749068472190032142e-01,1.101311373087491968e-01,0.000000000000000000e+00
8.824360412732460190e+00,2.357239271242060674e+00,0.000000000000000000e+00,-3.020498950811694727e-01,6.483901230324749798e-02,0.000000000000000000e+00
8.913889549350795249e+00,2.485514445628262514e+00,0.000000000000000000e+00,-2.773638072521447673e-01,7.096543327641308130e-02,0.000000000000000000e+00
9.692989969413737583e+00,2.593162369076275731e+00,0.000000000000000000e+00,-4.225887069305694910e-02,4.057067758803450247e-02,0.000000000000000000e+00
9.868769749077015874e+00,2.681326088241319461e+00,0.000000000000000000e+00,-7.233792167715338318e-03,1.968944317288268478e-02,0.000000000000000000e+00
9.592713923852512536e+00,2.736489117658932990e+00,0.000000000000000000e+00,-4.506970464634502127e-02,2.493614584340892240e-02,0.000000000000000000e+00
9.548164395112220149e+00,2.591999310254379907e+00,0.000000000000000000e+00,-7.472901099021174443e-02,5.890806081051422338e-02,0.000000000000000000e+00
9.364606240319897523e+00,2.618802077966499109e+00,0.000000000000000000e+00,-1.188882403161232587e-01,6.761115182129366630e-02,0.000000000000000000e+00
9.737539498154029971e+00,2.737652176480828370e+00,0.000000000000000000e+00,-2.344377669663257752e-02,1.383616761012221134e-02,0.000000000000000000e+00
9.447888349550991549e+00,2.735326058837036722e+00,0.000000000000000000e+00,-7.317025078670807980e-02,3.801187316678373423e-02,0.000000000000000000e+00
1.000000000000000000e+01,2.812500000000905498e+00,0.000000000000000000e+00,0.000000000000000000e+00,0.000000000000000000e+00,0.000000000000000000e+00
1.000000000000000178e+01,3.000000000000000444e+00,0.000000000000000000e+00,0.000000000000000000e+00,0.000000000000000000e+00,0.000000000000000000e+00
9.868769749077015874e+00,2.868826088240414407e+00,0.000000000000000000e+00,-6.723695125227736186e-03,3.592468213692003465e-03,0.000000000000000000e+00
7.719453154956563701e+00,1.342303397366261919e+00,0.000000000000000000e+00,-3.965221329205004253e-01,-1.870234997480475059e+00,0.000000000000000000e+00
7.638198964823480708e+00,1.196102341064421370e+00,0.000000000000000000e+00,-6.139392265042288299e-01,-1.927108989077532808e+00,0.000000000000000000e+00
7.800484504897230664e+00,1.487256925148329856e+00,0.000000000000000000e+00,-1.847200236582127730e-01,-1.432128933380635516e+00,0.000000000000000000e+00
7.880660019359353896e+00,1.635102711923641650e+00,0.000000000000000000e+00,-5.657894811187913486e-02,-1.329702334303660027e+00,0.000000000000000000e+00
7.633748406868267722e+00,1.486505186041589877e+00,0.000000000000000000e+00,-7.717309833449523260e-02,-2.105497126243178307e+00,0.000000000000000000e+00
7.552717056927602535e+00,1.341551658259522162e+00,0.000000000000000000e+00,-4.269562891108042435e-01,-2.427876121652810415e+00,0.000000000000000000e+00
7.714779756808935574e+00,1.631458713823658258e+00,0.000000000000000000e+00,-2.344293704343048193e-02,-1.674750397581252326e+00,0.000000000000000000e+00
7.476215095392355181e+00,9.029881115926838842e-01,0.000000000000000000e+00,-1.132368285880153147e+00,-2.195821626568540630e+00,0.000000000000000000e+00
7.555305566046068400e+00,1.049398076269933533e+00,0.000000000000000000e+00,-9.213698870089354065e-01,-2.231625294076997612e+00,0.000000000000000000e+00
7.469823658150188450e+00,1.194847393465034102e+00,0.000000000000000000e+00,-7.684495200886392041e-01,-2.693616834734238186e+00,0.000000000000000000e+00
7.386930259372777030e+00,1.048143128670546265e+00,0.000000000000000000e+00,-1.069826135872977035e+00,-2.911418002398669547e+00,0.000000000000000000e+00
8.038145038076608628e+00,1.921304159404233713e+00,0.000000000000000000e+00,1.060618902099857153e-01,-7.923097498245413872e-01,0.000000000000000000e+00
7.956594519982424174e+00,1.776756783089047165e+00,0.000000000000000000e+00,2.176211463417352526e-02,-9.969359596451996541e-01,0.000000000000000000e+00
7.790714257432004963e+00,1.773112784989063551e+00,0.000000000000000000e+00,2.069653553520902911e-01,-1.394547964685576513e+00,0.000000000000000000e+00
7.866648758055074353e+00,1.914766856154468844e+00,0.000000000000000000e+00,2.496189177592224306e-01,-1.035096428586166128e+00,0.000000000000000000e+00
7.306018734192988973e+00,6.392411460999040118e-01,0.000000000000000000e+00,-1.111083426890502546e+00,-2.570043840851151007e+00,0.000000000000000000e+00
7.396745531311413657e+00,7.643648586755451557e-01,0.000000000000000000e+00,-1.474081615201588757e+00,-2.362177006475683072e+00,0.000000000000000000e+00
7.307460695291835506e+00,9.095198757534074252e-01,0.000000000000000000e+00,-1.506172956289294040e+00,-3.011358830303381584e+00,0.000000000000000000e+00
7.227991131210894871e+00,7.708966228362688078e-01,0.000000000000000000e+00,-1.720451915768795859e+00,-3.168581190402627090e+00,0.000000000000000000e+00
8.120269754838151499e+00,2.061373463861668309e+00,0.000000000000000000e+00,-5.801460971141526174e-02,-4.393944462539633444e-01,0.000000000000000000e+00
8.203454580607198565e+00,2.200781093513630715e+00,0.000000000000000000e+00,-1.207233685225430064e-01,-3.072379716462299570e-01,0.000000000000000000e+00
7.948773474816619000e+00,2.054836160611904106e+00,0.000000000000000000e+00,1.687551020614042330e-01,-7.934958141325831882e-01,0.000000000000000000e+00
8.030898191578163647e+00,2.194905465069338479e+00,0.000000000000000000e+00,-2.453436648261786077e-02,-4.420657233005215181e-01,0.000000000000000000e+00
7.122353954889120153e+00,3.858814214594414316e-01,0.000000000000000000e+00,-1.611748247743238327e+00,-1.236003835795487671e+00,0.000000000000000000e+00
7.209117676937819574e+00,5.104435939048197479e-01,0.000000000000000000e+00,-1.215837654668351364e+00,-1.888998761340022758e+00,0.000000000000000000e+00
7.131090073955725472e+00,6.420990706411844329e-01,0.000000000000000000e+00,-1.911415453021312105e+00,-2.557089598137055830e+00,0.000000000000000000e+00
7.034189016700556962e+00,5.133015184461003910e-01,0.000000000000000000e+00,-2.117156039118980537e+00,-1.720737756601041779e+00,0.000000000000000000e+00
6.924186324794371572e+00,1.314914914195154938e-01,0.000000000000000000e+00,-1.327964908443773684e+00,-6.240695279433615683e-01,0.000000000000000000e+00
7.029445771333215021e+00,2.607221536559067854e-01,0.000000000000000000e+00,-1.451119851685343631e+00,-7.950984592497426506e-01,0.000000000000000000e+00
6.941280833144650941e+00,3.881422506425656893e-01,0.000000000000000000e+00,-2.122508737756792385e+00,-1.193713492954184385e+00,0.000000000000000000e+00
6.848372649588744032e+00,2.629829828390309876e-01,0.000000000000000000e+00,-1.904320093083405663e+00,-9.056325569592263980e-01,0.000000000000000000e+00
8.734478146281750455e+00,2.481002954087127677e+00,0.000000000000000000e+00,-2.990547067466005071e-01,3.525554117681461291e-02,0.000000000000000000e+00
8.644949009663413619e+00,2.352727779700924948e+00,0.000000000000000000e+00,-3.154420627371680719e-01,2.348260453712380097e-02,0.000000000000000000e+00
8.465538856424469571e+00,2.341574092251956785e+00,0.000000000000000000e+00,-2.819504540893712496e-01,-4.352022503573174661e-02,0.000000000000000000e+00
8.555066743212702107e+00,2.476491462545991507e+00,0.000000000000000000e+00,-3.071157730302130906e-01,1.232888772334548091e-02,0.000000000000000000e+00
8.377506355959390305e+00,2.471391380235844260e+00,0.000000000000000000e+00,-2.860935015334979958e-01,-5.065025004958221416e-02,0.000000000000000000e+00
8.287978469171155993e+00,2.336474009941809982e+00,0.000000000000000000e+00,-2.212650259801680064e-01,-1.400366866396497156e-01,0.000000000000000000e+00
8.115422080142121075e+00,2.330598381497518190e+00,0.000000000000000000e+00,-1.060883493890248941e-01,-2.962985930681105717e-01,0.000000000000000000e+00
8.199945968706078503e+00,2.466291297925697457e+00,0.000000000000000000e+00,-2.314574401766931466e-01,-1.264173154476553318e-01,0.000000000000000000e+00
6.833333333333333925e+00,0.000000000000000000e+00,0.000000000000000000e+00,-2.436542043192353735e-01,-6.324519464052731355e-01,0.000000000000000000e+00
6.757519658127705497e+00,1.314914914195154938e-01,0.000000000000000000e+00,-1.352494585342085998e+00,-8.169518938337854141e-01,0.000000000000000000e+00
6.666666666666666963e+00,5.956508508056608246e-18,0.000000000000000000e+00,-3.345883602046250127e-01,-7.996721868056249072e-01,0.000000000000000000e+00
9.188201317452342920e+00,2.617064742475180950e+00,0.000000000000000000e+00,-1.722532139577207799e-01,6.019712293113322482e-02,0.000000000000000000e+00
9.271483426683438722e+00,2.733588723345719007e+00,0.000000000000000000e+00,-1.168848803448050006e-01,3.308940689162889748e-02,0.000000000000000000e+00
9.004484026583339684e+00,2.608682916741331681e+00,0.000000000000000000e+00,-2.202832912860966386e-01,5.434706438460699951e-02,0.000000000000000000e+00
9.095078503815880566e+00,2.731851387854400404e+00,0.000000000000000000e+00,-1.556133255039857943e-01,3.348525749997185996e-02,0.000000000000000000e+00
8.825202798916823355e+00,2.604055557768529816e+00,0.000000000000000000e+00,-2.575679477267523443e-01,4.020648055761086997e-02,0.000000000000000000e+00
8.915797276149366013e+00,2.727224028881598983e+00,0.000000000000000000e+00,-1.938756804441289783e-01,2.533236016582930336e-02,0.000000000000000000e+00
8.645791395847776784e+00,2.599544066227394534e+00,0.000000000000000000e+00,-2.729553937595438073e-01,1.953682004983102113e-02,0.000000000000000000e+00
8.736516048482851460e+00,2.722596669908797562e+00,0.000000000000000000e+00,-2.246022336114888163e-01,2.057690091404084515e-02,0.000000000000000000e+00
9.690198320506851815e+00,2.868826088240414407e+00,0.000000000000000000e+00,-1.826669739783953403e-02,3.541893303251920488e-03,0.000000000000000000e+00
9.545372746205330827e+00,2.867663029418518583e+00,0.000000000000000000e+00,-3.280387679346698226e-02,9.507656208549028487e-03,0.000000000000000000e+00
9.642857142859671882e+00,3.000000000000000444e+00,0.000000000000000000e+00,0.000000000000000000e+00,0.000000000000000000e+00,0.000000000000000000e+00
9.821428571429835941e+00,3.000000000000000444e+00,0.000000000000000000e+00,0.000000000000000000e+00,0.000000000000000000e+00,0.000000000000000000e+00
9.464285714289506046e+00,3.000000000000000444e+00,0.000000000000000000e+00,0.000000000000000000e+00,0.000000000000000000e+00,0.000000000000000000e+00
9.366801317635166768e+00,2.867663029418518583e+00,0.000000000000000000e+00,-6.058038561873484856e-02,9.710773607280650047e-03,0.000000000000000000e+00
9.190396394767610388e+00,2.865925693927200424e+00,0.000000000000000000e+00,-8.612903773339966595e-02,9.756481650372522338e-03,0.000000000000000000e+00
9.285714285719341987e+00,3.000000000000000444e+00,0.000000000000000000e+00,0.000000000000000000e+00,0.000000000000000000e+00,0.000000000000000000e+00
7.469137771298809625e+00,1.485059885352276732e+00,0.000000000000000000e+00,1.732832016002698317e-01,-2.353407607498883891e+00,0.000000000000000000e+00
7.550169121239474812e+00,1.630013413134344447e+00,0.000000000000000000e+00,2.689337806830698896e-01,-1.973204833154469817e+00,0.000000000000000000e+00
7.385558485670014939e+00,1.628568112445031080e+00,0.000000000000000000e+00,5.754200100307348409e-01,-2.189115680536671604e+00,0.000000000000000000e+00
7.302437950007695022e+00,1.193887516119425118e+00,0.000000000000000000e+00,-5.302060956764717004e-01,-2.701088662356895487e+00,0.000000000000000000e+00
7.385331348785107330e+00,1.340591780913912956e+00,0.000000000000000000e+00,-2.108765801836991471e-01,-2.413782705610545420e+00,0.000000000000000000e+00
7.301752063156314421e+00,1.484100008006667748e+00,0.000000000000000000e+00,3.157417287685549967e-01,-2.290550140881471464e+00,0.000000000000000000e+00
7.217945640642613903e+00,1.339631903568304194e+00,0.000000000000000000e+00,2.561552845031056513e-02,-2.377747400252954169e+00,0.000000000000000000e+00
7.631692472519311821e+00,1.772759427908113139e+00,0.000000000000000000e+00,4.567385701191210012e-01,-1.572606814914571993e+00,0.000000000000000000e+00
7.707626973142382099e+00,1.914413499073518432e+00,0.000000000000000000e+00,5.636695978307986188e-01,-1.240124945772129506e+00,0.000000000000000000e+00
7.467081836949851947e+00,1.771314127218799772e+00,0.000000000000000000e+00,8.122543523308363156e-01,-1.784024649076594748e+00,0.000000000000000000e+00
7.548605188229688956e+00,1.914060141992568465e+00,0.000000000000000000e+00,8.800775989381581788e-01,-1.340854537420530512e+00,0.000000000000000000e+00
7.139675838346640546e+00,9.096419157776274300e-01,0.000000000000000000e+00,-1.217952841117830642e+00,-2.685844460843651138e+00,0.000000000000000000e+00
7.219145402427581182e+00,1.048265168694765936e+00,0.000000000000000000e+00,-8.147301300974737481e-01,-2.526608700237305438e+00,0.000000000000000000e+00
7.134653093062500062e+00,1.194009556143645012e+00,0.000000000000000000e+00,-4.438266969879322565e-01,-2.193115316854025831e+00,0.000000000000000000e+00
7.051360545482385334e+00,1.048387208718985830e+00,0.000000000000000000e+00,-5.348945396139119790e-01,-2.037848018587329779e+00,0.000000000000000000e+00
7.864062717808841363e+00,2.192928176627089165e+00,0.000000000000000000e+00,2.829633464818323563e-01,-6.189227992364036979e-01,0.000000000000000000e+00
7.781938001047297604e+00,2.052858872169653903e+00,0.000000000000000000e+00,4.168968669244350056e-01,-8.692685051246558103e-01,0.000000000000000000e+00
7.622916216134603573e+00,2.052505515088703270e+00,0.000000000000000000e+00,7.428712323117760974e-01,-1.046583434644396293e+00,0.000000000000000000e+00
7.697227244039518190e+00,2.190950888184838519e+00,0.000000000000000000e+00,5.362907469874748090e-01,-6.694544828490353039e-01,0.000000000000000000e+00
6.952929903379287069e+00,6.454193644383671158e-01,0.000000000000000000e+00,-1.957082499688556076e+00,-1.390175486575599306e+00,0.000000000000000000e+00
7.049830960634455579e+00,7.742169166334511576e-01,0.000000000000000000e+00,-1.864339056513453885e+00,-2.225368801628876181e+00,0.000000000000000000e+00
6.961515667770202143e+00,9.129622095748098909e-01,0.000000000000000000e+00,-1.175642495305480040e+00,-1.662509869272455365e+00,0.000000000000000000e+00
6.871670790058016287e+00,7.775372104306336185e-01,0.000000000000000000e+00,-1.768138545845109988e+00,-9.876144500420681593e-01,0.000000000000000000e+00
7.933406541256053934e+00,2.328915514304226164e+00,0.000000000000000000e+00,6.824125477905981785e-02,-3.046240246954530217e-01,0.000000000000000000e+00
8.017930429820010474e+00,2.464608430732404987e+00,0.000000000000000000e+00,-8.060091586030743160e-02,-1.858336557672616018e-01,0.000000000000000000e+00
7.766571067486731650e+00,2.326938225861975962e+00,0.000000000000000000e+00,3.575413564547213485e-01,-4.731275766793593962e-01,0.000000000000000000e+00
7.835914890933943333e+00,2.462925563539112517e+00,0.000000000000000000e+00,5.252634599089991280e-02,-1.801049426403097675e-01,0.000000000000000000e+00
6.760942401765499099e+00,3.857697652760996854e-01,0.000000000000000000e+00,-1.984222964445185866e+00,-8.374030421690524806e-01,0.000000000000000000e+00
6.853850585321405120e+00,5.109290330796343316e-01,0.000000000000000000e+00,-2.253827212059744678e+00,-9.831331729800421027e-01,0.000000000000000000e+00
6.772591472000135226e+00,6.430468790719010563e-01,0.000000000000000000e+00,-1.959865300563971235e+00,-7.382127450441581251e-01,0.000000000000000000e+00
6.673512153942252390e+00,5.085565477131682721e-01,0.000000000000000000e+00,-2.038457996892142798e+00,-7.317179717635193814e-01,0.000000000000000000e+00
6.673456472958759989e+00,2.697430671614163833e-01,0.000000000000000000e+00,-2.025278316078225949e+00,-8.525058170512433975e-01,0.000000000000000000e+00
6.582603481497720566e+00,1.382515757419008617e-01,0.000000000000000000e+00,-1.394352712417808782e+00,-9.450031317025537891e-01,0.000000000000000000e+00
6.586026225135513279e+00,3.925298495984850256e-01,0.000000000000000000e+00,-2.005459687259164792e+00,-9.159947594856577835e-01,0.000000000000000000e+00
6.498540296328773280e+00,2.765031514838017235e-01,0.000000000000000000e+00,-2.030835196522447372e+00,-1.017325618925429165e+00,0.000000000000000000e+00
8.466827358603264742e+00,2.598359689380896675e+00,0.000000000000000000e+00,-2.840476162189199960e-01,-4.344348602795099039e-03,0.000000000000000000e+00
8.557552011238339418e+00,2.721412293062299703e+00,0.000000000000000000e+00,-2.399327602394209225e-01,3.089934983927969826e-03,0.000000000000000000e+00
8.289266971349952939e+00,2.593259607070749428e+00,0.000000000000000000e+00,-2.629613783985389475e-01,-5.137242844760386840e-02,0.000000000000000000e+00
8.378587973993825599e+00,2.720227916215801400e+00,0.000000000000000000e+00,-2.456394655423954632e-01,-1.202344216769822213e-02,0.000000000000000000e+00
8.110195081946439899e+00,2.588582832545347934e+00,0.000000000000000000e+00,-2.044548082085868579e-01,-7.913552528385764395e-02,0.000000000000000000e+00
8.199516084590314335e+00,2.715551141690399906e+00,0.000000000000000000e+00,-2.260784929865091442e-01,-3.117729025600095641e-02,0.000000000000000000e+00
7.928179543060373646e+00,2.586899965352055464e+00,0.000000000000000000e+00,-1.157553546833464952e-01,-1.111088837462352735e-01,0.000000000000000000e+00
8.020444195186803071e+00,2.710874367164997523e+00,0.000000000000000000e+00,-1.964733478567797231e-01,-5.484963347310022747e-02,0.000000000000000000e+00
6.500000000000000888e+00,0.000000000000000000e+00,0.000000000000000000e+00,-4.029203181915867460e-01,-7.583806381068126656e-01,0.000000000000000000e+00
6.415936814831054491e+00,1.382515757419008895e-01,0.000000000000000000e+00,-1.494509764166147114e+00,-8.309485732813629566e-01,0.000000000000000000e+00
6.333333333333333037e+00,5.182267320918111547e-18,0.000000000000000000e+00,-2.829404470540520800e-01,-9.282060252922709198e-01,0.000000000000000000e+00
9.107142857149177928e+00,3.000000000000000444e+00,0.000000000000000000e+00,0.000000000000000000e+00,0.000000000000000000e+00,0.000000000000000000e+00
9.011824966197448106e+00,2.865925693927200424e+00,0.000000000000000000e+00,-1.112210381847042046e-01,7.770075617647267084e-03,0.000000000000000000e+00
8.832543738530930000e+00,2.861298334954398559e+00,0.000000000000000000e+00,-1.354336329782730719e-01,6.135963704105720264e-03,0.000000000000000000e+00
8.928571428579013869e+00,3.000000000000000444e+00,0.000000000000000000e+00,0.000000000000000000e+00,0.000000000000000000e+00,0.000000000000000000e+00
8.750000000008848033e+00,3.000000000000000444e+00,0.000000000000000000e+00,0.000000000000000000e+00,0.000000000000000000e+00,0.000000000000000000e+00
8.653972309960767717e+00,2.861298334954399003e+00,0.000000000000000000e+00,-1.524503893853855485e-01,3.904044947494059083e-03,0.000000000000000000e+00
8.475008272716255675e+00,2.860113958107900700e+00,0.000000000000000000e+00,-1.611878097259974718e-01,-3.879832958403486073e-03,0.000000000000000000e+00
8.571428571438683974e+00,3.000000000000000444e+00,0.000000000000000000e+00,0.000000000000000000e+00,0.000000000000000000e+00,0.000000000000000000e+00
7.137726755065566309e+00,1.483435529228873229e+00,0.000000000000000000e+00,4.594181322499946707e-01,-2.224305052159338381e+00,0.000000000000000000e+00
7.221533177579267715e+00,1.627903633667236782e+00,0.000000000000000000e+00,6.312118443546839153e-01,-2.128918819756526748e+00,0.000000000000000000e+00
7.307878236105106673e+00,1.770229236555999508e+00,0.000000000000000000e+00,1.051845905241858725e+00,-2.148473061650806315e+00,0.000000000000000000e+00
7.389401587384943682e+00,1.912975251329767978e+00,0.000000000000000000e+00,1.140563663369307257e+00,-1.772362769092793000e+00,0.000000000000000000e+00
7.143852928014359449e+00,1.769564757778205211e+00,0.000000000000000000e+00,1.085271297490693510e+00,-2.080245477954518751e+00,0.000000000000000000e+00
7.057507869488517827e+00,1.627239154889442041e+00,0.000000000000000000e+00,7.104708939495752995e-01,-2.052157263917197660e+00,0.000000000000000000e+00
7.230197986540199295e+00,1.911890360666968380e+00,0.000000000000000000e+00,1.353268309867302399e+00,-2.118848776257881816e+00,0.000000000000000000e+00
6.966317857805607971e+00,1.194037127529659070e+00,0.000000000000000000e+00,-3.671021270372178402e-01,-1.708009031765260310e+00,0.000000000000000000e+00
7.049610405385720924e+00,1.339659474954318030e+00,0.000000000000000000e+00,-5.038924792151299598e-03,-1.907565955856565854e+00,0.000000000000000000e+00
6.969391519808674218e+00,1.483463100614887287e+00,0.000000000000000000e+00,3.925789111502686057e-01,-1.735466110094091796e+00,0.000000000000000000e+00
6.881275170128829721e+00,1.339687046340332310e+00,0.000000000000000000e+00,-3.048259873674865478e-02,-1.292156239128900097e+00,0.000000000000000000e+00
7.468613644581131084e+00,2.052850627087588808e+00,0.000000000000000000e+00,9.390140240647883996e-01,-1.306266016242180639e+00,0.000000000000000000e+00
7.542924672486044813e+00,2.191296000183724058e+00,0.000000000000000000e+00,8.348975691180925418e-01,-9.867040326852488663e-01,0.000000000000000000e+00
7.309410043736385809e+00,2.051765736424788766e+00,0.000000000000000000e+00,1.246581868692283823e+00,-1.708461347754054449e+00,0.000000000000000000e+00
7.388622100932572323e+00,2.191641112182609596e+00,0.000000000000000000e+00,1.060646524864642393e+00,-1.221022936990112662e+00,0.000000000000000000e+00
6.792521191302311578e+00,9.099225172422948926e-01,0.000000000000000000e+00,-1.356171613487757499e+00,-7.642747407133312354e-01,0.000000000000000000e+00
6.882366069014495658e+00,1.045347516386470943e+00,0.000000000000000000e+00,-6.854747025721558140e-01,-1.430689038484233899e+00,0.000000000000000000e+00
6.797323381337717407e+00,1.190997435197143961e+00,0.000000000000000000e+00,-3.148984209456478500e-01,-1.031588660166961713e+00,0.000000000000000000e+00
6.713371592546605982e+00,1.042307824053956278e+00,0.000000000000000000e+00,-8.087795651174111144e-01,-4.451756671832290957e-01,0.000000000000000000e+00
7.686278216915031436e+00,2.462636355918981224e+00,0.000000000000000000e+00,2.220311302946084697e-01,-4.097634426838155375e-01,0.000000000000000000e+00
7.616934393467818865e+00,2.326649018241844225e+00,0.000000000000000000e+00,4.945711189565376031e-01,-5.685684339381403829e-01,0.000000000000000000e+00
7.462631821914344599e+00,2.326994130240729319e+00,0.000000000000000000e+00,7.355310996839496962e-01,-9.673834670522795109e-01,0.000000000000000000e+00
7.536641542896119539e+00,2.462347148298850374e+00,0.000000000000000000e+00,2.852939898283997078e-01,-5.699939041179630239e-01,0.000000000000000000e+00
6.598151791795568322e+00,6.346273668050790295e-01,0.000000000000000000e+00,-1.793255347342840533e+00,-5.167566714532039196e-01,0.000000000000000000e+00
6.697231109853450270e+00,7.691176981638115917e-01,0.000000000000000000e+00,-1.707296059567679825e+00,-5.330398225634875864e-01,0.000000000000000000e+00
6.618081511097743785e+00,9.015030049754728658e-01,0.000000000000000000e+00,-1.241654842585669050e+00,-2.240204788521458767e-01,0.000000000000000000e+00
6.522791429648884254e+00,7.606981858969897869e-01,0.000000000000000000e+00,-1.476694946010302267e+00,-2.428276887999174793e-01,0.000000000000000000e+00
7.760554218115490954e+00,2.596407766018837382e+00,0.000000000000000000e+00,-5.050587858571031763e-02,-1.191487053290787024e-01,0.000000000000000000e+00
7.852818870241920379e+00,2.720382167831779885e+00,0.000000000000000000e+00,-1.445134271248998958e-01,-5.612006980720397192e-02,0.000000000000000000e+00
7.610917544096578169e+00,2.596118558398705645e+00,0.000000000000000000e+00,1.270471211758625041e-01,-4.152343074271258594e-01,0.000000000000000000e+00
7.685193545297037687e+00,2.729889968498562247e+00,0.000000000000000000e+00,-9.151588945922718710e-02,-7.467233207904155901e-02,0.000000000000000000e+00
6.501126669601501540e+00,5.023247837468184374e-01,0.000000000000000000e+00,-1.771611955333998845e+00,-8.301214959083620393e-01,0.000000000000000000e+00
6.413640740794761541e+00,3.862980856321351908e-01,0.000000000000000000e+00,-1.710544895082176442e+00,-1.128778211908048501e+00,0.000000000000000000e+00
6.425766307454816584e+00,6.283956028387290838e-01,0.000000000000000000e+00,-1.475364330186309525e+00,-6.694904843099658276e-01,0.000000000000000000e+00
6.328741185260750690e+00,4.960930197804687136e-01,0.000000000000000000e+00,-1.304325677483612722e+00,-1.201846622708051315e+00,0.000000000000000000e+00
6.250000000000000000e+00,1.202813060811763479e-01,0.000000000000000000e+00,-1.654501337491598889e+00,-1.306409653131307858e+00,0.000000000000000000e+00
6.332603481497720566e+00,2.585328818230772097e-01,0.000000000000000000e+00,-2.299900172692484812e+00,-1.200675948613771471e+00,0.000000000000000000e+00
6.247703925963708826e+00,3.683278159714107325e-01,0.000000000000000000e+00,-1.944595270590963709e+00,-1.377226056786232444e+00,0.000000000000000000e+00
6.166666666666666075e+00,2.405626121623526958e-01,0.000000000000000000e+00,-2.484978909820327431e+00,-1.369883031462758360e+00,0.000000000000000000e+00
8.392857142868518139e+00,3.000000000000000444e+00,0.000000000000000000e+00,0.000000000000000000e+00,0.000000000000000000e+00,0.000000000000000000e+00
8.296436844146089840e+00,2.860113958107900700e+00,0.000000000000000000e+00,-1.596077099150543244e-01,-5.332100136674818372e-03,0.000000000000000000e+00
8.117364954742576799e+00,2.855437183582498761e+00,0.000000000000000000e+00,-1.508253599292326275e-01,-1.651438890879434671e-02,0.000000000000000000e+00
8.214285714298354080e+00,3.000000000000000444e+00,0.000000000000000000e+00,0.000000000000000000e+00,0.000000000000000000e+00,0.000000000000000000e+00
8.035714285725685357e+00,3.000000000000000444e+00,0.000000000000000000e+00,0.000000000000000000e+00,0.000000000000000000e+00,0.000000000000000000e+00
7.938793526169910741e+00,2.855437183582498761e+00,0.000000000000000000e+00,-1.264007718824271265e-01,-1.725974464211182252e-02,0.000000000000000000e+00
7.771168201225027161e+00,2.864944984249280679e+00,0.000000000000000000e+00,-9.706880849826124424e-02,-1.739986685510713435e-02,0.000000000000000000e+00
7.857142857153019300e+00,3.000000000000000444e+00,0.000000000000000000e+00,0.000000000000000000e+00,0.000000000000000000e+00,0.000000000000000000e+00
6.166666666666667851e+00,0.000000000000000000e+00,0.000000000000000000e+00,1.311762966351071868e-01,-1.093940041310270672e+00,0.000000000000000000e+00
6.083333333333333037e+00,1.202813060811763479e-01,0.000000000000000000e+00,-1.738944591339705914e+00,-1.252204269328538455e+00,0.000000000000000000e+00
6.000000000000000000e+00,5.328391400176496816e-18,0.000000000000000000e+00,0.000000000000000000e+00,0.000000000000000000e+00,0.000000000000000000e+00
6.988609994209250331e+00,1.769485899399119599e+00,0.000000000000000000e+00,1.076203523992521172e+00,-1.960767397991288297e+00,0.000000000000000000e+00
7.074955052735090177e+00,1.911811502287882547e+00,0.000000000000000000e+00,1.216447612887798124e+00,-2.083079461252696163e+00,0.000000000000000000e+00
6.919712118929983724e+00,1.911732643908797380e+00,0.000000000000000000e+00,1.054415457754476204e+00,-2.040756023297658928e+00,0.000000000000000000e+00
6.805475397362460654e+00,1.484061096832717919e+00,0.000000000000000000e+00,2.593445554408811971e-01,-1.132244483629409881e+00,0.000000000000000000e+00
6.893591747042306039e+00,1.627837151107272895e+00,0.000000000000000000e+00,6.413943498277773214e-01,-1.570810171131151955e+00,0.000000000000000000e+00
6.824693871763038544e+00,1.770083895616950231e+00,0.000000000000000000e+00,8.524689305204632417e-01,-1.559701887391042208e+00,0.000000000000000000e+00
6.729675624596091588e+00,1.628435147325103083e+00,0.000000000000000000e+00,4.972126142602902865e-01,-9.088238768155505465e-01,0.000000000000000000e+00
7.153740050658811356e+00,2.049468419086256432e+00,0.000000000000000000e+00,1.380094813666942644e+00,-2.272235806712811002e+00,0.000000000000000000e+00
7.232952107854996981e+00,2.189343794844076818e+00,0.000000000000000000e+00,1.218041221888805481e+00,-1.923727545194558575e+00,0.000000000000000000e+00
6.998497116853703126e+00,2.049389560707170599e+00,0.000000000000000000e+00,1.184889073124720360e+00,-2.268164150989194106e+00,0.000000000000000000e+00
7.077282114777422528e+00,2.187046477505543596e+00,0.000000000000000000e+00,1.291845398410430557e+00,-2.475112430962808308e+00,0.000000000000000000e+00
6.628557371184877312e+00,1.189713073292055778e+00,0.000000000000000000e+00,-5.315469983125491460e-01,-3.464761550336342144e-01,0.000000000000000000e+00
6.712509159975988737e+00,1.338402684435243462e+00,0.000000000000000000e+00,-9.511758524817463811e-02,-8.775486687465771096e-01,0.000000000000000000e+00
6.636709387209620559e+00,1.482776734927629292e+00,0.000000000000000000e+00,2.587373476264215877e-01,-6.536786443764475152e-01,0.000000000000000000e+00
6.543743149823148642e+00,1.337118322530155279e+00,0.000000000000000000e+00,-2.358824478580296702e-01,-1.084298906407799995e-01,0.000000000000000000e+00
7.310753106823790759e+00,2.327925707926865151e+00,0.000000000000000000e+00,7.676116824186832721e-01,-1.433460381275345474e+00,0.000000000000000000e+00
7.384762827805563035e+00,2.463278725984985762e+00,0.000000000000000000e+00,4.507379351957001012e-01,-1.149908842474315129e+00,0.000000000000000000e+00
7.155083113746215417e+00,2.325628390588332373e+00,0.000000000000000000e+00,9.617389597690343406e-01,-2.081661690581925850e+00,0.000000000000000000e+00
7.232884112715008307e+00,2.464210303671121594e+00,0.000000000000000000e+00,5.648016471118345594e-01,-1.548548740422198922e+00,0.000000000000000000e+00
6.451405998383151541e+00,9.030297228989794256e-01,0.000000000000000000e+00,-1.185490522283513481e+00,2.066019641053210704e-02,0.000000000000000000e+00
6.546696079832011073e+00,1.043834541977462393e+00,0.000000000000000000e+00,-8.494140730277081053e-01,-8.822272925030709423e-02,0.000000000000000000e+00
6.461881858470283291e+00,1.191239791215562116e+00,0.000000000000000000e+00,-5.151157424448795652e-01,2.986670931525656214e-01,0.000000000000000000e+00
6.380020567117417940e+00,1.045361259900969175e+00,0.000000000000000000e+00,-6.518409054481782983e-01,4.856248583225761806e-01,0.000000000000000000e+00
7.455714648486616802e+00,2.595429451613409988e+00,0.000000000000000000e+00,1.908675194261118535e-01,-6.673118447804128328e-01,0.000000000000000000e+00
7.529990649687075432e+00,2.729200861713265702e+00,0.000000000000000000e+00,1.344930413832405303e-01,-4.548493974789171168e-01,0.000000000000000000e+00
7.303835933396061186e+00,2.596361029299545375e+00,0.000000000000000000e+00,4.722794103905487151e-01,-1.181652353548360956e+00,0.000000000000000000e+00
7.374787754077113178e+00,2.728511754927969157e+00,0.000000000000000000e+00,2.689752610804427291e-01,-6.848689601305160135e-01,0.000000000000000000e+00
6.233816957145592141e+00,6.287436096702291310e-01,0.000000000000000000e+00,-9.048023583627815558e-01,-7.651762794816365787e-01,0.000000000000000000e+00
6.330842079339658923e+00,7.610461927284895012e-01,0.000000000000000000e+00,-9.644937752681312926e-01,-3.671325972288447814e-01,0.000000000000000000e+00
6.259456648073926210e+00,9.033777297304792508e-01,0.000000000000000000e+00,-5.093923197286230886e-01,2.535388081048629005e-01,0.000000000000000000e+00
6.138892729030433593e+00,7.613941995599894375e-01,0.000000000000000000e+00,-1.885495535255855282e-01,3.817033787513789134e-02,0.000000000000000000e+00
7.678571428576510094e+00,3.000000000000000444e+00,0.000000000000000000e+00,0.000000000000000000e+00,0.000000000000000000e+00,0.000000000000000000e+00
7.592596772648519732e+00,2.864944984249281568e+00,0.000000000000000000e+00,-5.902706454996153873e-02,-4.840795214894262621e-02,0.000000000000000000e+00
7.437393877038557477e+00,2.864255877463985023e+00,0.000000000000000000e+00,2.270068707403934127e-01,-4.346624180762516665e-01,0.000000000000000000e+00
7.500000000000000888e+00,3.000000000000000444e+00,0.000000000000000000e+00,0.000000000000000000e+00,0.000000000000000000e+00,0.000000000000000000e+00
6.116701120374845146e+00,3.481203139052501117e-01,0.000000000000000000e+00,-1.875555433041644848e+00,-9.357006593267254146e-01,0.000000000000000000e+00
6.197738379671886122e+00,4.758855177143080928e-01,0.000000000000000000e+00,-1.034636426605940018e+00,-9.474255321707544253e-01,0.000000000000000000e+00
6.102814151556728461e+00,6.085361076040685102e-01,0.000000000000000000e+00,-5.609178147832938333e-01,-1.351064338996984526e-01,0.000000000000000000e+00
6.066735574083022442e+00,4.556780156481475275e-01,0.000000000000000000e+00,-8.228522460239477976e-01,-2.224665314443159680e-01,0.000000000000000000e+00
6.035868830228574566e+00,2.439541768993092052e-01,0.000000000000000000e+00,-2.296753395849497004e+00,-5.779012238070089236e-01,0.000000000000000000e+00
5.952535496895240641e+00,1.236728708181328434e-01,0.000000000000000000e+00,-1.295404939555433232e+00,4.037385287737408485e-02,0.000000000000000000e+00
5.985903283936752750e+00,3.515118786422066210e-01,0.000000000000000000e+00,-1.324264396860252990e+00,2.103948125041072426e-01,0.000000000000000000e+00
5.905070993790483058e+00,2.473457416362657701e-01,0.000000000000000000e+00,-1.637006544115873208e+00,4.838867318480968849e-01,0.000000000000000000e+00
5.875000000000000888e+00,0.000000000000000000e+00,0.000000000000000000e+00,0.000000000000000000e+00,0.000000000000000000e+00,0.000000000000000000e+00
5.827535496895241529e+00,1.236728708181328712e-01,0.000000000000000000e+00,-1.071291380673172311e+00,1.453097600873380635e-01,0.000000000000000000e+00
5.750000000000000000e+00,4.977732783493497817e-18,0.000000000000000000e+00,0.000000000000000000e+00,0.000000000000000000e+00,0.000000000000000000e+00
6.650875927461831871e+00,1.772272174840622494e+00,0.000000000000000000e+00,5.529311433276090648e-01,-7.393437842893636480e-01,0.000000000000000000e+00
6.745894174628777051e+00,1.913920923132469643e+00,0.000000000000000000e+00,8.741852479189888836e-01,-1.470312686010483816e+00,0.000000000000000000e+00
6.844196781188268019e+00,2.047293026715662823e+00,0.000000000000000000e+00,1.113682784535295456e+00,-1.960665699953335395e+00,0.000000000000000000e+00
6.922981779111987422e+00,2.184949943514036264e+00,0.000000000000000000e+00,1.242730881281926214e+00,-2.197629121240846306e+00,0.000000000000000000e+00
6.670378836887062235e+00,2.049481305939334863e+00,0.000000000000000000e+00,9.956720620718528814e-01,-1.310153428134354092e+00,0.000000000000000000e+00
6.572076230327571267e+00,1.916109202356141683e+00,0.000000000000000000e+00,5.896776041808160507e-01,-5.739877402300382903e-01,0.000000000000000000e+00
6.768681443446552315e+00,2.182853409522528487e+00,0.000000000000000000e+00,1.279738130925847983e+00,-1.790713933468548458e+00,0.000000000000000000e+00
6.466622885746212468e+00,1.482954026929854230e+00,0.000000000000000000e+00,9.890792583718005515e-02,1.217289351415234144e-01,0.000000000000000000e+00
6.559589123132684385e+00,1.628612439327328243e+00,0.000000000000000000e+00,5.213877849260367681e-01,-4.708447279739744196e-01,0.000000000000000000e+00
6.480789425998423781e+00,1.772449466842847432e+00,0.000000000000000000e+00,5.245858654120125752e-01,-2.710544215810620772e-01,0.000000000000000000e+00
6.389502621669276294e+00,1.628789731329553181e+00,0.000000000000000000e+00,3.134313356622310809e-01,2.721497084046447523e-01,0.000000000000000000e+00
7.000438520438828860e+00,2.323498756293393086e+00,0.000000000000000000e+00,1.264090006002611233e+00,-2.320053840403502043e+00,0.000000000000000000e+00
7.078239519407620861e+00,2.462080669376181419e+00,0.000000000000000000e+00,9.341775561931056071e-01,-1.884469723516168482e+00,0.000000000000000000e+00
6.846138184773392865e+00,2.321402222301885310e+00,0.000000000000000000e+00,1.282194013518694664e+00,-1.961206194824252513e+00,0.000000000000000000e+00
6.923594926100234304e+00,2.459951035081242576e+00,0.000000000000000000e+00,1.256873828395910664e+00,-2.129102393386727243e+00,0.000000000000000000e+00
6.302023656912206562e+00,1.189660054366949105e+00,0.000000000000000000e+00,-4.070186285590854380e-01,9.026559616333623692e-01,0.000000000000000000e+00
6.383884948265070136e+00,1.335538585681542045e+00,0.000000000000000000e+00,-3.528278560101577588e-01,6.816787488541599105e-01,0.000000000000000000e+00
6.306764684188134851e+00,1.481374290081241218e+00,0.000000000000000000e+00,-1.000801369688795184e-01,8.328440247721962120e-01,0.000000000000000000e+00
6.224026746706993407e+00,1.333958848832929034e+00,0.000000000000000000e+00,-3.764045480935339638e-01,1.091513812189350174e+00,0.000000000000000000e+00
7.156074367560322003e+00,2.596135705842491426e+00,0.000000000000000000e+00,7.261527735311713583e-01,-1.429871804377150779e+00,0.000000000000000000e+00
7.227026188241374882e+00,2.728286431470915208e+00,0.000000000000000000e+00,5.036832442308167845e-01,-1.108923197634878344e+00,0.000000000000000000e+00
7.001429774252935445e+00,2.594006071547551695e+00,0.000000000000000000e+00,9.965166462692985894e-01,-1.807564946152284691e+00,0.000000000000000000e+00
7.079264622405634810e+00,2.728061108013860814e+00,0.000000000000000000e+00,6.455086337474814639e-01,-1.420739962700487524e+00,0.000000000000000000e+00
6.111583974154509491e+00,9.200976904408546542e-01,0.000000000000000000e+00,-1.494227279699094635e-01,4.087061858727381591e-01,0.000000000000000000e+00
6.232147893198002109e+00,1.062081220611344357e+00,0.000000000000000000e+00,-2.456262997801854087e-01,6.733261902649246844e-01,0.000000000000000000e+00
6.154150982992789842e+00,1.206380015077324508e+00,0.000000000000000000e+00,-1.797863162865589171e-01,9.227916251412016102e-01,0.000000000000000000e+00
6.084275219278585389e+00,1.078801181321719760e+00,0.000000000000000000e+00,8.277387477263327409e-02,6.666985880172268120e-01,0.000000000000000000e+00
7.294211385764353572e+00,2.848205491139722767e+00,0.000000000000000000e+00,3.230532798337474309e-01,-7.416466519083162456e-01,0.000000000000000000e+00
7.356817508725797872e+00,2.983949613675738632e+00,0.000000000000000000e+00,1.971973746135321226e-01,-5.438813377392309745e-01,0.000000000000000000e+00
7.146449819928614389e+00,2.847980167682668817e+00,0.000000000000000000e+00,5.192080454792309396e-01,-1.151783191999979028e+00,0.000000000000000000e+00
7.213635017451593967e+00,2.967899227351476821e+00,0.000000000000000000e+00,2.893708446462235906e-01,-8.194346378260396468e-01,0.000000000000000000e+00
5.930520934874904171e+00,4.943362603749046347e-01,0.000000000000000000e+00,-5.484132151860409143e-01,7.114336401176348801e-01,0.000000000000000000e+00
5.966599512348610190e+00,6.471943523308255619e-01,0.000000000000000000e+00,-1.464829368910663399e-01,7.309502140158368189e-01,0.000000000000000000e+00
5.807204415989538404e+00,7.307318941896048248e-01,0.000000000000000000e+00,-5.482299252691946734e-03,1.098224175302773942e+00,0.000000000000000000e+00
5.979497632671363583e+00,8.449317414187687003e-01,0.000000000000000000e+00,-7.066563831904088683e-03,7.330013901130206788e-01,0.000000000000000000e+00
5.952188877795439481e+00,1.003635232299633806e+00,0.000000000000000000e+00,6.270953680544404107e-02,8.794688264682460899e-01,0.000000000000000000e+00
5.820102536312291797e+00,9.284692832775478522e-01,0.000000000000000000e+00,3.151708203991533674e-02,1.050981028694241370e+00,0.000000000000000000e+00
5.794306295666785012e+00,5.329945051016615754e-01,0.000000000000000000e+00,-1.801818040288240275e-01,1.112488067779715983e+00,0.000000000000000000e+00
7.500000000000000888e+00,3.125000000000000444e+00,0.000000000000000000e+00,0.000000000000000000e+00,0.000000000000000000e+00,0.000000000000000000e+00
7.260990334498515608e+00,3.067972079168338695e+00,0.000000000000000000e+00,2.079580838045816393e-01,-6.652271230589117401e-01,0.000000000000000000e+00
7.404172825772718625e+00,3.084022465492600507e+00,0.000000000000000000e+00,1.144950476207412873e-02,-2.710757138074377792e-01,0.000000000000000000e+00
7.404172825772718625e+00,3.209022465492600507e+00,0.000000000000000000e+00,1.385488722802393803e-02,-2.412717324230898019e-01,0.000000000000000000e+00
7.500000000000000888e+00,3.250000000000000444e+00,0.000000000000000000e+00,0.000000000000000000e+00,0.000000000000000000e+00,0.000000000000000000e+00
7.308345651545437249e+00,3.168044930985200569e+00,0.000000000000000000e+00,5.121216907200554225e-02,-4.358932523366487732e-01,0.000000000000000000e+00
5.849688644728634479e+00,3.901701233689637283e-01,0.000000000000000000e+00,-9.442421801055355113e-01,1.033655255106071147e+00,0.000000000000000000e+00
5.719937728945726718e+00,1.155340246738977977e-01,0.000000000000000000e+00,-5.336303650499074624e-01,5.478241949586763748e-02,0.000000000000000000e+00
5.797473225840967359e+00,2.392068954920306689e-01,0.000000000000000000e+00,-1.131748858553150994e+00,5.611551511389512026e-01,0.000000000000000000e+00
5.742090876779119668e+00,3.820312772247286270e-01,0.000000000000000000e+00,-6.080139755785739508e-01,7.355207534455616702e-01,0.000000000000000000e+00
5.689875457891452548e+00,2.310680493477955399e-01,0.000000000000000000e+00,-6.746052660090485764e-01,2.375270863740297500e-01,0.000000000000000000e+00
5.625000000000000000e+00,0.000000000000000000e+00,0.000000000000000000e+00,0.000000000000000000e+00,0.000000000000000000e+00,0.000000000000000000e+00
5.500000000000000000e+00,4.977732783493497817e-18,0.000000000000000000e+00,0.000000000000000000e+00,0.000000000000000000e+00,0.000000000000000000e+00
5.594937728945726718e+00,1.155340246738977839e-01,0.000000000000000000e+00,-2.787893042952203637e-01,-1.167229185974003915e-02,0.000000000000000000e+00
6.505736235770498865e+00,2.067693392584665446e+00,0.000000000000000000e+00,8.743146279309101931e-01,-2.724721776914577065e-01,0.000000000000000000e+00
6.604038842329988057e+00,2.201065496167858626e+00,0.000000000000000000e+00,1.325890461238978579e+00,-1.065084236362897618e+00,0.000000000000000000e+00
6.439396241213424688e+00,2.219277582813189209e+00,0.000000000000000000e+00,1.033692187913070493e+00,-1.205034010367931202e-01,0.000000000000000000e+00
6.378782781218844455e+00,1.920837950796911331e+00,0.000000000000000000e+00,7.464460963441704733e-01,1.104425156538348385e-01,0.000000000000000000e+00
6.287495976889696969e+00,1.777178215283617302e+00,0.000000000000000000e+00,4.170587731726716485e-01,5.543034229128618318e-01,0.000000000000000000e+00
6.312442786661771166e+00,2.072422141025435316e+00,0.000000000000000000e+00,8.829498291167982016e-01,2.324144859758795201e-01,0.000000000000000000e+00
6.185489332110115868e+00,1.925566699237680757e+00,0.000000000000000000e+00,5.227523596397120054e-01,7.360103346141607661e-01,0.000000000000000000e+00
6.692624734532534703e+00,2.322042554884018450e+00,0.000000000000000000e+00,1.323769015606864663e+00,-1.491828607487533542e+00,0.000000000000000000e+00
6.770081475859374365e+00,2.460591367663375273e+00,0.000000000000000000e+00,1.292594760413493082e+00,-1.714983031532900215e+00,0.000000000000000000e+00
6.527982133415971333e+00,2.340254641529349477e+00,0.000000000000000000e+00,1.203171229413094512e+00,-7.934290264438962348e-01,0.000000000000000000e+00
6.616568025618517090e+00,2.461231700245509302e+00,0.000000000000000000e+00,1.272305934897393520e+00,-1.235638200673937259e+00,0.000000000000000000e+00
6.159430955286948617e+00,1.459849533242281616e+00,0.000000000000000000e+00,-1.841229233109453189e-01,1.249975320185197747e+00,0.000000000000000000e+00
6.242168892768089172e+00,1.607264974490593357e+00,0.000000000000000000e+00,9.545014393249987017e-02,9.521878652454022207e-01,0.000000000000000000e+00
6.140162247988509847e+00,1.755653458444657478e+00,0.000000000000000000e+00,2.408739975083179219e-01,1.097870415709407466e+00,0.000000000000000000e+00
6.094835163866902050e+00,1.585740217651633754e+00,0.000000000000000000e+00,-5.605604502288073082e-02,1.320930955644665117e+00,0.000000000000000000e+00
6.847032751955786978e+00,2.593764905129384957e+00,0.000000000000000000e+00,1.281268307460320166e+00,-1.902085949748035798e+00,0.000000000000000000e+00
6.924867600108487231e+00,2.727819941595694075e+00,0.000000000000000000e+00,9.501643191582797021e-01,-1.588742245203600634e+00,0.000000000000000000e+00
6.693519301714927927e+00,2.594405237711518097e+00,0.000000000000000000e+00,1.249888675037676089e+00,-1.487877386865251284e+00,0.000000000000000000e+00
6.770470577811337876e+00,2.727578775177526893e+00,0.000000000000000000e+00,1.206036415188137534e+00,-1.717034144774329363e+00,0.000000000000000000e+00
5.971304368252191352e+00,1.201811748179441475e+00,0.000000000000000000e+00,1.148097876260051331e-01,8.106383770464280492e-01,0.000000000000000000e+00
6.041180131966395805e+00,1.329390581935046001e+00,0.000000000000000000e+00,-1.500199543264761903e-01,1.037761213201073618e+00,0.000000000000000000e+00
5.976584340546349239e+00,1.455281266344398361e+00,0.000000000000000000e+00,1.015263722942503360e-02,1.136641965699821899e+00,0.000000000000000000e+00
5.858333517225795539e+00,1.324822315037162745e+00,0.000000000000000000e+00,7.250477743687781806e-02,9.087032610082563799e-01,0.000000000000000000e+00
7.076628964358429030e+00,2.970752496447713220e+00,0.000000000000000000e+00,4.806447535801757764e-01,-1.041535228101416521e+00,0.000000000000000000e+00
7.009443766835447676e+00,2.850833436778905217e+00,0.000000000000000000e+00,7.279998456344033420e-01,-1.272620131652759445e+00,0.000000000000000000e+00
6.855046744538300985e+00,2.850592270360738034e+00,0.000000000000000000e+00,9.424417053369382735e-01,-1.495735004143538660e+00,0.000000000000000000e+00
6.939622911265261429e+00,2.973605765543949175e+00,0.000000000000000000e+00,6.075851613230226489e-01,-1.222832307871182467e+00,0.000000000000000000e+00
5.839218026769044556e+00,1.126645799157355299e+00,0.000000000000000000e+00,8.931309462897837892e-02,9.884918492240755139e-01,0.000000000000000000e+00
7.199734153933182057e+00,3.182248486261803677e+00,0.000000000000000000e+00,1.691566260975063685e-01,-6.183521741409057082e-01,0.000000000000000000e+00
7.152378836886260416e+00,3.082175634444941359e+00,0.000000000000000000e+00,3.078485483614883389e-01,-7.723906598685035263e-01,0.000000000000000000e+00
7.015372783793095479e+00,3.085028903541178202e+00,0.000000000000000000e+00,4.604767954376332573e-01,-1.015290035837353999e+00,0.000000000000000000e+00
7.091122656320927753e+00,3.196452041538406341e+00,0.000000000000000000e+00,2.476327706704719023e-01,-7.535741293508497751e-01,0.000000000000000000e+00
5.647153147833392950e+00,6.414972525518813917e-01,0.000000000000000000e+00,-4.369137586245525756e-02,7.741572000647247709e-01,0.000000000000000000e+00
5.660051268156145454e+00,8.392346416398244191e-01,0.000000000000000000e+00,6.414805738485847980e-04,7.304176951749183910e-01,0.000000000000000000e+00
5.500000000000000000e+00,7.500000000021009861e-01,0.000000000000000000e+00,0.000000000000000000e+00,0.000000000000000000e+00,0.000000000000000000e+00
5.500000000000000000e+00,9.375000000026261215e-01,0.000000000000000000e+00,0.000000000000000000e+00,0.000000000000000000e+00,0.000000000000000000e+00
5.660051268156146342e+00,1.026734641640349555e+00,0.000000000000000000e+00,1.445579435616640464e-02,6.908498554250317447e-01,0.000000000000000000e+00
5.679166758612898214e+00,1.224911157520157001e+00,0.000000000000000000e+00,1.902124118187845450e-02,6.369074900154735319e-01,0.000000000000000000e+00
5.500000000000000000e+00,1.125000000003151035e+00,0.000000000000000000e+00,0.000000000000000000e+00,0.000000000000000000e+00,0.000000000000000000e+00
5.500000000000000000e+00,5.625000000015758506e-01,0.000000000000000000e+00,0.000000000000000000e+00,0.000000000000000000e+00,0.000000000000000000e+00
5.594937728945726718e+00,3.030340246744231414e-01,0.000000000000000000e+00,-2.101699919823364904e-01,4.308010891267176068e-01,0.000000000000000000e+00
5.647153147833392950e+00,4.539972525513561452e-01,0.000000000000000000e+00,-1.107934254100525484e-01,8.007451626163388791e-01,0.000000000000000000e+00
5.500000000000000000e+00,3.750000000010507151e-01,0.000000000000000000e+00,0.000000000000000000e+00,0.000000000000000000e+00,0.000000000000000000e+00
7.286077818132991268e+00,3.269132205633366262e+00,0.000000000000000000e+00,8.937684212947107076e-02,-3.811233538130939791e-01,0.000000000000000000e+00
7.381904992360272644e+00,3.310109740140766199e+00,0.000000000000000000e+00,2.140972636424001360e-02,-2.302519648736844338e-01,0.000000000000000000e+00
7.263809984720544399e+00,3.370219480281531954e+00,0.000000000000000000e+00,6.039577423060766420e-02,-3.327235252318563319e-01,0.000000000000000000e+00
7.500000000000000888e+00,3.375000000000000444e+00,0.000000000000000000e+00,0.000000000000000000e+00,0.000000000000000000e+00,0.000000000000000000e+00
7.381904992360272644e+00,3.435109740140766199e+00,0.000000000000000000e+00,1.865419648239564909e-02,-1.935546688148062910e-01,0.000000000000000000e+00
7.500000000000000888e+00,3.500000000000000444e+00,0.000000000000000000e+00,0.000000000000000000e+00,0.000000000000000000e+00,0.000000000000000000e+00
7.177466320520736076e+00,3.283335760909968926e+00,0.000000000000000000e+00,1.784027161606980827e-01,-5.739780589785211662e-01,0.000000000000000000e+00
5.500000000000000000e+00,1.875000000005253575e-01,0.000000000000000000e+00,0.000000000000000000e+00,0.000000000000000000e+00,0.000000000000000000e+00
6.157903860358551640e+00,2.118609658598337830e+00,0.000000000000000000e+00,6.451929842259560566e-01,4.303425654701544811e-01,0.000000000000000000e+00
6.284857314910206938e+00,2.265465100386092168e+00,0.000000000000000000e+00,8.610027099596125888e-01,2.358921035392408730e-02,0.000000000000000000e+00
6.392625883310190993e+00,2.351494283158554133e+00,0.000000000000000000e+00,9.653300085045348755e-01,-1.983728260735160287e-01,0.000000000000000000e+00
6.481211775512736750e+00,2.472471341874713957e+00,0.000000000000000000e+00,1.170100922948804190e+00,-7.949283721767748112e-01,0.000000000000000000e+00
6.238086957006972355e+00,2.397681800731457091e+00,0.000000000000000000e+00,8.169178331441686591e-01,-6.356738116057321364e-02,0.000000000000000000e+00
6.345855525406956410e+00,2.483710983503918612e+00,0.000000000000000000e+00,9.280578253229725405e-01,-2.668399995419458715e-01,0.000000000000000000e+00
6.130318388606986524e+00,2.311652617958994682e+00,0.000000000000000000e+00,6.573573347673725698e-01,1.821448048145713761e-01,0.000000000000000000e+00
5.955829382744617817e+00,1.650651855736239071e+00,0.000000000000000000e+00,-1.020389241554456872e-01,1.096120092974549820e+00,0.000000000000000000e+00
6.001156466866225614e+00,1.820565096529262350e+00,0.000000000000000000e+00,7.892559200356916160e-02,8.934660912836660529e-01,0.000000000000000000e+00
6.004098134583450985e+00,2.006681497597482711e+00,0.000000000000000000e+00,3.368184616786882857e-01,7.134762786725088457e-01,0.000000000000000000e+00
5.819765269339558955e+00,1.901679894889063860e+00,0.000000000000000000e+00,8.559397997441857420e-02,7.852661993320247946e-01,0.000000000000000000e+00
5.976512662831885869e+00,2.199724456958139562e+00,0.000000000000000000e+00,4.382981252626528268e-01,5.010472145613069639e-01,0.000000000000000000e+00
5.816823601622333584e+00,1.715563493820843943e+00,0.000000000000000000e+00,-1.558716930477375140e-01,8.255139912732742946e-01,0.000000000000000000e+00
5.822706937056784327e+00,2.087796295957283998e+00,0.000000000000000000e+00,1.890634892964394853e-01,6.593651588437658972e-01,0.000000000000000000e+00
6.544402707801951991e+00,2.586460865106847695e+00,0.000000000000000000e+00,1.187703800265714316e+00,-1.106216606737844721e+00,0.000000000000000000e+00
6.621353983898362827e+00,2.719634402572856935e+00,0.000000000000000000e+00,1.188995247501136276e+00,-1.360697531427440765e+00,0.000000000000000000e+00
6.409046457696171650e+00,2.597700506736052795e+00,0.000000000000000000e+00,1.067150300000393015e+00,-6.434618816514239281e-01,0.000000000000000000e+00
6.472237389985386002e+00,2.711690029968186089e+00,0.000000000000000000e+00,1.153140446672940689e+00,-9.163495373029820756e-01,0.000000000000000000e+00
5.837578559424065006e+00,1.520192904429003455e+00,0.000000000000000000e+00,-8.826921894656341791e-03,8.702480981353831746e-01,0.000000000000000000e+00
6.699325892727061138e+00,2.868716134896058367e+00,0.000000000000000000e+00,1.130036567027849825e+00,-1.562169692138458243e+00,0.000000000000000000e+00
6.783902059454023359e+00,2.991729630079269953e+00,0.000000000000000000e+00,8.414431317305328673e-01,-1.319322584082003535e+00,0.000000000000000000e+00
6.550209298814086090e+00,2.860771762291388409e+00,0.000000000000000000e+00,1.118143903594736033e+00,-1.159836136672043105e+00,0.000000000000000000e+00
6.628181207642783512e+00,3.009853494614589398e+00,0.000000000000000000e+00,1.072247684561251635e+00,-1.369723745316142605e+00,0.000000000000000000e+00
5.500000000000000000e+00,1.312500000003655076e+00,0.000000000000000000e+00,0.000000000000000000e+00,0.000000000000000000e+00,0.000000000000000000e+00
5.679166758612898214e+00,1.412411157520661042e+00,0.000000000000000000e+00,2.441985270618205264e-02,5.974146037781380425e-01,0.000000000000000000e+00
5.658411800811166792e+00,1.607781746912501308e+00,0.000000000000000000e+00,-5.483447486051303693e-02,5.234325743394662167e-01,0.000000000000000000e+00
5.500000000000000000e+00,1.500000000004158895e+00,0.000000000000000000e+00,0.000000000000000000e+00,0.000000000000000000e+00,0.000000000000000000e+00
6.897682099596918803e+00,3.088298201576287649e+00,0.000000000000000000e+00,6.303589169153133165e-01,-1.071754277755349927e+00,0.000000000000000000e+00
6.973431972124751965e+00,3.199721339573516232e+00,0.000000000000000000e+00,4.273469252151551601e-01,-8.634200854555630356e-01,0.000000000000000000e+00
6.741961247785679845e+00,3.106422066111607982e+00,0.000000000000000000e+00,8.522603299276254596e-01,-1.179897103932899149e+00,0.000000000000000000e+00
6.855741287928575289e+00,3.202990637608625679e+00,0.000000000000000000e+00,5.798580333839558065e-01,-9.398436141721490111e-01,0.000000000000000000e+00
7.025648818879972168e+00,3.344971872762589893e+00,0.000000000000000000e+00,3.641296982320621489e-01,-6.171829058784646937e-01,0.000000000000000000e+00
7.111992483079781380e+00,3.431855592134152921e+00,0.000000000000000000e+00,2.449788330802219194e-01,-4.475877564813011689e-01,0.000000000000000000e+00
6.907958134683795492e+00,3.348241170797699340e+00,0.000000000000000000e+00,4.967002460711454903e-01,-7.462832001681669603e-01,0.000000000000000000e+00
6.960174981439015696e+00,3.493491703986773000e+00,0.000000000000000000e+00,3.429891494437435906e-01,-5.371120229110983857e-01,0.000000000000000000e+00
7.251696410292464812e+00,3.483729768699717066e+00,0.000000000000000000e+00,1.562064940805522051e-01,-2.378028264804139535e-01,0.000000000000000000e+00
7.369791417932193056e+00,3.548620028558951311e+00,0.000000000000000000e+00,1.008226093265879308e-01,-1.223381467183183302e-01,0.000000000000000000e+00
7.099878908651700016e+00,3.545365880552337590e+00,0.000000000000000000e+00,2.760412896444024433e-01,-3.860726451449421615e-01,0.000000000000000000e+00
7.239582835864384336e+00,3.597240057117901735e+00,0.000000000000000000e+00,1.809194707419378711e-01,-1.637700462141171986e-01,0.000000000000000000e+00
7.678571428576509206e+00,3.500000000000000444e+00,0.000000000000000000e+00,0.000000000000000000e+00,0.000000000000000000e+00,0.000000000000000000e+00
7.314348776034474753e+00,3.682326805887417898e+00,0.000000000000000000e+00,1.828183222199392388e-01,-9.160639421652140568e-02,0.000000000000000000e+00
7.444557358102281697e+00,3.633706777328467030e+00,0.000000000000000000e+00,9.750946442745368758e-02,5.330443861597085158e-03,0.000000000000000000e+00
7.539117392233275261e+00,3.769443359286466233e+00,0.000000000000000000e+00,1.338557658341137380e-01,5.186233313066245659e-02,0.000000000000000000e+00
7.594560034130992676e+00,3.635736581957998759e+00,0.000000000000000000e+00,7.483069639353295832e-02,2.487536822867893530e-02,0.000000000000000000e+00
7.773131462707501882e+00,3.635736581957999647e+00,0.000000000000000000e+00,2.181695986972343945e-02,2.764951399242137134e-02,0.000000000000000000e+00
7.857142857153018412e+00,3.500000000000000444e+00,0.000000000000000000e+00,0.000000000000000000e+00,0.000000000000000000e+00,0.000000000000000000e+00
7.389114716204564282e+00,3.767413554656934949e+00,0.000000000000000000e+00,1.648363772693990648e-01,1.545007420067636555e-02,0.000000000000000000e+00
7.689120068261987129e+00,3.771473163915998406e+00,0.000000000000000000e+00,8.772314649172377465e-02,8.642032315699660350e-02,0.000000000000000000e+00
6.242597828591174292e+00,2.577488665759062769e+00,0.000000000000000000e+00,7.457083673461563089e-01,-2.824780359879693892e-01,0.000000000000000000e+00
6.134829260191189348e+00,2.491459482986600804e+00,0.000000000000000000e+00,6.554772050362555058e-01,-4.968386765911605996e-02,0.000000000000000000e+00
6.139340131775391285e+00,2.671266348014205594e+00,0.000000000000000000e+00,6.067671833572451101e-01,-2.187795174228981121e-01,0.000000000000000000e+00
6.305788760880389532e+00,2.691478188991196063e+00,0.000000000000000000e+00,9.280473767699496390e-01,-6.214249076776309222e-01,0.000000000000000000e+00
5.973738861724416260e+00,2.385006392823440180e+00,0.000000000000000000e+00,4.369304150175594148e-01,2.657171881728533913e-01,0.000000000000000000e+00
5.819933135949314718e+00,2.273078231822584172e+00,0.000000000000000000e+00,2.537763196559784662e-01,4.529588887111880569e-01,0.000000000000000000e+00
5.978249733308619085e+00,2.564813257851045414e+00,0.000000000000000000e+00,4.666452782518981102e-01,1.108385274795271880e-02,0.000000000000000000e+00
5.817159334841844220e+00,2.458360167687884346e+00,0.000000000000000000e+00,2.019352906102980794e-01,2.311939370747268796e-01,0.000000000000000000e+00
5.658411800811167680e+00,1.795281746911661536e+00,0.000000000000000000e+00,-3.932823196824752898e-02,5.766740470970000976e-01,0.000000000000000000e+00
5.661353468528392163e+00,1.981398147979881230e+00,0.000000000000000000e+00,4.256610397163074211e-02,5.112711821811850577e-01,0.000000000000000000e+00
5.500000000000000000e+00,1.875000000002478906e+00,0.000000000000000000e+00,0.000000000000000000e+00,0.000000000000000000e+00,0.000000000000000000e+00
5.500000000000000000e+00,1.687500000003319123e+00,0.000000000000000000e+00,0.000000000000000000e+00,0.000000000000000000e+00,0.000000000000000000e+00
5.500000000000000000e+00,2.062500000002528644e+00,0.000000000000000000e+00,0.000000000000000000e+00,0.000000000000000000e+00,0.000000000000000000e+00
5.661353468528393051e+00,2.168898147979930968e+00,0.000000000000000000e+00,7.403441168231282565e-02,4.216981986702606489e-01,0.000000000000000000e+00
5.658579667420922554e+00,2.354180083845231586e+00,0.000000000000000000e+00,6.249732745495412828e-02,2.544298891221343228e-01,0.000000000000000000e+00
5.500000000000000000e+00,2.250000000002577938e+00,0.000000000000000000e+00,0.000000000000000000e+00,0.000000000000000000e+00,0.000000000000000000e+00
6.403734366282601620e+00,2.819719459349216528e+00,0.000000000000000000e+00,1.015940563959308873e+00,-9.541871769417220595e-01,0.000000000000000000e+00
6.481706275111300819e+00,2.968801191672418405e+00,0.000000000000000000e+00,1.020953565144869568e+00,-1.155891318939822554e+00,0.000000000000000000e+00
6.237285737177604261e+00,2.799507618372226503e+00,0.000000000000000000e+00,8.195399428826654065e-01,-6.330585304793813206e-01,0.000000000000000000e+00
6.335231342579816349e+00,2.927748888730246524e+00,0.000000000000000000e+00,9.470508425065532476e-01,-9.230657905915479189e-01,0.000000000000000000e+00
6.752266881876595406e+00,3.269809906511137676e+00,0.000000000000000000e+00,6.643359561663984003e-01,-9.332448911500452748e-01,0.000000000000000000e+00
6.638486841733699961e+00,3.173241335014119535e+00,0.000000000000000000e+00,9.241861199145413597e-01,-1.164352304577892072e+00,0.000000000000000000e+00
6.354184450891029456e+00,3.053555090736641997e+00,0.000000000000000000e+00,1.069147487662813534e+00,-9.963195011356411612e-01,0.000000000000000000e+00
6.500659383422513926e+00,3.094607393678813434e+00,0.000000000000000000e+00,1.156414167244039559e+00,-1.198274262280278890e+00,0.000000000000000000e+00
6.510965017513428599e+00,3.257995234078342683e+00,0.000000000000000000e+00,9.524256123138846730e-01,-1.031597424826220077e+00,0.000000000000000000e+00
6.648792475824614634e+00,3.336629175413648785e+00,0.000000000000000000e+00,7.017549658647623811e-01,-9.579824418204302416e-01,0.000000000000000000e+00
6.373137559202242564e+00,3.179361292743037026e+00,0.000000000000000000e+00,1.167503511760513923e+00,-1.078228964498391118e+00,0.000000000000000000e+00
6.804483728631815609e+00,3.415060439700210893e+00,0.000000000000000000e+00,5.451450201558216691e-01,-7.777817115415848193e-01,0.000000000000000000e+00
7.169719666507395672e+00,3.692906604765046730e+00,0.000000000000000000e+00,2.289395904423601191e-01,-1.880066108359675636e-01,0.000000000000000000e+00
7.030015739294711352e+00,3.641032428199482140e+00,0.000000000000000000e+00,3.303983670857221222e-01,-3.897206283863431375e-01,0.000000000000000000e+00
6.799849423551647121e+00,3.581386469168211129e+00,0.000000000000000000e+00,4.909263451941889844e-01,-6.022196313034063886e-01,0.000000000000000000e+00
6.644158170744445258e+00,3.502955204881648577e+00,0.000000000000000000e+00,6.702995857173227323e-01,-8.080515565730447269e-01,0.000000000000000000e+00
6.910166475872385305e+00,3.643654161222936061e+00,0.000000000000000000e+00,4.120977553032703078e-01,-4.522783843709051177e-01,0.000000000000000000e+00
6.980007233728080962e+00,3.791194885435645201e+00,0.000000000000000000e+00,3.646382283926112855e-01,-3.147582717399687313e-01,0.000000000000000000e+00
6.749840917985015842e+00,3.731548926404373745e+00,0.000000000000000000e+00,5.169829788253914593e-01,-5.453269743708217820e-01,0.000000000000000000e+00
6.860157970305754027e+00,3.793816618459098677e+00,0.000000000000000000e+00,4.291805966194385258e-01,-3.922364619975388100e-01,0.000000000000000000e+00
7.099856497150405232e+00,3.788573152412190392e+00,0.000000000000000000e+00,2.802959562916602643e-01,-2.028001170751028981e-01,0.000000000000000000e+00
6.639523865664276769e+00,3.669281234349648813e+00,0.000000000000000000e+00,5.900546026803348276e-01,-6.728078307219869103e-01,0.000000000000000000e+00
7.244485606677484313e+00,3.777993353534562893e+00,0.000000000000000000e+00,2.324119287088561026e-01,-1.075247045188149481e-01,0.000000000000000000e+00
7.463922034108206205e+00,3.903188274557508386e+00,0.000000000000000000e+00,1.722347997292766608e-01,7.570578527619438447e-02,0.000000000000000000e+00
7.613924710136917184e+00,3.905218079187040559e+00,0.000000000000000000e+00,1.152219328630651324e-01,1.235492756241159396e-01,0.000000000000000000e+00
7.538729352011847240e+00,4.038962994458081823e+00,0.000000000000000000e+00,1.542451857986313624e-01,1.626967462574585299e-01,0.000000000000000000e+00
7.861474332240399043e+00,3.777587092882823683e+00,0.000000000000000000e+00,7.898431247338228919e-03,9.004717427083390457e-02,0.000000000000000000e+00
7.945485726685914685e+00,3.641850510924824480e+00,0.000000000000000000e+00,-3.040033813657789727e-02,3.207733191520487775e-02,0.000000000000000000e+00
8.033828596218812734e+00,3.783701021849649404e+00,0.000000000000000000e+00,-7.710001904642094228e-02,1.031824856993928119e-01,0.000000000000000000e+00
8.035714285725685357e+00,3.500000000000000444e+00,0.000000000000000000e+00,0.000000000000000000e+00,0.000000000000000000e+00,0.000000000000000000e+00
8.124057155258583407e+00,3.641850510924824924e+00,0.000000000000000000e+00,-9.157781662718875171e-02,3.093676296519892732e-02,0.000000000000000000e+00
8.214285714298354080e+00,3.500000000000000444e+00,0.000000000000000000e+00,0.000000000000000000e+00,0.000000000000000000e+00,0.000000000000000000e+00
7.162288222496841605e+00,3.912442904648250952e+00,0.000000000000000000e+00,2.878576676804713852e-01,-1.102215900536898108e-01,0.000000000000000000e+00
7.306917332023919798e+00,3.901863105770623008e+00,0.000000000000000000e+00,2.117249029069604715e-01,1.306673310973091064e-02,0.000000000000000000e+00
7.381724649927562609e+00,4.037637825671197334e+00,0.000000000000000000e+00,2.165460215936997612e-01,8.896898610790870965e-02,0.000000000000000000e+00
7.224719947843277978e+00,4.036312656884311956e+00,0.000000000000000000e+00,2.681128296180660397e-01,1.876764781235629176e-02,0.000000000000000000e+00
7.702354752028199414e+00,4.039242549765917900e+00,0.000000000000000000e+00,7.489120648769767574e-02,2.089725087958575200e-01,0.000000000000000000e+00
7.777550110153269358e+00,3.905497634494875747e+00,0.000000000000000000e+00,4.643975879995906192e-02,1.537436037051522764e-01,0.000000000000000000e+00
7.949904374131682161e+00,3.911611563461701468e+00,0.000000000000000000e+00,-3.616433586302609388e-02,1.657683520795612819e-01,0.000000000000000000e+00
7.865980152044551588e+00,4.039522105073753089e+00,0.000000000000000000e+00,-2.397310377920473280e-03,2.224625936551382355e-01,0.000000000000000000e+00
5.811141397919693752e+00,2.631775119904598448e+00,0.000000000000000000e+00,2.486444549878958632e-01,2.906275784868634325e-03,0.000000000000000000e+00
5.972231796386466840e+00,2.738228210067759072e+00,0.000000000000000000e+00,4.132989692680304472e-01,-1.799275875609600839e-01,0.000000000000000000e+00
6.213944292210303644e+00,2.967036127232761000e+00,0.000000000000000000e+00,9.130150056800141467e-01,-7.220672746533374209e-01,0.000000000000000000e+00
6.115998686808091556e+00,2.838794856874740535e+00,0.000000000000000000e+00,7.166717388673808919e-01,-4.042953090102476277e-01,0.000000000000000000e+00
5.948890351419166223e+00,2.905756718928293569e+00,0.000000000000000000e+00,5.504865263038547507e-01,-4.438400356069963082e-01,0.000000000000000000e+00
5.805123460997542395e+00,2.805190072121312106e+00,0.000000000000000000e+00,1.593346167524158918e-01,-2.141590609772601739e-01,0.000000000000000000e+00
6.092657241840790938e+00,3.006323365735275033e+00,0.000000000000000000e+00,8.065989136168816298e-01,-5.712287256201987740e-01,0.000000000000000000e+00
5.500000000000000000e+00,2.437500000002194245e+00,0.000000000000000000e+00,0.000000000000000000e+00,0.000000000000000000e+00,0.000000000000000000e+00
5.658579667420922554e+00,2.541680083844847449e+00,0.000000000000000000e+00,6.393155380180531866e-02,1.388805549695572017e-01,0.000000000000000000e+00
5.652561730498771198e+00,2.715095036061561107e+00,0.000000000000000000e+00,5.045929738769704825e-02,-6.903412411472388110e-04,0.000000000000000000e+00
5.500000000000000000e+00,2.625000000001810108e+00,0.000000000000000000e+00,0.000000000000000000e+00,0.000000000000000000e+00,0.000000000000000000e+00
6.232897400521516751e+00,3.092842329239156030e+00,0.000000000000000000e+00,1.012961959960263503e+00,-8.511848455865969054e-01,0.000000000000000000e+00
6.520913114949864919e+00,3.415217198717367175e+00,0.000000000000000000e+00,7.939728050201337872e-01,-8.451123368487702958e-01,0.000000000000000000e+00
6.383085656638678884e+00,3.336583257382061074e+00,0.000000000000000000e+00,1.017728134760507830e+00,-9.318038099134742236e-01,0.000000000000000000e+00
6.393033754075114317e+00,3.493805222021085122e+00,0.000000000000000000e+00,8.175211108893887246e-01,-7.917425347565418825e-01,0.000000000000000000e+00
6.516278809869695543e+00,3.581543228185366967e+00,0.000000000000000000e+00,7.114133318918887117e-01,-7.385284050915730258e-01,0.000000000000000000e+00
6.239563048661485922e+00,3.251255860774679540e+00,0.000000000000000000e+00,1.217746738450019128e+00,-9.301197779609488014e-01,0.000000000000000000e+00
6.099322889980758333e+00,3.164736897270798099e+00,0.000000000000000000e+00,1.025230976145153683e+00,-7.160178647902440963e-01,0.000000000000000000e+00
6.249511146097921355e+00,3.408477825413703588e+00,0.000000000000000000e+00,1.027139388782257301e+00,-8.245340396981297726e-01,0.000000000000000000e+00
6.105988538120727505e+00,3.323150428806321610e+00,0.000000000000000000e+00,1.215693914156607658e+00,-8.324696307114070049e-01,0.000000000000000000e+00
6.892773250775601213e+00,3.918490470913614132e+00,0.000000000000000000e+00,4.146420233689092072e-01,-3.074081616951975238e-01,0.000000000000000000e+00
7.012622514197927259e+00,3.915868737890160212e+00,0.000000000000000000e+00,3.436789132403118008e-01,-2.001654047857932273e-01,0.000000000000000000e+00
6.925388531245449286e+00,4.043164323368130475e+00,0.000000000000000000e+00,3.863097467339278168e-01,-2.078738532613477741e-01,0.000000000000000000e+00
6.748225961891173519e+00,3.897403380774743908e+00,0.000000000000000000e+00,4.811367982988630776e-01,-4.205458360176964616e-01,0.000000000000000000e+00
6.637908909570434446e+00,3.835135688720018976e+00,0.000000000000000000e+00,5.761120802894514892e-01,-5.530867358317250737e-01,0.000000000000000000e+00
6.636293953476591234e+00,4.000990143090388251e+00,0.000000000000000000e+00,5.334788010225287591e-01,-4.312440441851522754e-01,0.000000000000000000e+00
6.780841242361020704e+00,4.022077233229259363e+00,0.000000000000000000e+00,4.679059333231319617e-01,-3.372683898808228609e-01,0.000000000000000000e+00
7.075054239544362744e+00,4.039738490126220327e+00,0.000000000000000000e+00,3.426327114078958069e-01,-1.173002555675067421e-01,0.000000000000000000e+00
6.507511288423149409e+00,3.761481478291242020e+00,0.000000000000000000e+00,6.745085212150911946e-01,-5.923108963948534589e-01,0.000000000000000000e+00
6.384266232628567295e+00,3.673743472126959730e+00,0.000000000000000000e+00,7.926329012619947045e-01,-6.538424887990955670e-01,0.000000000000000000e+00
6.505896332329305309e+00,3.927335932661611739e+00,0.000000000000000000e+00,6.436123094778825049e-01,-4.794309651785010895e-01,0.000000000000000000e+00
6.375498711182020273e+00,3.853681722232835671e+00,0.000000000000000000e+00,7.396933928675250014e-01,-5.149459625856264156e-01,0.000000000000000000e+00
7.792696609721716960e+00,4.175647865532386760e+00,0.000000000000000000e+00,3.090662431806609489e-02,2.884717628033764414e-01,0.000000000000000000e+00
7.629071209705365675e+00,4.175368310224550683e+00,0.000000000000000000e+00,1.069904617124925877e-01,2.642382421493904565e-01,0.000000000000000000e+00
7.303679540595966913e+00,4.177190452771801787e+00,0.000000000000000000e+00,2.559822452970069162e-01,1.110655664240626644e-01,0.000000000000000000e+00
7.460684242680252432e+00,4.178515621558686277e+00,0.000000000000000000e+00,1.855808463959800758e-01,1.906751608422128930e-01,0.000000000000000000e+00
7.551026100373769978e+00,4.314920937325156025e+00,0.000000000000000000e+00,1.292350212253064179e-01,3.074833748649287712e-01,0.000000000000000000e+00
7.719413067398884110e+00,4.311773625991021319e+00,0.000000000000000000e+00,5.259674438738062840e-02,3.468983754464147751e-01,0.000000000000000000e+00
7.382639133348655847e+00,4.318068248659290731e+00,0.000000000000000000e+00,2.250172778733808276e-01,2.256465776190030303e-01,0.000000000000000000e+00
8.210433336367213286e+00,3.788060527925070531e+00,0.000000000000000000e+00,-1.758068136416010008e-01,1.058818946318192955e-01,0.000000000000000000e+00
8.300661895406983959e+00,3.646210017000245607e+00,0.000000000000000000e+00,-1.578315875282747249e-01,3.867874671647666962e-02,0.000000000000000000e+00
8.039567000750723835e+00,4.032403076603818803e+00,0.000000000000000000e+00,-8.737404317496443029e-02,2.401653309389874258e-01,0.000000000000000000e+00
8.123491222837852632e+00,3.904492534991766295e+00,0.000000000000000000e+00,-1.266918788198380108e-01,1.721987613116428284e-01,0.000000000000000000e+00
8.300095962986256737e+00,3.908852041067187866e+00,0.000000000000000000e+00,-2.177824586159790576e-01,1.785109915115604684e-01,0.000000000000000000e+00
8.387038076515617391e+00,3.792420034000491658e+00,0.000000000000000000e+00,-2.734630923297119431e-01,1.182236961890525684e-01,0.000000000000000000e+00
8.213153849456896083e+00,4.025284048133883630e+00,0.000000000000000000e+00,-1.740286671380303074e-01,2.350591038353627704e-01,0.000000000000000000e+00
8.392857142868518139e+00,3.500000000000000444e+00,0.000000000000000000e+00,0.000000000000000000e+00,0.000000000000000000e+00,0.000000000000000000e+00
8.479233323977148018e+00,3.646210017000245607e+00,0.000000000000000000e+00,-2.241739819098764464e-01,3.298904720977567651e-02,0.000000000000000000e+00
8.571428571438683974e+00,3.500000000000000444e+00,0.000000000000000000e+00,0.000000000000000000e+00,0.000000000000000000e+00,0.000000000000000000e+00
6.989400439561126888e+00,4.178915345840964690e+00,0.000000000000000000e+00,3.406773445367424769e-01,-1.315793092703442524e-01,0.000000000000000000e+00
7.139066147860040346e+00,4.175489512599055431e+00,0.000000000000000000e+00,2.871303887578457448e-01,3.831345597435881906e-03,0.000000000000000000e+00
7.218025740612730168e+00,4.316367308486546150e+00,0.000000000000000000e+00,2.673390691268437425e-01,8.243988452274238210e-02,0.000000000000000000e+00
7.053412347876803601e+00,4.314666368313800682e+00,0.000000000000000000e+00,2.794979372108981064e-01,-3.270851681821037443e-02,0.000000000000000000e+00
7.964933788621907595e+00,4.172831076552967033e+00,0.000000000000000000e+00,-5.558488981953650654e-02,3.041857642459122602e-01,0.000000000000000000e+00
7.891650246299073856e+00,4.308956837011600705e+00,0.000000000000000000e+00,-2.701345510869293531e-02,3.694643115463395189e-01,0.000000000000000000e+00
8.138520637328078067e+00,4.165712048083031860e+00,0.000000000000000000e+00,-1.308354511098124284e-01,3.101605872366869909e-01,0.000000000000000000e+00
8.063887425199260051e+00,4.306140048032179202e+00,0.000000000000000000e+00,-1.040390253055419462e-01,3.697763630697640802e-01,0.000000000000000000e+00
5.955190609713944205e+00,3.086666289534028884e+00,0.000000000000000000e+00,7.841021947705002493e-01,-6.160543881714988235e-01,0.000000000000000000e+00
5.811423719292319490e+00,2.986099642727046977e+00,0.000000000000000000e+00,5.145610871874453096e-01,-4.878333939861950186e-01,0.000000000000000000e+00
5.817723977587096584e+00,3.167009213332782291e+00,0.000000000000000000e+00,8.117193342611946916e-01,-6.074342461855488651e-01,0.000000000000000000e+00
5.500000000000000000e+00,2.812500000000905054e+00,0.000000000000000000e+00,0.000000000000000000e+00,0.000000000000000000e+00,0.000000000000000000e+00
5.652561730498771198e+00,2.902595036060656497e+00,0.000000000000000000e+00,6.243460205957276909e-02,-9.755175875482355319e-02,0.000000000000000000e+00
5.658861988793548292e+00,3.083504606666391368e+00,0.000000000000000000e+00,5.193163659946066213e-01,-4.199217263991102955e-01,0.000000000000000000e+00
5.500000000000000000e+00,3.000000000000000000e+00,0.000000000000000000e+00,0.000000000000000000e+00,0.000000000000000000e+00,0.000000000000000000e+00
5.961856257853911600e+00,3.245079821069551951e+00,0.000000000000000000e+00,1.020830617122753470e+00,-7.405648313216409706e-01,0.000000000000000000e+00
6.113693841243776461e+00,3.490104490452569763e+00,0.000000000000000000e+00,1.137691809161997858e+00,-6.255631004055389743e-01,0.000000000000000000e+00
6.257216449220971199e+00,3.575431887059951741e+00,0.000000000000000000e+00,9.082131943405308272e-01,-6.355626174649402493e-01,0.000000000000000000e+00
6.248448927774423289e+00,3.755370137165826350e+00,0.000000000000000000e+00,8.777916879975177222e-01,-4.728149310380206916e-01,0.000000000000000000e+00
6.121399144366826306e+00,3.657058552098817916e+00,0.000000000000000000e+00,1.006584700705990709e+00,-4.024012340998307513e-01,0.000000000000000000e+00
5.835677958727532477e+00,3.341663844824347862e+00,0.000000000000000000e+00,1.230928235491671296e+00,-5.710876372336940454e-01,0.000000000000000000e+00
5.979810238994347493e+00,3.419734452561117077e+00,0.000000000000000000e+00,1.352562749001358977e+00,-7.656178662737949114e-01,0.000000000000000000e+00
5.987515542117398226e+00,3.586688514207365230e+00,0.000000000000000000e+00,1.281316541114456919e+00,-5.082869152386743083e-01,0.000000000000000000e+00
5.853631939867968370e+00,3.516318476315912989e+00,0.000000000000000000e+00,1.531646024390107552e+00,-5.471829190167777357e-01,0.000000000000000000e+00
6.678610342804939926e+00,4.154080870032984762e+00,0.000000000000000000e+00,4.460935833592194477e-01,-3.541643164928002241e-01,0.000000000000000000e+00
6.823157631689367619e+00,4.175167960171854986e+00,0.000000000000000000e+00,3.785466967805592997e-01,-2.281786897897018218e-01,0.000000000000000000e+00
6.887169540005045221e+00,4.310918982644690090e+00,0.000000000000000000e+00,3.244443254818314970e-01,-1.631686561627993526e-01,0.000000000000000000e+00
6.720926732133286841e+00,4.307171596975579497e+00,0.000000000000000000e+00,3.404213920036232022e-01,-2.732650498724331078e-01,0.000000000000000000e+00
6.504412043553584155e+00,4.122022430004554039e+00,0.000000000000000000e+00,5.167799482985588888e-01,-3.945489856806742579e-01,0.000000000000000000e+00
6.374014422406299119e+00,4.048368219575777971e+00,0.000000000000000000e+00,6.103842757939517139e-01,-4.607302961794007001e-01,0.000000000000000000e+00
6.546728432881931958e+00,4.275113156947149662e+00,0.000000000000000000e+00,3.989911150929175143e-01,-3.544903187075220119e-01,0.000000000000000000e+00
6.372530133630577076e+00,4.243054716918720715e+00,0.000000000000000000e+00,4.281790034554979196e-01,-4.335613032722236415e-01,0.000000000000000000e+00
6.115215512334849279e+00,3.836885724017908395e+00,0.000000000000000000e+00,8.362399289334997432e-01,-3.867040706910148673e-01,0.000000000000000000e+00
6.242265295742445375e+00,3.935197309084916828e+00,0.000000000000000000e+00,7.129627985819263492e-01,-4.092806322829332100e-01,0.000000000000000000e+00
6.240781006966725108e+00,4.129883806427859128e+00,0.000000000000000000e+00,5.419975662627366519e-01,-4.030611611745922862e-01,0.000000000000000000e+00
6.109031880302872253e+00,4.016712895936998429e+00,0.000000000000000000e+00,6.356185035675053774e-01,-3.692288727109591107e-01,0.000000000000000000e+00
7.468749921374694623e+00,4.462729879266044364e+00,0.000000000000000000e+00,1.620631296269661736e-01,3.609956147744870503e-01,0.000000000000000000e+00
7.637136888399808754e+00,4.459582567931909658e+00,0.000000000000000000e+00,8.416235671397361007e-02,4.012270912518285382e-01,0.000000000000000000e+00
7.554860709400733398e+00,4.607391509872797997e+00,0.000000000000000000e+00,1.246647534818756675e-01,4.556425594869529250e-01,0.000000000000000000e+00
7.813245402497281944e+00,4.455432689509933653e+00,0.000000000000000000e+00,-6.633513559604471655e-04,4.373617745281098146e-01,0.000000000000000000e+00
7.985482581397470803e+00,4.452615900530513038e+00,0.000000000000000000e+00,-8.123218444732301091e-02,4.457231937425732426e-01,0.000000000000000000e+00
7.730969223498206588e+00,4.603241631450822879e+00,0.000000000000000000e+00,2.798016781685029597e-02,5.009666028578403374e-01,0.000000000000000000e+00
7.907077737595678890e+00,4.599091753028845098e+00,0.000000000000000000e+00,-5.870103078477991593e-02,5.174303832374183010e-01,0.000000000000000000e+00
7.135731552383363763e+00,4.460522225168496391e+00,0.000000000000000000e+00,2.218376976431852277e-01,3.431277508784426333e-02,0.000000000000000000e+00
7.300344945119290330e+00,4.462223165341242748e+00,0.000000000000000000e+00,2.044925578239082942e-01,1.848994548125637016e-01,0.000000000000000000e+00
7.386455733145329106e+00,4.606884795947996381e+00,0.000000000000000000e+00,1.414728830643317281e-01,3.169593142792301310e-01,0.000000000000000000e+00
7.218050756889923036e+00,4.606378082023192988e+00,0.000000000000000000e+00,1.605741928665715135e-01,1.166893795607078788e-01,0.000000000000000000e+00
8.392888894388832455e+00,4.026061835331560701e+00,0.000000000000000000e+00,-2.452236564386284789e-01,2.358553959176018233e-01,0.000000000000000000e+00
8.479831007918191332e+00,3.909629828264864493e+00,0.000000000000000000e+00,-3.000402557513513480e-01,1.898641415851582692e-01,0.000000000000000000e+00
8.572623939320767050e+00,4.026839622529237772e+00,0.000000000000000000e+00,-3.084648454783007754e-01,2.533554733899359146e-01,0.000000000000000000e+00
8.568194678372883288e+00,3.796382459039969959e+00,0.000000000000000000e+00,-3.892502779670780066e-01,1.199545988556557918e-01,0.000000000000000000e+00
8.660389925834415692e+00,3.650172442039723908e+00,0.000000000000000000e+00,-3.091837714651006208e-01,4.742950732357304605e-02,0.000000000000000000e+00
8.660987609775457230e+00,3.913592253304343238e+00,0.000000000000000000e+00,-4.018410347902618418e-01,1.956643584824574733e-01,0.000000000000000000e+00
8.749351280230149186e+00,3.800344884079448260e+00,0.000000000000000000e+00,-4.976456976307953028e-01,1.380668051480014591e-01,0.000000000000000000e+00
8.319771005335743652e+00,4.156806159137943268e+00,0.000000000000000000e+00,-2.068724279809117106e-01,2.864339919319148220e-01,0.000000000000000000e+00
8.245137793206925636e+00,4.297234159087091498e+00,0.000000000000000000e+00,-1.626544823470633394e-01,3.548068691206403558e-01,0.000000000000000000e+00
8.499506050267678248e+00,4.157583946335620340e+00,0.000000000000000000e+00,-2.667867772514498914e-01,2.924095098755668531e-01,0.000000000000000000e+00
8.426388161214589445e+00,4.288328270142002907e+00,0.000000000000000000e+00,-2.290577521071865130e-01,3.319294603405914534e-01,0.000000000000000000e+00
8.750000000008848033e+00,3.500000000000000444e+00,0.000000000000000000e+00,0.000000000000000000e+00,0.000000000000000000e+00,0.000000000000000000e+00
8.838961354404581527e+00,3.650172442039724352e+00,0.000000000000000000e+00,-3.818268616738518806e-01,3.376517404985759224e-02,0.000000000000000000e+00
8.928571428579013869e+00,3.500000000000000444e+00,0.000000000000000000e+00,0.000000000000000000e+00,0.000000000000000000e+00,0.000000000000000000e+00
6.799138287082095999e+00,4.455336756900704742e+00,0.000000000000000000e+00,2.573788632971256707e-01,-2.069429987980063446e-01,0.000000000000000000e+00
6.965381094953853491e+00,4.459084142569814446e+00,0.000000000000000000e+00,2.323664346482481879e-01,-6.519409054559943684e-02,0.000000000000000000e+00
7.047700299460414541e+00,4.604939999424511043e+00,0.000000000000000000e+00,1.703334275649566742e-01,-1.036171380632252420e-02,0.000000000000000000e+00
6.877349842030905158e+00,4.603501916825829987e+00,0.000000000000000000e+00,1.548508384601323951e-01,-1.250826016350187475e-01,0.000000000000000000e+00
8.088310044496424212e+00,4.589820924033913840e+00,0.000000000000000000e+00,-1.299084596329613539e-01,4.909329043661659897e-01,0.000000000000000000e+00
8.166714888298216124e+00,4.443345071535581781e+00,0.000000000000000000e+00,-1.537681972969744959e-01,4.096313415436614314e-01,0.000000000000000000e+00
8.347965256305879933e+00,4.434439182590493189e+00,0.000000000000000000e+00,-2.032531634163687317e-01,3.964873372970644239e-01,0.000000000000000000e+00
8.269542351397170421e+00,4.580550095038982583e+00,0.000000000000000000e+00,-2.089119802409730164e-01,4.449916309066279108e-01,0.000000000000000000e+00
5.536180932027198409e+00,3.193186100252034976e+00,0.000000000000000000e+00,9.640722542358222125e-01,-1.545784618462338056e-01,0.000000000000000000e+00
5.695042920820746701e+00,3.276690706918425899e+00,0.000000000000000000e+00,1.163775244522561980e+00,-4.327898089737867160e-01,0.000000000000000000e+00
5.712996901961183482e+00,3.451345338409991470e+00,0.000000000000000000e+00,1.477590535931585514e+00,-3.860061771835315847e-01,0.000000000000000000e+00
5.572361864054396818e+00,3.386372200504069507e+00,0.000000000000000000e+00,1.411902527300930466e+00,-2.344211366986426737e-01,0.000000000000000000e+00
5.333333333333333925e+00,3.000000000000000444e+00,0.000000000000000000e+00,0.000000000000000000e+00,0.000000000000000000e+00,0.000000000000000000e+00
5.442582153313652249e+00,3.342631785040137693e+00,0.000000000000000000e+00,1.299738165739664053e+00,-1.571353801813716311e-01,0.000000000000000000e+00
5.406401221286452952e+00,3.149445684788102717e+00,0.000000000000000000e+00,7.691457903591384371e-01,-4.657965431280412100e-02,0.000000000000000000e+00
5.239734554619786877e+00,3.149445684788102717e+00,0.000000000000000000e+00,7.506886302006924305e-01,-8.813285852368350770e-02,0.000000000000000000e+00
5.166666666666666963e+00,3.000000000000000000e+00,0.000000000000000000e+00,0.000000000000000000e+00,0.000000000000000000e+00,0.000000000000000000e+00
5.312802442572906791e+00,3.298891369576204990e+00,0.000000000000000000e+00,1.169454918695195911e+00,-1.988975488341561126e-01,0.000000000000000000e+00
5.872895641423328428e+00,3.676850449623333184e+00,0.000000000000000000e+00,1.270362952202178208e+00,-3.256737256745668163e-01,0.000000000000000000e+00
6.006779243672756508e+00,3.747220487514785425e+00,0.000000000000000000e+00,9.311656676099441254e-01,-3.046655917962106663e-01,0.000000000000000000e+00
6.000595611640779481e+00,3.927047659433875459e+00,0.000000000000000000e+00,7.649699468635652311e-01,-2.517728077801812403e-01,0.000000000000000000e+00
5.892159342978686709e+00,3.837382422930752490e+00,0.000000000000000000e+00,8.726537423273271754e-01,-6.477660204750231021e-02,0.000000000000000000e+00
5.597634572780187057e+00,3.531334896487732244e+00,0.000000000000000000e+00,1.604043152710234788e+00,-1.907210621480808777e-01,0.000000000000000000e+00
5.738269610686973721e+00,3.596308034393654651e+00,0.000000000000000000e+00,1.649292977294150475e+00,-3.835865876645684902e-01,0.000000000000000000e+00
5.757533312242332002e+00,3.756840007701073958e+00,0.000000000000000000e+00,1.384938771888952314e+00,-7.130659232065640618e-02,0.000000000000000000e+00
5.622907281505976407e+00,3.676297592471394537e+00,0.000000000000000000e+00,1.762629697836870735e+00,-1.481242605509834886e-01,0.000000000000000000e+00
6.622965305396878222e+00,4.450375824602481600e+00,0.000000000000000000e+00,2.737549408950413210e-01,-2.912394955347089032e-01,0.000000000000000000e+00
6.448767006145523339e+00,4.418317384574050877e+00,0.000000000000000000e+00,3.037420854098241696e-01,-3.964734207048395964e-01,0.000000000000000000e+00
6.701176860345686492e+00,4.598540984527605957e+00,0.000000000000000000e+00,1.600255782391714898e-01,-2.517825242720392875e-01,0.000000000000000000e+00
6.525003878660470491e+00,4.593580052229382815e+00,0.000000000000000000e+00,1.418969498007122687e-01,-3.490209546570135490e-01,0.000000000000000000e+00
6.094331161933133068e+00,4.166382981671789665e+00,0.000000000000000000e+00,4.466967130736375080e-01,-4.059825924767773708e-01,0.000000000000000000e+00
6.226080288596985035e+00,4.279553892162649475e+00,0.000000000000000000e+00,2.937985887105208360e-01,-4.596209049493352738e-01,0.000000000000000000e+00
6.284872640542191746e+00,4.414105421806988616e+00,0.000000000000000000e+00,2.647572745158954799e-01,-5.663893767546930302e-01,0.000000000000000000e+00
6.361109513057137121e+00,4.589368089462319666e+00,0.000000000000000000e+00,1.094909502016582492e-01,-5.247103383912053998e-01,0.000000000000000000e+00
6.138422795508599705e+00,4.450604597050919153e+00,0.000000000000000000e+00,1.378875645222268631e-01,-5.780886619446954366e-01,0.000000000000000000e+00
6.079630443563392994e+00,4.316053067406579125e+00,0.000000000000000000e+00,1.468001233669169181e-01,-4.755201823222446333e-01,0.000000000000000000e+00
6.197215147453804640e+00,4.585156126695257406e+00,0.000000000000000000e+00,9.056829261507766404e-02,-6.554464613479633606e-01,0.000000000000000000e+00
5.852566424537209322e+00,4.015214658482518573e+00,0.000000000000000000e+00,5.722200345379072628e-01,-1.511755408285925806e-01,0.000000000000000000e+00
5.961002693199302982e+00,4.104879894985641542e+00,0.000000000000000000e+00,4.610580928883245555e-01,-2.657949098145555578e-01,0.000000000000000000e+00
5.946301974829562909e+00,4.254549980720431890e+00,0.000000000000000000e+00,1.358116248174608687e-01,-4.061359987233459923e-01,0.000000000000000000e+00
5.812973506095731047e+00,4.193046894034283767e+00,0.000000000000000000e+00,9.849756647578980506e-02,-3.415501341835753824e-01,0.000000000000000000e+00
7.473287023288463615e+00,4.755320950396326296e+00,0.000000000000000000e+00,7.520028547507628947e-02,3.908957622413367639e-01,0.000000000000000000e+00
7.304882047033057546e+00,4.754814236471522904e+00,0.000000000000000000e+00,3.773725147077025555e-02,2.249771952426341814e-01,0.000000000000000000e+00
7.648067232923313696e+00,4.752607293711180958e+00,0.000000000000000000e+00,6.325621941752174182e-02,5.796185198643311054e-01,0.000000000000000000e+00
7.824175747020786886e+00,4.748457415289204953e+00,0.000000000000000000e+00,-3.625253768302445084e-02,5.981879872850641711e-01,0.000000000000000000e+00
7.566493546811043025e+00,4.900536734234708369e+00,0.000000000000000000e+00,2.330146761964293003e-02,5.029567129053132968e-01,0.000000000000000000e+00
7.391713337176192056e+00,4.903250390919852819e+00,0.000000000000000000e+00,-3.224810627898499343e-02,2.642436346331588637e-01,0.000000000000000000e+00
7.741273756445893994e+00,4.897823077549563919e+00,0.000000000000000000e+00,3.929713105925110306e-02,6.813368822177500173e-01,0.000000000000000000e+00
8.001192642494512342e+00,4.744748406980235700e+00,0.000000000000000000e+00,-1.244861628885513410e-01,5.715150875334319425e-01,0.000000000000000000e+00
8.182424949395258551e+00,4.735477577985303554e+00,0.000000000000000000e+00,-1.943353383290856162e-01,5.441745412397636095e-01,0.000000000000000000e+00
7.918290651919619449e+00,4.894114069240594667e+00,0.000000000000000000e+00,-7.894680458583669402e-02,6.765536661397881790e-01,0.000000000000000000e+00
8.095307547393344905e+00,4.890405060931625414e+00,0.000000000000000000e+00,-2.023149877874350633e-01,6.268381734225492163e-01,0.000000000000000000e+00
6.961778360493559248e+00,4.753184368584904007e+00,0.000000000000000000e+00,7.555694417356800807e-02,-7.120668964987399152e-02,0.000000000000000000e+00
7.132128817923069519e+00,4.754622451183585952e+00,0.000000000000000000e+00,6.398404037890408069e-02,7.024228918068671501e-02,0.000000000000000000e+00
7.218960108066204029e+00,4.903058605631915867e+00,0.000000000000000000e+00,-5.076874632070677712e-02,1.723264275566725734e-01,0.000000000000000000e+00
7.046206878956214226e+00,4.902866820343978915e+00,0.000000000000000000e+00,-3.144849975066500020e-02,1.747677276740134886e-02,0.000000000000000000e+00
8.753698420855101858e+00,4.027292768801893352e+00,0.000000000000000000e+00,-3.143360733315014310e-01,1.820483122447862367e-01,0.000000000000000000e+00
8.842062091309792038e+00,3.914045399576998374e+00,0.000000000000000000e+00,-4.225694570360123969e-01,1.658324817732173551e-01,0.000000000000000000e+00
8.674950329755134248e+00,4.157683822277450147e+00,0.000000000000000000e+00,-2.572317028225176161e-01,2.086477755180352334e-01,0.000000000000000000e+00
8.601832440702043669e+00,4.288428146083832715e+00,0.000000000000000000e+00,-2.120168186163058632e-01,2.344181954386636568e-01,0.000000000000000000e+00
8.856024811289467280e+00,4.158136968550104839e+00,0.000000000000000000e+00,-2.344172954348598958e-01,1.502274250574359427e-01,0.000000000000000000e+00
8.934772902389436666e+00,4.027745915074548932e+00,0.000000000000000000e+00,-2.934917352800844870e-01,1.662532420455725135e-01,0.000000000000000000e+00
8.777276720189496118e+00,4.288528022025660746e+00,0.000000000000000000e+00,-1.733212521226488445e-01,1.449645793938091620e-01,0.000000000000000000e+00
8.927614126203355482e+00,3.797830253418963409e+00,0.000000000000000000e+00,-6.020857704725197657e-01,6.591284216426794573e-02,0.000000000000000000e+00
9.017224200377786048e+00,3.647657811379239057e+00,0.000000000000000000e+00,-4.294607864482019033e-01,-2.503889399355370415e-02,0.000000000000000000e+00
9.020324937283000111e+00,3.911530768916513967e+00,0.000000000000000000e+00,-5.122442373818509864e-01,5.424104300160064590e-02,0.000000000000000000e+00
9.105876972176563555e+00,3.795315622758478558e+00,0.000000000000000000e+00,-6.883039629506334522e-01,-5.288748028414908681e-02,0.000000000000000000e+00
8.526210390491481661e+00,4.430381215697708264e+00,0.000000000000000000e+00,-1.935833117723810004e-01,2.556387091016072421e-01,0.000000000000000000e+00
8.447787485582770373e+00,4.576492128146197658e+00,0.000000000000000000e+00,-1.832496677694535336e-01,3.116027765189913756e-01,0.000000000000000000e+00
8.701654669978934109e+00,4.430481091639537183e+00,0.000000000000000000e+00,-1.395744893580651846e-01,1.446380952673269327e-01,0.000000000000000000e+00
8.626032619768370324e+00,4.572434161253412732e+00,0.000000000000000000e+00,-1.415634915729866439e-01,1.399501714588497758e-01,0.000000000000000000e+00
9.107142857149177928e+00,3.500000000000000444e+00,0.000000000000000000e+00,0.000000000000000000e+00,0.000000000000000000e+00,0.000000000000000000e+00
9.195795628947951883e+00,3.647657811379239501e+00,0.000000000000000000e+00,-4.001208989320153009e-01,-2.391744879232047746e-03,0.000000000000000000e+00
9.285714285719341987e+00,3.500000000000000444e+00,0.000000000000000000e+00,0.000000000000000000e+00,0.000000000000000000e+00,0.000000000000000000e+00
6.610709745205838317e+00,4.747956226246902389e+00,0.000000000000000000e+00,6.396535616838737448e-02,-3.140131015197836772e-01,0.000000000000000000e+00
6.786882726891054318e+00,4.752917158545125531e+00,0.000000000000000000e+00,6.788463985035475545e-02,-1.903384388899518054e-01,0.000000000000000000e+00
6.871311245353709296e+00,4.902599610304200439e+00,0.000000000000000000e+00,-1.724147019405056214e-02,-1.321104116155421559e-01,0.000000000000000000e+00
6.696415611751204366e+00,4.902332400264421963e+00,0.000000000000000000e+00,-1.946883462797654660e-02,-2.547575690056838593e-01,0.000000000000000000e+00
8.361662495705848741e+00,4.732862080344478528e+00,0.000000000000000000e+00,-1.878141105266957489e-01,3.460221844441534467e-01,0.000000000000000000e+00
8.274545093703935095e+00,4.887789563290799499e+00,0.000000000000000000e+00,-1.828539112254970178e-01,4.452809634136458694e-01,0.000000000000000000e+00
8.539907629891448693e+00,4.728804113451693603e+00,0.000000000000000000e+00,-1.183280455040213175e-01,1.800435788384026348e-01,0.000000000000000000e+00
8.453782640014527061e+00,4.885174065649974473e+00,0.000000000000000000e+00,-1.424914255785535988e-01,1.948259482960652822e-01,0.000000000000000000e+00
5.449733703423419229e+00,3.523044375916099646e+00,0.000000000000000000e+00,1.717811218668110484e+00,-1.720678714669937048e-01,0.000000000000000000e+00
5.319953992682674659e+00,3.479303960452167832e+00,0.000000000000000000e+00,1.647243219565293515e+00,-9.285793016078357220e-02,0.000000000000000000e+00
5.475006412149209467e+00,3.668007071899761939e+00,0.000000000000000000e+00,1.872046055853463953e+00,-9.394552437868794459e-02,0.000000000000000000e+00
5.327105542792440751e+00,3.659716551328129341e+00,0.000000000000000000e+00,1.972595712956077607e+00,1.976565614318418276e-02,0.000000000000000000e+00
5.076227742118372355e+00,3.129787158562312488e+00,0.000000000000000000e+00,5.002334340544399849e-01,-1.304416501046600230e-01,0.000000000000000000e+00
5.149295630071492269e+00,3.279232843350415649e+00,0.000000000000000000e+00,9.117000274499533763e-01,-3.337394475019520579e-01,0.000000000000000000e+00
4.985788817570077747e+00,3.259574317124624976e+00,0.000000000000000000e+00,7.409643556896980954e-01,-2.424973171177673692e-01,0.000000000000000000e+00
5.000000000000000000e+00,3.000000000000000444e+00,0.000000000000000000e+00,0.000000000000000000e+00,0.000000000000000000e+00,0.000000000000000000e+00
4.909561075451705392e+00,3.129787158562312488e+00,0.000000000000000000e+00,3.920101721196707079e-01,1.957151654748736508e-02,0.000000000000000000e+00
4.833333333333333037e+00,3.000000000000000000e+00,0.000000000000000000e+00,0.000000000000000000e+00,0.000000000000000000e+00,0.000000000000000000e+00
5.215814055804727012e+00,3.392682305324922432e+00,0.000000000000000000e+00,1.626708470302344223e+00,-4.393600377572557947e-01,0.000000000000000000e+00
5.222965605914493992e+00,3.573094896200884829e+00,0.000000000000000000e+00,2.024407907704918852e+00,-2.223677581505785483e-01,0.000000000000000000e+00
5.052307243303312490e+00,3.373023779099132646e+00,0.000000000000000000e+00,1.545278027216474337e+00,-2.163099933598670865e-01,0.000000000000000000e+00
5.118825669036546344e+00,3.486473241073639429e+00,0.000000000000000000e+00,2.080580826690398233e+00,-2.022590964545812886e-01,0.000000000000000000e+00
5.696079671489343355e+00,3.918691211465376245e+00,0.000000000000000000e+00,5.492564181732224604e-01,9.275151346695359456e-02,0.000000000000000000e+00
5.561453640752988647e+00,3.838148796235697269e+00,0.000000000000000000e+00,1.181657504350516863e+00,-3.560946607254063950e-02,0.000000000000000000e+00
5.656486753047865079e+00,4.096523447017141883e+00,0.000000000000000000e+00,6.460747800960220388e-02,-1.789470496426785739e-01,0.000000000000000000e+00
5.500000000000000888e+00,4.000000000000000888e+00,0.000000000000000000e+00,0.000000000000000000e+00,0.000000000000000000e+00,0.000000000000000000e+00
5.413552771396220820e+00,3.829858275664064671e+00,0.000000000000000000e+00,1.334909252552003212e+00,1.435965668062547801e-02,0.000000000000000000e+00
6.275422260077393233e+00,4.738042110343454461e+00,0.000000000000000000e+00,2.154304923939828081e-04,-6.096275120600493924e-01,0.000000000000000000e+00
6.439316625680724826e+00,4.742254073110515833e+00,0.000000000000000000e+00,1.629772097540940420e-02,-4.711075118319336674e-01,0.000000000000000000e+00
6.525022492226092652e+00,4.896630247128037183e+00,0.000000000000000000e+00,-4.913542145741853218e-02,-4.289847571676273508e-01,0.000000000000000000e+00
6.353629372700980049e+00,4.890928093991651515e+00,0.000000000000000000e+00,-7.136998140291100912e-02,-5.530424007568681688e-01,0.000000000000000000e+00
5.965992782198750177e+00,4.454008043862488719e+00,0.000000000000000000e+00,5.157021847237775597e-02,-4.743417414411068567e-01,0.000000000000000000e+00
6.024785134143956000e+00,4.588559573506827860e+00,0.000000000000000000e+00,4.936058097892281893e-02,-5.649362837493554501e-01,0.000000000000000000e+00
5.852355120834104696e+00,4.591963020318396538e+00,0.000000000000000000e+00,9.597321295784990922e-03,-4.293872879331261383e-01,0.000000000000000000e+00
5.832664313464918315e+00,4.392504957176340596e+00,0.000000000000000000e+00,4.094753107731169406e-02,-4.017039823169869517e-01,0.000000000000000000e+00
6.133549210339430680e+00,4.720399438856173191e+00,0.000000000000000000e+00,3.225270564011920027e-02,-6.420352535852040798e-01,0.000000000000000000e+00
6.211756322963017496e+00,4.873285422504370246e+00,0.000000000000000000e+00,-3.310600899078541826e-02,-5.893164044622362097e-01,0.000000000000000000e+00
5.961119197029581152e+00,4.723802885667743645e+00,0.000000000000000000e+00,8.264562305384734464e-03,-5.366572672861564808e-01,0.000000000000000000e+00
6.069883273225055831e+00,4.855642751017088976e+00,0.000000000000000000e+00,2.106195450989557707e-03,-6.175721572075612009e-01,0.000000000000000000e+00
5.500000000000000000e+00,4.199999999999999289e+00,0.000000000000000000e+00,0.000000000000000000e+00,0.000000000000000000e+00,0.000000000000000000e+00
5.656486753047865967e+00,4.296523447017142061e+00,0.000000000000000000e+00,1.990960313767330472e-02,-2.349795848338745163e-01,0.000000000000000000e+00
5.676177560417052348e+00,4.495981510159198002e+00,0.000000000000000000e+00,7.919760250963744225e-03,-2.794529182572173531e-01,0.000000000000000000e+00
5.500000000000000000e+00,4.399999999999998579e+00,0.000000000000000000e+00,0.000000000000000000e+00,0.000000000000000000e+00,0.000000000000000000e+00
7.652185216651620436e+00,5.048166391216276416e+00,0.000000000000000000e+00,-3.283489686746506042e-02,5.546620966103645856e-01,0.000000000000000000e+00
7.477405007016768579e+00,5.050880047901420866e+00,0.000000000000000000e+00,-1.585573962565796913e-01,2.991138251519008806e-01,0.000000000000000000e+00
7.563096676857345990e+00,5.198509704882988025e+00,0.000000000000000000e+00,-2.366875604171522207e-01,3.019418439174103019e-01,0.000000000000000000e+00
7.135633250333961897e+00,5.052390273925214004e+00,0.000000000000000000e+00,-2.056474829682062577e-01,1.290249976751488559e-01,0.000000000000000000e+00
7.308386479443950812e+00,5.052582059213150956e+00,0.000000000000000000e+00,-2.041100077001653246e-01,2.164748638740119080e-01,0.000000000000000000e+00
7.394078149284528223e+00,5.200211716194719003e+00,0.000000000000000000e+00,-3.054572845153682992e-01,2.120693764269842851e-01,0.000000000000000000e+00
7.225059621711708679e+00,5.201913727506449980e+00,0.000000000000000000e+00,-3.411871451953271683e-01,1.865498386686143539e-01,0.000000000000000000e+00
8.004382208236620500e+00,5.036640821233831389e+00,0.000000000000000000e+00,-1.361445569658210897e-01,7.766209241000200381e-01,0.000000000000000000e+00
7.827365312762894156e+00,5.040349829542800641e+00,0.000000000000000000e+00,-8.126391817264724815e-03,7.999065058595085098e-01,0.000000000000000000e+00
7.738276772968621486e+00,5.190693143209513138e+00,0.000000000000000000e+00,-1.078607929141625899e-01,6.600892590000194682e-01,0.000000000000000000e+00
7.913456869079894318e+00,5.182876581536037364e+00,0.000000000000000000e+00,-4.241328638982042043e-02,9.038633126322666023e-01,0.000000000000000000e+00
8.365851047450684419e+00,5.037459347643268082e+00,0.000000000000000000e+00,-9.122866899881723612e-02,2.805077345159346369e-01,0.000000000000000000e+00
8.186613501140094229e+00,5.040074845284093996e+00,0.000000000000000000e+00,-1.583258262019662244e-01,5.091861329183205997e-01,0.000000000000000000e+00
8.095688161983368047e+00,5.186310605586299971e+00,0.000000000000000000e+00,-6.882182902102206012e-02,6.849046579197951568e-01,0.000000000000000000e+00
8.277919454886841777e+00,5.189744629636561690e+00,0.000000000000000000e+00,-7.208487339513475201e-02,3.382157723606064592e-01,0.000000000000000000e+00
6.786741475041221605e+00,5.045685666439389649e+00,0.000000000000000000e+00,-1.157973130782294080e-01,-1.784602056242390045e-01,0.000000000000000000e+00
6.961637108643725647e+00,5.045952876479168125e+00,0.000000000000000000e+00,-1.512394407183263734e-01,-2.955646882140634812e-02,0.000000000000000000e+00
7.051063480021474206e+00,5.195476330060404102e+00,0.000000000000000000e+00,-3.034781060694197730e-01,1.115316933556250445e-01,0.000000000000000000e+00
6.877067338331238844e+00,5.189038932614359112e+00,0.000000000000000000e+00,-2.239368889078203195e-01,-5.957822485716844640e-02,0.000000000000000000e+00
9.035064928737748247e+00,4.149450087310215807e+00,0.000000000000000000e+00,-1.696274006521162614e-01,3.730019075527334776e-02,0.000000000000000000e+00
8.956316837637778860e+00,4.279841140785771714e+00,0.000000000000000000e+00,-1.210089938967394696e-01,5.145225369730629938e-02,0.000000000000000000e+00
9.135356955086058051e+00,4.271154259545882681e+00,0.000000000000000000e+00,-3.968951255109140486e-02,-1.271480858117646773e-01,0.000000000000000000e+00
9.108903993434008584e+00,4.018061139437506313e+00,0.000000000000000000e+00,-3.138601124252513586e-01,-7.243361874167832115e-02,0.000000000000000000e+00
9.194456028327572028e+00,3.901845993279471347e+00,0.000000000000000000e+00,-5.086683390890752721e-01,-1.746166797997698583e-01,0.000000000000000000e+00
9.209196019782318388e+00,4.139765311673173187e+00,0.000000000000000000e+00,-1.609037308859014304e-01,-2.242777957152760071e-01,0.000000000000000000e+00
9.283035084478578725e+00,4.008376363800463693e+00,0.000000000000000000e+00,-2.902559683435051441e-01,-2.939595157855662833e-01,0.000000000000000000e+00
8.879978138840403545e+00,4.426091634587484336e+00,0.000000000000000000e+00,-9.384027216826042184e-02,6.058002474914014890e-02,0.000000000000000000e+00
8.804356088629839761e+00,4.568044704201360773e+00,0.000000000000000000e+00,-9.537597503742549498e-02,6.778856382614092957e-02,0.000000000000000000e+00
9.059018256288684512e+00,4.417404753347595303e+00,0.000000000000000000e+00,-2.233910404879021691e-02,-1.040513080711312627e-01,0.000000000000000000e+00
8.982679557491309197e+00,4.563655247149307925e+00,0.000000000000000000e+00,-2.229633032587569758e-02,-7.849064428162931539e-02,0.000000000000000000e+00
9.279155223747528325e+00,3.781033391549406542e+00,0.000000000000000000e+00,-5.250505109652713331e-01,-9.726218064594430168e-02,0.000000000000000000e+00
9.369073880518916653e+00,3.633375580170167041e+00,0.000000000000000000e+00,-2.840564397851134681e-01,-2.495401708322161904e-02,0.000000000000000000e+00
9.367734279898536798e+00,3.887563762070399775e+00,0.000000000000000000e+00,-3.507695350873840101e-01,-2.121613018940738393e-01,0.000000000000000000e+00
9.452433475318493095e+00,3.766751160340334081e+00,0.000000000000000000e+00,-3.601395678023319724e-01,-1.214865115652323524e-01,0.000000000000000000e+00
8.632546330027018655e+00,4.881548853827073486e+00,0.000000000000000000e+00,-9.287035465741842744e-02,9.819404719593217978e-02,0.000000000000000000e+00
8.718671319903940287e+00,4.725178901628792616e+00,0.000000000000000000e+00,-9.075147107785432044e-02,7.163185903103934382e-02,0.000000000000000000e+00
8.896994788765411499e+00,4.720789444576739768e+00,0.000000000000000000e+00,-1.655197538159736137e-02,-6.458460656114710374e-02,0.000000000000000000e+00
8.811310020039512025e+00,4.877923642004172500e+00,0.000000000000000000e+00,-1.911042153241977737e-02,-5.743825373505521970e-02,0.000000000000000000e+00
9.464285714289506046e+00,3.500000000000000444e+00,0.000000000000000000e+00,0.000000000000000000e+00,0.000000000000000000e+00,0.000000000000000000e+00
9.547645309089082488e+00,3.633375580170167485e+00,0.000000000000000000e+00,-1.922812664778295322e-01,-3.045160811852366464e-02,0.000000000000000000e+00
9.642857142859671882e+00,3.500000000000000444e+00,0.000000000000000000e+00,0.000000000000000000e+00,0.000000000000000000e+00,0.000000000000000000e+00
6.435740063199379080e+00,5.053119267046935370e+00,0.000000000000000000e+00,-1.546684303614452027e-01,-5.091479724951938346e-01,0.000000000000000000e+00
6.607133182724492571e+00,5.058821420183321038e+00,0.000000000000000000e+00,-1.507508677073072234e-01,-3.683052105378688545e-01,0.000000000000000000e+00
6.697459046014508921e+00,5.202174686358288724e+00,0.000000000000000000e+00,-2.420252580013808608e-01,-2.896396162083987869e-01,0.000000000000000000e+00
6.517850753697778998e+00,5.215310440102220113e+00,0.000000000000000000e+00,-2.452878857683216118e-01,-4.400049482509867382e-01,0.000000000000000000e+00
8.462720897469013792e+00,5.177595159093119292e+00,0.000000000000000000e+00,-2.404892038488671072e-02,1.662929211953238506e-01,0.000000000000000000e+00
8.550652490032854658e+00,5.025309877099823908e+00,0.000000000000000000e+00,-7.681198494864793780e-02,1.039816887263057127e-01,0.000000000000000000e+00
8.729416180045348028e+00,5.021684665276923809e+00,0.000000000000000000e+00,1.791813304440332752e-02,-4.940512663461787274e-02,0.000000000000000000e+00
8.647522340051185807e+00,5.165445688549676007e+00,0.000000000000000000e+00,5.077105649807969745e-02,-5.920745890550681984e-02,0.000000000000000000e+00
5.321428571428572063e+00,4.000000000000000000e+00,0.000000000000000000e+00,0.000000000000000000e+00,0.000000000000000000e+00,0.000000000000000000e+00
5.041873769481329148e+00,3.594977481256490748e+00,0.000000000000000000e+00,2.178466791111353551e+00,2.854596227072690451e-01,0.000000000000000000e+00
5.146013706359276796e+00,3.681599136383735704e+00,0.000000000000000000e+00,2.153290469829623799e+00,-1.046056914240904578e-01,0.000000000000000000e+00
5.234981342824791994e+00,3.829858275664064671e+00,0.000000000000000000e+00,1.363550852829025883e+00,8.771254190550529378e-03,0.000000000000000000e+00
5.053889506391627151e+00,3.851740860719670589e+00,0.000000000000000000e+00,1.530639389064532008e+00,1.634530000377783510e-01,0.000000000000000000e+00
5.142857142857144126e+00,4.000000000000000888e+00,0.000000000000000000e+00,0.000000000000000000e+00,0.000000000000000000e+00,0.000000000000000000e+00
4.964921869926111953e+00,3.703481721439342067e+00,0.000000000000000000e+00,2.186069882699839262e+00,7.201501578114120061e-01,0.000000000000000000e+00
4.828120144477571429e+00,3.253386625552232125e+00,0.000000000000000000e+00,7.954634123349442199e-01,3.612829451292339789e-01,0.000000000000000000e+00
4.751892402359198186e+00,3.123599466989919193e+00,0.000000000000000000e+00,5.754301239725831962e-01,1.072294244932316953e-01,0.000000000000000000e+00
4.962375478753304314e+00,3.482304659309011008e+00,0.000000000000000000e+00,2.567610834859203717e+00,4.791688618873864436e-01,0.000000000000000000e+00
4.895857053020069571e+00,3.368855197334503337e+00,0.000000000000000000e+00,2.157029376033812618e+00,3.401435792950173731e-01,0.000000000000000000e+00
4.738188379927562366e+00,3.362667505762110487e+00,0.000000000000000000e+00,2.178154617406150795e+00,5.620191370656096863e-01,0.000000000000000000e+00
4.670451471385063336e+00,3.247198933979837943e+00,0.000000000000000000e+00,1.007203359319783109e+00,1.550336641214992706e-01,0.000000000000000000e+00
4.805925288470062284e+00,3.478136077544382587e+00,0.000000000000000000e+00,2.924924741901439251e+00,7.773996508415212947e-01,0.000000000000000000e+00
4.666666666666666963e+00,3.000000000000000444e+00,0.000000000000000000e+00,0.000000000000000000e+00,0.000000000000000000e+00,0.000000000000000000e+00
4.585225735692532112e+00,3.123599466989919193e+00,0.000000000000000000e+00,5.493581345745119915e-01,7.616812741576198253e-02,0.000000000000000000e+00
4.500000000000000000e+00,3.000000000000000000e+00,0.000000000000000000e+00,0.000000000000000000e+00,0.000000000000000000e+00,0.000000000000000000e+00
4.885423579198086230e+00,3.590808899491861439e+00,0.000000000000000000e+00,2.558381852509167942e+00,9.817389765263015988e-01,0.000000000000000000e+00
6.105170382086232195e+00,5.028437032099460247e+00,0.000000000000000000e+00,-8.311900172331385117e-02,-5.769339773814949890e-01,0.000000000000000000e+00
6.247043431824193860e+00,5.046079703586740628e+00,0.000000000000000000e+00,-1.191793645304018989e-01,-5.406627443147308254e-01,0.000000000000000000e+00
6.329154122322593778e+00,5.208270876642025371e+00,0.000000000000000000e+00,-1.867773492318137996e-01,-4.919203526367305623e-01,0.000000000000000000e+00
6.140457490947409447e+00,5.201231313181831517e+00,0.000000000000000000e+00,-1.458866691280451822e-01,-5.266744156116177633e-01,0.000000000000000000e+00
5.500000000000000000e+00,4.599999999999999645e+00,0.000000000000000000e+00,0.000000000000000000e+00,0.000000000000000000e+00,0.000000000000000000e+00
5.676177560417052348e+00,4.695981510159198180e+00,0.000000000000000000e+00,4.269042024449939271e-03,-2.785886759320828077e-01,0.000000000000000000e+00
5.937821253707020297e+00,4.932288975957698440e+00,0.000000000000000000e+00,4.018814049577836521e-03,-5.099739514678406360e-01,0.000000000000000000e+00
5.829057177511544729e+00,4.800449110608351333e+00,0.000000000000000000e+00,2.072482019598748896e-03,-4.077022069259762516e-01,0.000000000000000000e+00
5.652879617094491493e+00,4.904467600449152087e+00,0.000000000000000000e+00,6.384058531952543393e-03,-2.432125002813729786e-01,0.000000000000000000e+00
5.500000000000000000e+00,4.799999999999998934e+00,0.000000000000000000e+00,0.000000000000000000e+00,0.000000000000000000e+00,0.000000000000000000e+00
5.805759234188983875e+00,5.008935200898306128e+00,0.000000000000000000e+00,1.020639919071858297e-02,-3.813637693931213324e-01,0.000000000000000000e+00
5.973108362568197549e+00,5.105083257040068823e+00,0.000000000000000000e+00,-6.213786200984849906e-02,-4.740668732043930578e-01,0.000000000000000000e+00
7.309085476396129266e+00,5.340298649037706014e+00,0.000000000000000000e+00,-4.667145348210446909e-01,1.687714414415825981e-01,0.000000000000000000e+00
7.478104003968947922e+00,5.338596637725975924e+00,0.000000000000000000e+00,-4.274581210725360569e-01,2.011262116929353749e-01,0.000000000000000000e+00
7.654296209722555311e+00,5.330067021291752916e+00,0.000000000000000000e+00,-3.364155230625763271e-01,3.619232780628761637e-01,0.000000000000000000e+00
7.829476305833830807e+00,5.322250459618278029e+00,0.000000000000000000e+00,-1.570876502318839518e-01,7.267878297195757842e-01,0.000000000000000000e+00
7.569303536834157242e+00,5.470153954134740815e+00,0.000000000000000000e+00,-5.117841853479460079e-01,2.100546443061302726e-01,0.000000000000000000e+00
7.393111331080549853e+00,5.478683570568962935e+00,0.000000000000000000e+00,-5.591530403070480437e-01,1.568338710629790522e-01,0.000000000000000000e+00
7.745495742587765520e+00,5.461624337700518694e+00,0.000000000000000000e+00,-3.933336653099465119e-01,4.033248539230962493e-01,0.000000000000000000e+00
6.960237807484039863e+00,5.324669760113107664e+00,0.000000000000000000e+00,-4.559198443600418482e-01,9.549039436291156813e-02,0.000000000000000000e+00
7.134233949174273448e+00,5.331107157559152654e+00,0.000000000000000000e+00,-5.024126301786473459e-01,1.789546043478381920e-01,0.000000000000000000e+00
7.218259803858694923e+00,5.469492079090409575e+00,0.000000000000000000e+00,-5.957431117533004139e-01,1.391174054824025064e-01,0.000000000000000000e+00
7.043408276636839105e+00,5.460300587611856216e+00,0.000000000000000000e+00,-6.182001949145394804e-01,1.932754361915711150e-01,0.000000000000000000e+00
8.008187363968771066e+00,5.311842630475147153e+00,0.000000000000000000e+00,5.651610777345862646e-02,8.147738831049166075e-01,0.000000000000000000e+00
8.190418656872246572e+00,5.315276654525409761e+00,0.000000000000000000e+00,1.000425547160230799e-01,5.079780205556202466e-01,0.000000000000000000e+00
7.924206800722705779e+00,5.451216508557386931e+00,0.000000000000000000e+00,-7.829696049252873880e-02,6.031526843208866451e-01,0.000000000000000000e+00
8.102917858857646038e+00,5.440808679414256055e+00,0.000000000000000000e+00,1.869028620090451565e-01,6.230934675077272056e-01,0.000000000000000000e+00
8.379525824879282325e+00,5.317051216965506200e+00,0.000000000000000000e+00,8.657749278347781630e-02,2.053900480124425110e-01,0.000000000000000000e+00
8.564327267461454340e+00,5.304901746422062914e+00,0.000000000000000000e+00,1.697118991911042429e-01,-2.468224633548482191e-02,0.000000000000000000e+00
8.292025026864685344e+00,5.442583241854353382e+00,0.000000000000000000e+00,2.431270402250858831e-01,3.503629636127591485e-01,0.000000000000000000e+00
8.481132194871721097e+00,5.444357804294448933e+00,0.000000000000000000e+00,2.781747413751060050e-01,7.699500608958165758e-03,0.000000000000000000e+00
6.599564536741512555e+00,5.333202395402333096e+00,0.000000000000000000e+00,-4.264418267001879315e-01,-3.652646848895809151e-01,0.000000000000000000e+00
6.779172829058241589e+00,5.320066641658401707e+00,0.000000000000000000e+00,-4.123202344347848269e-01,-1.914374771619543614e-01,0.000000000000000000e+00
6.862343298211042608e+00,5.455697469157151147e+00,0.000000000000000000e+00,-6.156481683390716553e-01,-2.227451028341552799e-02,0.000000000000000000e+00
6.681278319785245223e+00,5.451094350702444302e+00,0.000000000000000000e+00,-5.517789886315456194e-01,-2.992465122793246945e-01,0.000000000000000000e+00
9.355737302306412317e+00,4.131118872961413224e+00,0.000000000000000000e+00,-1.622392898243848469e-01,-3.506544670565118205e-01,0.000000000000000000e+00
9.281898237610150204e+00,4.262507820834121830e+00,0.000000000000000000e+00,-5.208524701111633126e-02,-2.870515474396894695e-01,0.000000000000000000e+00
9.252300843418534981e+00,4.417541297981307125e+00,0.000000000000000000e+00,2.929021190293877586e-02,-2.457250449391999991e-01,0.000000000000000000e+00
9.175962144621159666e+00,4.563791791783018859e+00,0.000000000000000000e+00,2.411330527327598672e-02,-2.216572826610796187e-01,0.000000000000000000e+00
9.398842125942625358e+00,4.408894859269546274e+00,0.000000000000000000e+00,1.801726606119339116e-02,-3.508063271433857766e-01,0.000000000000000000e+00
9.428439520134240581e+00,4.253861382122360979e+00,0.000000000000000000e+00,-6.429674409773637744e-02,-3.759610555194956572e-01,0.000000000000000000e+00
9.369244731751010136e+00,4.563928336416730680e+00,0.000000000000000000e+00,4.645389115954134257e-02,-3.155654652471871491e-01,0.000000000000000000e+00
9.470799584072016941e+00,4.021872311147114409e+00,0.000000000000000000e+00,-1.685782323155511908e-01,-2.888741643255411384e-01,0.000000000000000000e+00
9.555498779491973238e+00,3.901059709417049604e+00,0.000000000000000000e+00,-2.092556378040866805e-01,-2.220756086837902266e-01,0.000000000000000000e+00
9.543501801899846981e+00,4.144614820308063052e+00,0.000000000000000000e+00,-7.796428657916543159e-02,-3.195278799533657343e-01,0.000000000000000000e+00
9.658564083665455158e+00,4.035368258493765126e+00,0.000000000000000000e+00,-7.946168270027405278e-02,-2.562908457347204960e-01,0.000000000000000000e+00
8.984191518009424726e+00,4.877580136581122439e+00,0.000000000000000000e+00,3.918376740204358027e-02,-1.647307684963590368e-01,0.000000000000000000e+00
9.069876286735325976e+00,4.720445939153690595e+00,0.000000000000000000e+00,3.658244373339827188e-02,-1.755232805702658661e-01,0.000000000000000000e+00
9.263158873865174670e+00,4.720582483787401529e+00,0.000000000000000000e+00,5.862756693425785065e-02,-2.768932404554632631e-01,0.000000000000000000e+00
9.157073015979339203e+00,4.877236631158072377e+00,0.000000000000000000e+00,7.461155661289591012e-02,-2.351107699494240921e-01,0.000000000000000000e+00
9.595493379164931724e+00,3.764098938664816707e+00,0.000000000000000000e+00,-2.282200534403115710e-01,-1.146941993701544454e-01,0.000000000000000000e+00
9.690705212935519341e+00,3.630723358494650110e+00,0.000000000000000000e+00,-1.122093810833784122e-01,-2.229067564070385740e-02,0.000000000000000000e+00
9.698558683338411868e+00,3.898407487741532229e+00,0.000000000000000000e+00,-1.132445274374838523e-01,-1.744551720041756793e-01,0.000000000000000000e+00
9.738553283011366801e+00,3.761446716989299777e+00,0.000000000000000000e+00,-1.158356099288020274e-01,-8.628944314316000508e-02,0.000000000000000000e+00
8.825792114598431937e+00,5.164823262772435086e+00,0.000000000000000000e+00,1.077454577113647061e-01,-1.389108349067002257e-01,0.000000000000000000e+00
8.907685954592594157e+00,5.021062239499682889e+00,0.000000000000000000e+00,6.894597581763105276e-02,-1.544289251168275146e-01,0.000000000000000000e+00
9.080567452562510411e+00,5.020718734076632828e+00,0.000000000000000000e+00,9.363403622590932285e-02,-2.235581066177603493e-01,0.000000000000000000e+00
9.004061889145681619e+00,5.164200836995194166e+00,0.000000000000000000e+00,1.280926373432707266e-01,-2.038501890468195354e-01,0.000000000000000000e+00
9.821428571429835941e+00,3.500000000000000444e+00,0.000000000000000000e+00,0.000000000000000000e+00,0.000000000000000000e+00,0.000000000000000000e+00
1.000000000000000178e+01,3.500000000000000444e+00,0.000000000000000000e+00,0.000000000000000000e+00,0.000000000000000000e+00,0.000000000000000000e+00
9.869276641505685177e+00,3.630723358494650110e+00,0.000000000000000000e+00,-3.757221305595688510e-02,-1.760686564092007675e-02,0.000000000000000000e+00
6.245209855014238087e+00,5.314233564704122337e+00,0.000000000000000000e+00,-2.686047855902403692e-01,-4.834660459102794738e-01,0.000000000000000000e+00
6.433906486389423307e+00,5.321273128164316191e+00,0.000000000000000000e+00,-3.383996177072129408e-01,-4.262043947441597203e-01,0.000000000000000000e+00
6.515620269433156864e+00,5.439165083464429173e+00,0.000000000000000000e+00,-4.905177670357743214e-01,-3.433727522316812331e-01,0.000000000000000000e+00
6.349962219081066728e+00,5.427235816226413156e+00,0.000000000000000000e+00,-4.015735357561300845e-01,-4.107081775761292630e-01,0.000000000000000000e+00
8.663734097278332769e+00,5.442210344008049816e+00,0.000000000000000000e+00,2.844360076533894999e-01,-8.896775918135559069e-02,0.000000000000000000e+00
8.746929169868064236e+00,5.302754286135662909e+00,0.000000000000000000e+00,1.856166883267189871e-01,-1.325108568892276462e-01,0.000000000000000000e+00
8.925198944415310365e+00,5.302131860358421989e+00,0.000000000000000000e+00,1.948088030671934479e-01,-1.778521352070713268e-01,0.000000000000000000e+00
8.846335999684940887e+00,5.440062883721648923e+00,0.000000000000000000e+00,2.583336367882614337e-01,-1.491825793203083173e-01,0.000000000000000000e+00
4.964285714285715301e+00,4.000000000000000000e+00,0.000000000000000000e+00,0.000000000000000000e+00,0.000000000000000000e+00,0.000000000000000000e+00
4.875318077820198326e+00,3.851740860719671034e+00,0.000000000000000000e+00,1.458213032369351181e+00,3.558906602050177503e-01,0.000000000000000000e+00
4.785714285714286476e+00,4.000000000000000888e+00,0.000000000000000000e+00,0.000000000000000000e+00,0.000000000000000000e+00,0.000000000000000000e+00
4.690472407483142092e+00,3.592314167064663000e+00,0.000000000000000000e+00,2.449823158453943162e+00,2.936620067605819062e-01,0.000000000000000000e+00
4.769970698211166926e+00,3.704986989012142296e+00,0.000000000000000000e+00,1.961484556916663680e+00,5.071432920532875643e-01,0.000000000000000000e+00
4.680366906105254188e+00,3.853246128292471262e+00,0.000000000000000000e+00,1.121958593329493548e+00,1.482258868981397096e-02,0.000000000000000000e+00
4.575019526496222788e+00,3.706492256584942968e+00,0.000000000000000000e+00,1.739769235005234060e+00,-1.652406159066217572e-01,0.000000000000000000e+00
4.604940697706882524e+00,3.343949056785492147e+00,0.000000000000000000e+00,1.896457256843584238e+00,3.274997791500447453e-01,0.000000000000000000e+00
4.672677606249381554e+00,3.459417628567764247e+00,0.000000000000000000e+00,2.770795810020670213e+00,4.038177263744742729e-01,0.000000000000000000e+00
4.539429924028700825e+00,3.440699179591146351e+00,0.000000000000000000e+00,2.507451355712985386e+00,3.756638305796517474e-01,0.000000000000000000e+00
4.442415591699932165e+00,3.128073773051045059e+00,0.000000000000000000e+00,8.993514067659822420e-01,9.107752946223847124e-01,0.000000000000000000e+00
4.527641327392464277e+00,3.251673240040963808e+00,0.000000000000000000e+00,1.320389413123999489e+00,7.061699082455401566e-01,0.000000000000000000e+00
4.462130553714283465e+00,3.348423362846618012e+00,0.000000000000000000e+00,1.934458971517850179e+00,1.091243651048759533e+00,0.000000000000000000e+00
4.384831183399864329e+00,3.256147546102088786e+00,0.000000000000000000e+00,1.287877417982207673e+00,1.468578543396206415e+00,0.000000000000000000e+00
4.557224725262462250e+00,3.573595718088045103e+00,0.000000000000000000e+00,2.181787973433944927e+00,4.528427781248101081e-02,0.000000000000000000e+00
4.500000000000000000e+00,2.875000000000000444e+00,0.000000000000000000e+00,0.000000000000000000e+00,0.000000000000000000e+00,0.000000000000000000e+00
4.358840003652717954e+00,3.010759827642945474e+00,0.000000000000000000e+00,1.462587136354967787e-01,1.920198891776280004e+00,0.000000000000000000e+00
4.301255595352650118e+00,3.138833600693989645e+00,0.000000000000000000e+00,7.437885923683866807e-01,2.324926856617947291e+00,0.000000000000000000e+00
4.406920138930201958e+00,2.915635730526217273e+00,0.000000000000000000e+00,-4.872297267122019382e-02,1.432042520604391633e+00,0.000000000000000000e+00
4.265760142582918135e+00,2.926395558169162747e+00,0.000000000000000000e+00,1.900637085455750969e-02,2.577350996958926999e+00,0.000000000000000000e+00
4.406920138930201958e+00,2.790635730526217273e+00,0.000000000000000000e+00,-5.005185413168648095e-02,1.498710731637558968e+00,0.000000000000000000e+00
4.500000000000000000e+00,2.750000000000000000e+00,0.000000000000000000e+00,0.000000000000000000e+00,0.000000000000000000e+00,0.000000000000000000e+00
4.313840277860402139e+00,2.831271461052434546e+00,0.000000000000000000e+00,-2.184472795902643039e-01,2.251504588232524640e+00,0.000000000000000000e+00
4.217680007305434131e+00,3.021519655285890060e+00,0.000000000000000000e+00,1.444534014625099561e-01,2.849044137976133761e+00,0.000000000000000000e+00
5.803353457442058883e+00,5.201630483465335075e+00,0.000000000000000000e+00,-4.747603478591813642e-02,-3.348107560386709425e-01,0.000000000000000000e+00
5.970702585821270780e+00,5.297778539607096882e+00,0.000000000000000000e+00,-1.162910470636143168e-01,-4.143063361109596832e-01,0.000000000000000000e+00
6.219786958068089788e+00,5.530117103223020081e+00,0.000000000000000000e+00,-3.690774293792532523e-01,-3.299855281390821071e-01,0.000000000000000000e+00
6.115034594001262036e+00,5.417114851700729261e+00,0.000000000000000000e+00,-2.412230384058564880e-01,-3.958968404790986217e-01,0.000000000000000000e+00
5.945279688875123369e+00,5.513662078125994626e+00,0.000000000000000000e+00,-1.589229869391394767e-01,-2.834854215280846468e-01,0.000000000000000000e+00
5.800947680695133002e+00,5.394325766032363134e+00,0.000000000000000000e+00,-6.548034678460885882e-02,-2.692250553799067081e-01,0.000000000000000000e+00
6.089611697055111961e+00,5.632998390219625229e+00,0.000000000000000000e+00,-3.121761195821057266e-01,-2.147430672954561415e-01,0.000000000000000000e+00
5.500000000000000000e+00,5.000000000000000000e+00,0.000000000000000000e+00,0.000000000000000000e+00,0.000000000000000000e+00,0.000000000000000000e+00
5.652879617094492382e+00,5.104467600449153153e+00,0.000000000000000000e+00,1.349798020443575145e-03,-2.430436080256710984e-01,0.000000000000000000e+00
5.500000000000000000e+00,5.199999999999999289e+00,0.000000000000000000e+00,0.000000000000000000e+00,0.000000000000000000e+00,0.000000000000000000e+00
5.650473840347566501e+00,5.297162883016181212e+00,0.000000000000000000e+00,-1.744403884872333665e-02,-2.017808126413870584e-01,0.000000000000000000e+00
7.482581509207630432e+00,5.612971462927855093e+00,0.000000000000000000e+00,-5.380201590032028802e-01,1.326623746528689807e-01,0.000000000000000000e+00
7.658773714961236934e+00,5.604441846493632085e+00,0.000000000000000000e+00,-4.784602945505680438e-01,2.084414802827320723e-01,0.000000000000000000e+00
7.572051687334709236e+00,5.747259355286746363e+00,0.000000000000000000e+00,-4.936439285056958837e-01,9.845168921472820245e-02,0.000000000000000000e+00
7.123940257496511386e+00,5.597544064137935038e+00,0.000000000000000000e+00,-6.586392519167710846e-01,1.387414474853454205e-01,0.000000000000000000e+00
7.298791784718366316e+00,5.606735555616487510e+00,0.000000000000000000e+00,-6.139552326484697398e-01,1.059688966645869618e-01,0.000000000000000000e+00
7.388261962845446895e+00,5.741023447975379668e+00,0.000000000000000000e+00,-5.913248467358793725e-01,6.170591112157725044e-02,0.000000000000000000e+00
7.204472238356182778e+00,5.734787540664012084e+00,0.000000000000000000e+00,-6.732272940740768874e-01,6.270745911135285067e-02,0.000000000000000000e+00
8.015335068375909700e+00,5.582262222607292657e+00,0.000000000000000000e+00,-4.676936293775968423e-02,4.579851719211284755e-01,0.000000000000000000e+00
7.836624010240969440e+00,5.592670051750423532e+00,0.000000000000000000e+00,-3.071344415613873058e-01,3.050918221624474569e-01,0.000000000000000000e+00
7.749901982614441742e+00,5.735487560543537811e+00,0.000000000000000000e+00,-3.848028960125939868e-01,1.318638708554712435e-01,0.000000000000000000e+00
7.927752277894172472e+00,5.723715765800327482e+00,0.000000000000000000e+00,-2.256507478836688174e-01,2.108001911868424283e-01,0.000000000000000000e+00
6.762270227435129399e+00,5.586788040609479644e+00,0.000000000000000000e+00,-7.459880733799824082e-01,-1.389766509895928037e-01,0.000000000000000000e+00
6.943335205860926784e+00,5.591391159064185601e+00,0.000000000000000000e+00,-7.585284488942045655e-01,9.421541736255162336e-02,0.000000000000000000e+00
7.023867186720598177e+00,5.728634635590263535e+00,0.000000000000000000e+00,-7.812131076673107799e-01,6.482319381120545121e-02,0.000000000000000000e+00
6.843262135085011799e+00,5.722481730516513210e+00,0.000000000000000000e+00,-8.716408867519075399e-01,-1.145489476578154427e-02,0.000000000000000000e+00
8.390370887734000860e+00,5.579238432900107014e+00,0.000000000000000000e+00,3.001291956445235609e-01,1.184901070685930036e-01,0.000000000000000000e+00
8.201263719726963330e+00,5.577463870460009687e+00,0.000000000000000000e+00,1.968443270727937011e-01,4.248143116889002147e-01,0.000000000000000000e+00
8.113680929245225215e+00,5.718917413653045401e+00,0.000000000000000000e+00,4.328133564371555719e-02,2.599920078050816930e-01,0.000000000000000000e+00
8.299609580596275293e+00,5.714119061505762431e+00,0.000000000000000000e+00,2.913266712055750940e-01,1.727890704926296761e-01,0.000000000000000000e+00
8.764204599036238719e+00,5.572418126025404206e+00,0.000000000000000000e+00,2.880546474827629377e-01,-1.035225433340385137e-01,0.000000000000000000e+00
8.581602696629628824e+00,5.574565586311804211e+00,0.000000000000000000e+00,2.963346213928916284e-01,-5.690734453173022789e-02,0.000000000000000000e+00
8.490841389491905034e+00,5.709446214917461404e+00,0.000000000000000000e+00,3.387071176898914793e-01,1.307331298733984022e-02,0.000000000000000000e+00
8.682073198387532997e+00,5.704773368329157712e+00,0.000000000000000000e+00,3.124771904324723515e-01,-7.189708154638427273e-02,0.000000000000000000e+00
6.411817026260083985e+00,5.563386507864746200e+00,0.000000000000000000e+00,-5.534009475931017663e-01,-3.069143251922545890e-01,0.000000000000000000e+00
6.577475076612173233e+00,5.575315775102762217e+00,0.000000000000000000e+00,-6.394788705983931454e-01,-2.779692071278208054e-01,0.000000000000000000e+00
6.658466984262056521e+00,5.711009465009796671e+00,0.000000000000000000e+00,-8.256417264682397450e-01,-1.854121694440094004e-01,0.000000000000000000e+00
6.473671833439099466e+00,5.699537199503077467e+00,0.000000000000000000e+00,-6.995523400865113484e-01,-1.904724211205756079e-01,0.000000000000000000e+00
9.562218132912178703e+00,4.322170537238665844e+00,0.000000000000000000e+00,-3.586517417671489238e-02,-3.287671096928358461e-01,0.000000000000000000e+00
9.532620738720559928e+00,4.477204014385850250e+00,0.000000000000000000e+00,1.092007599918874694e-02,-3.097777866047354278e-01,0.000000000000000000e+00
9.695996745690111496e+00,4.390479692354969821e+00,0.000000000000000000e+00,-1.850064185220649457e-02,-2.802057919884979320e-01,0.000000000000000000e+00
9.677280414677783327e+00,4.212923975424367029e+00,0.000000000000000000e+00,-3.792716486169517287e-02,-2.765134524073026290e-01,0.000000000000000000e+00
9.306615534281888813e+00,4.890087305207366342e+00,0.000000000000000000e+00,6.006286989747664645e-02,-2.579658600524460943e-01,0.000000000000000000e+00
9.412701392167722503e+00,4.733433157836695493e+00,0.000000000000000000e+00,4.236477576917717369e-02,-2.939847239113575483e-01,0.000000000000000000e+00
9.696642752150074429e+00,4.567030625787141140e+00,0.000000000000000000e+00,9.401864981912828184e-03,-2.604571238195078076e-01,0.000000000000000000e+00
9.533266745180522861e+00,4.653754947818020682e+00,0.000000000000000000e+00,3.560165818201662530e-02,-2.817027659205824652e-01,0.000000000000000000e+00
9.576723405597237004e+00,4.823259769237986383e+00,0.000000000000000000e+00,3.235285280280317255e-02,-2.530883484718055576e-01,0.000000000000000000e+00
9.456158052584436646e+00,4.902937979256660306e+00,0.000000000000000000e+00,4.454860983662456420e-02,-2.699239196028454524e-01,0.000000000000000000e+00
9.697288758610037362e+00,4.743581559219312460e+00,0.000000000000000000e+00,2.087717328548839915e-02,-2.341417132007500013e-01,0.000000000000000000e+00
1.000000000000000000e+01,4.035714285714286476e+00,0.000000000000000000e+00,0.000000000000000000e+00,0.000000000000000000e+00,0.000000000000000000e+00
9.869276641505685177e+00,3.809294787066078936e+00,0.000000000000000000e+00,-3.350298866639796203e-02,-8.655531286533313384e-02,0.000000000000000000e+00
9.829282041832726691e+00,3.946255557818310944e+00,0.000000000000000000e+00,-3.004161285268648271e-02,-1.537464194568736175e-01,0.000000000000000000e+00
9.829282041832726691e+00,4.124826986389740213e+00,0.000000000000000000e+00,-2.492378212906138507e-02,-1.828966617530217165e-01,0.000000000000000000e+00
9.847998372845056636e+00,4.302382703320342117e+00,0.000000000000000000e+00,-1.016670651941481429e-02,-1.777776844799772993e-01,0.000000000000000000e+00
1.000000000000000178e+01,3.857142857142858094e+00,0.000000000000000000e+00,0.000000000000000000e+00,0.000000000000000000e+00,0.000000000000000000e+00
1.000000000000000178e+01,4.214285714285715301e+00,0.000000000000000000e+00,0.000000000000000000e+00,0.000000000000000000e+00,0.000000000000000000e+00
9.188453728764077511e+00,5.192930157950369718e+00,0.000000000000000000e+00,1.140317138259662466e-01,-2.085627915994159864e-01,0.000000000000000000e+00
9.264959292180908079e+00,5.049448055031809268e+00,0.000000000000000000e+00,8.772031437166337431e-02,-2.274714683505686674e-01,0.000000000000000000e+00
9.414501810483455913e+00,5.062298729081103232e+00,0.000000000000000000e+00,7.054085159056797116e-02,-2.423781351589838762e-01,0.000000000000000000e+00
9.372845568382473402e+00,5.221659478905545271e+00,0.000000000000000000e+00,9.904753098043699022e-02,-2.111334117091245299e-01,0.000000000000000000e+00
1.000000000000000000e+01,3.678571428571428825e+00,0.000000000000000000e+00,0.000000000000000000e+00,0.000000000000000000e+00,0.000000000000000000e+00
8.994782151811630655e+00,5.437306309863356724e+00,0.000000000000000000e+00,2.244051632739867963e-01,-1.469320152694883197e-01,0.000000000000000000e+00
9.073645096541998356e+00,5.299375286500128013e+00,0.000000000000000000e+00,1.669728282200298175e-01,-1.808080126200484194e-01,0.000000000000000000e+00
9.258036936160396024e+00,5.328104607455304453e+00,0.000000000000000000e+00,1.403890270614156222e-01,-1.871537268280140109e-01,0.000000000000000000e+00
9.143228303938316870e+00,5.434549736005062748e+00,0.000000000000000000e+00,1.880594006667230811e-01,-1.517374333163334088e-01,0.000000000000000000e+00
6.281641765247107045e+00,5.666267794861352236e+00,0.000000000000000000e+00,-5.143101342707312451e-01,-2.200080174870464034e-01,0.000000000000000000e+00
8.946669351580990082e+00,5.570125358407435279e+00,0.000000000000000000e+00,2.312477598828499015e-01,-1.136738809061507427e-01,0.000000000000000000e+00
8.864537950932287913e+00,5.702480600711189673e+00,0.000000000000000000e+00,2.582179085755531012e-01,-6.149864995788795197e-02,0.000000000000000000e+00
9.095115503707678073e+00,5.567368784549142191e+00,0.000000000000000000e+00,1.973380010876717994e-01,-1.132811373602637811e-01,0.000000000000000000e+00
9.047002703477037500e+00,5.700187833093219858e+00,0.000000000000000000e+00,1.966109779487408560e-01,-7.924414638587365389e-02,0.000000000000000000e+00
4.607142857142857650e+00,4.000000000000000000e+00,0.000000000000000000e+00,0.000000000000000000e+00,0.000000000000000000e+00,0.000000000000000000e+00
4.501795477533827139e+00,3.853246128292472150e+00,0.000000000000000000e+00,1.222545388623866414e+00,-4.353328806553200675e-02,0.000000000000000000e+00
4.428571428571430602e+00,4.000000000000000888e+00,0.000000000000000000e+00,0.000000000000000000e+00,0.000000000000000000e+00,0.000000000000000000e+00
4.400176037210497881e+00,3.478110131667813576e+00,0.000000000000000000e+00,2.293230416170716435e+00,1.170720480991305434e+00,0.000000000000000000e+00
4.417970838444259307e+00,3.611006670164712329e+00,0.000000000000000000e+00,2.074085572477647688e+00,8.397790254137167398e-01,0.000000000000000000e+00
4.412509763248112726e+00,3.748900213329142694e+00,0.000000000000000000e+00,1.423462197524753003e+00,6.202098515544718360e-01,0.000000000000000000e+00
4.339285714285716189e+00,3.895654085036671432e+00,0.000000000000000000e+00,7.790901575190575246e-01,6.599033101756256459e-01,0.000000000000000000e+00
4.255461075196148357e+00,3.653414626908912055e+00,0.000000000000000000e+00,1.558150678848164050e+00,1.408645423243862327e+00,0.000000000000000000e+00
4.250000000000001776e+00,3.791308170073342421e+00,0.000000000000000000e+00,9.709037860154198230e-01,8.813497343676208740e-01,0.000000000000000000e+00
4.260922150392295826e+00,3.515521083744481246e+00,0.000000000000000000e+00,1.844741849466283279e+00,1.937170069120118576e+00,0.000000000000000000e+00
4.322876666896079634e+00,3.385834314923284794e+00,0.000000000000000000e+00,1.579037107346147106e+00,1.728851267213158627e+00,0.000000000000000000e+00
4.165298465132774020e+00,3.132873570489404180e+00,0.000000000000000000e+00,7.243967815093776963e-01,3.307707282951005912e+00,0.000000000000000000e+00
4.248874053179989119e+00,3.250187515897503765e+00,0.000000000000000000e+00,1.139754489920601355e+00,2.821090640690775864e+00,0.000000000000000000e+00
4.186919536676204423e+00,3.379874284718699773e+00,0.000000000000000000e+00,1.167964640122990172e+00,3.113232107065234455e+00,0.000000000000000000e+00
4.112916922960113908e+00,3.244227485692918300e+00,0.000000000000000000e+00,9.476026030482833651e-01,3.702164807303148120e+00,0.000000000000000000e+00
4.190273852390571818e+00,2.798340001806629562e+00,0.000000000000000000e+00,-4.041391855594832494e-01,2.540496284403116256e+00,0.000000000000000000e+00
4.142193717113087814e+00,2.893464098923357319e+00,0.000000000000000000e+00,1.145769890923106632e-01,2.840092892654674461e+00,0.000000000000000000e+00
4.066707426920740609e+00,2.765408542560824134e+00,0.000000000000000000e+00,-5.642540092959308362e-01,2.786861709847873403e+00,0.000000000000000000e+00
4.299327116468123933e+00,2.725350284233948539e+00,0.000000000000000000e+00,-2.937313335752901322e-01,2.732923976500651886e+00,0.000000000000000000e+00
4.392406977537921975e+00,2.684714553707730822e+00,0.000000000000000000e+00,-3.937300563121594842e-03,2.168083519765451328e+00,0.000000000000000000e+00
4.284813955075843950e+00,2.619429107415462088e+00,0.000000000000000000e+00,-2.403548341645805053e-01,3.147073888006705289e+00,0.000000000000000000e+00
4.500000000000000000e+00,2.625000000000000000e+00,0.000000000000000000e+00,0.000000000000000000e+00,0.000000000000000000e+00,0.000000000000000000e+00
4.392406977537921975e+00,2.559714553707731266e+00,0.000000000000000000e+00,-9.496732045534209132e-02,2.278955333303964714e+00,0.000000000000000000e+00
4.500000000000000000e+00,2.500000000000000000e+00,0.000000000000000000e+00,0.000000000000000000e+00,0.000000000000000000e+00,0.000000000000000000e+00
4.175760690998291835e+00,2.692418824988143111e+00,0.000000000000000000e+00,-5.819920316074785882e-01,2.943556765696790478e+00,0.000000000000000000e+00
4.080383066212744936e+00,3.011509867079364966e+00,0.000000000000000000e+00,3.443537681496157687e-01,2.927470700333568043e+00,0.000000000000000000e+00
4.028001524040084824e+00,3.122863782282879086e+00,0.000000000000000000e+00,1.088000676914665732e+00,3.286418075886364587e+00,0.000000000000000000e+00
4.004896776020398619e+00,2.883454310716832225e+00,0.000000000000000000e+00,1.592845397421866205e-01,2.919879910545103208e+00,0.000000000000000000e+00
3.943086125120055740e+00,3.001500078872839428e+00,0.000000000000000000e+00,4.966380278777708379e-01,2.975669896757312749e+00,0.000000000000000000e+00
5.785402671337214642e+00,5.558557728963386069e+00,0.000000000000000000e+00,-7.459435066833702832e-02,-1.906461414091130679e-01,0.000000000000000000e+00
5.929734679517205009e+00,5.677894041057017560e+00,0.000000000000000000e+00,-1.835293306098682298e-01,-1.585262436622080495e-01,0.000000000000000000e+00
5.769857661979295393e+00,5.722789691894409003e+00,0.000000000000000000e+00,-8.177393113259670554e-02,-1.026279169162303689e-01,0.000000000000000000e+00
5.500000000000000000e+00,5.400000000000000355e+00,0.000000000000000000e+00,0.000000000000000000e+00,0.000000000000000000e+00,0.000000000000000000e+00
5.650473840347567389e+00,5.497162883016182278e+00,0.000000000000000000e+00,-1.939886725710181226e-02,-1.545142259792584849e-01,0.000000000000000000e+00
5.634928830989648141e+00,5.661394845947205212e+00,0.000000000000000000e+00,-2.016021069790856907e-02,-9.531660235919985069e-02,0.000000000000000000e+00
5.500000000000000000e+00,5.599999999999999645e+00,0.000000000000000000e+00,0.000000000000000000e+00,0.000000000000000000e+00,0.000000000000000000e+00
6.062500000000000000e+00,6.000000000000000888e+00,0.000000000000000000e+00,0.000000000000000000e+00,0.000000000000000000e+00,0.000000000000000000e+00
6.361835916719550177e+00,5.849768599751539178e+00,0.000000000000000000e+00,-4.068912531549114253e-01,-5.744958054960582622e-02,0.000000000000000000e+00
6.169805848527555980e+00,5.816499195109813058e+00,0.000000000000000000e+00,-3.036825226769733765e-01,-6.407351514161244155e-02,0.000000000000000000e+00
5.822428830989648141e+00,5.861394845947204502e+00,0.000000000000000000e+00,-9.689943556302157979e-02,-3.116895715284221866e-02,0.000000000000000000e+00
5.982305848527555980e+00,5.816499195109813058e+00,0.000000000000000000e+00,-1.996213519189772856e-01,-6.311685511693297668e-02,0.000000000000000000e+00
6.250000000000000000e+00,6.000000000000000000e+00,0.000000000000000000e+00,0.000000000000000000e+00,0.000000000000000000e+00,0.000000000000000000e+00
5.875000000000000888e+00,6.000000000000000888e+00,0.000000000000000000e+00,0.000000000000000000e+00,0.000000000000000000e+00,0.000000000000000000e+00
7.562500000000000888e+00,6.000000000000000888e+00,0.000000000000000000e+00,0.000000000000000000e+00,0.000000000000000000e+00,0.000000000000000000e+00
7.289736119178091833e+00,5.867393770332006042e+00,0.000000000000000000e+00,-4.366797267269330596e-01,1.858310107395201929e-02,0.000000000000000000e+00
7.473525843667355062e+00,5.873629677643373626e+00,0.000000000000000000e+00,-3.597635488493485245e-01,2.083803927283982282e-02,0.000000000000000000e+00
7.661025843667355062e+00,5.873629677643373626e+00,0.000000000000000000e+00,-2.951701188294432177e-01,3.622538918213871056e-02,0.000000000000000000e+00
7.838876138947085792e+00,5.861857882900164185e+00,0.000000000000000000e+00,-2.120282120125778769e-01,5.538286858175533317e-02,0.000000000000000000e+00
7.375000000000000888e+00,6.000000000000000888e+00,0.000000000000000000e+00,0.000000000000000000e+00,0.000000000000000000e+00,0.000000000000000000e+00
7.750000000000000000e+00,6.000000000000000000e+00,0.000000000000000000e+00,0.000000000000000000e+00,0.000000000000000000e+00,0.000000000000000000e+00
7.187500000000000888e+00,6.000000000000000888e+00,0.000000000000000000e+00,0.000000000000000000e+00,0.000000000000000000e+00,0.000000000000000000e+00
7.102236119178091833e+00,5.867393770332006042e+00,0.000000000000000000e+00,-4.795653187874532319e-01,1.202943719616344879e-02,0.000000000000000000e+00
6.921631067542506344e+00,5.861240865258256605e+00,0.000000000000000000e+00,-5.762766964817974680e-01,8.744275400616588814e-05,0.000000000000000000e+00
7.000000000000000888e+00,6.000000000000000888e+00,0.000000000000000000e+00,0.000000000000000000e+00,0.000000000000000000e+00,0.000000000000000000e+00
7.937500000000000888e+00,6.000000000000000888e+00,0.000000000000000000e+00,0.000000000000000000e+00,0.000000000000000000e+00,0.000000000000000000e+00
8.212304790298137647e+00,5.857059530752881216e+00,0.000000000000000000e+00,1.074494330811394671e-01,6.566757341537669823e-02,0.000000000000000000e+00
8.026376138947085792e+00,5.861857882900164185e+00,0.000000000000000000e+00,-6.824560048608496743e-02,7.169113121627372631e-02,0.000000000000000000e+00
8.125000000000000000e+00,6.000000000000000000e+00,0.000000000000000000e+00,0.000000000000000000e+00,0.000000000000000000e+00,0.000000000000000000e+00
6.812500000000000888e+00,6.000000000000000888e+00,0.000000000000000000e+00,0.000000000000000000e+00,0.000000000000000000e+00,0.000000000000000000e+00
6.549335916719550177e+00,5.849768599751539178e+00,0.000000000000000000e+00,-4.962989440770722571e-01,-7.351512698019378733e-02,0.000000000000000000e+00
6.734131067542506344e+00,5.861240865258256605e+00,0.000000000000000000e+00,-5.836358932924750054e-01,-4.300494147801478539e-02,0.000000000000000000e+00
6.625000000000000000e+00,6.000000000000000000e+00,0.000000000000000000e+00,0.000000000000000000e+00,0.000000000000000000e+00,0.000000000000000000e+00
8.312500000000000000e+00,6.000000000000000888e+00,0.000000000000000000e+00,0.000000000000000000e+00,0.000000000000000000e+00,0.000000000000000000e+00
8.399804790298137647e+00,5.857059530752881216e+00,0.000000000000000000e+00,2.168887562031977245e-01,4.054956174276469483e-02,0.000000000000000000e+00
8.591036599193767387e+00,5.852386684164579300e+00,0.000000000000000000e+00,2.286524770485926783e-01,-1.608361574866734936e-02,0.000000000000000000e+00
8.500000000000000000e+00,6.000000000000000000e+00,0.000000000000000000e+00,0.000000000000000000e+00,0.000000000000000000e+00,0.000000000000000000e+00
8.687500000000000000e+00,6.000000000000000888e+00,0.000000000000000000e+00,0.000000000000000000e+00,0.000000000000000000e+00,0.000000000000000000e+00
8.961001351738520526e+00,5.850093916546610373e+00,0.000000000000000000e+00,1.521533747286592797e-01,-2.224442763942637014e-02,0.000000000000000000e+00
8.778536599193767387e+00,5.852386684164579300e+00,0.000000000000000000e+00,1.869152111176830000e-01,-2.326710812924709035e-02,0.000000000000000000e+00
8.875000000000000000e+00,6.000000000000000000e+00,0.000000000000000000e+00,0.000000000000000000e+00,0.000000000000000000e+00,0.000000000000000000e+00
6.437500000000000888e+00,6.000000000000000888e+00,0.000000000000000000e+00,0.000000000000000000e+00,0.000000000000000000e+00,0.000000000000000000e+00
1.000000000000000000e+01,4.392857142857142350e+00,0.000000000000000000e+00,0.000000000000000000e+00,0.000000000000000000e+00,0.000000000000000000e+00
9.847998372845056636e+00,4.480954131891770942e+00,0.000000000000000000e+00,-7.300768630851105744e-03,-1.784769338572363417e-01,0.000000000000000000e+00
9.848644379305017793e+00,4.657505065323940485e+00,0.000000000000000000e+00,3.321868712455006405e-03,-1.623884519505375545e-01,0.000000000000000000e+00
1.000000000000000178e+01,4.571428571428571175e+00,0.000000000000000000e+00,0.000000000000000000e+00,0.000000000000000000e+00,0.000000000000000000e+00
9.579805556987306403e+00,4.996257701924530004e+00,0.000000000000000000e+00,3.413556722604433463e-02,-2.259639321972063131e-01,0.000000000000000000e+00
9.700370910000104985e+00,4.916579491905855193e+00,0.000000000000000000e+00,1.726989214840501941e-02,-2.053039869660166772e-01,0.000000000000000000e+00
9.703453061390172607e+00,5.089577424592397925e+00,0.000000000000000000e+00,2.418566483864986391e-02,-1.759984128648380552e-01,0.000000000000000000e+00
9.538149314886325669e+00,5.155618451748972930e+00,0.000000000000000000e+00,5.875877495860833827e-02,-2.011526443764583283e-01,0.000000000000000000e+00
1.000000000000000000e+01,4.749999999999999112e+00,0.000000000000000000e+00,0.000000000000000000e+00,0.000000000000000000e+00,0.000000000000000000e+00
9.848644379305017793e+00,4.836076493895369310e+00,0.000000000000000000e+00,3.424588871507668660e-03,-1.420468942494579057e-01,0.000000000000000000e+00
9.851726530695087192e+00,5.009074426581912931e+00,0.000000000000000000e+00,4.274709023107454119e-03,-1.215365848104644764e-01,0.000000000000000000e+00
1.000000000000000178e+01,4.928571428571427937e+00,0.000000000000000000e+00,0.000000000000000000e+00,0.000000000000000000e+00,0.000000000000000000e+00
9.279354463086932014e+00,5.534997434352565193e+00,0.000000000000000000e+00,1.440028220258819935e-01,-1.140424746346261620e-01,0.000000000000000000e+00
9.394163095309011169e+00,5.428552305802806011e+00,0.000000000000000000e+00,1.069829980174842599e-01,-1.499297620188127511e-01,0.000000000000000000e+00
9.537484076270725808e+00,5.330625426291726754e+00,0.000000000000000000e+00,6.988354052687333062e-02,-1.574885913322914277e-01,0.000000000000000000e+00
9.702787822774574522e+00,5.264584399135152637e+00,0.000000000000000000e+00,3.039721441321402082e-02,-1.367339226068094438e-01,0.000000000000000000e+00
9.558801603197263574e+00,5.537518253188986606e+00,0.000000000000000000e+00,5.802878133126034010e-02,-9.702157090054265576e-02,0.000000000000000000e+00
9.702122584158978214e+00,5.439591373677908237e+00,0.000000000000000000e+00,3.368406502622760257e-02,-9.263255368728116890e-02,0.000000000000000000e+00
9.415480622235547159e+00,5.635445132700065862e+00,0.000000000000000000e+00,9.178865585803509808e-02,-7.922153668919337810e-02,0.000000000000000000e+00
9.231241662856293217e+00,5.667816482896643748e+00,0.000000000000000000e+00,1.480283963617788356e-01,-6.986272630496395686e-02,0.000000000000000000e+00
9.062500000000000000e+00,6.000000000000000888e+00,0.000000000000000000e+00,0.000000000000000000e+00,0.000000000000000000e+00,0.000000000000000000e+00
9.148501351738520526e+00,5.850093916546610373e+00,0.000000000000000000e+00,1.070105969649354921e-01,-2.464066229037751438e-02,0.000000000000000000e+00
9.332740311117774468e+00,5.817722566350033375e+00,0.000000000000000000e+00,8.631437539062922215e-02,-2.464077515869544585e-02,0.000000000000000000e+00
9.250000000000000000e+00,6.000000000000000000e+00,0.000000000000000000e+00,0.000000000000000000e+00,0.000000000000000000e+00,0.000000000000000000e+00
4.250000000000001776e+00,4.000000000000000000e+00,0.000000000000000000e+00,0.000000000000000000e+00,0.000000000000000000e+00,0.000000000000000000e+00
4.160714285714288252e+00,3.895654085036671432e+00,0.000000000000000000e+00,5.553341459813174730e-01,3.850185314917003998e-01,0.000000000000000000e+00
4.071428571428573839e+00,4.000000000000000888e+00,0.000000000000000000e+00,0.000000000000000000e+00,0.000000000000000000e+00,0.000000000000000000e+00
4.093661746168688609e+00,3.743922269390815849e+00,0.000000000000000000e+00,5.572548208680419002e-01,8.180971709999632635e-01,0.000000000000000000e+00
4.099122821364835190e+00,3.606028726226385039e+00,0.000000000000000000e+00,1.061892407734179589e+00,1.567234643751892698e+00,0.000000000000000000e+00
3.937323492337374109e+00,3.696536368708288833e+00,0.000000000000000000e+00,-1.624897966255354695e-02,7.080140684488923641e-01,0.000000000000000000e+00
4.004376031882973308e+00,3.848268184354144417e+00,0.000000000000000000e+00,1.825066449107113353e-01,2.607742133598383028e-01,0.000000000000000000e+00
4.046082848861431991e+00,3.337101212249184101e+00,0.000000000000000000e+00,4.206075705832051925e-01,3.064541227867747963e+00,0.000000000000000000e+00
4.120085462577522506e+00,3.472748011274965130e+00,0.000000000000000000e+00,7.156399957904769904e-01,2.296127252599017510e+00,0.000000000000000000e+00
3.958286133550061869e+00,3.563255653756868924e+00,0.000000000000000000e+00,2.067477239107877729e-01,1.531720651488096996e+00,0.000000000000000000e+00
3.979248774762750518e+00,3.429974938805449458e+00,0.000000000000000000e+00,-1.044332267973046846e-01,2.095305391701215658e+00,0.000000000000000000e+00
3.919074982815515362e+00,3.122656382301848055e+00,0.000000000000000000e+00,8.304492400803767937e-01,2.418550341415908189e+00,0.000000000000000000e+00
4.003990381735543558e+00,3.244020085711886825e+00,0.000000000000000000e+00,7.341423795074407677e-01,2.954130706296891340e+00,0.000000000000000000e+00
3.937156307636862085e+00,3.336893812268152182e+00,0.000000000000000000e+00,8.987328362458195385e-02,2.026052927975561690e+00,0.000000000000000000e+00
3.895063840510973652e+00,3.243812685730855350e+00,0.000000000000000000e+00,4.152228561618084846e-01,1.913569457564960885e+00,0.000000000000000000e+00
3.977727960925892425e+00,2.788754724953242281e+00,0.000000000000000000e+00,-2.543441860433443558e-01,2.804516392661432711e+00,0.000000000000000000e+00
3.915917310025549991e+00,2.906800493109249928e+00,0.000000000000000000e+00,3.284510357748596787e-01,2.900516700455809893e+00,0.000000000000000000e+00
4.041091258403695541e+00,2.633057124227965229e+00,0.000000000000000000e+00,-4.442552666197263633e-02,2.535298309866189648e+00,0.000000000000000000e+00
4.150144522481246767e+00,2.560067406655283762e+00,0.000000000000000000e+00,1.812907903871731341e-01,2.724658628146226391e+00,0.000000000000000000e+00
3.861506228865193346e+00,2.723437203438632714e+00,0.000000000000000000e+00,3.766944259431814213e-01,2.403454621054468721e+00,0.000000000000000000e+00
3.950485694860041974e+00,2.700091021046215012e+00,0.000000000000000000e+00,-5.753566502979214764e-02,2.441085777772722398e+00,0.000000000000000000e+00
3.924869526342996906e+00,2.567739602713356106e+00,0.000000000000000000e+00,4.569488247091474942e-01,2.045802731138558705e+00,0.000000000000000000e+00
3.888748494931043354e+00,2.812100907345659540e+00,0.000000000000000000e+00,4.537559418856747066e-03,2.797494205642523379e+00,0.000000000000000000e+00
4.015475089886649585e+00,2.500705705895105879e+00,0.000000000000000000e+00,5.503908469656055846e-01,2.156123422938147627e+00,0.000000000000000000e+00
3.834263962799342895e+00,2.634773499531605889e+00,0.000000000000000000e+00,4.311017424020368027e-01,1.924325240803647086e+00,0.000000000000000000e+00
4.378254139181560589e+00,2.430215860972100739e+00,0.000000000000000000e+00,-9.998795464810235345e-02,1.837633149152380296e+00,0.000000000000000000e+00
4.270661116719482564e+00,2.489930414679832005e+00,0.000000000000000000e+00,2.770021710993408326e-01,2.926376152069422254e+00,0.000000000000000000e+00
4.135991684124885381e+00,2.430568713919653678e+00,0.000000000000000000e+00,3.736295569686790552e-01,2.419905922061292625e+00,0.000000000000000000e+00
4.256508278363119402e+00,2.360431721944201033e+00,0.000000000000000000e+00,3.552530979303424041e-02,2.642163758632083415e+00,0.000000000000000000e+00
4.625000000000000000e+00,2.500000000000000000e+00,0.000000000000000000e+00,0.000000000000000000e+00,0.000000000000000000e+00,0.000000000000000000e+00
4.502815880240119029e+00,2.370122752356083495e+00,0.000000000000000000e+00,-5.728160502120702852e-02,3.301629718704059413e-01,0.000000000000000000e+00
4.381070019421678730e+00,2.300338613328184234e+00,0.000000000000000000e+00,-3.155735935199619480e-01,1.868274521923757314e+00,0.000000000000000000e+00
4.627815880240119029e+00,2.370122752356083495e+00,0.000000000000000000e+00,2.354839442775338854e-02,1.057458156478624373e-01,0.000000000000000000e+00
4.750000000000000000e+00,2.500000000000000000e+00,0.000000000000000000e+00,0.000000000000000000e+00,0.000000000000000000e+00,0.000000000000000000e+00
4.505631760480238057e+00,2.240245504712167435e+00,0.000000000000000000e+00,-4.980326743676020129e-01,5.197616813756505971e-01,0.000000000000000000e+00
3.805150903223368353e+00,3.182514758002795485e+00,0.000000000000000000e+00,3.321228038356173196e-01,1.498278989576858677e+00,0.000000000000000000e+00
3.829162045527909619e+00,3.061358454573787746e+00,0.000000000000000000e+00,3.788156468514453090e-01,2.189665110572585505e+00,0.000000000000000000e+00
3.802796645479471938e+00,2.840203178020411556e+00,0.000000000000000000e+00,5.979399936783055119e-02,2.132706136031103483e+00,0.000000000000000000e+00
3.829965460573978131e+00,2.934902763784001500e+00,0.000000000000000000e+00,3.201031259420607511e-01,2.274062873829052922e+00,0.000000000000000000e+00
3.716041380981831566e+00,2.994761139484949375e+00,0.000000000000000000e+00,2.674638701263953311e-01,1.015196015537228824e+00,0.000000000000000000e+00
3.715237965935763054e+00,3.121216830274735177e+00,0.000000000000000000e+00,1.337456141551590372e-01,9.037348181300419725e-01,0.000000000000000000e+00
3.716844796027900522e+00,2.868305448695163573e+00,0.000000000000000000e+00,7.066740244046032515e-02,1.170174789436612572e+00,0.000000000000000000e+00
5.500000000000000000e+00,5.800000000000000711e+00,0.000000000000000000e+00,0.000000000000000000e+00,0.000000000000000000e+00,0.000000000000000000e+00
5.687500000000000000e+00,6.000000000000000888e+00,0.000000000000000000e+00,0.000000000000000000e+00,0.000000000000000000e+00,0.000000000000000000e+00
5.500000000000000000e+00,6.000000000000000000e+00,0.000000000000000000e+00,0.000000000000000000e+00,0.000000000000000000e+00,0.000000000000000000e+00
5.634928830989648141e+00,5.861394845947204502e+00,0.000000000000000000e+00,-2.443529024061830840e-02,-2.839531586169208657e-02,0.000000000000000000e+00
1.000000000000000000e+01,5.107142857142855874e+00,0.000000000000000000e+00,0.000000000000000000e+00,0.000000000000000000e+00,0.000000000000000000e+00
9.851061292079489107e+00,5.362652829696095580e+00,0.000000000000000000e+00,6.964120434926291021e-03,-7.454196442886366902e-02,0.000000000000000000e+00
9.851726530695087192e+00,5.187645855153341756e+00,0.000000000000000000e+00,5.398778152866375718e-03,-9.963981668152530058e-02,0.000000000000000000e+00
1.000000000000000178e+01,5.285714285714284699e+00,0.000000000000000000e+00,0.000000000000000000e+00,0.000000000000000000e+00,0.000000000000000000e+00
9.572675633766737135e+00,5.685056440845731807e+00,0.000000000000000000e+00,4.649526047000422657e-02,-5.532786103467647598e-02,0.000000000000000000e+00
9.715996614728451775e+00,5.587129561334652550e+00,0.000000000000000000e+00,2.299789682635589028e-02,-6.069960405975896589e-02,0.000000000000000000e+00
9.729870645297925336e+00,5.734667748991396863e+00,0.000000000000000000e+00,1.599373917882193630e-02,-3.322619732159029504e-02,0.000000000000000000e+00
1.000000000000000000e+01,5.464285714285713524e+00,0.000000000000000000e+00,0.000000000000000000e+00,0.000000000000000000e+00,0.000000000000000000e+00
9.851061292079489107e+00,5.541224258267525293e+00,0.000000000000000000e+00,6.937083531173558401e-03,-4.774853973465786883e-02,0.000000000000000000e+00
9.864935322648964444e+00,5.688762445924270494e+00,0.000000000000000000e+00,2.424394411229515139e-03,-2.827270057575082332e-02,0.000000000000000000e+00
1.000000000000000178e+01,5.642857142857143238e+00,0.000000000000000000e+00,0.000000000000000000e+00,0.000000000000000000e+00,0.000000000000000000e+00
9.437500000000000000e+00,6.000000000000000888e+00,0.000000000000000000e+00,0.000000000000000000e+00,0.000000000000000000e+00,0.000000000000000000e+00
9.520240311117774468e+00,5.817722566350033375e+00,0.000000000000000000e+00,5.091634620512330150e-02,-2.343098809202576877e-02,0.000000000000000000e+00
9.677435322648964444e+00,5.867333874495699320e+00,0.000000000000000000e+00,2.185236369878450907e-02,-1.156391330652584322e-02,0.000000000000000000e+00
9.625000000000000000e+00,6.000000000000000000e+00,0.000000000000000000e+00,0.000000000000000000e+00,0.000000000000000000e+00,0.000000000000000000e+00
3.892857142857145014e+00,4.000000000000000000e+00,0.000000000000000000e+00,0.000000000000000000e+00,0.000000000000000000e+00,0.000000000000000000e+00
3.825804603311545371e+00,3.848268184354144861e+00,0.000000000000000000e+00,-1.887573970521189137e-01,2.317186197961975114e-01,0.000000000000000000e+00
3.714285714285716633e+00,4.000000000000000888e+00,0.000000000000000000e+00,0.000000000000000000e+00,0.000000000000000000e+00,0.000000000000000000e+00
3.852039094269469111e+00,3.426059516906893698e+00,0.000000000000000000e+00,-3.446027117958094799e-01,1.523047542897255191e+00,0.000000000000000000e+00
3.831076453056780906e+00,3.559340231858313608e+00,0.000000000000000000e+00,-3.563587652627346891e-01,7.234153819869973967e-01,0.000000000000000000e+00
3.759191451477756019e+00,3.704459315259415408e+00,0.000000000000000000e+00,-3.355773410605655815e-01,3.779805237395068573e-01,0.000000000000000000e+00
3.647672562451926837e+00,3.856191130905270992e+00,0.000000000000000000e+00,-3.280669460138915805e-01,4.975278633571320747e-02,0.000000000000000000e+00
3.652944412197162816e+00,3.567263178409439739e+00,0.000000000000000000e+00,-5.475550956141794767e-01,3.485909168377313017e-01,0.000000000000000000e+00
3.581059410618138372e+00,3.712382261810542428e+00,0.000000000000000000e+00,-4.974977817370977440e-01,7.550022541771161944e-02,0.000000000000000000e+00
3.724829413776186815e+00,3.422144095008337050e+00,0.000000000000000000e+00,-6.537619606060458555e-01,5.800574772706850180e-01,0.000000000000000000e+00
3.809946627143580677e+00,3.332978390369596422e+00,0.000000000000000000e+00,-1.987075731170374893e-02,1.455489215838177586e+00,0.000000000000000000e+00
3.720033689855974934e+00,3.271680462641536113e+00,0.000000000000000000e+00,9.975175547662140652e-02,8.019736702808087925e-01,0.000000000000000000e+00
3.775554379413621930e+00,2.751539474113384731e+00,0.000000000000000000e+00,5.865784541720907574e-01,1.549502826308430281e+00,0.000000000000000000e+00
3.874588115653628151e+00,2.465013986020105019e+00,0.000000000000000000e+00,4.264853536514193189e-01,1.969757040238000023e+00,0.000000000000000000e+00
3.783982552109975472e+00,2.532047882838355246e+00,0.000000000000000000e+00,3.982571622729120242e-01,1.845016551696071039e+00,0.000000000000000000e+00
3.733701141420606717e+00,2.429322266145103715e+00,0.000000000000000000e+00,4.096843036841091301e-01,1.732769610193102938e+00,0.000000000000000000e+00
4.098739887233893597e+00,2.285718446507758017e+00,0.000000000000000000e+00,2.469650788523821139e-01,2.265787842262373175e+00,0.000000000000000000e+00
3.978223292995658689e+00,2.355855438483210662e+00,0.000000000000000000e+00,3.043946468300543495e-01,2.030466539896903289e+00,0.000000000000000000e+00
3.837336318762637255e+00,2.320163718608209358e+00,0.000000000000000000e+00,4.790199438793501518e-01,1.766859253959833564e+00,0.000000000000000000e+00
3.940971496104666461e+00,2.211005171071314557e+00,0.000000000000000000e+00,5.470659479344697207e-01,1.781560857454213442e+00,0.000000000000000000e+00
3.739083289965623447e+00,2.629886749765803167e+00,0.000000000000000000e+00,2.578399868979715515e-01,1.581599913534971869e+00,0.000000000000000000e+00
3.680373706579902038e+00,2.746652724347581565e+00,0.000000000000000000e+00,3.565465944265489573e-01,1.098546322967852706e+00,0.000000000000000000e+00
3.688801879276255580e+00,2.527161133072552079e+00,0.000000000000000000e+00,2.813332500325639862e-01,1.462182935243902415e+00,0.000000000000000000e+00
3.643902617131903554e+00,2.624999999999999556e+00,0.000000000000000000e+00,5.512356744092840322e-02,1.099545424673055605e+00,0.000000000000000000e+00
4.381404518325796360e+00,2.163956811170798744e+00,0.000000000000000000e+00,-3.005477893684234125e-01,1.477368999977357156e+00,0.000000000000000000e+00
4.256842777267237032e+00,2.224049919786815543e+00,0.000000000000000000e+00,-4.949836459461096766e-02,2.356461865012522416e+00,0.000000000000000000e+00
4.099074386138010340e+00,2.149336644350372971e+00,0.000000000000000000e+00,2.640871423137041707e-01,1.936753783843207843e+00,0.000000000000000000e+00
4.257177276171353775e+00,2.087668117629430053e+00,0.000000000000000000e+00,-3.291345521447841538e-02,2.028966775281856982e+00,0.000000000000000000e+00
4.756474870110871223e+00,2.371496694791819237e+00,0.000000000000000000e+00,5.804102991036923231e-02,-3.228944158371613998e-02,0.000000000000000000e+00
4.634290750350990251e+00,2.241619447147902733e+00,0.000000000000000000e+00,-1.997777650525184301e-01,2.767659925630841511e-01,0.000000000000000000e+00
4.762949740221743333e+00,2.242993389583638919e+00,0.000000000000000000e+00,3.660461230822203982e-02,2.320257598125065324e-02,0.000000000000000000e+00
4.875000000000000000e+00,2.500000000000000000e+00,0.000000000000000000e+00,0.000000000000000000e+00,0.000000000000000000e+00,0.000000000000000000e+00
5.000000000000000000e+00,2.500000000000000000e+00,0.000000000000000000e+00,0.000000000000000000e+00,0.000000000000000000e+00,0.000000000000000000e+00
4.881474870110871223e+00,2.371496694791819237e+00,0.000000000000000000e+00,4.294631374950486774e-02,-1.285209531318843267e-02,0.000000000000000000e+00
4.517904631879812172e+00,2.098863265041629678e+00,0.000000000000000000e+00,-9.740237848431990142e-02,6.587228276815485506e-01,0.000000000000000000e+00
4.393677389725370475e+00,2.022574571500260987e+00,0.000000000000000000e+00,-1.848653256978987913e-01,1.483061561056734590e+00,0.000000000000000000e+00
4.646563621750564366e+00,2.100237207477365864e+00,0.000000000000000000e+00,-6.609254499535299754e-02,4.130644530251365021e-01,0.000000000000000000e+00
4.530177503279386286e+00,1.957481025371092143e+00,0.000000000000000000e+00,-4.055504519311447509e-01,6.072099682051268488e-01,0.000000000000000000e+00
3.607618982967881749e+00,3.060608415137368254e+00,0.000000000000000000e+00,1.277547171902918832e-01,5.818058474294020010e-01,0.000000000000000000e+00
3.608422398013949817e+00,2.934152724347581565e+00,0.000000000000000000e+00,3.191110799516987118e-02,7.601392095715598929e-01,0.000000000000000000e+00
3.500000000000000000e+00,3.000000000000000000e+00,0.000000000000000000e+00,0.000000000000000000e+00,0.000000000000000000e+00,0.000000000000000000e+00
3.610231874380782635e+00,3.339852824311243751e+00,0.000000000000000000e+00,-3.664435353919301419e-01,3.367619131089149009e-01,0.000000000000000000e+00
3.605436150460570310e+00,3.189389191944442814e+00,0.000000000000000000e+00,1.017152566497923072e-01,5.688248834372146012e-01,0.000000000000000000e+00
3.497817167492689006e+00,3.128780776807075004e+00,0.000000000000000000e+00,1.464633277554628910e-01,-8.148274742481895899e-03,0.000000000000000000e+00
3.495634334985378011e+00,3.257561553614150007e+00,0.000000000000000000e+00,-1.565163422246590719e-01,-7.250407916370478489e-02,0.000000000000000000e+00
3.500000000000000444e+00,2.875000000000000000e+00,0.000000000000000000e+00,0.000000000000000000e+00,0.000000000000000000e+00,0.000000000000000000e+00
3.608422398013950705e+00,2.809152724347582009e+00,0.000000000000000000e+00,1.333303392111525598e-01,7.574040362670816373e-01,0.000000000000000000e+00
3.571951308565951777e+00,2.687500000000000000e+00,0.000000000000000000e+00,8.550743228763396653e-02,7.113029158893826587e-01,0.000000000000000000e+00
3.500000000000000444e+00,2.750000000000000444e+00,0.000000000000000000e+00,0.000000000000000000e+00,0.000000000000000000e+00,0.000000000000000000e+00
9.812500000000000000e+00,6.000000000000000888e+00,0.000000000000000000e+00,0.000000000000000000e+00,0.000000000000000000e+00,0.000000000000000000e+00
1.000000000000000000e+01,5.821428571428572063e+00,0.000000000000000000e+00,0.000000000000000000e+00,0.000000000000000000e+00,0.000000000000000000e+00
1.000000000000000000e+01,6.000000000000000000e+00,0.000000000000000000e+00,0.000000000000000000e+00,0.000000000000000000e+00,0.000000000000000000e+00
9.864935322648964444e+00,5.867333874495699320e+00,0.000000000000000000e+00,3.021259417138476202e-03,-1.092539757727500546e-02,0.000000000000000000e+00
3.535714285714287364e+00,4.000000000000000000e+00,0.000000000000000000e+00,0.000000000000000000e+00,0.000000000000000000e+00,0.000000000000000000e+00
3.469101133880498011e+00,3.856191130905270992e+00,0.000000000000000000e+00,-3.364980629336198348e-01,1.776334472420569577e-02,0.000000000000000000e+00
3.357142857142858539e+00,4.000000000000000888e+00,0.000000000000000000e+00,0.000000000000000000e+00,0.000000000000000000e+00,0.000000000000000000e+00
3.597826060779876656e+00,3.453691598387055972e+00,0.000000000000000000e+00,-6.740770201680524876e-01,2.983328734149440775e-01,0.000000000000000000e+00
3.525941059200852656e+00,3.598810681788158661e+00,0.000000000000000000e+00,-5.866008985429428391e-01,3.703565943959772483e-02,0.000000000000000000e+00
3.470822707783566496e+00,3.485239101765774450e+00,0.000000000000000000e+00,-6.499357358364757919e-01,-4.836356582723571468e-02,0.000000000000000000e+00
3.424702755083791406e+00,3.686480692327054332e+00,0.000000000000000000e+00,-4.974617473232552101e-01,2.145104153926783754e-03,0.000000000000000000e+00
3.312744478346151489e+00,3.830289561421783340e+00,0.000000000000000000e+00,-3.478332639741860133e-01,-1.486842403222921397e-02,0.000000000000000000e+00
3.369584403666505246e+00,3.572909112304670565e+00,0.000000000000000000e+00,-5.658532490994143682e-01,-1.611500644423675618e-02,0.000000000000000000e+00
3.268346099549443551e+00,3.660579122843565347e+00,0.000000000000000000e+00,-5.028880615126612996e-01,-1.067378465624260059e-02,0.000000000000000000e+00
3.483228521384472476e+00,3.371400327689962673e+00,0.000000000000000000e+00,-4.347134006529632111e-01,-8.302815555916809309e-02,0.000000000000000000e+00
3.674081720162539089e+00,2.315262864534073373e+00,0.000000000000000000e+00,8.139512181305662564e-01,1.392519630199060332e+00,0.000000000000000000e+00
3.777716897504569182e+00,2.206104316997178572e+00,0.000000000000000000e+00,8.119528974131995369e-01,1.440601737560509132e+00,0.000000000000000000e+00
3.571951308565951777e+00,2.562500000000000000e+00,0.000000000000000000e+00,6.919026108967899803e-03,6.937277797663398138e-01,0.000000000000000000e+00
3.616850570710303359e+00,2.464661133072552079e+00,0.000000000000000000e+00,2.466717435777170397e-01,1.173265109842232867e+00,0.000000000000000000e+00
3.557231149452235286e+00,2.350601731461520849e+00,0.000000000000000000e+00,7.950449204980205575e-01,5.556833342391517272e-01,0.000000000000000000e+00
3.500000000000000444e+00,2.500000000000000444e+00,0.000000000000000000e+00,0.000000000000000000e+00,0.000000000000000000e+00,0.000000000000000000e+00
3.614462298904471460e+00,2.201203462923042586e+00,0.000000000000000000e+00,1.161578097064952964e+00,8.396621465236844273e-01,0.000000000000000000e+00
4.150170280334359418e+00,2.007973247550783658e+00,0.000000000000000000e+00,3.575047149636168542e-01,1.750964283320643800e+00,0.000000000000000000e+00
3.992067390301015983e+00,2.069641774271726131e+00,0.000000000000000000e+00,6.155234518921275377e-01,1.583382513648026846e+00,0.000000000000000000e+00
3.904308282454176826e+00,1.930215785860859068e+00,0.000000000000000000e+00,9.456012251866899865e-01,1.157532061761564535e+00,0.000000000000000000e+00
3.853212388257827747e+00,2.071579182660447938e+00,0.000000000000000000e+00,9.055033023561029903e-01,1.397065567196309255e+00,0.000000000000000000e+00
3.689957789657729581e+00,2.066678328586311508e+00,0.000000000000000000e+00,1.224212067927910708e+00,7.813020868033553334e-01,0.000000000000000000e+00
4.043163284497365062e+00,1.928278377472136818e+00,0.000000000000000000e+00,6.875486966686691348e-01,1.367286778479289033e+00,0.000000000000000000e+00
3.765453280410988590e+00,1.932153194249581318e+00,0.000000000000000000e+00,1.280725377767586881e+00,7.267598283497214151e-01,0.000000000000000000e+00
3.500000000000000444e+00,2.625000000000000000e+00,0.000000000000000000e+00,0.000000000000000000e+00,0.000000000000000000e+00,0.000000000000000000e+00
4.402692178487246366e+00,1.868997446453810607e+00,0.000000000000000000e+00,-1.607897838524844913e-01,1.019981293605688011e+00,0.000000000000000000e+00
4.266192064933231443e+00,1.934090992582979673e+00,0.000000000000000000e+00,1.594744372071914273e-01,1.676226338653804770e+00,0.000000000000000000e+00
4.159185069096237086e+00,1.854396122504333055e+00,0.000000000000000000e+00,4.515644744264971644e-01,1.330012109682623178e+00,0.000000000000000000e+00
4.275206853695108222e+00,1.780513867536529071e+00,0.000000000000000000e+00,1.505991480937158566e-01,1.239954615842972840e+00,0.000000000000000000e+00
5.000000000000000000e+00,2.321428571428300280e+00,0.000000000000000000e+00,0.000000000000000000e+00,0.000000000000000000e+00,0.000000000000000000e+00
4.881474870110872111e+00,2.192925266220119518e+00,0.000000000000000000e+00,8.423412307341867147e-03,-6.249235258011049537e-02,0.000000000000000000e+00
4.776621388328086582e+00,2.107238273119238947e+00,0.000000000000000000e+00,-3.932884763507581843e-02,2.583613958838401961e-02,0.000000000000000000e+00
4.660235269856906726e+00,1.964482091012965448e+00,0.000000000000000000e+00,-3.313803940011423865e-01,3.933609629466071067e-01,0.000000000000000000e+00
4.895146518217214471e+00,2.057170149755719546e+00,0.000000000000000000e+00,-5.256962928640870197e-02,-6.350329340711660664e-02,0.000000000000000000e+00
5.000000000000000000e+00,2.142857142856600117e+00,0.000000000000000000e+00,0.000000000000000000e+00,0.000000000000000000e+00,0.000000000000000000e+00
4.790293036434428053e+00,1.971483156654838753e+00,0.000000000000000000e+00,-2.208522214576955633e-01,9.272708050265142388e-02,0.000000000000000000e+00
4.467311546345660744e+00,1.716010923784053288e+00,0.000000000000000000e+00,8.455164466077957908e-02,8.702255517943990881e-01,0.000000000000000000e+00
4.594796871137798888e+00,1.804494502701334824e+00,0.000000000000000000e+00,-5.435043403375706180e-04,5.272701023087841277e-01,0.000000000000000000e+00
4.724854637715321104e+00,1.811495568343207907e+00,0.000000000000000000e+00,-5.370416036538411264e-02,2.724934412265533901e-01,0.000000000000000000e+00
4.659416238996212378e+00,1.651507980031577061e+00,0.000000000000000000e+00,-3.272679731896750710e-02,3.016621466451245293e-01,0.000000000000000000e+00
3.305555555555647729e+00,3.000000000000000444e+00,0.000000000000000000e+00,0.000000000000000000e+00,0.000000000000000000e+00,0.000000000000000000e+00
3.303372723048336290e+00,3.128780776807075448e+00,0.000000000000000000e+00,6.198564171188761934e-02,-4.320465566314460326e-02,0.000000000000000000e+00
3.111111111111294125e+00,3.000000000000000000e+00,0.000000000000000000e+00,0.000000000000000000e+00,0.000000000000000000e+00,0.000000000000000000e+00
3.363927315052440470e+00,3.419588906121743932e+00,0.000000000000000000e+00,-5.044646269423680440e-01,-1.334344665329873780e-01,0.000000000000000000e+00
3.376333128653346005e+00,3.305750132045931267e+00,0.000000000000000000e+00,-2.871149007934895026e-01,-1.198271367646242397e-01,0.000000000000000000e+00
3.184071516716303840e+00,3.176969355238856707e+00,0.000000000000000000e+00,-1.419661525420619352e-01,-1.849696497120389416e-01,0.000000000000000000e+00
3.257031922321313555e+00,3.353938710477712526e+00,0.000000000000000000e+00,-3.679322057354114106e-01,-1.874517537660100319e-01,0.000000000000000000e+00
3.178571428571429713e+00,4.000000000000000000e+00,0.000000000000000000e+00,0.000000000000000000e+00,0.000000000000000000e+00,0.000000000000000000e+00
3.213074752415172597e+00,3.754710028262830512e+00,0.000000000000000000e+00,-4.243310715869846317e-01,-2.893524103938489400e-04,0.000000000000000000e+00
3.257473131211879647e+00,3.924420466841047173e+00,0.000000000000000000e+00,-1.609210594278824846e-01,7.733291849232447161e-03,0.000000000000000000e+00
3.078901702640450821e+00,3.924420466841047173e+00,0.000000000000000000e+00,-1.607070834314818231e-01,6.576626136180179459e-03,0.000000000000000000e+00
3.157803405280900755e+00,3.848840933682094345e+00,0.000000000000000000e+00,-2.866051244997563918e-01,1.471047582181665009e-02,0.000000000000000000e+00
3.000000000000000444e+00,4.000000000000000888e+00,0.000000000000000000e+00,0.000000000000000000e+00,0.000000000000000000e+00,0.000000000000000000e+00
3.262689010935378775e+00,3.507258916660639159e+00,0.000000000000000000e+00,-4.583665940138372807e-01,-9.451067720935650562e-02,0.000000000000000000e+00
3.081764034856102619e+00,3.791812772783455188e+00,0.000000000000000000e+00,-3.391728382660418872e-01,7.429624276964256341e-03,0.000000000000000000e+00
3.137035381990374017e+00,3.697681867364190911e+00,0.000000000000000000e+00,-4.376478090360766404e-01,-2.316408296785536086e-02,0.000000000000000000e+00
3.138044910909916219e+00,3.402897959235609449e+00,0.000000000000000000e+00,-3.448710518627116084e-01,-1.191459835506231135e-01,0.000000000000000000e+00
3.143701999523980994e+00,3.556218165418536081e+00,0.000000000000000000e+00,-4.184543531565576568e-01,-7.731874100483906997e-02,0.000000000000000000e+00
3.012391281964911016e+00,3.593320909939160757e+00,0.000000000000000000e+00,-3.722296976112809963e-01,-2.555819070119184563e-02,0.000000000000000000e+00
3.005724664431304483e+00,3.734784611884816474e+00,0.000000000000000000e+00,-3.688903745470801243e-01,1.808831142918487442e-02,0.000000000000000000e+00
3.019057899498518438e+00,3.451857207993506371e+00,0.000000000000000000e+00,-3.430358901908565072e-01,-5.886936756495145251e-02,0.000000000000000000e+00
3.456739074118171828e+00,2.208192717736205957e+00,0.000000000000000000e+00,1.025872023469207139e+00,4.504702458558660916e-01,0.000000000000000000e+00
3.399507924665936098e+00,2.357590986274684219e+00,0.000000000000000000e+00,4.505005453356730749e-01,5.295380000264084466e-03,0.000000000000000000e+00
3.299015849331872641e+00,2.215181972549369327e+00,0.000000000000000000e+00,7.158714589709143095e-01,4.211235404784439279e-02,0.000000000000000000e+00
3.305555555555650837e+00,2.500000000000000000e+00,0.000000000000000000e+00,0.000000000000000000e+00,0.000000000000000000e+00,0.000000000000000000e+00
3.205063480221586936e+00,2.357590986274684663e+00,0.000000000000000000e+00,4.366761907537138887e-01,1.052974699387315693e-02,0.000000000000000000e+00
3.111111111111301231e+00,2.500000000000000444e+00,0.000000000000000000e+00,0.000000000000000000e+00,0.000000000000000000e+00,0.000000000000000000e+00
3.607976599373891702e+00,1.930744209607772266e+00,0.000000000000000000e+00,1.306965217657267697e+00,7.148108075706726128e-01,0.000000000000000000e+00
3.532481108620632249e+00,2.065269343944502456e+00,0.000000000000000000e+00,1.271340463402359955e+00,7.405705331284808679e-01,0.000000000000000000e+00
3.374757883834333505e+00,2.072258598757666270e+00,0.000000000000000000e+00,1.098089182528792618e+00,4.276051979343009068e-01,0.000000000000000000e+00
3.450499918336793925e+00,1.929335224965962992e+00,0.000000000000000000e+00,1.341871059504021524e+00,6.864921425940163635e-01,0.000000000000000000e+00
4.010085400301036884e+00,1.779164957172983508e+00,0.000000000000000000e+00,7.268743414161985550e-01,1.059738689208384876e+00,0.000000000000000000e+00
3.871230398257848648e+00,1.781102365561705536e+00,0.000000000000000000e+00,1.009145934108961251e+00,7.348207992111637221e-01,0.000000000000000000e+00
3.977007516104709595e+00,1.630051536873830198e+00,0.000000000000000000e+00,6.915721681500900386e-01,7.097353345263887059e-01,0.000000000000000000e+00
4.126107184899908908e+00,1.705282702205179524e+00,0.000000000000000000e+00,4.554119458468824932e-01,1.015664524950173009e+00,0.000000000000000000e+00
3.796818421076052275e+00,1.631813440519680469e+00,0.000000000000000000e+00,8.122359306386923716e-01,6.292516944853434602e-01,0.000000000000000000e+00
3.691041303229191328e+00,1.782864269207556029e+00,0.000000000000000000e+00,1.089315528343509420e+00,6.785547637058484405e-01,0.000000000000000000e+00
3.533564622192094884e+00,1.781455284565747199e+00,0.000000000000000000e+00,1.144050195402527503e+00,6.408715194733866083e-01,0.000000000000000000e+00
3.616629326047395399e+00,1.633575344165531185e+00,0.000000000000000000e+00,9.109065312266857450e-01,5.790323594280079034e-01,0.000000000000000000e+00
4.500609202429584954e+00,1.548176911137163270e+00,0.000000000000000000e+00,8.246539931030801018e-02,6.298993978091482759e-01,0.000000000000000000e+00
4.308504509779032432e+00,1.612679854889639275e+00,0.000000000000000000e+00,2.632991924389266325e-01,1.027943088074536826e+00,0.000000000000000000e+00
4.159404840983833118e+00,1.537448689558289727e+00,0.000000000000000000e+00,4.437515543668862361e-01,8.073706261406113915e-01,0.000000000000000000e+00
4.341802165862956642e+00,1.444845842242749034e+00,0.000000000000000000e+00,1.799818782739105449e-01,8.145736232954289280e-01,0.000000000000000000e+00
5.000000000000000000e+00,1.964285714284900397e+00,0.000000000000000000e+00,0.000000000000000000e+00,0.000000000000000000e+00,0.000000000000000000e+00
4.895146518217214471e+00,1.878598721184019382e+00,0.000000000000000000e+00,-3.833228778684848875e-02,9.788595904295496752e-02,0.000000000000000000e+00
5.000000000000000000e+00,1.785714285713200011e+00,0.000000000000000000e+00,0.000000000000000000e+00,0.000000000000000000e+00,0.000000000000000000e+00
4.829708119498105745e+00,1.718611132872388536e+00,0.000000000000000000e+00,-2.907286936857431114e-02,1.853642388124973894e-01,0.000000000000000000e+00
5.000000000000000000e+00,1.607142857141500736e+00,0.000000000000000000e+00,0.000000000000000000e+00,0.000000000000000000e+00,0.000000000000000000e+00
4.671541060414118540e+00,1.455194168445221425e+00,0.000000000000000000e+00,7.872050726305006296e-02,2.379677959061760051e-01,0.000000000000000000e+00
4.512734023847491116e+00,1.351863099550807634e+00,0.000000000000000000e+00,8.666325385096763922e-02,5.604466368032078316e-01,0.000000000000000000e+00
4.829708119498106633e+00,1.540039704300689261e+00,0.000000000000000000e+00,8.367707191421887292e-03,1.845806625264524992e-01,0.000000000000000000e+00
4.841832940916011907e+00,1.343725892714333625e+00,0.000000000000000000e+00,-7.892958680134601682e-03,1.156321349562765971e-01,0.000000000000000000e+00
5.000000000000000000e+00,1.428571428569801016e+00,0.000000000000000000e+00,0.000000000000000000e+00,0.000000000000000000e+00,0.000000000000000000e+00
4.683665881832023814e+00,1.258880356858866012e+00,0.000000000000000000e+00,-4.464826995889412120e-02,1.708109884054676286e-01,0.000000000000000000e+00
2.916666666666941410e+00,3.000000000000000444e+00,0.000000000000000000e+00,0.000000000000000000e+00,0.000000000000000000e+00,0.000000000000000000e+00
3.065084505304906504e+00,3.225928603996753630e+00,0.000000000000000000e+00,-1.994961498772530317e-01,-5.999502334084995392e-02,0.000000000000000000e+00
2.958025864856001608e+00,3.134544060044564429e+00,0.000000000000000000e+00,-1.480909463309962315e-01,-1.057106192690205129e-02,0.000000000000000000e+00
2.911999259049613542e+00,3.360472664041317614e+00,0.000000000000000000e+00,-2.853118707748560356e-01,-3.113007981887464665e-02,0.000000000000000000e+00
2.763581420411648448e+00,3.134544060044564429e+00,0.000000000000000000e+00,-1.399594053372494595e-01,-6.856108733269906247e-03,0.000000000000000000e+00
2.722222222222587806e+00,3.000000000000000000e+00,0.000000000000000000e+00,0.000000000000000000e+00,0.000000000000000000e+00,0.000000000000000000e+00
2.804940618600708646e+00,3.269088120089128413e+00,0.000000000000000000e+00,-2.352904114883278552e-01,-8.795770912081212270e-03,0.000000000000000000e+00
3.002862332215651797e+00,3.867392305942408015e+00,0.000000000000000000e+00,-2.505376627993662897e-01,1.888399577242678290e-02,0.000000000000000000e+00
3.000000000000000444e+00,4.125000000000000000e+00,0.000000000000000000e+00,0.000000000000000000e+00,0.000000000000000000e+00,0.000000000000000000e+00
2.897923380433415907e+00,3.802364162232676037e+00,0.000000000000000000e+00,-3.179477964750925256e-01,3.442090764735494801e-02,0.000000000000000000e+00
2.895061048217763222e+00,3.934971856290267578e+00,0.000000000000000000e+00,-1.561875023082443803e-01,1.012667715631454871e-02,0.000000000000000000e+00
2.786807872744708980e+00,3.997471856290268022e+00,0.000000000000000000e+00,-1.757752939250859792e-01,-1.899890054133088549e-02,0.000000000000000000e+00
2.891746824526944870e+00,4.062500000000000000e+00,0.000000000000000000e+00,-3.077609570477604639e-02,-1.056341004238991466e-01,0.000000000000000000e+00
2.891746824526945758e+00,4.187500000000000000e+00,0.000000000000000000e+00,-1.602968515473018191e-02,-1.839243413257344861e-01,0.000000000000000000e+00
3.000000000000000444e+00,4.250000000000000888e+00,0.000000000000000000e+00,0.000000000000000000e+00,0.000000000000000000e+00,0.000000000000000000e+00
2.790122096435526888e+00,3.869943712580535156e+00,0.000000000000000000e+00,-2.661159444347739322e-01,5.518994311932032271e-02,0.000000000000000000e+00
2.783493649053890628e+00,4.125000000000000888e+00,0.000000000000000000e+00,-1.110412881175508598e-01,-1.490428544915789744e-01,0.000000000000000000e+00
2.877260224616722706e+00,3.506760491891505183e+00,0.000000000000000000e+00,-3.290946233938402687e-01,-6.575437620273300553e-03,0.000000000000000000e+00
2.870593607083115728e+00,3.648224193837160012e+00,0.000000000000000000e+00,-3.381440696042242733e-01,7.327882536544629878e-03,0.000000000000000000e+00
2.735462549734927418e+00,3.561663775789504438e+00,0.000000000000000000e+00,-3.192880219506694650e-01,2.603218879306138517e-02,0.000000000000000000e+00
2.762792323085227153e+00,3.715803744185020019e+00,0.000000000000000000e+00,-3.011979226244869690e-01,3.649913685451362105e-02,0.000000000000000000e+00
2.770201584167818254e+00,3.415375947939316426e+00,0.000000000000000000e+00,-2.805883562109315887e-01,7.653235978668941446e-03,0.000000000000000000e+00
3.280889862707014437e+00,1.926004459353060527e+00,0.000000000000000000e+00,1.263074214845268717e+00,3.662015186706461534e-01,0.000000000000000000e+00
3.205147828204553573e+00,2.068927833144763362e+00,0.000000000000000000e+00,9.134260282952411103e-01,9.738752847701070969e-02,0.000000000000000000e+00
3.111513697887570373e+00,2.210703959990405920e+00,0.000000000000000000e+00,6.394565653116536241e-01,5.454485379324872790e-02,0.000000000000000000e+00
3.017561328777284224e+00,2.353112973715721701e+00,0.000000000000000000e+00,3.930254420173003305e-01,4.562503494600538348e-03,0.000000000000000000e+00
3.017645676760251749e+00,2.064449820585800843e+00,0.000000000000000000e+00,8.694462507588757161e-01,8.284020929798663335e-02,0.000000000000000000e+00
3.111279807077234949e+00,1.922673693740158063e+00,0.000000000000000000e+00,1.093284566528736956e+00,1.424454310157738934e-01,0.000000000000000000e+00
2.924011546443268550e+00,2.206225947431443402e+00,0.000000000000000000e+00,5.764267829060742976e-01,1.728425322302308206e-02,0.000000000000000000e+00
2.916666666666951624e+00,2.500000000000000000e+00,0.000000000000000000e+00,0.000000000000000000e+00,0.000000000000000000e+00,0.000000000000000000e+00
2.823116884332935062e+00,2.353112973715721701e+00,0.000000000000000000e+00,3.761166174184644717e-01,2.762808024467636962e-03,0.000000000000000000e+00
2.722222222222602461e+00,2.500000000000000444e+00,0.000000000000000000e+00,0.000000000000000000e+00,0.000000000000000000e+00,0.000000000000000000e+00
3.445485148547898113e+00,1.632718792814939146e+00,0.000000000000000000e+00,1.021751859746501179e+00,5.173620987645995983e-01,0.000000000000000000e+00
3.362420444692597599e+00,1.780598733215155161e+00,0.000000000000000000e+00,1.233888831638075390e+00,5.776259505706735631e-01,0.000000000000000000e+00
3.192810389062817222e+00,1.777267967602252696e+00,0.000000000000000000e+00,1.113794500468750837e+00,3.400127996803496977e-01,0.000000000000000000e+00
3.274340971048399940e+00,1.631862241464347107e+00,0.000000000000000000e+00,1.104860030434589691e+00,5.004398191831811449e-01,0.000000000000000000e+00
4.217436339819822244e+00,1.362066518184474884e+00,0.000000000000000000e+00,3.456699383772319778e-01,6.403472129246281508e-01,0.000000000000000000e+00
4.035039014940698721e+00,1.454669365500015576e+00,0.000000000000000000e+00,5.758810212466326517e-01,5.876804535120078166e-01,0.000000000000000000e+00
3.886165526361566869e+00,1.480257738079567176e+00,0.000000000000000000e+00,6.906882518787275105e-01,5.614601179920005736e-01,0.000000000000000000e+00
3.705976431332909549e+00,1.482019641725417447e+00,0.000000000000000000e+00,7.903401233790129377e-01,5.155764840938018567e-01,0.000000000000000000e+00
3.944197025197555995e+00,1.304875566705752554e+00,0.000000000000000000e+00,5.570332699053126557e-01,4.597584271211531126e-01,0.000000000000000000e+00
4.093070513776687847e+00,1.279287194126200733e+00,0.000000000000000000e+00,4.531904844455426074e-01,4.544337901113486566e-01,0.000000000000000000e+00
3.795323536618424143e+00,1.330463939285303931e+00,0.000000000000000000e+00,6.515861857380541577e-01,4.455724037994155395e-01,0.000000000000000000e+00
3.619164087948668396e+00,1.329302928004421069e+00,0.000000000000000000e+00,7.520256658898646362e-01,3.906427893387903749e-01,0.000000000000000000e+00
3.529816982663153802e+00,1.480858630444534363e+00,0.000000000000000000e+00,8.884645791524884428e-01,4.438263199167452600e-01,0.000000000000000000e+00
3.358672805163656516e+00,1.480002079093942768e+00,0.000000000000000000e+00,9.736566652569086378e-01,4.300365038821989394e-01,0.000000000000000000e+00
3.443004639278912649e+00,1.328141916723538207e+00,0.000000000000000000e+00,8.280988378402741601e-01,3.509155437402187716e-01,0.000000000000000000e+00
4.520523593362424819e+00,1.147917908002817455e+00,0.000000000000000000e+00,5.966567378670111638e-02,3.493728749920050891e-01,0.000000000000000000e+00
4.349591735377892121e+00,1.240900650694759078e+00,0.000000000000000000e+00,2.387712014540188388e-01,6.175643722970899363e-01,0.000000000000000000e+00
4.225225909334756835e+00,1.158121326636484927e+00,0.000000000000000000e+00,3.264145483578082541e-01,4.540709519414248829e-01,0.000000000000000000e+00
4.357381304892826712e+00,1.036955459146769121e+00,0.000000000000000000e+00,1.528460429789595398e-01,4.173085336039096815e-01,0.000000000000000000e+00
5.000000000000000000e+00,1.249999999998101075e+00,0.000000000000000000e+00,0.000000000000000000e+00,0.000000000000000000e+00,0.000000000000000000e+00
4.841832940916011907e+00,1.165154464142633461e+00,0.000000000000000000e+00,-1.099179522339322965e-02,1.270249172633663159e-01,0.000000000000000000e+00
5.000000000000000000e+00,1.071428571426400911e+00,0.000000000000000000e+00,0.000000000000000000e+00,0.000000000000000000e+00,0.000000000000000000e+00
4.533182299938887994e+00,9.638946479003301926e-01,0.000000000000000000e+00,8.907593497386838421e-02,2.787171691470578527e-01,0.000000000000000000e+00
4.696324588408486989e+00,1.074857096756378638e+00,0.000000000000000000e+00,4.708398828703110744e-02,1.265898308054614896e-01,0.000000000000000000e+00
4.854491647492475082e+00,9.811312040401460877e-01,0.000000000000000000e+00,7.491327900389924827e-03,8.026681401443981623e-02,0.000000000000000000e+00
4.708983294984950163e+00,8.908338366538912645e-01,0.000000000000000000e+00,2.072802258822966856e-02,6.883125511323559542e-02,0.000000000000000000e+00
2.663439474497097059e+00,3.273811083798382704e+00,0.000000000000000000e+00,-2.132641388075989797e-01,8.096266163638059232e-03,0.000000000000000000e+00
2.622080276308036417e+00,3.139267023753817831e+00,0.000000000000000000e+00,-1.279398852216110938e-01,-1.828397721902427645e-03,0.000000000000000000e+00
2.521938330393485028e+00,3.278534047507636107e+00,0.000000000000000000e+00,-1.845239637076458439e-01,1.426884719611878558e-02,0.000000000000000000e+00
2.527777777778235091e+00,3.000000000000000444e+00,0.000000000000000000e+00,0.000000000000000000e+00,0.000000000000000000e+00,0.000000000000000000e+00
2.427635831863683702e+00,3.139267023753818719e+00,0.000000000000000000e+00,-1.020736407837317949e-01,-3.499124874494395025e-04,0.000000000000000000e+00
2.333333333333881932e+00,3.000000000000000000e+00,0.000000000000000000e+00,0.000000000000000000e+00,0.000000000000000000e+00,0.000000000000000000e+00
2.628700440064206223e+00,3.420098911648570272e+00,0.000000000000000000e+00,-2.571324171823364813e-01,2.797206169795855152e-02,0.000000000000000000e+00
2.713901113826192368e+00,3.934971856290267578e+00,0.000000000000000000e+00,-2.345826854478482160e-01,8.798309905179088619e-02,0.000000000000000000e+00
2.710586890135374016e+00,4.062500000000000000e+00,0.000000000000000000e+00,-1.898113828353165389e-01,5.941370491973974044e-02,0.000000000000000000e+00
2.637680131216857404e+00,3.999999999999999556e+00,0.000000000000000000e+00,-2.017749397335712458e-01,1.183150097156527164e-01,0.000000000000000000e+00
2.784538955981475272e+00,4.244726258596918100e+00,0.000000000000000000e+00,8.473885935859754026e-02,-1.814070693146637714e-01,0.000000000000000000e+00
2.892792131454529958e+00,4.307226258596918100e+00,0.000000000000000000e+00,1.453595883023057200e-01,-1.570856932254928173e-01,0.000000000000000000e+00
2.785584262909060360e+00,4.364452517193836201e+00,0.000000000000000000e+00,4.999595359377683179e-01,-7.639080146094379131e-02,0.000000000000000000e+00
3.000000000000000444e+00,4.375000000000000000e+00,0.000000000000000000e+00,0.000000000000000000e+00,0.000000000000000000e+00,0.000000000000000000e+00
2.892792131454529958e+00,4.432226258596918100e+00,0.000000000000000000e+00,1.547404815648005527e-01,1.084271403912204085e-01,0.000000000000000000e+00
3.000000000000000444e+00,4.500000000000000888e+00,0.000000000000000000e+00,0.000000000000000000e+00,0.000000000000000000e+00,0.000000000000000000e+00
2.629320544926310177e+00,3.664033227291689343e+00,0.000000000000000000e+00,-2.821217637961024316e-01,8.047405680778994819e-02,0.000000000000000000e+00
2.656650318276610356e+00,3.818173195687204924e+00,0.000000000000000000e+00,-2.485700870831765441e-01,9.499321406929249478e-02,0.000000000000000000e+00
2.580429335667275392e+00,3.883201339396936902e+00,0.000000000000000000e+00,-2.229065836284958024e-01,1.288302424846699823e-01,0.000000000000000000e+00
2.523178540117692492e+00,3.766402678793873360e+00,0.000000000000000000e+00,-2.303560378818167720e-01,1.337044390829978946e-01,0.000000000000000000e+00
2.627530918117432002e+00,4.115788186588182462e+00,0.000000000000000000e+00,-1.309041180832327678e-01,1.537524116233293936e-01,0.000000000000000000e+00
2.700437677035948170e+00,4.178288186588182462e+00,0.000000000000000000e+00,-5.909981421089217229e-02,6.785683716334586779e-02,0.000000000000000000e+00
2.701482983963533258e+00,4.298014445185099675e+00,0.000000000000000000e+00,3.026541204264184826e-01,8.919678793624255531e-02,0.000000000000000000e+00
2.617381705018005711e+00,4.231576373176364037e+00,0.000000000000000000e+00,8.297099682947607635e-02,2.107961305916232764e-01,0.000000000000000000e+00
2.488669514693651497e+00,3.408021043957000451e+00,0.000000000000000000e+00,-2.155355663586335235e-01,3.910730704799510182e-02,0.000000000000000000e+00
2.595431624364372247e+00,3.549585908097934173e+00,0.000000000000000000e+00,-2.771139676772561011e-01,5.932960790902173237e-02,0.000000000000000000e+00
2.489289619555755451e+00,3.651955359600119522e+00,0.000000000000000000e+00,-2.328369097172371949e-01,1.015697293660207390e-01,0.000000000000000000e+00
2.455400698993817521e+00,3.537508040406364351e+00,0.000000000000000000e+00,-2.307143569761558599e-01,6.915110542106682467e-02,0.000000000000000000e+00
2.919098879594360429e+00,1.922221308660431394e+00,0.000000000000000000e+00,1.071730802089039258e+00,4.615786348619948382e-02,0.000000000000000000e+00
2.825464749277377230e+00,2.063997435506073952e+00,0.000000000000000000e+00,8.430960062338272998e-01,5.869633929080971847e-03,0.000000000000000000e+00
2.726917952111485910e+00,1.921768923580704946e+00,0.000000000000000000e+00,1.042895410083590324e+00,1.200974805383930866e-02,0.000000000000000000e+00
3.015349220924908202e+00,1.778312305665486370e+00,0.000000000000000000e+00,1.079922704103553954e+00,8.947728880329619550e-02,0.000000000000000000e+00
3.096879802910490476e+00,1.632906579527580559e+00,0.000000000000000000e+00,1.120680129601683950e+00,2.074872127011015421e-01,0.000000000000000000e+00
2.823168293442033239e+00,1.777859920585759479e+00,0.000000000000000000e+00,1.059398297779650555e+00,3.405738266751321547e-02,0.000000000000000000e+00
2.919418634772580567e+00,1.633950917590813789e+00,0.000000000000000000e+00,1.072339810061782472e+00,6.660138193028591891e-02,0.000000000000000000e+00
2.727169104706978153e+00,2.191467786267505158e+00,0.000000000000000000e+00,5.899872973750692751e-01,-1.068694330014040295e-02,0.000000000000000000e+00
2.626274442596645109e+00,2.338354812551783457e+00,0.000000000000000000e+00,4.027390130315742223e-01,-4.030787553399613546e-03,0.000000000000000000e+00
2.628622307541087277e+00,2.049239274342136152e+00,0.000000000000000000e+00,8.513994719589400573e-01,-3.799974196058708564e-03,0.000000000000000000e+00
2.530326662970688645e+00,2.176709625103567358e+00,0.000000000000000000e+00,6.047534853660934129e-01,-2.261348652450572132e-03,0.000000000000000000e+00
2.527777777778252855e+00,2.500000000000000000e+00,0.000000000000000000e+00,0.000000000000000000e+00,0.000000000000000000e+00,0.000000000000000000e+00
2.431829998152295502e+00,2.338354812551783901e+00,0.000000000000000000e+00,3.993234818064700375e-01,4.096340428253060148e-03,0.000000000000000000e+00
2.333333333333903248e+00,2.500000000000000444e+00,0.000000000000000000e+00,0.000000000000000000e+00,0.000000000000000000e+00,0.000000000000000000e+00
3.265110896353306646e+00,1.330061188819143592e+00,0.000000000000000000e+00,9.388961347757297515e-01,2.791674821873126877e-01,0.000000000000000000e+00
3.180779062238050514e+00,1.481921351189548375e+00,0.000000000000000000e+00,1.083722265529944107e+00,3.224423116292537417e-01,0.000000000000000000e+00
3.003317894100140606e+00,1.482965689252781605e+00,0.000000000000000000e+00,1.054952836910493463e+00,1.416540050997301681e-01,0.000000000000000000e+00
3.087217153427700200e+00,1.331980460914748976e+00,0.000000000000000000e+00,1.026738864095407155e+00,2.121720392356850893e-01,0.000000000000000000e+00
4.050525878617248665e+00,1.134345707890749733e+00,0.000000000000000000e+00,4.129749275696085187e-01,3.547321392122849693e-01,0.000000000000000000e+00
3.901652390038116813e+00,1.159934080470301332e+00,0.000000000000000000e+00,5.187056852623673775e-01,3.635375517356373987e-01,0.000000000000000000e+00
4.007981243457808596e+00,9.894042216552987323e-01,0.000000000000000000e+00,3.512888566346144548e-01,2.552296398730925509e-01,0.000000000000000000e+00
4.182681274175317654e+00,1.013179840401033704e+00,0.000000000000000000e+00,2.660873162252045954e-01,3.389320636314037127e-01,0.000000000000000000e+00
3.712372814299129242e+00,1.168469130706884851e+00,0.000000000000000000e+00,6.223072972517482704e-01,3.218750922393465719e-01,0.000000000000000000e+00
3.536213365629373495e+00,1.167308119426001989e+00,0.000000000000000000e+00,7.043211565918455763e-01,2.947627450716483466e-01,0.000000000000000000e+00
3.818701667718821469e+00,9.979392718918823624e-01,0.000000000000000000e+00,4.617139332093592730e-01,2.550329025618924272e-01,0.000000000000000000e+00
3.629422091979834342e+00,1.006474322128465992e+00,0.000000000000000000e+00,5.536673589757693525e-01,2.214564200351779033e-01,0.000000000000000000e+00
3.446125300509061518e+00,1.012495225059438120e+00,0.000000000000000000e+00,6.479855676651491425e-01,1.822447429885054870e-01,0.000000000000000000e+00
3.352916574158600227e+00,1.173329022356973894e+00,0.000000000000000000e+00,7.940937131683662997e-01,2.162559676846227685e-01,0.000000000000000000e+00
3.175022831232994669e+00,1.175248294452579501e+00,0.000000000000000000e+00,8.887919545436705482e-01,1.658325113773126691e-01,0.000000000000000000e+00
3.262828509038288249e+00,1.018516127990410247e+00,0.000000000000000000e+00,7.287006560284244872e-01,9.815664750217180379e-02,0.000000000000000000e+00
4.594527671227801591e+00,7.969168324376585399e-01,0.000000000000000000e+00,2.313120087158240454e-02,1.524401317197211780e-01,0.000000000000000000e+00
4.418726676181739421e+00,8.699776436840973570e-01,0.000000000000000000e+00,1.243131790171585205e-01,3.062354627250309935e-01,0.000000000000000000e+00
4.273725359997498252e+00,8.624561276825376543e-01,0.000000000000000000e+00,2.097370213586293164e-01,2.824215420474071037e-01,0.000000000000000000e+00
4.099025329279989194e+00,8.386805089368025712e-01,0.000000000000000000e+00,2.790483542107450310e-01,2.190462632486924466e-01,0.000000000000000000e+00
4.335070731286411849e+00,6.954783122198660017e-01,0.000000000000000000e+00,1.201159706688482154e-01,1.929445460314037075e-01,0.000000000000000000e+00
4.480072047470653018e+00,7.029998282214255934e-01,0.000000000000000000e+00,4.519520709192979130e-02,1.823647485155173165e-01,0.000000000000000000e+00
4.190069415102168904e+00,6.879567962183062990e-01,0.000000000000000000e+00,1.800646730162960840e-01,1.810295766752739177e-01,0.000000000000000000e+00
5.000000000000000000e+00,8.928571428553481182e-01,0.000000000000000000e+00,0.000000000000000000e+00,0.000000000000000000e+00,0.000000000000000000e+00
4.854491647492475082e+00,8.025597754690932950e-01,0.000000000000000000e+00,3.260969249400356117e-03,5.603406827250333178e-02,0.000000000000000000e+00
5.000000000000000000e+00,7.142857142842951035e-01,0.000000000000000000e+00,0.000000000000000000e+00,0.000000000000000000e+00,0.000000000000000000e+00
4.601815569122234884e+00,6.246003317621355855e-01,0.000000000000000000e+00,8.228199353778059208e-03,1.075820763102746519e-01,0.000000000000000000e+00
4.716271192879382568e+00,7.185173359783683100e-01,0.000000000000000000e+00,3.881559779388576385e-03,5.659789245797906126e-02,0.000000000000000000e+00
4.861779545386907486e+00,6.302432747935702295e-01,0.000000000000000000e+00,5.907130968313279974e-05,4.164874342240812433e-02,0.000000000000000000e+00
4.723559090773815861e+00,5.462008353028453556e-01,0.000000000000000000e+00,5.881485849058170658e-04,5.196735562768979577e-02,0.000000000000000000e+00
2.237403802804329267e+00,3.157449659235981976e+00,0.000000000000000000e+00,-8.409152960501296847e-02,-3.437836449322466490e-03,0.000000000000000000e+00
2.331706301334131481e+00,3.296716682989800695e+00,0.000000000000000000e+00,-1.436321752517772110e-01,1.704051998092199344e-02,0.000000000000000000e+00
2.298437485634297506e+00,3.426203679439164596e+00,0.000000000000000000e+00,-1.657345580932795825e-01,4.029434395609111236e-02,0.000000000000000000e+00
2.141474272274777046e+00,3.314899318471963952e+00,0.000000000000000000e+00,-1.013847056229538052e-01,5.004546704411208524e-03,0.000000000000000000e+00
2.138888888889529216e+00,3.000000000000000444e+00,0.000000000000000000e+00,0.000000000000000000e+00,0.000000000000000000e+00,0.000000000000000000e+00
2.042959358359976552e+00,3.157449659235981976e+00,0.000000000000000000e+00,-6.612341856097611603e-02,-4.478054364316206952e-03,0.000000000000000000e+00
1.944444444445176057e+00,3.000000000000000000e+00,0.000000000000000000e+00,0.000000000000000000e+00,0.000000000000000000e+00,0.000000000000000000e+00
2.543144032543689814e+00,4.010461565351291391e+00,0.000000000000000000e+00,-1.704736738547370511e-01,1.810529302996506384e-01,0.000000000000000000e+00
2.532994819444263968e+00,4.126249751939473853e+00,0.000000000000000000e+00,-7.251800720853698867e-02,2.310650473330368437e-01,0.000000000000000000e+00
2.485893236994107358e+00,3.893662904748228293e+00,0.000000000000000000e+00,-1.918097788719018149e-01,1.744604425216489396e-01,0.000000000000000000e+00
2.448607933870521336e+00,4.020923130702582782e+00,0.000000000000000000e+00,-1.300622488002089461e-01,2.207869484891010758e-01,0.000000000000000000e+00
2.783388750899004727e+00,4.472537912983820974e+00,0.000000000000000000e+00,2.122578270675592182e-01,4.375558820726868636e-02,0.000000000000000000e+00
2.890596619444474769e+00,4.540311654386902873e+00,0.000000000000000000e+00,5.568394879369560624e-02,1.807289236799562437e-01,0.000000000000000000e+00
2.585143224521340155e+00,4.370128002213526486e+00,0.000000000000000000e+00,2.518681900855507805e-01,1.001111741041909309e-01,0.000000000000000000e+00
2.669244503466867258e+00,4.436566074222261236e+00,0.000000000000000000e+00,3.639609428054186302e-01,-5.394229443812965236e-02,0.000000000000000000e+00
2.667048991456812068e+00,4.544651470012246897e+00,0.000000000000000000e+00,1.852288714743082487e-01,-1.568398269183944940e-02,0.000000000000000000e+00
2.781193238888949093e+00,4.580623308773804858e+00,0.000000000000000000e+00,9.678754338657991063e-02,1.212777923106989897e-01,0.000000000000000000e+00
2.552904744024673711e+00,4.508679631250687159e+00,0.000000000000000000e+00,2.448710710866419116e-01,2.534334572875827918e-02,0.000000000000000000e+00
3.200000000000000178e+00,4.500000000000000000e+00,0.000000000000000000e+00,0.000000000000000000e+00,0.000000000000000000e+00,0.000000000000000000e+00
2.847349524267875243e+00,4.676936200599908666e+00,0.000000000000000000e+00,1.395082046442545076e-01,1.692326598036476837e-01,0.000000000000000000e+00
2.956752904823400474e+00,4.636624546213005793e+00,0.000000000000000000e+00,1.312368669716325320e-01,9.792591040304106376e-02,0.000000000000000000e+00
3.055150884812154022e+00,4.771342684186176797e+00,0.000000000000000000e+00,1.726753752110680440e-01,6.000378288956335904e-02,0.000000000000000000e+00
3.098397979988753104e+00,4.634718137973170116e+00,0.000000000000000000e+00,7.434186153165091293e-02,-4.889602452523348058e-04,0.000000000000000000e+00
3.298397979988752837e+00,4.634718137973170116e+00,0.000000000000000000e+00,6.189410322259884106e-02,-1.833649774402595998e-03,0.000000000000000000e+00
3.399999999999999467e+00,4.500000000000000888e+00,0.000000000000000000e+00,0.000000000000000000e+00,0.000000000000000000e+00,0.000000000000000000e+00
2.913505809646801392e+00,4.773249092426012474e+00,0.000000000000000000e+00,1.786603483308084328e-01,1.314928381127020429e-01,0.000000000000000000e+00
3.196795959977506207e+00,4.769436275946340231e+00,0.000000000000000000e+00,1.366735894656543604e-01,6.681971357926663226e-03,0.000000000000000000e+00
2.331637745710720022e+00,3.576943976577902085e+00,0.000000000000000000e+00,-1.829603782749066876e-01,8.332032910552017446e-02,0.000000000000000000e+00
2.365526666272657508e+00,3.691391295771656367e+00,0.000000000000000000e+00,-1.852277874044140626e-01,1.139155488213730721e-01,0.000000000000000000e+00
2.381100603441155705e+00,3.817291720729530269e+00,0.000000000000000000e+00,-1.699891310449502535e-01,1.510095965706678145e-01,0.000000000000000000e+00
2.343815300317570127e+00,3.944551946683884758e+00,0.000000000000000000e+00,-1.167143230649203139e-01,1.901773364814414169e-01,0.000000000000000000e+00
2.223448729596119833e+00,3.742280337707312832e+00,0.000000000000000000e+00,-1.262274272554019527e-01,1.112499692405128082e-01,0.000000000000000000e+00
2.207874792427622523e+00,3.616379912749439374e+00,0.000000000000000000e+00,-1.450952464101182560e-01,7.517719629751824784e-02,0.000000000000000000e+00
2.239022666764618474e+00,3.868180762665187622e+00,0.000000000000000000e+00,-1.032343129574470608e-01,1.522258699478594712e-01,0.000000000000000000e+00
2.513909128154079298e+00,4.254647406067325832e+00,0.000000000000000000e+00,6.454217818907971582e-02,2.009760677357945724e-01,0.000000000000000000e+00
2.429522242580336666e+00,4.149320784830434761e+00,0.000000000000000000e+00,-5.024881384080186891e-02,2.472393612970182619e-01,0.000000000000000000e+00
2.481670647657413298e+00,4.393199035104487393e+00,0.000000000000000000e+00,2.062724887956051134e-01,1.429766974575818472e-01,0.000000000000000000e+00
2.410436551290152440e+00,4.277718438958287628e+00,0.000000000000000000e+00,6.064049628336296016e-02,2.407105956711309003e-01,0.000000000000000000e+00
2.174674532351200007e+00,3.465639615610701885e+00,0.000000000000000000e+00,-1.292168658104651535e-01,3.993198030511232316e-02,0.000000000000000000e+00
2.533224255138897263e+00,1.919388498338614468e+00,0.000000000000000000e+00,1.051461655017244201e+00,-1.559327425882242601e-02,0.000000000000000000e+00
2.434928610568498630e+00,2.046858849100045674e+00,0.000000000000000000e+00,8.630677903126022787e-01,1.285660661998584871e-02,0.000000000000000000e+00
2.637660917782767456e+00,1.789117446155375823e+00,0.000000000000000000e+00,1.094633329441020653e+00,-2.500613463843395431e-02,0.000000000000000000e+00
2.733911259113314784e+00,1.645208443160429912e+00,0.000000000000000000e+00,1.110122404899209103e+00,-3.910930370081538987e-02,0.000000000000000000e+00
2.443967220810178809e+00,1.786737020913284901e+00,0.000000000000000000e+00,1.106873186093780603e+00,-1.017928024758113330e-02,0.000000000000000000e+00
2.339530558166308616e+00,1.917008073096523768e+00,0.000000000000000000e+00,1.056888500126533348e+00,4.164084540634831189e-02,0.000000000000000000e+00
2.548403883454049002e+00,1.656465968730046034e+00,0.000000000000000000e+00,1.145751333164372054e+00,-4.505604213021566912e-02,0.000000000000000000e+00
2.822287501227386919e+00,1.485941832545417007e+00,0.000000000000000000e+00,1.080019913284249622e+00,-3.672440387719498600e-02,0.000000000000000000e+00
2.906186760554946513e+00,1.334956604207384601e+00,0.000000000000000000e+00,1.067223902617624898e+00,8.971325354306478733e-03,0.000000000000000000e+00
2.636780125568121136e+00,1.497199358115032908e+00,0.000000000000000000e+00,1.114741962158102728e+00,-8.624805434782464864e-02,0.000000000000000000e+00
2.725156367682192826e+00,1.337932747500020003e+00,0.000000000000000000e+00,1.083080725608801531e+00,-1.055425791370759869e-01,0.000000000000000000e+00
2.330536459414167538e+00,2.180276806209226592e+00,0.000000000000000000e+00,5.915985319009205989e-01,1.828195420913194744e-02,0.000000000000000000e+00
2.232039794595774840e+00,2.341921993657442691e+00,0.000000000000000000e+00,3.762098827376931243e-01,-5.709701866702902341e-03,0.000000000000000000e+00
2.235138407011977968e+00,2.050426030205704908e+00,0.000000000000000000e+00,8.469238804209882066e-01,2.103763825442297661e-02,0.000000000000000000e+00
2.130746255857647320e+00,2.183843987314886270e+00,0.000000000000000000e+00,5.738157731563778841e-01,-1.949170389611130927e-02,0.000000000000000000e+00
2.138888888889346696e+00,2.500000000000000000e+00,0.000000000000000000e+00,0.000000000000000000e+00,0.000000000000000000e+00,0.000000000000000000e+00
2.037595350151218287e+00,2.341921993657442691e+00,0.000000000000000000e+00,3.827430675586972475e-01,5.013437400012040780e-03,0.000000000000000000e+00
1.944444444444790143e+00,2.500000000000000444e+00,0.000000000000000000e+00,0.000000000000000000e+00,0.000000000000000000e+00,0.000000000000000000e+00
3.082093859676744430e+00,1.017085152529012104e+00,0.000000000000000000e+00,8.081831301655110211e-01,5.245642836210633736e-02,0.000000000000000000e+00
2.994288181871450405e+00,1.173817318991181580e+00,0.000000000000000000e+00,9.625227693037824439e-01,6.412430372347462104e-02,0.000000000000000000e+00
2.813257788998696718e+00,1.176793462283816982e+00,0.000000000000000000e+00,9.860693092634219559e-01,-8.383132501220016963e-02,0.000000000000000000e+00
2.901359210315200610e+00,1.015654177067614183e+00,0.000000000000000000e+00,8.724009493458124709e-01,-6.058834221306391016e-02,0.000000000000000000e+00
3.915164875785694498e+00,8.306980931887206765e-01,0.000000000000000000e+00,3.365336107817684663e-01,1.630933217725162310e-01,0.000000000000000000e+00
4.006208961607875096e+00,6.799743804702242933e-01,0.000000000000000000e+00,2.329531478077840334e-01,1.366189865886815180e-01,0.000000000000000000e+00
3.725885300046707371e+00,8.392331434253041955e-01,0.000000000000000000e+00,4.284837454106218968e-01,1.675522531315649932e-01,0.000000000000000000e+00
3.822348508113579513e+00,6.719919647221422876e-01,0.000000000000000000e+00,2.689012940254317807e-01,9.532985340604625824e-02,0.000000000000000000e+00
3.537234103675916952e+00,8.534010422612829938e-01,0.000000000000000000e+00,4.919398604976343292e-01,1.258493546976429123e-01,0.000000000000000000e+00
3.353937312205143684e+00,8.594219451922551212e-01,0.000000000000000000e+00,5.751287170595574816e-01,7.831558325280761623e-02,0.000000000000000000e+00
3.633697311742789537e+00,6.861598635581211969e-01,0.000000000000000000e+00,3.282240698657234446e-01,1.073628175326095946e-01,0.000000000000000000e+00
3.445046115371999118e+00,7.003277623941001062e-01,0.000000000000000000e+00,3.774412652158770642e-01,4.067081459318815095e-02,0.000000000000000000e+00
3.262617645194182181e+00,7.033736301045869777e-01,0.000000000000000000e+00,3.974402253432354204e-01,3.258149071807939223e-02,0.000000000000000000e+00
3.171508842027325858e+00,8.624678129027418816e-01,0.000000000000000000e+00,6.020234845810921165e-01,1.153530510886822263e-02,0.000000000000000000e+00
2.990774192665782039e+00,8.610368374413439607e-01,0.000000000000000000e+00,6.721852407212322023e-01,-5.821159034284915934e-02,0.000000000000000000e+00
3.080189175016363912e+00,7.064194978150737381e-01,0.000000000000000000e+00,4.059951628480497066e-01,-7.255365022730611568e-02,0.000000000000000000e+00
4.450219589535080900e+00,5.280260210033708157e-01,0.000000000000000000e+00,6.619503997497444558e-02,1.041225985964034095e-01,0.000000000000000000e+00
4.305218273350838842e+00,5.205045050018111130e-01,0.000000000000000000e+00,1.113978438336382520e-01,1.205921419223459079e-01,0.000000000000000000e+00
4.420367131599507893e+00,3.530522137853159270e-01,0.000000000000000000e+00,3.408354489625027572e-02,5.571454621386667111e-02,0.000000000000000000e+00
4.571963111186662765e+00,4.496265245440806968e-01,0.000000000000000000e+00,2.949735321545269434e-02,6.174201396336140985e-02,0.000000000000000000e+00
4.105949406081535358e+00,5.138373624322682964e-01,0.000000000000000000e+00,1.710817291890402714e-01,1.035423604057828795e-01,0.000000000000000000e+00
3.922088952587239774e+00,5.058549466841864017e-01,0.000000000000000000e+00,2.109340300096265719e-01,7.484505768934494874e-02,0.000000000000000000e+00
4.221098264330204408e+00,3.463850712157731659e-01,0.000000000000000000e+00,8.196135863568070057e-02,6.017767759348555817e-02,0.000000000000000000e+00
4.021829397060899147e+00,3.397179286462304049e-01,0.000000000000000000e+00,1.212025855966504806e-01,4.367263817271749282e-02,0.000000000000000000e+00
5.000000000000000000e+00,5.357142857133878611e-01,0.000000000000000000e+00,0.000000000000000000e+00,0.000000000000000000e+00,0.000000000000000000e+00
4.861779545386908374e+00,4.516718462226629316e-01,0.000000000000000000e+00,-3.341452142720916646e-03,3.067542379930478236e-02,0.000000000000000000e+00
5.000000000000000000e+00,3.571428571424803966e-01,0.000000000000000000e+00,0.000000000000000000e+00,0.000000000000000000e+00,0.000000000000000000e+00
4.737283278735739955e+00,3.987400082744868568e-01,0.000000000000000000e+00,9.572565089724333759e-03,2.732968887686874904e-02,0.000000000000000000e+00
4.585687299148586860e+00,3.021656975157220870e-01,0.000000000000000000e+00,8.459985025137112605e-03,3.782380432548577975e-02,0.000000000000000000e+00
4.875503733348832469e+00,3.042110191943043773e-01,0.000000000000000000e+00,-2.233456002827854687e-03,1.514133220709659028e-02,0.000000000000000000e+00
4.751007466697664050e+00,2.512791812461283025e-01,0.000000000000000000e+00,-4.203963655888226340e-03,1.382638151998017567e-02,0.000000000000000000e+00
1.953263960989399362e+00,3.309873512641452908e+00,0.000000000000000000e+00,-6.633696936883388962e-02,2.907672083388330130e-03,0.000000000000000000e+00
1.854749047074598423e+00,3.152423853405470489e+00,0.000000000000000000e+00,-4.969097967380963626e-02,-1.206427529764743725e-02,0.000000000000000000e+00
2.040742380244581877e+00,3.409628252387583380e+00,0.000000000000000000e+00,-8.930168820996636780e-02,1.997034204155205550e-02,0.000000000000000000e+00
2.073942640321004394e+00,3.560368549526320869e+00,0.000000000000000000e+00,-1.119579109679817996e-01,4.269013138743561059e-02,0.000000000000000000e+00
1.852532068959203970e+00,3.404602446557071893e+00,0.000000000000000000e+00,-5.363203907889897010e-02,-3.848542311999638733e-03,0.000000000000000000e+00
1.940010488214386708e+00,3.504357186303202365e+00,0.000000000000000000e+00,-8.792178083924126475e-02,2.104500237934040993e-02,0.000000000000000000e+00
1.765053649704021010e+00,3.304847706810940977e+00,0.000000000000000000e+00,-4.323021226722156135e-02,-2.891704911092629962e-02,0.000000000000000000e+00
1.750000000000206724e+00,3.000000000000000444e+00,0.000000000000000000e+00,0.000000000000000000e+00,0.000000000000000000e+00,0.000000000000000000e+00
1.660304602629629311e+00,3.152423853405470933e+00,0.000000000000000000e+00,-5.474645199539839024e-02,-1.474765927002749319e-02,0.000000000000000000e+00
1.555555555555236946e+00,3.000000000000000000e+00,0.000000000000000000e+00,0.000000000000000000e+00,0.000000000000000000e+00,0.000000000000000000e+00
2.313677237774951934e+00,4.199882797792422906e+00,0.000000000000000000e+00,-6.645530873966107137e-03,2.337248124880101641e-01,0.000000000000000000e+00
2.332762929065136603e+00,4.071485143664570927e+00,0.000000000000000000e+00,-7.185623969797322319e-02,2.266664648182334096e-01,0.000000000000000000e+00
2.227970295512184951e+00,3.995113959645872903e+00,0.000000000000000000e+00,-5.837566665598852705e-02,1.861033051473119926e-01,0.000000000000000000e+00
2.216917924259751871e+00,4.122047156626558184e+00,0.000000000000000000e+00,-3.324413990254936058e-02,2.078115428555966926e-01,0.000000000000000000e+00
2.729588583070535091e+00,4.688507410299038725e+00,0.000000000000000000e+00,1.609652632686260632e-01,1.172005343106872211e-01,0.000000000000000000e+00
2.615444335638397622e+00,4.652535571537479875e+00,0.000000000000000000e+00,2.190628844068869263e-01,3.812464357140250837e-02,0.000000000000000000e+00
2.677983927252121088e+00,4.796391511824271703e+00,0.000000000000000000e+00,1.697231411988008032e-01,1.008828661800958565e-01,0.000000000000000000e+00
2.795744868449460796e+00,4.784820302125141644e+00,0.000000000000000000e+00,1.597687463641788985e-01,1.542163037692570182e-01,0.000000000000000000e+00
2.421050798343459487e+00,4.532387102834977810e+00,0.000000000000000000e+00,1.937435024281106422e-01,9.424990569343397184e-02,0.000000000000000000e+00
2.349816701976198630e+00,4.416906506688777156e+00,0.000000000000000000e+00,1.459723135877791789e-01,1.312664842530222031e-01,0.000000000000000000e+00
2.536697499193107497e+00,4.802457953568479709e+00,0.000000000000000000e+00,2.204303875114710098e-01,5.919538742121034647e-02,0.000000000000000000e+00
2.474157907579383586e+00,4.658602013281686993e+00,0.000000000000000000e+00,2.419603026177285510e-01,3.623644180344611637e-02,0.000000000000000000e+00
2.342303961898168918e+00,4.682309484865976756e+00,0.000000000000000000e+00,2.322363863906827530e-01,3.821862454178112656e-02,0.000000000000000000e+00
2.289196852662244375e+00,4.556094574419266685e+00,0.000000000000000000e+00,1.574635276153079910e-01,2.919740506496465784e-02,0.000000000000000000e+00
2.395411071134092573e+00,4.808524395312685051e+00,0.000000000000000000e+00,2.550313740502276882e-01,5.448117492665732059e-02,0.000000000000000000e+00
2.981694945437904032e+00,4.895160001218934909e+00,0.000000000000000000e+00,1.979295784941062786e-01,9.200806574691315631e-02,0.000000000000000000e+00
3.123340020603256662e+00,4.893253592979100119e+00,0.000000000000000000e+00,1.828810549816221875e-01,5.270308547868698956e-02,0.000000000000000000e+00
3.049884081229006227e+00,5.017070910011859119e+00,0.000000000000000000e+00,2.038576788117896776e-01,7.545695291522715176e-02,0.000000000000000000e+00
3.339091562545493552e+00,4.780999394261389313e+00,0.000000000000000000e+00,1.161462864019750379e-01,1.001365277319395640e-02,0.000000000000000000e+00
3.440693582556740182e+00,4.646281256288219197e+00,0.000000000000000000e+00,5.578899730510050031e-02,-2.542383654643945879e-03,0.000000000000000000e+00
3.481387165113480897e+00,4.792562512576438394e+00,0.000000000000000000e+00,9.848695968210792462e-02,3.100454295395981864e-03,0.000000000000000000e+00
3.599999999999999645e+00,4.500000000000000000e+00,0.000000000000000000e+00,0.000000000000000000e+00,0.000000000000000000e+00,0.000000000000000000e+00
3.640693582556740360e+00,4.646281256288219197e+00,0.000000000000000000e+00,4.522110167600790903e-02,-2.239485486834149209e-03,0.000000000000000000e+00
3.799999999999999822e+00,4.500000000000000888e+00,0.000000000000000000e+00,0.000000000000000000e+00,0.000000000000000000e+00,0.000000000000000000e+00
2.732029065056686967e+00,4.919410672536962181e+00,0.000000000000000000e+00,1.761900526962667801e-01,1.318084291208809489e-01,0.000000000000000000e+00
2.849790006254026231e+00,4.907839462837831235e+00,0.000000000000000000e+00,1.870424334533897504e-01,1.220186401201315274e-01,0.000000000000000000e+00
2.917979142045129315e+00,5.029750371630755446e+00,0.000000000000000000e+00,2.093862061951524134e-01,9.392462244363848634e-02,0.000000000000000000e+00
2.786074202861251958e+00,5.042429833249651772e+00,0.000000000000000000e+00,2.075450263562859388e-01,1.149423727467113743e-01,0.000000000000000000e+00
3.191739670938050111e+00,5.025421191341409966e+00,0.000000000000000000e+00,1.943314841739348375e-01,5.149384673083375746e-02,0.000000000000000000e+00
3.265195610312300101e+00,4.901603874308650077e+00,0.000000000000000000e+00,1.549791932410651274e-01,2.275015821687764728e-02,0.000000000000000000e+00
3.407491212880287001e+00,4.913166992623699159e+00,0.000000000000000000e+00,1.393629219601792146e-01,1.919223221309642249e-02,0.000000000000000000e+00
3.333595260647093106e+00,5.033771472670959923e+00,0.000000000000000000e+00,1.770186492175288284e-01,3.250819474137790766e-02,0.000000000000000000e+00
2.100785238444355052e+00,3.677730258964548860e+00,0.000000000000000000e+00,-1.034386466403148380e-01,6.592332693737561200e-02,0.000000000000000000e+00
2.116359175612853250e+00,3.803630683922422762e+00,0.000000000000000000e+00,-7.983693746656081447e-02,9.208078005606933070e-02,0.000000000000000000e+00
1.993695684461088247e+00,3.739080605179658789e+00,0.000000000000000000e+00,-7.463743164480558800e-02,3.092055665092431627e-02,0.000000000000000000e+00
1.966853086337737366e+00,3.621718895741430355e+00,0.000000000000000000e+00,-9.254728429187332461e-02,2.471494458692607976e-02,0.000000000000000000e+00
2.119511333382309459e+00,3.934090381332594255e+00,0.000000000000000000e+00,-3.993034063128257649e-02,1.110174709044711577e-01,0.000000000000000000e+00
2.108458962129875935e+00,4.061023578313279536e+00,0.000000000000000000e+00,-1.429164032766848565e-02,1.263477822746245649e-01,0.000000000000000000e+00
1.996847842230544012e+00,3.869540302589828951e+00,0.000000000000000000e+00,-5.488757412428554167e-02,1.522382286044616020e-02,0.000000000000000000e+00
2.000000000000000444e+00,4.000000000000000888e+00,0.000000000000000000e+00,0.000000000000000000e+00,0.000000000000000000e+00,0.000000000000000000e+00
2.200114094951090671e+00,4.231609595313690519e+00,0.000000000000000000e+00,-7.389063191562003641e-03,2.018282639151358637e-01,0.000000000000000000e+00
2.296873408466290734e+00,4.309445236479554353e+00,0.000000000000000000e+00,3.199977418329849610e-02,1.987401327310774068e-01,0.000000000000000000e+00
2.236253559152337367e+00,4.448633304210044770e+00,0.000000000000000000e+00,8.869181867137494735e-02,1.217576656359582038e-01,0.000000000000000000e+00
2.183310265642429471e+00,4.341172034000821967e+00,0.000000000000000000e+00,1.057183807751508817e-02,1.825974176548122163e-01,0.000000000000000000e+00
2.250043504282517759e+00,1.778155479749875978e+00,0.000000000000000000e+00,1.137753403912370675e+00,1.172861071560677565e-01,0.000000000000000000e+00
2.354480166926387508e+00,1.647884427566637111e+00,0.000000000000000000e+00,1.187007429313864826e+00,9.827333102867109524e-03,0.000000000000000000e+00
2.160556450398726014e+00,1.639302886403227744e+00,0.000000000000000000e+00,1.206276624765547423e+00,2.102176923052764268e-01,0.000000000000000000e+00
2.139881351185784375e+00,1.920482560271621342e+00,0.000000000000000000e+00,9.728223268070426144e-01,9.157900668685890755e-02,0.000000000000000000e+00
2.035489200031452839e+00,2.053900517380802260e+00,0.000000000000000000e+00,7.497818014206919512e-01,3.661069090605400395e-02,0.000000000000000000e+00
2.050394297301992630e+00,1.781629966924973552e+00,0.000000000000000000e+00,1.057119573591700057e+00,1.552074644024954986e-01,0.000000000000000000e+00
1.940232144205258802e+00,1.923957047446718693e+00,0.000000000000000000e+00,8.820083289796414316e-01,7.664991309665533659e-02,0.000000000000000000e+00
2.453852474550958007e+00,1.501325607902505688e+00,0.000000000000000000e+00,1.162705969206990764e+00,-7.903146985519966805e-02,0.000000000000000000e+00
2.542228716665030142e+00,1.342058997287492339e+00,0.000000000000000000e+00,1.129597682046228124e+00,-1.389948921035055185e-01,0.000000000000000000e+00
2.259928758023296513e+00,1.492744066739096542e+00,0.000000000000000000e+00,1.207331669938467966e+00,6.590014336516464288e-02,0.000000000000000000e+00
2.359301065647867013e+00,1.346185247074964897e+00,0.000000000000000000e+00,1.181034036477435212e+00,-8.384422614188445644e-02,0.000000000000000000e+00
2.718956854450989891e+00,1.017902700375421521e+00,0.000000000000000000e+00,9.166262895213374007e-01,-1.812450486322117471e-01,0.000000000000000000e+00
2.630855433134485999e+00,1.179041985591624542e+00,0.000000000000000000e+00,1.024131689640570331e+00,-1.840765917368968330e-01,0.000000000000000000e+00
2.447927782117323314e+00,1.183168235379097100e+00,0.000000000000000000e+00,1.079816916091053347e+00,-1.704503527174876520e-01,0.000000000000000000e+00
2.536554498586779616e+00,1.020151223683229302e+00,0.000000000000000000e+00,9.618727753487300580e-01,-2.540008758798221189e-01,0.000000000000000000e+00
1.935157610018536145e+00,2.184583096570531957e+00,0.000000000000000000e+00,5.630501189022057984e-01,3.447963330479775212e-02,0.000000000000000000e+00
1.842006704312107335e+00,2.342661102913088378e+00,0.000000000000000000e+00,3.579452512407217402e-01,-1.425783029220316703e-02,0.000000000000000000e+00
1.839900554192341886e+00,2.054639626636447947e+00,0.000000000000000000e+00,7.284997073154277913e-01,2.129655230356134604e-02,0.000000000000000000e+00
1.739568964179425192e+00,2.185322205826177644e+00,0.000000000000000000e+00,5.528803067159924201e-01,-7.832458450512350123e-02,0.000000000000000000e+00
1.749999999999824141e+00,2.500000000000000000e+00,0.000000000000000000e+00,0.000000000000000000e+00,0.000000000000000000e+00,0.000000000000000000e+00
1.647562259867141332e+00,2.342661102913088378e+00,0.000000000000000000e+00,4.001742241673638678e-01,-1.723577421942511928e-02,0.000000000000000000e+00
1.555555555554858138e+00,2.500000000000000444e+00,0.000000000000000000e+00,0.000000000000000000e+00,0.000000000000000000e+00,0.000000000000000000e+00
2.890205068390305776e+00,6.976614759121402276e-01,0.000000000000000000e+00,3.871889398278742234e-01,-1.087487039428885749e-01,0.000000000000000000e+00
2.800790086039723903e+00,8.522788155384102282e-01,0.000000000000000000e+00,6.665052190033602386e-01,-1.606054093797308346e-01,0.000000000000000000e+00
2.618387730175513184e+00,8.545273388462177877e-01,0.000000000000000000e+00,6.969358154906105662e-01,-2.722620214546509487e-01,0.000000000000000000e+00
2.700220961764246752e+00,6.889034540092064951e-01,0.000000000000000000e+00,3.400351041564151355e-01,-2.366070560661167332e-01,0.000000000000000000e+00
3.829838570681086907e+00,3.409583116798224900e-01,0.000000000000000000e+00,1.464049175013675264e-01,3.874083828721249650e-02,0.000000000000000000e+00
3.730098126207426645e+00,5.070953297177784869e-01,0.000000000000000000e+00,2.360059193361107033e-01,5.242826797068857875e-02,0.000000000000000000e+00
3.541446929836636670e+00,5.212632285537573962e-01,0.000000000000000000e+00,2.900492503456009730e-01,3.674185439682660370e-02,0.000000000000000000e+00
3.637847744301273778e+00,3.421986947134145751e-01,0.000000000000000000e+00,1.648471837623593783e-01,8.302186397456936748e-03,0.000000000000000000e+00
3.350563537360561561e+00,5.299576563403438634e-01,0.000000000000000000e+00,2.973293039378708813e-01,1.737667049827112953e-02,0.000000000000000000e+00
3.168135067182744180e+00,5.330035240508306238e-01,0.000000000000000000e+00,3.203543297822738500e-01,-2.967470639691879505e-02,0.000000000000000000e+00
3.446964351825198669e+00,3.508931225000010423e-01,0.000000000000000000e+00,1.776940173467361772e-01,2.298809925179015959e-02,0.000000000000000000e+00
3.256080959349123560e+00,3.595875502865875095e-01,0.000000000000000000e+00,1.854620649254362375e-01,-2.328905464960983121e-02,0.000000000000000000e+00
3.060193645478563429e+00,3.499050274728897625e-01,0.000000000000000000e+00,1.514709914726191653e-01,-2.466849687372814695e-02,0.000000000000000000e+00
2.972247753312183605e+00,5.233210012371329878e-01,0.000000000000000000e+00,2.792068062726996702e-01,-7.698240603255340764e-02,0.000000000000000000e+00
2.782263646686125025e+00,5.145629793341992553e-01,0.000000000000000000e+00,2.473913080633999007e-01,-1.466344015930516054e-01,0.000000000000000000e+00
2.864306331608002854e+00,3.402225046591920155e-01,0.000000000000000000e+00,9.701078059007013643e-02,-8.488860273384793431e-02,0.000000000000000000e+00
4.416666666672504959e+00,0.000000000000000000e+00,0.000000000000000000e+00,0.000000000000000000e+00,0.000000000000000000e+00,0.000000000000000000e+00
4.681059288906333826e+00,1.256395906230641513e-01,0.000000000000000000e+00,2.619010490055989344e-04,7.437193567171459900e-03,0.000000000000000000e+00
4.515739121357255748e+00,1.765261068926579635e-01,0.000000000000000000e+00,1.433042812780541998e-02,1.947497093128350287e-02,0.000000000000000000e+00
4.122025809645452732e+00,1.698589643231152024e-01,0.000000000000000000e+00,6.007364018739771300e-02,1.722021849039412703e-02,0.000000000000000000e+00
4.321294676914757105e+00,1.765261068926579635e-01,0.000000000000000000e+00,3.602550418619751560e-02,1.868474492518226379e-02,0.000000000000000000e+00
4.611111111115003602e+00,-5.413126660430650266e-18,0.000000000000000000e+00,0.000000000000000000e+00,0.000000000000000000e+00,0.000000000000000000e+00
4.222222222230005428e+00,7.318298983073916439e-18,0.000000000000000000e+00,0.000000000000000000e+00,0.000000000000000000e+00,0.000000000000000000e+00
4.027777777786438307e+00,0.000000000000000000e+00,0.000000000000000000e+00,0.000000000000000000e+00,0.000000000000000000e+00,0.000000000000000000e+00
3.927581365201885166e+00,1.698589643231152024e-01,0.000000000000000000e+00,7.625666191523323978e-02,1.615580542420150256e-02,0.000000000000000000e+00
3.735590538822071593e+00,1.710993473567072876e-01,0.000000000000000000e+00,9.009351616974323185e-02,6.746035643633989907e-03,0.000000000000000000e+00
3.833333333342869853e+00,7.371740342083331167e-18,0.000000000000000000e+00,0.000000000000000000e+00,0.000000000000000000e+00,0.000000000000000000e+00
5.000000000000000000e+00,1.785714285712402261e-01,0.000000000000000000e+00,0.000000000000000000e+00,0.000000000000000000e+00,0.000000000000000000e+00
5.000000000000000000e+00,5.413126660430650266e-18,0.000000000000000000e+00,0.000000000000000000e+00,0.000000000000000000e+00,0.000000000000000000e+00
4.875503733348832469e+00,1.256395906230641513e-01,0.000000000000000000e+00,-3.017048047750184921e-03,7.597610129486101829e-03,0.000000000000000000e+00
4.805555555557502245e+00,0.000000000000000000e+00,0.000000000000000000e+00,0.000000000000000000e+00,0.000000000000000000e+00,0.000000000000000000e+00
1.811202320774194519e+00,3.552873238207420403e+00,0.000000000000000000e+00,-7.637246625390103905e-02,1.408076716461974763e-02,0.000000000000000000e+00
1.723723901519011559e+00,3.453118498461289487e+00,0.000000000000000000e+00,-2.870990195268805639e-02,-1.521287221020908333e-02,0.000000000000000000e+00
1.682394153334001885e+00,3.601389290111637553e+00,0.000000000000000000e+00,-4.782846376382037662e-02,2.685853230666847627e-02,0.000000000000000000e+00
1.838044918897545177e+00,3.670234947645647949e+00,0.000000000000000000e+00,-6.578904314607984805e-02,2.533392299068138245e-02,0.000000000000000000e+00
1.481488737980615866e+00,3.155025049407421456e+00,0.000000000000000000e+00,-6.731905948149273511e-02,-2.604046089556283708e-02,0.000000000000000000e+00
1.586237785055008231e+00,3.307448902812892388e+00,0.000000000000000000e+00,-4.785383219419411110e-02,-3.867666470363365777e-02,0.000000000000000000e+00
1.544908036869998558e+00,3.455719694463240454e+00,0.000000000000000000e+00,1.261748599541179065e-02,-5.513145367734351154e-02,0.000000000000000000e+00
1.407421920405994786e+00,3.310050098814842467e+00,0.000000000000000000e+00,-7.640936551693940093e-02,-8.261510338841716872e-02,0.000000000000000000e+00
1.361111111110677285e+00,3.000000000000000444e+00,0.000000000000000000e+00,0.000000000000000000e+00,0.000000000000000000e+00,0.000000000000000000e+00
1.287044293536055983e+00,3.155025049407421456e+00,0.000000000000000000e+00,-1.078701098483137583e-01,-2.869311371569538069e-02,0.000000000000000000e+00
1.166666666666116958e+00,3.000000000000000000e+00,0.000000000000000000e+00,0.000000000000000000e+00,0.000000000000000000e+00,0.000000000000000000e+00
2.000000000000000000e+00,4.125000000000000000e+00,0.000000000000000000e+00,0.000000000000000000e+00,0.000000000000000000e+00,0.000000000000000000e+00
2.091655132821214735e+00,4.295586017000411871e+00,0.000000000000000000e+00,-6.038877229965114012e-04,1.187096502472926168e-01,0.000000000000000000e+00
2.108458962129875935e+00,4.186023578313279536e+00,0.000000000000000000e+00,-1.030498480099234331e-02,1.382428686937466344e-01,0.000000000000000000e+00
2.000000000000000000e+00,4.250000000000000000e+00,0.000000000000000000e+00,0.000000000000000000e+00,0.000000000000000000e+00,0.000000000000000000e+00
2.603336106851125820e+00,4.951319018025758467e+00,0.000000000000000000e+00,1.924456303050607886e-01,1.103130717401162170e-01,0.000000000000000000e+00
2.657381244655691255e+00,5.074338178738448946e+00,0.000000000000000000e+00,1.947373202947345616e-01,1.147954992399992380e-01,0.000000000000000000e+00
2.462049678792111784e+00,4.957385459769965586e+00,0.000000000000000000e+00,2.215692543364518041e-01,7.738291340504879767e-02,0.000000000000000000e+00
2.528688286450129663e+00,5.106246524227244343e+00,0.000000000000000000e+00,1.892164063590164313e-01,1.047265791141319680e-01,0.000000000000000000e+00
2.253094976827824780e+00,4.799514912214609907e+00,0.000000000000000000e+00,2.961854332910623389e-01,7.291377034368891341e-02,0.000000000000000000e+00
2.199987867591900681e+00,4.673300001767900724e+00,0.000000000000000000e+00,2.625998277989607388e-01,4.461208586694277722e-02,0.000000000000000000e+00
2.110778882521556099e+00,4.790505429116533875e+00,0.000000000000000000e+00,3.463210722509773576e-01,8.416291330445585528e-02,0.000000000000000000e+00
2.091655132821214735e+00,4.420586017000411871e+00,0.000000000000000000e+00,3.435879503996461075e-03,1.050994165845899053e-01,0.000000000000000000e+00
2.144598426331122187e+00,4.528047287209633787e+00,0.000000000000000000e+00,6.776281830373158399e-02,7.444563912325140309e-02,0.000000000000000000e+00
2.055389441260778050e+00,4.645252714558266938e+00,0.000000000000000000e+00,2.457586999609435441e-01,4.865476671711004703e-02,0.000000000000000000e+00
2.000000000000000000e+00,4.500000000000000000e+00,0.000000000000000000e+00,0.000000000000000000e+00,0.000000000000000000e+00,0.000000000000000000e+00
2.385574617846683232e+00,5.098288857800423735e+00,0.000000000000000000e+00,2.138312685207393316e-01,9.858953578195957246e-02,0.000000000000000000e+00
2.318936010188664465e+00,4.949427793343144089e+00,0.000000000000000000e+00,2.505307033434175379e-01,9.122367319005851571e-02,0.000000000000000000e+00
2.176619915882396228e+00,4.940418310245068056e+00,0.000000000000000000e+00,2.856808286643379158e-01,1.172147537468636730e-01,0.000000000000000000e+00
2.242460949243235913e+00,5.090331191373602238e+00,0.000000000000000000e+00,2.342476455392766277e-01,1.250658114810834221e-01,0.000000000000000000e+00
3.115157342816873509e+00,5.147379004274545089e+00,0.000000000000000000e+00,2.042118840731209639e-01,6.503249368414266984e-02,0.000000000000000000e+00
3.257012932525917392e+00,5.155729285604095935e+00,0.000000000000000000e+00,1.942160957649148867e-01,5.003047669145722909e-02,0.000000000000000000e+00
2.862913993322167006e+00,5.141114321675051002e+00,0.000000000000000000e+00,2.048147692622722116e-01,9.544542814080453352e-02,0.000000000000000000e+00
2.994818932506043918e+00,5.128434860056154676e+00,0.000000000000000000e+00,2.059077408481822524e-01,8.076094466760591617e-02,0.000000000000000000e+00
3.060092194093911644e+00,5.258742954318840646e+00,0.000000000000000000e+00,2.033581614556779493e-01,6.629882400324185743e-02,0.000000000000000000e+00
2.939753783783081609e+00,5.239798810100450233e+00,0.000000000000000000e+00,2.009073538647904722e-01,7.977947357946621465e-02,0.000000000000000000e+00
3.180430604404741235e+00,5.277687098537231947e+00,0.000000000000000000e+00,2.013459574480468972e-01,5.876701487976820210e-02,0.000000000000000000e+00
3.615898552675095967e+00,4.817525336336341724e+00,0.000000000000000000e+00,9.032321966951546710e-02,4.638647055999379695e-03,0.000000000000000000e+00
3.775204970118354986e+00,4.671244080048122527e+00,0.000000000000000000e+00,4.357993372288461453e-02,-1.367804161615900592e-03,0.000000000000000000e+00
3.551317291226711248e+00,4.921801939962998418e+00,0.000000000000000000e+00,1.197365893905083106e-01,1.263763602816909103e-02,0.000000000000000000e+00
3.477421338993517352e+00,5.042406420010258294e+00,0.000000000000000000e+00,1.570557378845246765e-01,3.015645256509793051e-02,0.000000000000000000e+00
3.685828678788326762e+00,4.946764763722900859e+00,0.000000000000000000e+00,1.065891093875674933e-01,1.377144070110756201e-02,0.000000000000000000e+00
3.750409940236711037e+00,4.842488160096244165e+00,0.000000000000000000e+00,8.146625172305071994e-02,5.184722762633695893e-03,0.000000000000000000e+00
3.621247417339941155e+00,5.051041367349556666e+00,0.000000000000000000e+00,1.335559123189076214e-01,2.582554753280274715e-02,0.000000000000000000e+00
3.999999999999999556e+00,4.500000000000000000e+00,0.000000000000000000e+00,0.000000000000000000e+00,0.000000000000000000e+00,0.000000000000000000e+00
3.877857701589324968e+00,4.837945579345479530e+00,0.000000000000000000e+00,6.764207476014799658e-02,4.119533578749788420e-03,0.000000000000000000e+00
3.902652731470968916e+00,4.666701499297357003e+00,0.000000000000000000e+00,3.538599385397856595e-02,-2.611934840360179665e-03,0.000000000000000000e+00
4.102652731470969094e+00,4.666701499297357891e+00,0.000000000000000000e+00,2.533575747802929712e-02,-2.757429510390956105e-03,0.000000000000000000e+00
4.200000000000000178e+00,4.500000000000000888e+00,0.000000000000000000e+00,0.000000000000000000e+00,0.000000000000000000e+00,0.000000000000000000e+00
4.005305462941938899e+00,4.833402998594715783e+00,0.000000000000000000e+00,5.397347615700279905e-02,2.797421170883388625e-03,0.000000000000000000e+00
2.604977423862268715e+00,5.233375651913744875e+00,0.000000000000000000e+00,1.789310801673187068e-01,9.915118407771604525e-02,0.000000000000000000e+00
2.733670382067829863e+00,5.201467306424948589e+00,0.000000000000000000e+00,1.888790582955542086e-01,9.740794429218073425e-02,0.000000000000000000e+00
2.810510172528744466e+00,5.300151794850348708e+00,0.000000000000000000e+00,1.865166127100588989e-01,7.914272882742698356e-02,0.000000000000000000e+00
2.681266561274406879e+00,5.360504779600245406e+00,0.000000000000000000e+00,1.731520439294599589e-01,8.304821272385971842e-02,0.000000000000000000e+00
3.325934956420359967e+00,5.283398919463495602e+00,0.000000000000000000e+00,1.920900389615793069e-01,5.294734626607135869e-02,0.000000000000000000e+00
3.402517284541535680e+00,5.161441106530360479e+00,0.000000000000000000e+00,1.768178359900751673e-01,4.278785942339424081e-02,0.000000000000000000e+00
3.546343362887959927e+00,5.170076053869658850e+00,0.000000000000000000e+00,1.566959685202079511e-01,4.311936577623744909e-02,0.000000000000000000e+00
3.471439308435978255e+00,5.289110740389761034e+00,0.000000000000000000e+00,1.760709170052927874e-01,5.531553177248113573e-02,0.000000000000000000e+00
1.800000000000000266e+00,4.000000000000000000e+00,0.000000000000000000e+00,0.000000000000000000e+00,0.000000000000000000e+00,0.000000000000000000e+00
1.796847842230544279e+00,3.869540302589829395e+00,0.000000000000000000e+00,-5.984608940176781161e-02,1.074233401663154258e-02,0.000000000000000000e+00
1.641197076667001209e+00,3.800694645055818999e+00,0.000000000000000000e+00,-7.037137400418398692e-02,9.809208528859598292e-03,0.000000000000000000e+00
1.600000000000000311e+00,4.000000000000000888e+00,0.000000000000000000e+00,0.000000000000000000e+00,0.000000000000000000e+00,0.000000000000000000e+00
2.000000000000000000e+00,4.375000000000000000e+00,0.000000000000000000e+00,0.000000000000000000e+00,0.000000000000000000e+00,0.000000000000000000e+00
1.868208746788859509e+00,1.770669729547881932e+00,0.000000000000000000e+00,9.320038191970332342e-01,2.314012236744562578e-01,0.000000000000000000e+00
1.978370899885593115e+00,1.628342649026136346e+00,0.000000000000000000e+00,1.093892134428637863e+00,2.855804390540457871e-01,0.000000000000000000e+00
2.080281412036018907e+00,1.493706028193435564e+00,0.000000000000000000e+00,1.272836946337486452e+00,3.199061459980093169e-01,0.000000000000000000e+00
2.179653719660589406e+00,1.347147208529303919e+00,0.000000000000000000e+00,1.291070416642788654e+00,1.008160957372204319e-01,0.000000000000000000e+00
1.898095861522886008e+00,1.482745790816343945e+00,0.000000000000000000e+00,1.135180490403754128e+00,4.665115153890779243e-01,0.000000000000000000e+00
1.796185349372459994e+00,1.617382411649044949e+00,0.000000000000000000e+00,9.369269722524738997e-01,4.125638155950851482e-01,0.000000000000000000e+00
2.000006373673311799e+00,1.348109169983642941e+00,0.000000000000000000e+00,1.308038679411726912e+00,5.026180455822779614e-01,0.000000000000000000e+00
1.759591757120677169e+00,1.905861623150955975e+00,0.000000000000000000e+00,7.469656705987361978e-01,1.337951364928654796e-01,0.000000000000000000e+00
1.659260167107760031e+00,2.036544202340685228e+00,0.000000000000000000e+00,5.857191312760692270e-01,-3.828236624882556949e-02,0.000000000000000000e+00
1.687568359704277654e+00,1.752574305252119213e+00,0.000000000000000000e+00,7.827913914155173458e-01,2.620126624067278254e-01,0.000000000000000000e+00
1.578951370036095314e+00,1.887766198855193256e+00,0.000000000000000000e+00,5.924633537438684927e-01,3.944649285106736902e-02,0.000000000000000000e+00
2.353108126002368294e+00,1.025435797628975632e+00,0.000000000000000000e+00,1.049325509785403954e+00,-2.223223851162741960e-01,0.000000000000000000e+00
2.264481409532912437e+00,1.188452809324843429e+00,0.000000000000000000e+00,1.153386804301709700e+00,-1.284133421718516299e-01,0.000000000000000000e+00
2.084834063545634386e+00,1.189414770779182451e+00,0.000000000000000000e+00,1.261886353285408324e+00,2.370093382817653194e-01,0.000000000000000000e+00
2.169661753417957417e+00,1.030720371574722183e+00,0.000000000000000000e+00,1.139060485495758668e+00,-1.367701329130781851e-01,0.000000000000000000e+00
2.524877126710144637e+00,7.028934537847131292e-01,0.000000000000000000e+00,3.418833886666707289e-01,-2.941073540289472210e-01,0.000000000000000000e+00
2.443043895121410625e+00,8.685173386217243108e-01,0.000000000000000000e+00,7.266674719971217833e-01,-3.099486639418657652e-01,0.000000000000000000e+00
2.259597522536999747e+00,8.738019125674708620e-01,0.000000000000000000e+00,8.282777862395064306e-01,-2.625376350370320355e-01,0.000000000000000000e+00
2.349533291656042522e+00,7.168834535602196523e-01,0.000000000000000000e+00,3.658941456690315008e-01,-3.606630957749594191e-01,0.000000000000000000e+00
1.547675422148004021e+00,2.178326457272384609e+00,0.000000000000000000e+00,5.652769894147550156e-01,5.579210494777969709e-02,0.000000000000000000e+00
1.455668717835720383e+00,2.335665354359296231e+00,0.000000000000000000e+00,3.897551013625862870e-01,8.396791021894617346e-02,0.000000000000000000e+00
1.467366625076339082e+00,2.029548453786892637e+00,0.000000000000000000e+00,5.595155960189839295e-01,2.182930000889447275e-01,0.000000000000000000e+00
1.355781880116583293e+00,2.171330708718592462e+00,0.000000000000000000e+00,4.716970928779674610e-01,3.469599868265061393e-01,0.000000000000000000e+00
1.361111111110508975e+00,2.500000000000000000e+00,0.000000000000000000e+00,0.000000000000000000e+00,0.000000000000000000e+00,0.000000000000000000e+00
1.261224273391371664e+00,2.335665354359296231e+00,0.000000000000000000e+00,2.111953819982539671e-01,1.329980337926790768e-01,0.000000000000000000e+00
1.166666666666160257e+00,2.500000000000000444e+00,0.000000000000000000e+00,0.000000000000000000e+00,0.000000000000000000e+00,0.000000000000000000e+00
2.567888903339063944e+00,5.299431910644044619e-01,0.000000000000000000e+00,1.635613789616017499e-01,-2.537901553121558740e-01,0.000000000000000000e+00
2.649931588260941773e+00,3.556027163893972221e-01,0.000000000000000000e+00,2.374843473714853114e-03,-1.155204522168671588e-01,0.000000000000000000e+00
2.392545068284961829e+00,5.439331908399109849e-01,0.000000000000000000e+00,1.156227903700426246e-01,-3.366364667591097981e-01,0.000000000000000000e+00
2.435556844913880692e+00,3.709829281196023731e-01,0.000000000000000000e+00,-1.480625840221683753e-01,-2.183528495029578576e-01,0.000000000000000000e+00
3.638888888897491292e+00,0.000000000000000000e+00,0.000000000000000000e+00,0.000000000000000000e+00,0.000000000000000000e+00,0.000000000000000000e+00
3.541146094376693476e+00,1.710993473567073153e-01,0.000000000000000000e+00,8.593151445798681565e-02,6.853872581672211702e-03,0.000000000000000000e+00
3.350262701900617923e+00,1.797937751432937548e-01,0.000000000000000000e+00,9.326023837585632748e-02,-1.445323326416724473e-03,0.000000000000000000e+00
3.444444444452111842e+00,7.746335950166446649e-18,0.000000000000000000e+00,0.000000000000000000e+00,0.000000000000000000e+00,0.000000000000000000e+00
3.250000000005914380e+00,0.000000000000000000e+00,0.000000000000000000e+00,0.000000000000000000e+00,0.000000000000000000e+00,0.000000000000000000e+00
3.155818257454420017e+00,1.797937751432937548e-01,0.000000000000000000e+00,7.038478140268221439e-02,-4.879352407274601192e-03,0.000000000000000000e+00
2.959930943583859442e+00,1.701112523295960077e-01,0.000000000000000000e+00,3.990537367197899421e-02,-1.737704978346828535e-02,0.000000000000000000e+00
3.055555555559716030e+00,7.329168701187574142e-18,0.000000000000000000e+00,0.000000000000000000e+00,0.000000000000000000e+00,0.000000000000000000e+00
2.861111111114752248e+00,0.000000000000000000e+00,0.000000000000000000e+00,0.000000000000000000e+00,0.000000000000000000e+00,0.000000000000000000e+00
2.765486499138895216e+00,1.701112523295960355e-01,0.000000000000000000e+00,-2.169401534832485212e-02,-2.588912412109811365e-02,0.000000000000000000e+00
2.551111755791834135e+00,1.854914640598011866e-01,0.000000000000000000e+00,-1.047663101993430296e-01,-5.435546191116112646e-02,0.000000000000000000e+00
2.666666666669787134e+00,7.991818378307411238e-18,0.000000000000000000e+00,0.000000000000000000e+00,0.000000000000000000e+00,0.000000000000000000e+00
1.511208616951390526e+00,3.632566968711517408e+00,0.000000000000000000e+00,-2.491380887692185367e-02,-3.837687019949211770e-02,0.000000000000000000e+00
1.373722500487386977e+00,3.486897373063119865e+00,0.000000000000000000e+00,5.104107653531841926e-02,-7.392065058368224584e-02,0.000000000000000000e+00
1.470011540284389628e+00,3.831872323655698409e+00,0.000000000000000000e+00,-3.847748725805016923e-02,9.660343054898287360e-03,0.000000000000000000e+00
1.340023080568779168e+00,3.663744647311397706e+00,0.000000000000000000e+00,3.898336583012632084e-02,1.364051382967744301e-02,0.000000000000000000e+00
1.195540375800774768e+00,3.334967292225448521e+00,0.000000000000000000e+00,-8.015666776961291595e-02,-4.008760718551612756e-02,0.000000000000000000e+00
1.075162748930835743e+00,3.179942242818027065e+00,0.000000000000000000e+00,-1.273757726701742754e-01,-6.581314738226721507e-03,0.000000000000000000e+00
1.161840955882166959e+00,3.511814566473725918e+00,0.000000000000000000e+00,1.369411234008392486e-01,-2.588898564178799058e-02,0.000000000000000000e+00
9.836588311955547503e-01,3.359884485636054130e+00,0.000000000000000000e+00,-6.208480520287998350e-02,3.851364599878195211e-03,0.000000000000000000e+00
9.722222222217644649e-01,3.000000000000000444e+00,0.000000000000000000e+00,0.000000000000000000e+00,0.000000000000000000e+00,0.000000000000000000e+00
8.807183044864833610e-01,3.179942242818027509e+00,0.000000000000000000e+00,-1.194117157545228347e-01,3.450640602437929881e-03,0.000000000000000000e+00
7.777777777774117496e-01,3.000000000000000000e+00,0.000000000000000000e+00,0.000000000000000000e+00,0.000000000000000000e+00,0.000000000000000000e+00
2.439288000578001547e+00,5.241691965895962646e+00,0.000000000000000000e+00,1.735625668607570782e-01,1.042254124891583839e-01,0.000000000000000000e+00
2.515577137990139711e+00,5.368821093582463178e+00,0.000000000000000000e+00,1.555462043173233555e-01,8.604264536624739446e-02,0.000000000000000000e+00
2.296174331974554672e+00,5.233734299469141149e+00,0.000000000000000000e+00,1.824556363445408724e-01,1.159967678496687665e-01,0.000000000000000000e+00
2.349887714705873432e+00,5.377137407564680949e+00,0.000000000000000000e+00,1.380953441316642438e-01,9.913805581672817391e-02,0.000000000000000000e+00
1.955389441260514616e+00,4.785981842673466602e+00,0.000000000000000000e+00,4.122332209606316966e-01,1.034636409679348806e-01,0.000000000000000000e+00
1.899999999999736566e+00,4.640729128115198776e+00,0.000000000000000000e+00,3.169055362013255550e-01,1.872064434036409958e-02,0.000000000000000000e+00
2.088645752182011428e+00,5.081976503799186418e+00,0.000000000000000000e+00,2.624976993332258091e-01,1.597266792617908771e-01,0.000000000000000000e+00
2.022804718821171299e+00,4.932063622670651348e+00,0.000000000000000000e+00,3.336706037079951725e-01,1.365615436636376800e-01,0.000000000000000000e+00
1.867415277560130260e+00,4.927540036227584075e+00,0.000000000000000000e+00,3.914648715091543218e-01,1.708738035062890015e-01,0.000000000000000000e+00
1.799999999999473133e+00,4.781458256230399329e+00,0.000000000000000000e+00,5.114315906231713393e-01,8.035101619939387374e-02,0.000000000000000000e+00
1.934830555120786943e+00,5.073621816224768821e+00,0.000000000000000000e+00,3.045459146369342562e-01,1.873081743401504851e-01,0.000000000000000000e+00
1.799999999999473577e+00,4.500000000000000000e+00,0.000000000000000000e+00,0.000000000000000000e+00,0.000000000000000000e+00,0.000000000000000000e+00
1.699999999999210143e+00,4.640729128115199664e+00,0.000000000000000000e+00,3.816889153860697492e-01,2.462899185536639515e-02,0.000000000000000000e+00
1.599999999998946931e+00,4.500000000000000000e+00,0.000000000000000000e+00,0.000000000000000000e+00,0.000000000000000000e+00,0.000000000000000000e+00
2.159768440214770102e+00,5.201907322656172283e+00,0.000000000000000000e+00,1.956770316527640108e-01,1.503651633133577525e-01,0.000000000000000000e+00
2.213481822946088418e+00,5.345310430751711195e+00,0.000000000000000000e+00,1.371284705079691413e-01,1.212091910412297774e-01,0.000000000000000000e+00
2.005953243153545174e+00,5.193552635081754687e+00,0.000000000000000000e+00,2.165731736471753766e-01,1.941684572573730561e-01,0.000000000000000000e+00
2.077075931186303848e+00,5.313483453938740553e+00,0.000000000000000000e+00,1.375808660697121488e-01,1.728747100606580489e-01,0.000000000000000000e+00
2.970433626464545007e+00,5.370550119601860573e+00,0.000000000000000000e+00,1.883784931852751920e-01,6.436067616467359975e-02,0.000000000000000000e+00
3.090772036775374154e+00,5.389494263820250097e+00,0.000000000000000000e+00,1.885254338651121409e-01,5.716220722675484367e-02,0.000000000000000000e+00
3.001113469146007962e+00,5.501301429103270024e+00,0.000000000000000000e+00,1.712014969032689404e-01,5.208221580605201795e-02,0.000000000000000000e+00
2.841190015210207864e+00,5.430903104351758159e+00,0.000000000000000000e+00,1.746957166727831356e-01,6.346368513855502047e-02,0.000000000000000000e+00
3.239115053509729059e+00,5.398896007746023074e+00,0.000000000000000000e+00,1.885654142153252721e-01,5.325199116733025234e-02,0.000000000000000000e+00
3.384619405525347346e+00,5.404607828672288505e+00,0.000000000000000000e+00,1.841506692474191853e-01,5.713640161385582367e-02,0.000000000000000000e+00
3.149456485880362422e+00,5.510703173029043000e+00,0.000000000000000000e+00,1.767250164190119766e-01,4.691520501114525288e-02,0.000000000000000000e+00
3.297799502614716438e+00,5.520104916954815977e+00,0.000000000000000000e+00,1.805614409276773691e-01,4.681968905736132169e-02,0.000000000000000000e+00
3.801687660352276232e+00,4.946569398443289245e+00,0.000000000000000000e+00,9.173914002826769054e-02,1.278440870559760696e-02,0.000000000000000000e+00
3.737106398903891069e+00,5.050846002069945051e+00,0.000000000000000000e+00,1.161650395419285692e-01,2.281119551681713709e-02,0.000000000000000000e+00
3.852965380467840539e+00,5.050650636790332548e+00,0.000000000000000000e+00,9.925794608934292163e-02,2.311909034934933257e-02,0.000000000000000000e+00
3.929135421704889275e+00,4.942026817692523721e+00,0.000000000000000000e+00,7.434754799060877550e-02,1.164292558053093944e-02,0.000000000000000000e+00
3.621343766851545798e+00,5.293926625961294263e+00,0.000000000000000000e+00,1.540482435252364390e-01,5.609916051057106667e-02,0.000000000000000000e+00
3.696247821303527470e+00,5.174891939441192079e+00,0.000000000000000000e+00,1.319743554490213910e-01,3.866717377954863311e-02,0.000000000000000000e+00
3.812106802867476496e+00,5.174696574161579576e+00,0.000000000000000000e+00,1.111346328265592764e-01,3.714329096086926157e-02,0.000000000000000000e+00
3.771248225267112897e+00,5.298742511532826605e+00,0.000000000000000000e+00,1.258271222992286553e-01,5.652875420654575322e-02,0.000000000000000000e+00
4.191887839685506378e+00,4.837590491345077126e+00,0.000000000000000000e+00,3.960184215407796388e-02,-1.520900854288677502e-03,0.000000000000000000e+00
4.289235108214537462e+00,4.670888992047720123e+00,0.000000000000000000e+00,1.890207395129267151e-02,-4.976797695139651388e-03,0.000000000000000000e+00
4.378470216429075634e+00,4.841777984095440246e+00,0.000000000000000000e+00,2.808500963657065835e-02,-6.570000079364669669e-03,0.000000000000000000e+00
4.400000000000000355e+00,4.500000000000000000e+00,0.000000000000000000e+00,0.000000000000000000e+00,0.000000000000000000e+00,0.000000000000000000e+00
4.489235108214537640e+00,4.670888992047720123e+00,0.000000000000000000e+00,1.441957694004944099e-02,-5.105135723371807994e-03,0.000000000000000000e+00
4.600000000000000533e+00,4.500000000000000888e+00,0.000000000000000000e+00,0.000000000000000000e+00,0.000000000000000000e+00,0.000000000000000000e+00
3.974247502837991775e+00,5.108001206258453664e+00,0.000000000000000000e+00,8.277045807065483429e-02,2.923479782743937383e-02,0.000000000000000000e+00
4.050417544075040510e+00,4.999377387160644837e+00,0.000000000000000000e+00,6.330648482913271702e-02,1.003453957632339903e-02,0.000000000000000000e+00
4.236999920818608878e+00,5.003564879911007068e+00,0.000000000000000000e+00,4.664884321472136802e-02,2.803155529796248421e-03,0.000000000000000000e+00
4.095529625208141233e+00,5.165351775726573891e+00,0.000000000000000000e+00,6.712318209582868178e-02,1.793637144656011831e-02,0.000000000000000000e+00
2.590977123653016356e+00,5.525705465625955881e+00,0.000000000000000000e+00,1.305199541680885922e-01,6.228451612079882738e-02,0.000000000000000000e+00
2.425287700368749633e+00,5.534021779608172764e+00,0.000000000000000000e+00,1.169759600834342356e-01,6.934723209045727532e-02,0.000000000000000000e+00
2.752014984467021641e+00,5.541943959017396892e+00,0.000000000000000000e+00,1.432847057063632024e-01,5.307733509993457777e-02,0.000000000000000000e+00
2.911938438402822626e+00,5.612342283768910534e+00,0.000000000000000000e+00,1.365374888124855357e-01,3.969624855729266683e-02,0.000000000000000000e+00
2.661725546845631563e+00,5.707144645043106479e+00,0.000000000000000000e+00,9.306475102621680762e-02,3.134210441911630673e-02,0.000000000000000000e+00
2.500687686031625390e+00,5.690906151651663691e+00,0.000000000000000000e+00,8.364085442348466459e-02,4.843071509771405825e-02,0.000000000000000000e+00
2.822763407659636403e+00,5.723383138434548378e+00,0.000000000000000000e+00,1.008617187029996060e-01,3.046085930712334744e-02,0.000000000000000000e+00
3.461951689654393149e+00,5.545234203083391655e+00,0.000000000000000000e+00,1.710302246986654118e-01,7.150525307180861934e-02,0.000000000000000000e+00
3.548771592565023170e+00,5.429737114800863296e+00,0.000000000000000000e+00,1.656435244068728274e-01,7.273886870945425742e-02,0.000000000000000000e+00
3.698676050980591157e+00,5.434553000372396525e+00,0.000000000000000000e+00,1.341091886173701175e-01,7.956178930118189274e-02,0.000000000000000000e+00
3.626103876694068529e+00,5.570363489211966446e+00,0.000000000000000000e+00,1.444658639191979677e-01,1.021706730324111051e-01,0.000000000000000000e+00
1.400000000001387246e+00,4.000000000000000000e+00,0.000000000000000000e+00,0.000000000000000000e+00,0.000000000000000000e+00,0.000000000000000000e+00
1.270011540285776563e+00,3.831872323655698853e+00,0.000000000000000000e+00,-3.317824401440316179e-02,1.767352508930724805e-02,0.000000000000000000e+00
1.200000000002774181e+00,4.000000000000000888e+00,0.000000000000000000e+00,0.000000000000000000e+00,0.000000000000000000e+00,0.000000000000000000e+00
1.724007730061828614e+00,1.478359280789294239e+00,0.000000000000000000e+00,1.003845426641230443e+00,6.146399685378575173e-01,0.000000000000000000e+00
1.825918242212254405e+00,1.343722659956593013e+00,0.000000000000000000e+00,1.198309326756303417e+00,6.287457113442121992e-01,0.000000000000000000e+00
1.651830110751197012e+00,1.339336149929543085e+00,0.000000000000000000e+00,1.031573716285178133e+00,8.165925925824429887e-01,0.000000000000000000e+00
1.621010736379373984e+00,1.607154936094732367e+00,0.000000000000000000e+00,6.968873187937117963e-01,4.464293858184328334e-01,0.000000000000000000e+00
1.512393746711191422e+00,1.742346829697806410e+00,0.000000000000000000e+00,5.336646605172309377e-01,1.868288308687142130e-01,0.000000000000000000e+00
1.548833117068742382e+00,1.468131805234981435e+00,0.000000000000000000e+00,7.960791715280832737e-01,6.016664842181440598e-01,0.000000000000000000e+00
1.445836123386287753e+00,1.596927460540419785e+00,0.000000000000000000e+00,4.690669537249765875e-01,2.799835325827797483e-01,0.000000000000000000e+00
1.990896572966630806e+00,1.041463527899556096e+00,0.000000000000000000e+00,1.388241786736412076e+00,3.444097958467230991e-01,0.000000000000000000e+00
1.906068883094308219e+00,1.200157927104016586e+00,0.000000000000000000e+00,1.393874361748373980e+00,6.562872023986802139e-01,0.000000000000000000e+00
1.731980751633250826e+00,1.195771417076966658e+00,0.000000000000000000e+00,1.253436554407413972e+00,8.462765689287919946e-01,0.000000000000000000e+00
1.812131392515304196e+00,1.052206684224390232e+00,0.000000000000000000e+00,1.444683029633632598e+00,8.628610881522779108e-01,0.000000000000000000e+00
1.372878609253721738e+00,1.867601654702430114e+00,0.000000000000000000e+00,5.878218198936160377e-01,4.210405430269059668e-01,0.000000000000000000e+00
1.261293864293965505e+00,2.009383909634129495e+00,0.000000000000000000e+00,5.162145993399552824e-01,5.590476304785416684e-01,0.000000000000000000e+00
1.306320985928818068e+00,1.722182285545043490e+00,0.000000000000000000e+00,5.482373001267442092e-01,4.547732288218240271e-01,0.000000000000000000e+00
1.166805848471348162e+00,1.847437110549667194e+00,0.000000000000000000e+00,6.432792138679461758e-01,5.566852488627523909e-01,0.000000000000000000e+00
2.162127306514630920e+00,7.466798534049291503e-01,0.000000000000000000e+00,4.693558757338303633e-01,-1.606494843220733493e-01,0.000000000000000000e+00
2.072191537395588146e+00,9.035983124121802490e-01,0.000000000000000000e+00,8.921756733935455319e-01,-4.306212773060837801e-02,0.000000000000000000e+00
1.893426356944261535e+00,9.143414687370142735e-01,0.000000000000000000e+00,1.099542877549965381e+00,5.701434896828555532e-01,0.000000000000000000e+00
1.974721321373219318e+00,7.764762532496386482e-01,0.000000000000000000e+00,5.347159041776539112e-01,1.325149523543704966e-01,0.000000000000000000e+00
2.282813762835036009e+00,4.643171757810897748e-01,0.000000000000000000e+00,-1.297310075544114150e-01,-1.918465339331103803e-01,0.000000000000000000e+00
2.239801986206116702e+00,6.372674385013983311e-01,0.000000000000000000e+00,2.011420172240860060e-01,-2.854730027580191787e-01,0.000000000000000000e+00
2.052396001064705100e+00,6.670638383461078291e-01,0.000000000000000000e+00,3.075163641838761786e-01,-1.122828057334071712e-02,0.000000000000000000e+00
2.130070680756190882e+00,5.576514234425771210e-01,0.000000000000000000e+00,-6.614287313906928867e-02,-1.456452244501725835e-01,0.000000000000000000e+00
1.166810490652617105e+00,2.177338808080182986e+00,0.000000000000000000e+00,1.764425284310856823e-01,3.263666250401139890e-01,0.000000000000000000e+00
1.072252883927405476e+00,2.341673453720886755e+00,0.000000000000000000e+00,6.683653612673889390e-03,4.116919916395825330e-02,0.000000000000000000e+00
1.072322474829999539e+00,2.015392008995720907e+00,0.000000000000000000e+00,3.856442169250669516e-01,4.030622260229373421e-01,0.000000000000000000e+00
9.778391011886509165e-01,2.183346907441774398e+00,0.000000000000000000e+00,-8.727004282778469402e-02,1.041316789577342306e-01,0.000000000000000000e+00
9.722222222218104282e-01,2.500000000000000000e+00,0.000000000000000000e+00,0.000000000000000000e+00,0.000000000000000000e+00,0.000000000000000000e+00
8.778084394830556469e-01,2.341673453720886755e+00,0.000000000000000000e+00,-6.790025614592566650e-02,2.963063017100799404e-02,0.000000000000000000e+00
7.777777777774607104e-01,2.500000000000000444e+00,0.000000000000000000e+00,0.000000000000000000e+00,0.000000000000000000e+00,0.000000000000000000e+00
2.472222222224822907e+00,0.000000000000000000e+00,0.000000000000000000e+00,0.000000000000000000e+00,0.000000000000000000e+00,0.000000000000000000e+00
2.356667311346869464e+00,1.854914640598011866e-01,0.000000000000000000e+00,-2.310510831513439001e-01,-5.163096812676135072e-02,0.000000000000000000e+00
2.085357199687414287e+00,4.202429380649934654e-01,0.000000000000000000e+00,-3.251962135885068661e-01,-3.714137773678016785e-02,0.000000000000000000e+00
2.238100281766259414e+00,3.269086904035061192e-01,0.000000000000000000e+00,-3.343908209429514722e-01,-8.643179928133595813e-02,0.000000000000000000e+00
2.159210748199248187e+00,1.414172263437049049e-01,0.000000000000000000e+00,-2.739002958596582493e-01,6.739024775858725932e-03,0.000000000000000000e+00
2.277777777779857793e+00,6.092899175880768022e-18,0.000000000000000000e+00,0.000000000000000000e+00,0.000000000000000000e+00,0.000000000000000000e+00
2.040643718618638136e+00,2.828344526874098097e-01,0.000000000000000000e+00,-4.234263278613181747e-01,2.553159662704192895e-02,0.000000000000000000e+00
9.847513742560356498e-01,3.550257269616821532e+00,0.000000000000000000e+00,1.930438954526309259e-01,5.229060547095430375e-03,0.000000000000000000e+00
1.162933498942647859e+00,3.702187350454492876e+00,0.000000000000000000e+00,4.103531116465339301e-02,1.476049101042822310e-02,0.000000000000000000e+00
1.092921958659645254e+00,3.870315026798794467e+00,0.000000000000000000e+00,-4.212640811721830858e-02,2.506905372727125016e-03,0.000000000000000000e+00
9.858439173165164382e-01,3.740630053597588489e+00,0.000000000000000000e+00,6.015038679904417818e-03,6.043855909586013167e-03,0.000000000000000000e+00
6.630289348561990703e-01,3.148739156949484030e+00,0.000000000000000000e+00,-8.852138786370665480e-02,2.042316869222456435e-02,0.000000000000000000e+00
7.659694615652707927e-01,3.328681399767511540e+00,0.000000000000000000e+00,-5.956744448520431140e-02,3.465194522346438238e-02,0.000000000000000000e+00
5.769088833735664945e-01,3.488499724469731333e+00,0.000000000000000000e+00,8.343258881462477239e-02,6.850509602288472333e-02,0.000000000000000000e+00
7.945982530038506741e-01,3.519702810338275256e+00,0.000000000000000000e+00,1.568814027536091504e-01,2.950967970570531063e-02,0.000000000000000000e+00
7.956907960643314626e-01,3.710075594319041770e+00,0.000000000000000000e+00,4.214290846534091833e-02,-2.880260871817926817e-03,0.000000000000000000e+00
5.482800919349865021e-01,3.297478313898968505e+00,0.000000000000000000e+00,-3.780574219189545421e-02,7.110758505192080192e-02,0.000000000000000000e+00
6.055376748121464869e-01,3.679521135040495494e+00,0.000000000000000000e+00,5.150617779203219004e-02,-3.077230360018272382e-02,0.000000000000000000e+00
5.833333333330587012e-01,3.000000000000000444e+00,0.000000000000000000e+00,0.000000000000000000e+00,0.000000000000000000e+00,0.000000000000000000e+00
4.685844904118460219e-01,3.148739156949484475e+00,0.000000000000000000e+00,-4.150541314641927049e-02,1.744197959582816093e-02,0.000000000000000000e+00
3.888888888887053752e-01,3.000000000000000000e+00,0.000000000000000000e+00,0.000000000000000000e+00,0.000000000000000000e+00,0.000000000000000000e+00
2.223031886702717230e+00,5.512728113158944510e+00,0.000000000000000000e+00,9.399756991541406703e-02,8.732076956635279052e-02,0.000000000000000000e+00
2.298431872365593431e+00,5.669612485202435437e+00,0.000000000000000000e+00,6.686264639400976706e-02,4.840275994091801370e-02,0.000000000000000000e+00
2.086625994942932216e+00,5.480901136345973867e+00,0.000000000000000000e+00,7.495188053854148769e-02,1.359197975957878168e-01,0.000000000000000000e+00
2.096176058699561473e+00,5.648318818753208070e+00,0.000000000000000000e+00,4.247473599670691796e-02,8.195015228811181052e-02,0.000000000000000000e+00
1.701403189351718748e+00,4.922623427835498333e+00,0.000000000000000000e+00,5.090501213648260803e-01,2.193862772806259853e-01,0.000000000000000000e+00
1.768818466912375653e+00,5.068705207832683968e+00,0.000000000000000000e+00,3.662411154751435971e-01,2.860948166971399864e-01,0.000000000000000000e+00
1.602806378703964141e+00,5.063788599440599114e+00,0.000000000000000000e+00,4.660146301107281896e-01,3.336672744959573444e-01,0.000000000000000000e+00
1.520432308993960424e+00,4.641346707450043851e+00,0.000000000000000000e+00,5.320721902442133722e-01,5.029503479417303524e-02,0.000000000000000000e+00
1.620432308994223414e+00,4.782075835565243516e+00,0.000000000000000000e+00,6.687904876311178137e-01,1.562686421013608773e-01,0.000000000000000000e+00
1.521835498346468807e+00,4.923241007170343408e+00,0.000000000000000000e+00,6.441180193566223844e-01,2.842308707767181586e-01,0.000000000000000000e+00
1.440864617988973695e+00,4.782693414900087703e+00,0.000000000000000000e+00,8.377500225573167869e-01,1.494074853572428252e-01,0.000000000000000000e+00
1.919550154674184217e+00,5.345745744858096060e+00,0.000000000000000000e+00,9.934510147464052643e-02,2.248915305341452897e-01,0.000000000000000000e+00
1.848427466641425987e+00,5.225814926001110194e+00,0.000000000000000000e+00,2.180427752926562546e-01,2.531969872532893739e-01,0.000000000000000000e+00
1.682415378433014697e+00,5.220898317609025341e+00,0.000000000000000000e+00,2.347237065953473034e-01,3.754508819342378678e-01,0.000000000000000000e+00
1.762024378162065030e+00,5.378008035777450679e+00,0.000000000000000000e+00,4.572564263355387293e-02,2.881566072436545500e-01,0.000000000000000000e+00
1.399999999998420730e+00,4.500000000000000000e+00,0.000000000000000000e+00,0.000000000000000000e+00,0.000000000000000000e+00,0.000000000000000000e+00
1.320432308993434001e+00,4.641346707450043851e+00,0.000000000000000000e+00,6.261590201815225853e-01,4.218009851211975553e-02,0.000000000000000000e+00
1.199999999997894085e+00,4.500000000000000000e+00,0.000000000000000000e+00,0.000000000000000000e+00,0.000000000000000000e+00,0.000000000000000000e+00
1.929100218430813252e+00,5.513163427265329375e+00,0.000000000000000000e+00,2.537860004265050234e-02,1.742906711680614895e-01,0.000000000000000000e+00
3.062228631641255028e+00,5.602258917867818155e+00,0.000000000000000000e+00,1.510145441601494498e-01,3.906957887516732814e-02,0.000000000000000000e+00
3.210571648375609044e+00,5.611660661793591132e+00,0.000000000000000000e+00,1.572474311669508906e-01,3.755406118327446474e-02,0.000000000000000000e+00
2.973053600898069249e+00,5.713299772533457777e+00,0.000000000000000000e+00,1.146117814825236558e-01,2.526804890465279146e-02,0.000000000000000000e+00
3.123343794136501650e+00,5.703216406632365398e+00,0.000000000000000000e+00,1.308351780655704344e-01,2.619000470375986919e-02,0.000000000000000000e+00
3.340865491382782437e+00,5.645698732812006071e+00,0.000000000000000000e+00,1.519487969918248138e-01,4.126311050425664206e-02,0.000000000000000000e+00
3.505017678422458260e+00,5.670828018940581750e+00,0.000000000000000000e+00,1.512589647686460037e-01,8.389857039099671288e-02,0.000000000000000000e+00
3.253637637143675043e+00,5.737254477650781226e+00,0.000000000000000000e+00,1.290846993938996878e-01,2.986927026205948507e-02,0.000000000000000000e+00
3.383931480150847548e+00,5.771292548669195277e+00,0.000000000000000000e+00,1.290014961983226849e-01,3.280993775575636456e-02,0.000000000000000000e+00
3.933388925237627731e+00,5.232047143629700692e+00,0.000000000000000000e+00,8.917832204727399459e-02,4.608612193184371403e-02,0.000000000000000000e+00
3.797016069401423888e+00,5.534844298879413316e+00,0.000000000000000000e+00,9.668723386356836702e-02,1.105498498447645001e-01,0.000000000000000000e+00
3.869588243687946516e+00,5.399033810039843395e+00,0.000000000000000000e+00,9.138749954231838168e-02,7.822242334063672642e-02,0.000000000000000000e+00
4.031728943658460018e+00,5.332338442136716594e+00,0.000000000000000000e+00,7.201291816913404920e-02,3.958059394187646990e-02,0.000000000000000000e+00
3.967928262108778359e+00,5.499325108546858409e+00,0.000000000000000000e+00,6.909198369585471677e-02,6.542058296030314746e-02,0.000000000000000000e+00
4.550629954158793566e+00,4.805817823042071169e+00,0.000000000000000000e+00,1.900119288564824233e-02,-6.112649015359345253e-03,0.000000000000000000e+00
4.661394845944256460e+00,4.634928830994351046e+00,0.000000000000000000e+00,8.644419702772233177e-03,-4.577962954036835300e-03,0.000000000000000000e+00
4.255310761739114156e+00,5.170862543523035981e+00,0.000000000000000000e+00,4.459255382037731474e-02,1.476872291289985269e-02,0.000000000000000000e+00
4.396781057349580912e+00,5.009075647707469159e+00,0.000000000000000000e+00,3.185505652695434786e-02,-3.043521177818701590e-03,0.000000000000000000e+00
4.701552249566606889e+00,4.914416895658257900e+00,0.000000000000000000e+00,1.404054529922400991e-02,-7.707419065483243036e-03,0.000000000000000000e+00
4.529392511836888957e+00,4.950377056711626977e+00,0.000000000000000000e+00,2.227061752367367684e-02,-5.110707853381453968e-03,0.000000000000000000e+00
4.547703352757394235e+00,5.117674720323655890e+00,0.000000000000000000e+00,2.444354327380937608e-02,-2.269735298859702766e-03,0.000000000000000000e+00
4.722789691888511499e+00,4.769857661988701203e+00,0.000000000000000000e+00,1.196623274394918897e-02,-7.411346275573950024e-03,0.000000000000000000e+00
4.415091898270086190e+00,5.176373311319497184e+00,0.000000000000000000e+00,3.131304337252580061e-02,-1.780228990873197097e-03,0.000000000000000000e+00
4.680314807244702280e+00,5.058976129327814597e+00,0.000000000000000000e+00,1.598554087851898273e-02,-7.130333563557566916e-03,0.000000000000000000e+00
4.800000000000000711e+00,4.500000000000000000e+00,0.000000000000000000e+00,0.000000000000000000e+00,0.000000000000000000e+00,0.000000000000000000e+00
5.000000000000000888e+00,4.500000000000000888e+00,0.000000000000000000e+00,0.000000000000000000e+00,0.000000000000000000e+00,0.000000000000000000e+00
4.861394845944255749e+00,4.634928830994351046e+00,0.000000000000000000e+00,5.777640675667559782e-03,-4.304732722606625060e-03,0.000000000000000000e+00
4.357221550817779843e+00,5.315653552281368377e+00,0.000000000000000000e+00,3.919220643030053852e-02,6.905313676683854512e-03,0.000000000000000000e+00
4.197440414286807808e+00,5.310142784484907175e+00,0.000000000000000000e+00,4.809842587078516640e-02,2.720047706964101933e-02,0.000000000000000000e+00
4.133639732737125705e+00,5.477129450895048990e+00,0.000000000000000000e+00,4.328036232700752800e-02,4.940473349833725270e-02,0.000000000000000000e+00
4.299351203365471719e+00,5.454933793243238682e+00,0.000000000000000000e+00,3.134380403186048242e-02,1.179661435928738324e-02,0.000000000000000000e+00
2.772492814941119654e+00,5.861691569217274633e+00,0.000000000000000000e+00,4.497364849056516983e-02,1.176923724854567546e-02,0.000000000000000000e+00
2.611454954127113925e+00,5.845453075825831846e+00,0.000000000000000000e+00,4.109337501065943310e-02,1.615798081936432526e-02,0.000000000000000000e+00
2.722222222222602017e+00,6.000000000000000000e+00,0.000000000000000000e+00,0.000000000000000000e+00,0.000000000000000000e+00,0.000000000000000000e+00
2.527777777778252855e+00,6.000000000000000888e+00,0.000000000000000000e+00,0.000000000000000000e+00,0.000000000000000000e+00,0.000000000000000000e+00
2.214754696016731916e+00,5.824159409376603591e+00,0.000000000000000000e+00,3.879154471614768181e-03,2.588999528098880065e-02,0.000000000000000000e+00
2.417010509682764319e+00,5.845453075825831846e+00,0.000000000000000000e+00,1.968890281717753862e-02,1.801209367132306297e-02,0.000000000000000000e+00
2.333333333333903248e+00,6.000000000000000888e+00,0.000000000000000000e+00,0.000000000000000000e+00,0.000000000000000000e+00,0.000000000000000000e+00
2.916666666666951624e+00,6.000000000000000888e+00,0.000000000000000000e+00,0.000000000000000000e+00,0.000000000000000000e+00,0.000000000000000000e+00
3.117227452623901662e+00,5.851608203316183143e+00,0.000000000000000000e+00,6.576923100089400454e-02,9.075189332631010408e-03,0.000000000000000000e+00
2.966937259385468817e+00,5.861691569217274633e+00,0.000000000000000000e+00,5.674429688739795336e-02,1.082150252330810365e-02,0.000000000000000000e+00
3.111111111111300787e+00,6.000000000000000000e+00,0.000000000000000000e+00,0.000000000000000000e+00,0.000000000000000000e+00,0.000000000000000000e+00
3.503463629505857213e+00,5.794403285136656478e+00,0.000000000000000000e+00,1.349658728005824204e-01,8.537056434261995619e-02,0.000000000000000000e+00
3.624549827777467481e+00,5.693938755408042951e+00,0.000000000000000000e+00,1.283230541132969749e-01,1.301551912727320903e-01,0.000000000000000000e+00
3.750551938347034486e+00,5.676928569132932978e+00,0.000000000000000000e+00,9.299160079509609378e-02,1.514061732416821515e-01,0.000000000000000000e+00
3.921464131054388957e+00,5.641409378800378960e+00,0.000000000000000000e+00,4.529178840048778132e-02,1.060569009590043299e-01,0.000000000000000000e+00
3.748997889430432995e+00,5.800503835329007707e+00,0.000000000000000000e+00,5.781655163344160547e-02,1.872356362281761277e-01,0.000000000000000000e+00
3.622995778860865546e+00,5.817514021604116792e+00,0.000000000000000000e+00,9.707853504578783932e-02,1.666291356846635041e-01,0.000000000000000000e+00
3.874999999999999556e+00,5.783493649053896846e+00,0.000000000000000000e+00,2.343596956014556282e-02,1.628380746745635155e-01,0.000000000000000000e+00
1.000000000003051337e+00,4.000000000000000000e+00,0.000000000000000000e+00,0.000000000000000000e+00,0.000000000000000000e+00,0.000000000000000000e+00
8.929219586599226322e-01,3.870315026798794467e+00,0.000000000000000000e+00,-4.077341572204439685e-02,5.521366269310737547e-03,0.000000000000000000e+00
8.000000000033288261e-01,4.000000000000000888e+00,0.000000000000000000e+00,0.000000000000000000e+00,0.000000000000000000e+00,0.000000000000000000e+00
1.382037349600204967e+00,1.470194097216339646e+00,0.000000000000000000e+00,4.968968246116607923e-01,3.301489674938101193e-01,0.000000000000000000e+00
1.485034343282659375e+00,1.341398441910901074e+00,0.000000000000000000e+00,7.168209065427719739e-01,7.375729989469679282e-01,0.000000000000000000e+00
1.646217892701134611e+00,1.057582432247746063e+00,0.000000000000000000e+00,1.307986113355379398e+00,1.058004672065818719e+00,0.000000000000000000e+00
1.566067251819081241e+00,1.201147165100322489e+00,0.000000000000000000e+00,1.121353451434786486e+00,1.025455703773680005e+00,0.000000000000000000e+00
1.399271484350543604e+00,1.203209457081680700e+00,0.000000000000000000e+00,8.403001050803891037e-01,9.172084973927258078e-01,0.000000000000000000e+00
1.318238575814121960e+00,1.343460733892259062e+00,0.000000000000000000e+00,3.897524200603731948e-01,3.984700193043300143e-01,0.000000000000000000e+00
1.480304392886965248e+00,1.062958180271102115e+00,0.000000000000000000e+00,1.148971514160089580e+00,1.251588922089422073e+00,0.000000000000000000e+00
1.304420804629395914e+00,1.571554809453618029e+00,0.000000000000000000e+00,4.957971612779306647e-01,3.507705329634177582e-01,0.000000000000000000e+00
1.164905667171926007e+00,1.696809634458241511e+00,0.000000000000000000e+00,6.775271248488403675e-01,3.247259431102999527e-01,0.000000000000000000e+00
1.240622030843312906e+00,1.444821446129537446e+00,0.000000000000000000e+00,4.855529989239209532e-01,2.615902895445832987e-01,0.000000000000000000e+00
1.163005485872503852e+00,1.546182158366815829e+00,0.000000000000000000e+00,5.931871635800023412e-01,1.132286437819656905e-01,0.000000000000000000e+00
1.786344505294487295e+00,7.634970310238691216e-01,0.000000000000000000e+00,6.609555180089563553e-01,8.547990296619863981e-01,0.000000000000000000e+00
1.705049540865529512e+00,9.013622465112447468e-01,0.000000000000000000e+00,1.117625643468128649e+00,1.127274051702175539e+00,0.000000000000000000e+00
1.539136041051360149e+00,9.067379945346007997e-01,0.000000000000000000e+00,9.566447712365243605e-01,1.261069554600746656e+00,0.000000000000000000e+00
1.597967689215755049e+00,7.505178087980995949e-01,0.000000000000000000e+00,6.808406325462023068e-01,1.292259179521267454e+00,0.000000000000000000e+00
9.953046016660490602e-01,1.885538480682205531e+00,0.000000000000000000e+00,5.651404034630844730e-01,3.087815101965257214e-01,0.000000000000000000e+00
9.008212280247005488e-01,2.053493379128259022e+00,0.000000000000000000e+00,1.976183002193957206e-01,2.830899682306132342e-02,0.000000000000000000e+00
8.349073539669493726e-01,1.774042727201019520e+00,0.000000000000000000e+00,8.550467357146382952e-01,2.964435622962361457e-03,0.000000000000000000e+00
1.006408600772248363e+00,1.735941357068481183e+00,0.000000000000000000e+00,9.433244859165520468e-01,3.073996415562090245e-01,0.000000000000000000e+00
1.004508419472826430e+00,1.585313880977055501e+00,0.000000000000000000e+00,8.954573659853132250e-01,5.473924090414971494e-02,0.000000000000000000e+00
8.238033548607500700e-01,1.923639850814743868e+00,0.000000000000000000e+00,4.012637251471251054e-01,-4.488783359485396668e-02,0.000000000000000000e+00
8.460113530731486753e-01,1.624445603587294951e+00,0.000000000000000000e+00,1.146850115177389329e+00,9.574302908150372424e-03,0.000000000000000000e+00
1.976582507170334679e+00,5.375481653209372990e-01,0.000000000000000000e+00,-1.471555645847737182e-01,1.339174036340030904e-01,0.000000000000000000e+00
1.898907827478848453e+00,6.469605802244680071e-01,0.000000000000000000e+00,2.269361001930227939e-01,3.189831292127518481e-01,0.000000000000000000e+00
1.710531011400116430e+00,6.339813579986984804e-01,0.000000000000000000e+00,3.744165518069934584e-01,9.837270917543480264e-01,0.000000000000000000e+00
1.823094333584477811e+00,5.174449071992973659e-01,0.000000000000000000e+00,-1.590803610858013417e-01,4.163298375456191414e-01,0.000000000000000000e+00
1.931869026101558084e+00,4.001396799433535878e-01,0.000000000000000000e+00,-3.617710118281058373e-01,1.778164961166870395e-01,0.000000000000000000e+00
7.787664298274361574e-01,2.172373966378280841e+00,0.000000000000000000e+00,-8.416600597551010532e-02,1.159677579628617602e-02,0.000000000000000000e+00
6.787357681218408878e-01,2.330700512657393197e+00,0.000000000000000000e+00,-8.950669795044592647e-02,1.488491835904186440e-02,0.000000000000000000e+00
7.017485566634857896e-01,2.042520438064765465e+00,0.000000000000000000e+00,2.395675768048030063e-01,4.486853902083670631e-02,0.000000000000000000e+00
5.796937584662212872e-01,2.161401025314786839e+00,0.000000000000000000e+00,-1.232310543935153518e-01,8.739907103394892185e-02,0.000000000000000000e+00
5.833333333331112147e-01,2.500000000000000000e+00,0.000000000000000000e+00,0.000000000000000000e+00,0.000000000000000000e+00,0.000000000000000000e+00
4.842913236774916141e-01,2.330700512657393642e+00,0.000000000000000000e+00,-1.516610622669201935e-01,1.270321517684486548e-02,0.000000000000000000e+00
3.888888888887617745e-01,2.500000000000000444e+00,0.000000000000000000e+00,0.000000000000000000e+00,0.000000000000000000e+00,0.000000000000000000e+00
2.083333333334893567e+00,0.000000000000000000e+00,0.000000000000000000e+00,0.000000000000000000e+00,0.000000000000000000e+00,0.000000000000000000e+00
1.964766303754283738e+00,1.414172263437049326e-01,0.000000000000000000e+00,-2.862507299734569632e-01,1.851586007233190639e-02,0.000000000000000000e+00
1.888888888889928896e+00,5.449522544976205746e-18,0.000000000000000000e+00,0.000000000000000000e+00,0.000000000000000000e+00,0.000000000000000000e+00
1.753272147201735631e+00,3.852067988943694843e-01,0.000000000000000000e+00,-2.143233383187176655e-01,3.256594362477387428e-01,0.000000000000000000e+00
1.862046839718815683e+00,2.679015716384257062e-01,0.000000000000000000e+00,-3.530534596093597433e-01,1.229940702063626462e-01,0.000000000000000000e+00
1.786169424854461063e+00,1.264843452947208013e-01,0.000000000000000000e+00,-2.185777861807396139e-01,6.614112513074638100e-02,0.000000000000000000e+00
1.683449960818992786e+00,2.529686905894416027e-01,0.000000000000000000e+00,-2.248623533847108613e-01,2.506562810930063057e-01,0.000000000000000000e+00
7.027688374077375455e-01,3.839760567520247747e+00,0.000000000000000000e+00,-3.071950149675369002e-02,-1.558792230718659272e-02,0.000000000000000000e+00
4.455798378081336497e-01,3.591062507864901221e+00,0.000000000000000000e+00,1.626453502093305054e-02,1.420595010838579357e-02,0.000000000000000000e+00
4.169510463695537128e-01,3.400041097294137504e+00,0.000000000000000000e+00,4.126840746805324200e-02,4.319411063720159094e-02,0.000000000000000000e+00
2.856220008041208125e-01,3.502603880689305615e+00,0.000000000000000000e+00,2.259381613902962382e-02,-1.083901880726658752e-02,0.000000000000000000e+00
3.167235426071339233e-01,3.113341552792161071e+00,0.000000000000000000e+00,-2.622692374782700092e-02,8.542895150593868975e-03,0.000000000000000000e+00
3.964191441302745145e-01,3.262080709741645101e+00,0.000000000000000000e+00,-1.758449783141261338e-02,2.328045502957387311e-02,0.000000000000000000e+00
2.650900985648416697e-01,3.364643493136814101e+00,0.000000000000000000e+00,2.227205645727651021e-02,1.943203896913169373e-02,0.000000000000000000e+00
2.445581963255624713e-01,3.226683105584321698e+00,0.000000000000000000e+00,-1.272059139123289488e-02,2.776176809779644372e-02,0.000000000000000000e+00
6.000000000024966473e-01,4.000000000000000000e+00,0.000000000000000000e+00,0.000000000000000000e+00,0.000000000000000000e+00,0.000000000000000000e+00
2.690025380948045663e-01,3.636538761780395479e+00,0.000000000000000000e+00,7.250404167017261356e-03,-1.224957696453311817e-02,0.000000000000000000e+00
4.289603750988173481e-01,3.724997388955990196e+00,0.000000000000000000e+00,2.245520363454757765e-02,-7.966409499845430054e-04,0.000000000000000000e+00
5.027688374069054777e-01,3.839760567520247747e+00,0.000000000000000000e+00,-1.130382768382070038e-02,-7.669546072876239073e-03,0.000000000000000000e+00
3.261915376935763389e-01,3.885236821435742449e+00,0.000000000000000000e+00,-1.451108094022391867e-02,-4.881147193353486610e-03,0.000000000000000000e+00
4.000000000016644131e-01,4.000000000000000888e+00,0.000000000000000000e+00,0.000000000000000000e+00,0.000000000000000000e+00,0.000000000000000000e+00
2.523830753854883202e-01,3.770473642871484454e+00,0.000000000000000000e+00,4.934207679432588665e-03,-1.880813615084682422e-02,0.000000000000000000e+00
1.944444444443527431e-01,3.000000000000000444e+00,0.000000000000000000e+00,0.000000000000000000e+00,0.000000000000000000e+00,0.000000000000000000e+00
5.268341316585425769e-18,3.000000000000000000e+00,0.000000000000000000e+00,0.000000000000000000e+00,0.000000000000000000e+00,0.000000000000000000e+00
1.222790981627812495e-01,3.113341552792161071e+00,0.000000000000000000e+00,-3.524065131009181638e-03,6.889446849004666508e-03,0.000000000000000000e+00
2.138888888889346696e+00,6.000000000000000888e+00,0.000000000000000000e+00,0.000000000000000000e+00,0.000000000000000000e+00,0.000000000000000000e+00
2.020310251572175808e+00,5.824159409376604479e+00,0.000000000000000000e+00,-3.286207207810136477e-02,2.947471806219272364e-02,0.000000000000000000e+00
1.733916444352149089e+00,5.538113449351113715e+00,0.000000000000000000e+00,-7.496226862574698058e-02,2.159166656870372958e-01,0.000000000000000000e+00
1.900992284620897088e+00,5.673268840838992411e+00,0.000000000000000000e+00,-4.187654577374941289e-02,1.028832406389969395e-01,0.000000000000000000e+00
1.825126477493511423e+00,5.849109431462388820e+00,0.000000000000000000e+00,-8.287035261346464843e-02,4.263423062720251427e-02,0.000000000000000000e+00
1.944444444444790143e+00,6.000000000000000888e+00,0.000000000000000000e+00,0.000000000000000000e+00,0.000000000000000000e+00,0.000000000000000000e+00
1.705808510542232703e+00,5.698218862924776751e+00,0.000000000000000000e+00,-1.350618623157901488e-01,1.397655105252581798e-01,0.000000000000000000e+00
1.339803801340791356e+00,4.909565872499191741e+00,0.000000000000000000e+00,8.452570173436263490e-01,3.849345950976305608e-01,0.000000000000000000e+00
1.420774681698286468e+00,5.050113464769445670e+00,0.000000000000000000e+00,6.156873667646844961e-01,4.726143481745780917e-01,0.000000000000000000e+00
1.502112423854222056e+00,5.213535371881116376e+00,0.000000000000000000e+00,2.927650962214694563e-01,4.732686063306930091e-01,0.000000000000000000e+00
1.581721423583272834e+00,5.370645090049542603e+00,0.000000000000000000e+00,-3.543090530071029559e-02,4.088233511496029982e-01,0.000000000000000000e+00
1.320080726848544606e+00,5.199860237209964708e+00,0.000000000000000000e+00,3.826893656937991328e-01,6.312257744740837895e-01,0.000000000000000000e+00
1.238742984692609239e+00,5.036438330098294891e+00,0.000000000000000000e+00,7.907423987575559199e-01,5.419351115687696119e-01,0.000000000000000000e+00
1.401418469004480194e+00,5.363282144321634526e+00,0.000000000000000000e+00,-9.525571315639279335e-02,5.463340521233454039e-01,0.000000000000000000e+00
1.206367268725520248e+00,4.815864461735978708e+00,0.000000000000000000e+00,1.129573562887542737e+00,2.585974079908126000e-01,0.000000000000000000e+00
1.085934959729980331e+00,4.674517754285933968e+00,0.000000000000000000e+00,1.030910120678536268e+00,1.175079323345519233e-01,0.000000000000000000e+00
1.105306452077337909e+00,4.942736919335080970e+00,0.000000000000000000e+00,1.115258254832337315e+00,2.728683008577144076e-01,0.000000000000000000e+00
9.718699194620664672e-01,4.849035508571867048e+00,0.000000000000000000e+00,1.287895918720875388e+00,-3.500698134829302588e-02,0.000000000000000000e+00
1.553613489773356449e+00,5.530750503623205638e+00,0.000000000000000000e+00,-1.624254943950311780e-01,3.493384386884903492e-01,0.000000000000000000e+00
9.999999999979221066e-01,4.500000000000000000e+00,0.000000000000000000e+00,0.000000000000000000e+00,0.000000000000000000e+00,0.000000000000000000e+00
8.859349597300082424e-01,4.674517754285933968e+00,0.000000000000000000e+00,9.135884727292324925e-01,-3.675969817995473204e-02,0.000000000000000000e+00
7.999999999979499066e-01,4.500000000000000000e+00,0.000000000000000000e+00,0.000000000000000000e+00,0.000000000000000000e+00,0.000000000000000000e+00
3.247521295631074167e+00,5.885646274334598083e+00,0.000000000000000000e+00,5.571237922833074951e-02,9.925556093241206732e-03,0.000000000000000000e+00
3.305555555555650837e+00,6.000000000000000888e+00,0.000000000000000000e+00,0.000000000000000000e+00,0.000000000000000000e+00,0.000000000000000000e+00
3.441965740075423774e+00,5.885646274334598083e+00,0.000000000000000000e+00,7.203807171925603881e-02,1.208694138818838977e-02,0.000000000000000000e+00
3.561497889430432995e+00,5.908757010802059284e+00,0.000000000000000000e+00,9.544109304348159795e-02,1.330081920732770762e-01,0.000000000000000000e+00
3.500000000000000000e+00,6.000000000000000000e+00,0.000000000000000000e+00,0.000000000000000000e+00,0.000000000000000000e+00,0.000000000000000000e+00
4.067297464387722883e+00,5.623367182888198812e+00,0.000000000000000000e+00,2.414691719876159784e-02,6.575750744193653574e-02,0.000000000000000000e+00
4.020833333333333037e+00,5.765451453141718474e+00,0.000000000000000000e+00,-2.964954390683163885e-03,8.554179471034577265e-02,0.000000000000000000e+00
4.233008935016069785e+00,5.601171525236389392e+00,0.000000000000000000e+00,3.607394685559279363e-02,1.915610048066748727e-02,0.000000000000000000e+00
4.166666666666666075e+00,5.747409257229539215e+00,0.000000000000000000e+00,1.341580966867943550e-02,1.108587255333999370e-02,0.000000000000000000e+00
4.861394845944255749e+00,4.822428830999903049e+00,0.000000000000000000e+00,6.086093163468160767e-03,-3.644020812366420212e-03,0.000000000000000000e+00
4.840157403622351140e+00,4.966988064669458858e+00,0.000000000000000000e+00,7.400433451089950647e-03,-3.178500215514614737e-03,0.000000000000000000e+00
5.000000000000000888e+00,4.875000000011104895e+00,0.000000000000000000e+00,0.000000000000000000e+00,0.000000000000000000e+00,0.000000000000000000e+00
4.550639156752551706e+00,5.297457192124711334e+00,0.000000000000000000e+00,2.340943350930804745e-02,4.625938210509492011e-04,0.000000000000000000e+00
4.683250611239858863e+00,5.238758601128869152e+00,0.000000000000000000e+00,1.626050295190708747e-02,-4.275024618591872702e-03,0.000000000000000000e+00
4.686186415235017222e+00,5.418541072929925484e+00,0.000000000000000000e+00,1.489532070059476458e-02,-2.265222392944620314e-03,0.000000000000000000e+00
5.000000000000000000e+00,4.687500000005552891e+00,0.000000000000000000e+00,0.000000000000000000e+00,0.000000000000000000e+00,0.000000000000000000e+00
4.492768809300244470e+00,5.436737433086582527e+00,0.000000000000000000e+00,2.322382359216333680e-02,5.866535490796438192e-03,0.000000000000000000e+00
5.000000000000000000e+00,5.062500000016568968e+00,0.000000000000000000e+00,-1.231122246238478823e-01,-9.863413315268604320e-01,0.000000000000000000e+00
4.840157403622351140e+00,5.154488064674923820e+00,0.000000000000000000e+00,7.512114722465240702e-03,-1.594564603946793972e-03,0.000000000000000000e+00
4.843093207617508611e+00,5.334270536475978375e+00,0.000000000000000000e+00,7.329953012845625768e-03,2.457633407098332558e-04,0.000000000000000000e+00
5.000000000000000888e+00,5.250000000022033930e+00,0.000000000000000000e+00,0.000000000000000000e+00,0.000000000000000000e+00,0.000000000000000000e+00
4.587900140109612224e+00,5.567070776800804310e+00,0.000000000000000000e+00,2.306225002781534320e-02,4.604630249385302846e-04,0.000000000000000000e+00
4.394482534174839472e+00,5.585267136957462242e+00,0.000000000000000000e+00,2.775928188703209037e-02,8.335164048468525141e-03,0.000000000000000000e+00
4.328140265825435762e+00,5.731504868950612064e+00,0.000000000000000000e+00,2.085835038153113774e-02,1.206903487921920370e-02,0.000000000000000000e+00
4.489613864984205449e+00,5.715600480671683137e+00,0.000000000000000000e+00,2.085600433770453538e-02,8.841047220365687493e-05,0.000000000000000000e+00
3.812500000000000000e+00,5.891746824526949311e+00,0.000000000000000000e+00,7.133175596422546179e-03,2.150581286532656233e-01,0.000000000000000000e+00
3.686497889430432995e+00,5.908757010802059284e+00,0.000000000000000000e+00,6.122748198178793594e-02,2.216001865812863014e-01,0.000000000000000000e+00
3.750000000000000000e+00,6.000000000000000000e+00,0.000000000000000000e+00,2.229640073558362620e-02,2.653706401340744092e-01,0.000000000000000000e+00
3.625000000000000444e+00,6.000000000000000888e+00,0.000000000000000000e+00,4.212861335437741162e-02,2.031337700165193882e-01,0.000000000000000000e+00
3.875000000000000444e+00,6.000000000000000888e+00,0.000000000000000000e+00,-1.694759957106221557e-02,2.116216863927990743e-01,0.000000000000000000e+00
3.937500000000000000e+00,5.891746824526949311e+00,0.000000000000000000e+00,-2.879271393029337808e-02,1.318482317759229194e-01,0.000000000000000000e+00
4.083333333333333037e+00,5.873704628614769163e+00,0.000000000000000000e+00,2.588902965294808886e-02,7.350763283529996965e-03,0.000000000000000000e+00
4.000000000000000000e+00,6.000000000000000000e+00,0.000000000000000000e+00,0.000000000000000000e+00,0.000000000000000000e+00,0.000000000000000000e+00
1.317828053105202013e+00,1.069586487621061011e+00,0.000000000000000000e+00,1.073221517352388910e+00,6.995227858839875301e-01,0.000000000000000000e+00
1.236795144568780591e+00,1.209837764431639595e+00,0.000000000000000000e+00,6.200507317759319514e-01,1.438958826258235346e-01,0.000000000000000000e+00
1.155351713323439222e+00,1.076214794971020128e+00,0.000000000000000000e+00,7.406332472156068603e-01,1.021919195451354706e-02,0.000000000000000000e+00
1.081492906046611857e+00,1.444855938938732542e+00,0.000000000000000000e+00,5.556733815552751254e-01,-1.368556642055584471e-01,0.000000000000000000e+00
1.159109451017420689e+00,1.343495226701453937e+00,0.000000000000000000e+00,4.899825303187396730e-01,8.250711164218056670e-03,0.000000000000000000e+00
1.077666019772079320e+00,1.209872257240834692e+00,0.000000000000000000e+00,5.989178485907432625e-01,-1.716622731471260932e-01,0.000000000000000000e+00
9.999803262207193066e-01,1.343529719510649034e+00,0.000000000000000000e+00,4.719730919343453346e-01,-3.369303084363747813e-01,0.000000000000000000e+00
1.438567847392269616e+00,7.836326019481709704e-01,0.000000000000000000e+00,7.457911724814654253e-01,1.059824496466346133e+00,0.000000000000000000e+00
1.379736199227874494e+00,9.398527876846720641e-01,0.000000000000000000e+00,1.016552378149070845e+00,9.943074233947939433e-01,0.000000000000000000e+00
1.217259859446111481e+00,9.464810950346309593e-01,0.000000000000000000e+00,8.195768322993036703e-01,4.642487823213504172e-01,0.000000000000000000e+00
1.279168005568783739e+00,8.167473950982420128e-01,0.000000000000000000e+00,8.012197113176925400e-01,7.601368403073734958e-01,0.000000000000000000e+00
9.229958396469339910e-01,1.483987661548971992e+00,0.000000000000000000e+00,8.740759861918478979e-01,-1.531690964412391887e-01,0.000000000000000000e+00
1.664611409900660366e+00,4.879542022309660831e-01,0.000000000000000000e+00,7.674152137942612251e-02,7.942892450625875789e-01,0.000000000000000000e+00
1.552048087716299207e+00,6.044906530303673087e-01,0.000000000000000000e+00,5.141874692656929202e-01,1.168633385832464677e+00,0.000000000000000000e+00
1.474433534044080396e+00,6.781240937330647034e-01,0.000000000000000000e+00,6.334653777682218712e-01,1.086933212503232271e+00,0.000000000000000000e+00
1.315033692220594963e+00,7.112388868831359678e-01,0.000000000000000000e+00,6.668024283917972639e-01,8.160278320997575996e-01,0.000000000000000000e+00
1.428513932544624332e+00,5.320969379653323061e-01,0.000000000000000000e+00,3.828005349079984243e-01,9.676659850500959337e-01,0.000000000000000000e+00
1.350899378872405743e+00,6.057303786680297009e-01,0.000000000000000000e+00,5.212349718853804825e-01,8.724473618726252822e-01,0.000000000000000000e+00
1.506128486216842921e+00,4.584634972626348004e-01,0.000000000000000000e+00,2.043741282171980811e-01,1.041809591006926716e+00,0.000000000000000000e+00
6.897297132091833038e-01,1.866331479744617994e+00,0.000000000000000000e+00,4.676588549071483691e-01,9.680899198013970253e-02,0.000000000000000000e+00
7.008337123153824955e-01,1.716734356130893646e+00,0.000000000000000000e+00,8.862839228835110994e-01,2.414476991180435628e-01,0.000000000000000000e+00
5.556560715576163156e-01,1.809023108674492120e+00,0.000000000000000000e+00,4.483280574966826415e-01,3.420906963321072580e-01,0.000000000000000000e+00
5.676749150119188014e-01,1.985212066994639368e+00,0.000000000000000000e+00,2.701818186762690588e-01,2.374087637430367381e-01,0.000000000000000000e+00
7.021606148124438507e-01,1.586314698778708898e+00,0.000000000000000000e+00,1.327955355194103459e+00,2.040783089544387918e-01,0.000000000000000000e+00
5.569829740546776708e-01,1.678603451322307372e+00,0.000000000000000000e+00,1.052156583346958163e+00,4.132808308597401559e-01,0.000000000000000000e+00
7.704856773962821537e-01,1.480194901530249130e+00,0.000000000000000000e+00,9.831649148695819074e-01,-1.272229628177792560e-01,0.000000000000000000e+00
8.474701639700673583e-01,1.339736959491926171e+00,0.000000000000000000e+00,6.092478607709301830e-01,-2.821976730768427921e-01,0.000000000000000000e+00
6.266349391355772180e-01,1.442063996721663077e+00,0.000000000000000000e+00,1.174549914405331519e+00,1.481982731106445128e-01,0.000000000000000000e+00
5.583098765517390261e-01,1.548183793970122846e+00,0.000000000000000000e+00,1.443589213014346395e+00,4.347856223983684876e-01,0.000000000000000000e+00
6.949600017194154100e-01,1.335944199473203087e+00,0.000000000000000000e+00,7.445153868865277413e-01,-2.592712836722306791e-01,0.000000000000000000e+00
1.594789223517917964e+00,3.557160939260382015e-01,0.000000000000000000e+00,3.788883176459809793e-02,7.617040902077434339e-01,0.000000000000000000e+00
4.145404754420697335e-01,2.210908661096293137e+00,0.000000000000000000e+00,-1.544739250232455008e-01,-3.996351807449877169e-02,0.000000000000000000e+00
3.191380406533400049e-01,2.380208148438899940e+00,0.000000000000000000e+00,-1.112570974687581288e-01,-3.819847442261577880e-02,0.000000000000000000e+00
4.170046931461120487e-01,1.891518450541020080e+00,0.000000000000000000e+00,2.967122521993432183e-01,8.530110313743356765e-02,0.000000000000000000e+00
4.290235366004145900e-01,2.067707408861167551e+00,0.000000000000000000e+00,-5.584449343960393858e-02,-6.323371786316429877e-02,0.000000000000000000e+00
2.638702535762629808e-01,2.117215044642673849e+00,0.000000000000000000e+00,-3.828961999403178440e-02,-2.153893381982005251e-01,0.000000000000000000e+00
2.493871924179181798e-01,2.260416296877799436e+00,0.000000000000000000e+00,-1.134427031398091978e-01,-1.293971924441694177e-01,0.000000000000000000e+00
2.783533147346077818e-01,1.974013792407547818e+00,0.000000000000000000e+00,-1.566916285982501711e-02,-2.650672728992221061e-01,0.000000000000000000e+00
1.944444444443808873e-01,2.500000000000000000e+00,0.000000000000000000e+00,0.000000000000000000e+00,0.000000000000000000e+00,0.000000000000000000e+00
-5.372368905982264367e-18,2.500000000000000444e+00,0.000000000000000000e+00,0.000000000000000000e+00,0.000000000000000000e+00,0.000000000000000000e+00
1.246935962089591038e-01,2.380208148438899940e+00,0.000000000000000000e+00,-2.368169860264803667e-02,-4.079048405386154902e-02,0.000000000000000000e+00
1.694444444444964670e+00,0.000000000000000000e+00,0.000000000000000000e+00,0.000000000000000000e+00,0.000000000000000000e+00,0.000000000000000000e+00
1.591724980409496393e+00,1.264843452947208013e-01,0.000000000000000000e+00,-6.556263157143321640e-02,1.126450106459645911e-01,0.000000000000000000e+00
1.500000000000000000e+00,4.969440751409550048e-18,0.000000000000000000e+00,0.000000000000000000e+00,0.000000000000000000e+00,0.000000000000000000e+00
1.444823007548016180e+00,3.445733138299777454e-01,0.000000000000000000e+00,2.591958140694883284e-01,9.626990434382490802e-01,0.000000000000000000e+00
1.533483744849091002e+00,2.418259104933810910e-01,0.000000000000000000e+00,1.628130101677280617e-01,6.441035573510113244e-01,0.000000000000000000e+00
1.441758764439594387e+00,1.153415651986603035e-01,0.000000000000000000e+00,3.484590281860949768e-01,5.378755503372769642e-01,0.000000000000000000e+00
1.383517528879188996e+00,2.306831303973206071e-01,0.000000000000000000e+00,4.116743323764204820e-01,8.478269363111449186e-01,0.000000000000000000e+00
0.000000000000000000e+00,3.500000000000000444e+00,0.000000000000000000e+00,0.000000000000000000e+00,0.000000000000000000e+00,0.000000000000000000e+00
1.222790981627812357e-01,3.280008219458827590e+00,0.000000000000000000e+00,-1.386723077424120796e-03,1.707782378457407477e-02,0.000000000000000000e+00
1.428110004020604062e-01,3.417968607011319548e+00,0.000000000000000000e+00,4.806322515924599074e-03,8.954177818745997011e-03,0.000000000000000000e+00
1.261915376927441601e-01,3.718570154769075931e+00,0.000000000000000000e+00,5.852568156750944793e-05,-3.734394727418707989e-03,0.000000000000000000e+00
1.428110004020604062e-01,3.584635273677986511e+00,0.000000000000000000e+00,7.515675047441596097e-03,-2.773511957638030278e-03,0.000000000000000000e+00
6.152949319919647149e-18,3.333333333333333037e+00,0.000000000000000000e+00,0.000000000000000000e+00,0.000000000000000000e+00,0.000000000000000000e+00
5.436907057861226757e-18,3.666666666666666963e+00,0.000000000000000000e+00,0.000000000000000000e+00,0.000000000000000000e+00,0.000000000000000000e+00
0.000000000000000000e+00,3.166666666666666963e+00,0.000000000000000000e+00,0.000000000000000000e+00,0.000000000000000000e+00,0.000000000000000000e+00
2.000000000008322065e-01,4.000000000000000000e+00,0.000000000000000000e+00,0.000000000000000000e+00,0.000000000000000000e+00,0.000000000000000000e+00
5.436907057861226757e-18,4.000000000000000000e+00,0.000000000000000000e+00,0.000000000000000000e+00,0.000000000000000000e+00,0.000000000000000000e+00
1.261915376927441601e-01,3.885236821435742449e+00,0.000000000000000000e+00,1.524912821356465492e-03,-5.566950544627915012e-03,0.000000000000000000e+00
0.000000000000000000e+00,3.833333333333333925e+00,0.000000000000000000e+00,0.000000000000000000e+00,0.000000000000000000e+00,0.000000000000000000e+00
1.749999999999824141e+00,6.000000000000000888e+00,0.000000000000000000e+00,0.000000000000000000e+00,0.000000000000000000e+00,0.000000000000000000e+00
1.630682033048545421e+00,5.849109431462388820e+00,0.000000000000000000e+00,-1.666103793320493909e-01,4.422481327793546108e-02,0.000000000000000000e+00
1.555555555554858138e+00,6.000000000000000888e+00,0.000000000000000000e+00,0.000000000000000000e+00,0.000000000000000000e+00,0.000000000000000000e+00
1.537490546615829512e+00,5.723686978355569721e+00,0.000000000000000000e+00,-2.821850744864834448e-01,1.512955318314384567e-01,0.000000000000000000e+00
1.385295525846953035e+00,5.556218619053996832e+00,0.000000000000000000e+00,-3.720844975244584352e-01,2.911068359974465780e-01,0.000000000000000000e+00
1.462364069122142007e+00,5.874577546893180013e+00,0.000000000000000000e+00,-2.371236906172967118e-01,3.459470129783039083e-02,0.000000000000000000e+00
1.369172582689425877e+00,5.749155093786360027e+00,0.000000000000000000e+00,-4.091599444185448076e-01,9.834251193039153516e-02,0.000000000000000000e+00
1.130457191281716955e+00,5.150097859850026438e+00,0.000000000000000000e+00,4.665988649257393206e-01,4.030402512582670904e-01,0.000000000000000000e+00
1.211794933437652322e+00,5.313519766961696256e+00,0.000000000000000000e+00,-1.060167845264485403e-01,3.948405269029106046e-01,0.000000000000000000e+00
1.022171397870824894e+00,5.263757389601757986e+00,0.000000000000000000e+00,-6.868886763734140255e-02,8.144603850236992182e-02,0.000000000000000000e+00
9.970206586664457360e-01,5.056396449086813405e+00,0.000000000000000000e+00,8.469015826451322670e-01,-2.561685699630782739e-03,0.000000000000000000e+00
1.170697402455618263e+00,5.706183718379621794e+00,0.000000000000000000e+00,-5.721502851101257781e-01,1.078488942010219082e-01,0.000000000000000000e+00
1.186820345613145422e+00,5.513247243647258600e+00,0.000000000000000000e+00,-5.506543339745743060e-01,2.709513103396702927e-01,0.000000000000000000e+00
9.971968100463177720e-01,5.463484866287320330e+00,0.000000000000000000e+00,-5.159272746321739156e-01,-9.227589396523523668e-03,0.000000000000000000e+00
9.722222222218106502e-01,5.663212342972883562e+00,0.000000000000000000e+00,-6.940352622724192955e-01,-5.649679056066234106e-02,0.000000000000000000e+00
7.683291279871123924e-01,4.831880296204285052e+00,0.000000000000000000e+00,1.007590470794897275e+00,-2.954493143008533607e-01,0.000000000000000000e+00
6.823941682550540566e-01,4.657362541918351084e+00,0.000000000000000000e+00,5.285997093508674194e-01,-2.675555052185594682e-02,0.000000000000000000e+00
8.098241023861201260e-01,5.042842441848104151e+00,0.000000000000000000e+00,8.361567024348035559e-01,-5.612827085712577269e-01,0.000000000000000000e+00
6.062833109111660512e-01,5.025687229480521268e+00,0.000000000000000000e+00,5.466804587861564535e-01,-3.837139499917824326e-01,0.000000000000000000e+00
8.349748415904993948e-01,5.250203382363049620e+00,0.000000000000000000e+00,-6.826233867066840329e-03,-4.732066552238202162e-01,0.000000000000000000e+00
5.647883365121582067e-01,4.814725083836703057e+00,0.000000000000000000e+00,7.046395269699524677e-01,-5.533405091692206873e-02,0.000000000000000000e+00
6.477782853101737848e-01,5.236649375124340366e+00,0.000000000000000000e+00,7.177460055602959133e-02,-6.996228972514310085e-01,0.000000000000000000e+00
5.999999999985329291e-01,4.500000000000000000e+00,0.000000000000000000e+00,0.000000000000000000e+00,0.000000000000000000e+00,0.000000000000000000e+00
4.823941682556370791e-01,4.657362541918351084e+00,0.000000000000000000e+00,4.515022851479945643e-01,-2.038688557212472649e-03,0.000000000000000000e+00
3.999999999991157851e-01,4.500000000000000000e+00,0.000000000000000000e+00,0.000000000000000000e+00,0.000000000000000000e+00,0.000000000000000000e+00
4.166666666666666963e+00,6.000000000000000888e+00,0.000000000000000000e+00,0.000000000000000000e+00,0.000000000000000000e+00,0.000000000000000000e+00
4.250000000000000000e+00,5.873704628614770051e+00,0.000000000000000000e+00,2.394944665794807026e-02,3.334314640129116929e-03,0.000000000000000000e+00
4.411473599158769687e+00,5.857800240335842012e+00,0.000000000000000000e+00,2.434181522498741687e-02,2.544235801711178940e-03,0.000000000000000000e+00
4.333333333333333037e+00,6.000000000000000000e+00,0.000000000000000000e+00,0.000000000000000000e+00,0.000000000000000000e+00,0.000000000000000000e+00
5.000000000000000000e+00,5.437500000016568968e+00,0.000000000000000000e+00,0.000000000000000000e+00,0.000000000000000000e+00,0.000000000000000000e+00
4.843093207617508611e+00,5.521770536470514301e+00,0.000000000000000000e+00,7.189279888360464860e-03,1.455787170208811074e-03,0.000000000000000000e+00
4.623903397249409686e+00,5.730654505307087199e+00,0.000000000000000000e+00,1.444636856149810085e-02,2.586608905212527555e-03,0.000000000000000000e+00
4.722189672374814684e+00,5.582124801436207484e+00,0.000000000000000000e+00,1.462042432182217647e-02,1.667521116062712760e-03,0.000000000000000000e+00
4.879096464757306961e+00,5.685354264976797189e+00,0.000000000000000000e+00,5.139915186160686801e-03,3.171296434242330993e-03,0.000000000000000000e+00
5.000000000000000888e+00,5.625000000011104895e+00,0.000000000000000000e+00,0.000000000000000000e+00,0.000000000000000000e+00,0.000000000000000000e+00
4.758192929514612146e+00,5.745708529942489484e+00,0.000000000000000000e+00,8.651095999864298267e-03,2.392638291057364291e-03,0.000000000000000000e+00
4.500000000000000000e+00,6.000000000000000888e+00,0.000000000000000000e+00,0.000000000000000000e+00,0.000000000000000000e+00,0.000000000000000000e+00
4.712429798090639999e+00,5.872854264971245186e+00,0.000000000000000000e+00,1.108593696930871078e-02,2.932072439023469465e-03,0.000000000000000000e+00
4.578140265825436650e+00,5.857800240335842012e+00,0.000000000000000000e+00,1.662172575393019991e-02,2.656730079302775660e-03,0.000000000000000000e+00
4.666666666666666963e+00,6.000000000000000000e+00,0.000000000000000000e+00,0.000000000000000000e+00,0.000000000000000000e+00,0.000000000000000000e+00
9.215710124447150653e-01,1.214172085973820092e+00,0.000000000000000000e+00,4.712616938295107749e-01,-3.896147452512013776e-01,0.000000000000000000e+00
9.992567059960750786e-01,1.080514623704005528e+00,0.000000000000000000e+00,6.019171074148187417e-01,-2.042912199595422196e-01,0.000000000000000000e+00
1.134981652368583172e+00,8.190493690143919592e-01,0.000000000000000000e+00,6.769510855202744981e-01,4.014848538732664895e-01,0.000000000000000000e+00
1.073073506245910691e+00,9.487830689507807946e-01,0.000000000000000000e+00,5.561768639388569024e-01,-1.100776342619974417e-02,0.000000000000000000e+00
9.169784989185467694e-01,9.530828976837664168e-01,0.000000000000000000e+00,4.188491366326468346e-01,-2.179304084629615779e-01,0.000000000000000000e+00
8.431616986687109350e-01,1.084814452436990928e+00,0.000000000000000000e+00,4.253403969983058919e-01,-4.215060194774600810e-01,0.000000000000000000e+00
9.907952991683824928e-01,8.213513429305419056e-01,0.000000000000000000e+00,3.891369581523186905e-01,-2.429752556196836805e-02,0.000000000000000000e+00
7.690608501940632280e-01,1.210379325955097229e+00,0.000000000000000000e+00,5.522396903520596645e-01,-3.994425906086712108e-01,0.000000000000000000e+00
1.233790911926833989e+00,6.030838250192036565e-01,0.000000000000000000e+00,4.576402949750746907e-01,7.191048405722710868e-01,0.000000000000000000e+00
1.197925225275022987e+00,7.085923332343098124e-01,0.000000000000000000e+00,6.139317431308123352e-01,6.450959163472976821e-01,0.000000000000000000e+00
1.053738872074822197e+00,7.108943071504596478e-01,0.000000000000000000e+00,4.445485511781034349e-01,3.142081707118250522e-01,0.000000000000000000e+00
1.116682444981262234e+00,6.004372713703777231e-01,0.000000000000000000e+00,4.036151520390144909e-01,5.243730816309254417e-01,0.000000000000000000e+00
1.302724823625894590e+00,5.041081497394123145e-01,0.000000000000000000e+00,3.108075687287906175e-01,8.271885190228092100e-01,0.000000000000000000e+00
1.380339377298112957e+00,4.304747090367148088e-01,0.000000000000000000e+00,1.823891126609242797e-01,8.917820844558486115e-01,0.000000000000000000e+00
1.254550268379382993e+00,4.024859208107948172e-01,0.000000000000000000e+00,1.920474462462409271e-01,7.141550687785932494e-01,0.000000000000000000e+00
1.185616356680322614e+00,5.014615960905862702e-01,0.000000000000000000e+00,2.970877283041334915e-01,6.363299383225088368e-01,0.000000000000000000e+00
1.319033898629285995e+00,3.165845256040576983e-01,0.000000000000000000e+00,2.950343009651639203e-01,7.912378850267020036e-01,0.000000000000000000e+00
4.178212447645051064e-01,1.716773845761425221e+00,0.000000000000000000e+00,7.101080763852904987e-01,9.288726526741053480e-02,0.000000000000000000e+00
2.791698663530008395e-01,1.799269187627952959e+00,0.000000000000000000e+00,4.193509844182582436e-01,-7.655812962640812236e-02,0.000000000000000000e+00
4.191481472615664616e-01,1.586354188409240695e+00,0.000000000000000000e+00,1.221998676647026549e+00,2.986616591927333531e-01,0.000000000000000000e+00
2.799864179713938972e-01,1.624524582848358323e+00,0.000000000000000000e+00,7.909053075436198732e-01,1.989351364372770326e-01,0.000000000000000000e+00
4.866227074944300401e-01,1.447582634618695963e+00,0.000000000000000000e+00,1.231827817781270928e+00,5.542667342341480730e-01,0.000000000000000000e+00
5.549477700782682321e-01,1.341462837370236194e+00,0.000000000000000000e+00,9.343810022072270849e-01,3.020527048395516001e-01,0.000000000000000000e+00
4.149355384371211097e-01,1.346981475267269079e+00,0.000000000000000000e+00,9.833921938288244791e-01,6.475124004023137259e-01,0.000000000000000000e+00
3.474609782042575312e-01,1.485753029057813812e+00,0.000000000000000000e+00,9.346381285025548991e-01,4.719462806324502546e-01,0.000000000000000000e+00
6.953281897917431564e-01,1.085339241120987452e+00,0.000000000000000000e+00,3.130393880216998381e-01,-2.694888175016238452e-01,0.000000000000000000e+00
6.212273413170954495e-01,1.210904114639093532e+00,0.000000000000000000e+00,5.389354305236293552e-01,-1.270019559451110447e-01,0.000000000000000000e+00
4.812151096759482716e-01,1.216422752536126417e+00,0.000000000000000000e+00,6.691475393430696972e-01,4.549644081171355658e-01,0.000000000000000000e+00
5.474946809147754889e-01,1.085864029804984199e+00,0.000000000000000000e+00,1.876184506783908912e-01,1.035680124854428119e-01,0.000000000000000000e+00
1.246935962089591177e-01,2.213541481772233421e+00,0.000000000000000000e+00,-2.366299196935486501e-02,-1.357161733392535374e-01,0.000000000000000000e+00
1.391766573673038909e-01,2.070340229537107390e+00,0.000000000000000000e+00,-1.918950659918797121e-03,-1.911101445786301811e-01,0.000000000000000000e+00
-5.996365244175457388e-18,2.166666666666667407e+00,0.000000000000000000e+00,0.000000000000000000e+00,0.000000000000000000e+00,0.000000000000000000e+00
0.000000000000000000e+00,2.333333333333333925e+00,0.000000000000000000e+00,0.000000000000000000e+00,0.000000000000000000e+00,0.000000000000000000e+00
0.000000000000000000e+00,2.000000000000000000e+00,0.000000000000000000e+00,0.000000000000000000e+00,0.000000000000000000e+00,0.000000000000000000e+00
1.391766573673038909e-01,1.903673562870440428e+00,0.000000000000000000e+00,1.438566382881978183e-02,-2.267297926259382035e-01,0.000000000000000000e+00
1.399932089856969486e-01,1.728928958090845569e+00,0.000000000000000000e+00,3.126700393033845504e-01,-5.732875500010610470e-02,0.000000000000000000e+00
-6.031546012540120939e-18,1.833333333333333259e+00,0.000000000000000000e+00,0.000000000000000000e+00,0.000000000000000000e+00,0.000000000000000000e+00
1.375000000000000222e+00,0.000000000000000000e+00,0.000000000000000000e+00,1.693860556261065353e-01,6.976701820913745467e-01,0.000000000000000000e+00
1.316758764439594609e+00,1.153415651986603313e-01,0.000000000000000000e+00,4.295405935305419698e-01,9.183447842429612873e-01,0.000000000000000000e+00
1.250000000000000000e+00,4.800465950604801529e-18,0.000000000000000000e+00,1.648354164027393265e-01,1.066111644686847049e+00,0.000000000000000000e+00
1.182217538246122635e+00,3.126625917328423321e-01,0.000000000000000000e+00,2.194532017241564437e-01,6.547879865333783300e-01,0.000000000000000000e+00
1.246701168496025414e+00,2.267611965261051576e-01,0.000000000000000000e+00,3.183628516722362689e-01,7.601957493162688762e-01,0.000000000000000000e+00
1.179942404056431027e+00,1.114196313274448541e-01,0.000000000000000000e+00,2.328384173804202706e-01,8.383022483800683933e-01,0.000000000000000000e+00
1.109884808112862054e+00,2.228392626548897082e-01,0.000000000000000000e+00,2.109752416427674859e-01,6.006796574060135896e-01,0.000000000000000000e+00
1.361111111110508975e+00,6.000000000000000888e+00,0.000000000000000000e+00,0.000000000000000000e+00,0.000000000000000000e+00,0.000000000000000000e+00
1.267919624677793067e+00,5.874577546893180013e+00,0.000000000000000000e+00,-3.065870280672233217e-01,2.884362759415731725e-02,0.000000000000000000e+00
1.166666666666160257e+00,6.000000000000000888e+00,0.000000000000000000e+00,0.000000000000000000e+00,0.000000000000000000e+00,0.000000000000000000e+00
1.069444444443985232e+00,5.831606171486441781e+00,0.000000000000000000e+00,-4.719452078041809218e-01,-8.079890083588980518e-03,0.000000000000000000e+00
8.100002537659922730e-01,5.449930859048611964e+00,0.000000000000000000e+00,-4.807259840846955234e-01,-4.686426917198135422e-01,0.000000000000000000e+00
9.722222222218104282e-01,6.000000000000000888e+00,0.000000000000000000e+00,0.000000000000000000e+00,0.000000000000000000e+00,0.000000000000000000e+00
8.749999999996356248e-01,5.831606171486441781e+00,0.000000000000000000e+00,-4.534719956737590096e-01,-3.368915206976940552e-02,0.000000000000000000e+00
6.061710249027358888e-01,5.457102298718389477e+00,0.000000000000000000e+00,-2.902912097474960595e-01,-4.570349192522897841e-01,0.000000000000000000e+00
7.683929933585542660e-01,5.670383782642661075e+00,0.000000000000000000e+00,-5.034146071452640925e-01,-2.386414243928973444e-01,0.000000000000000000e+00
6.711707711363792406e-01,5.838777611156219294e+00,0.000000000000000000e+00,-3.011896970803522589e-01,-7.283856459573168074e-02,0.000000000000000000e+00
7.777777777774607104e-01,6.000000000000000888e+00,0.000000000000000000e+00,0.000000000000000000e+00,0.000000000000000000e+00,0.000000000000000000e+00
5.645637644952979928e-01,5.677555222312439476e+00,0.000000000000000000e+00,-3.095924735021099439e-01,-1.957514164026249170e-01,0.000000000000000000e+00
4.768114894598394216e-01,5.149892074226317007e+00,0.000000000000000000e+00,9.565537461277924536e-02,-5.678557161664129493e-01,0.000000000000000000e+00
4.353165150608316325e-01,4.938929928582497908e+00,0.000000000000000000e+00,4.141428422070449478e-01,-3.823577246893116732e-01,0.000000000000000000e+00
3.058446936095050028e-01,5.063134773328292759e+00,0.000000000000000000e+00,1.320616395827988454e-01,-4.497319689605457360e-01,0.000000000000000000e+00
3.270633030116357753e-01,4.625285985715389181e+00,0.000000000000000000e+00,2.317022336689659179e-01,-2.455893575031250359e-02,0.000000000000000000e+00
4.094574712681570139e-01,4.782648527633740265e+00,0.000000000000000000e+00,4.618110400227020684e-01,-1.924761819880025093e-01,0.000000000000000000e+00
2.799856498168303842e-01,4.906853372379536005e+00,0.000000000000000000e+00,2.303564234769605590e-01,-2.897696191612628147e-01,0.000000000000000000e+00
2.541266060241558211e-01,4.750571971430777474e+00,0.000000000000000000e+00,2.324421678527686108e-01,-1.114431375410382119e-01,0.000000000000000000e+00
4.862689058646691986e-01,5.337074687553885255e+00,0.000000000000000000e+00,-1.705558831732529798e-02,-5.631314954087529578e-01,0.000000000000000000e+00
3.153021100143347244e-01,5.250317386655861895e+00,0.000000000000000000e+00,1.709843427622982637e-02,-4.461957263158738418e-01,0.000000000000000000e+00
4.446616454572312471e-01,5.557527611147934365e+00,0.000000000000000000e+00,-1.990798712484610489e-01,-3.350701514951252014e-01,0.000000000000000000e+00
3.247595264191645015e-01,5.437499999983430143e+00,0.000000000000000000e+00,-3.583381935255593176e-02,-4.092476787874617661e-01,0.000000000000000000e+00
1.999999999995579480e-01,4.500000000000000000e+00,0.000000000000000000e+00,0.000000000000000000e+00,0.000000000000000000e+00,0.000000000000000000e+00
5.474466684315932070e-18,4.500000000000000000e+00,0.000000000000000000e+00,0.000000000000000000e+00,0.000000000000000000e+00,0.000000000000000000e+00
1.270633030120779106e-01,4.625285985715389181e+00,0.000000000000000000e+00,8.430928930168435365e-02,-1.559264750670637766e-02,0.000000000000000000e+00
5.000000000000000000e+00,5.812500000005552891e+00,0.000000000000000000e+00,0.000000000000000000e+00,0.000000000000000000e+00,0.000000000000000000e+00
5.000000000000000888e+00,6.000000000000000888e+00,0.000000000000000000e+00,0.000000000000000000e+00,0.000000000000000000e+00,0.000000000000000000e+00
4.879096464757306961e+00,5.872854264971245186e+00,0.000000000000000000e+00,4.992149431966840314e-03,2.697603197236796580e-03,0.000000000000000000e+00
4.833333333333333925e+00,6.000000000000000888e+00,0.000000000000000000e+00,0.000000000000000000e+00,0.000000000000000000e+00,0.000000000000000000e+00
7.681355989147466978e-01,9.581460523904808957e-01,0.000000000000000000e+00,2.330119421108087230e-01,-3.246355149780828508e-01,0.000000000000000000e+00
8.419523991645824212e-01,8.264144976372564955e-01,0.000000000000000000e+00,1.973226952139776058e-01,-1.444104368548887740e-01,0.000000000000000000e+00
6.931094991607823497e-01,8.314776523439708633e-01,0.000000000000000000e+00,-1.540048478639872293e-02,-1.756899641630970954e-01,0.000000000000000000e+00
6.203020900377789193e-01,9.586708410744775311e-01,0.000000000000000000e+00,1.440910322255876674e-01,-4.801352879860274619e-02,0.000000000000000000e+00
9.729331975258549425e-01,5.936932272348560691e-01,0.000000000000000000e+00,2.875369337205423981e-01,2.821401312053854471e-01,0.000000000000000000e+00
9.099896246194150162e-01,7.041502630149381048e-01,0.000000000000000000e+00,1.997949512382929949e-01,-2.706946725756850455e-03,0.000000000000000000e+00
7.611467246156150557e-01,7.092134177216526947e-01,0.000000000000000000e+00,8.738353310525645568e-02,-7.728539234714716655e-02,0.000000000000000000e+00
8.291839500704477617e-01,5.869491830993344150e-01,0.000000000000000000e+00,9.691178020521276637e-02,-3.126901483651595842e-02,0.000000000000000000e+00
1.113401827810563738e+00,4.063463675733333114e-01,0.000000000000000000e+00,1.463907042012411175e-01,5.707938730539254824e-01,0.000000000000000000e+00
1.044467916111503136e+00,5.053220428531246533e-01,0.000000000000000000e+00,2.309718944344344438e-01,4.490986284339498757e-01,0.000000000000000000e+00
9.007186686560960664e-01,4.985779987176031103e-01,0.000000000000000000e+00,1.227780152156126847e-01,1.977958194451543139e-01,0.000000000000000000e+00
9.722533872417442602e-01,4.102068143358718055e-01,0.000000000000000000e+00,6.894823541467860750e-02,3.541778400929163073e-01,0.000000000000000000e+00
1.041069097677303157e+00,3.165230384953807707e-01,0.000000000000000000e+00,1.507509362186132129e-01,5.089520324216435521e-01,0.000000000000000000e+00
0.000000000000000000e+00,1.666666666666666741e+00,0.000000000000000000e+00,0.000000000000000000e+00,0.000000000000000000e+00,0.000000000000000000e+00
1.399932089856969486e-01,1.562262291424179272e+00,0.000000000000000000e+00,2.287462844835139175e-01,3.627188794606098776e-01,0.000000000000000000e+00
3.016968849052554802e-01,1.359877166459418696e+00,0.000000000000000000e+00,9.555241610348684800e-01,6.881505014830562317e-01,0.000000000000000000e+00
2.342223246723918462e-01,1.498648720249962984e+00,0.000000000000000000e+00,7.192494016966788362e-01,6.871954060255436314e-01,0.000000000000000000e+00
9.422911568669489757e-02,1.436386428825783934e+00,0.000000000000000000e+00,6.312947846532045437e-01,5.292244308590038360e-01,0.000000000000000000e+00
-4.059820123441375091e-18,1.500000000000000222e+00,0.000000000000000000e+00,0.000000000000000000e+00,0.000000000000000000e+00,0.000000000000000000e+00
1.884582313733897951e-01,1.372772857651567868e+00,0.000000000000000000e+00,9.679352920436288255e-01,7.294501402183157790e-01,0.000000000000000000e+00
3.320999578079124048e-01,1.228848233461484529e+00,0.000000000000000000e+00,7.838698049077003072e-01,6.040393681403566362e-01,0.000000000000000000e+00
3.983795290467395667e-01,1.098289510730342089e+00,0.000000000000000000e+00,4.178125759957113106e-01,4.018296752558259688e-01,0.000000000000000000e+00
2.188613042760466920e-01,1.241743924653634146e+00,0.000000000000000000e+00,9.161511769906860447e-01,4.823177109901517490e-01,0.000000000000000000e+00
2.492643771787035889e-01,1.110714991655700201e+00,0.000000000000000000e+00,7.353584396450441041e-01,2.279746321232886397e-01,0.000000000000000000e+00
5.532988308904770447e-01,8.515159864083128305e-01,0.000000000000000000e+00,1.989725222631807434e-03,-1.544151425431712285e-02,0.000000000000000000e+00
4.804914217674735033e-01,9.787091751388192762e-01,0.000000000000000000e+00,1.938025085846718509e-01,8.414719221918878778e-02,0.000000000000000000e+00
3.313762698994375810e-01,9.911346560641773884e-01,0.000000000000000000e+00,4.782378219957832965e-01,1.292215592918634914e-01,0.000000000000000000e+00
4.134881626201716287e-01,8.715543204726545756e-01,0.000000000000000000e+00,8.290247100801168001e-02,-4.380797980049432050e-02,0.000000000000000000e+00
1.125000000000000000e+00,0.000000000000000000e+00,0.000000000000000000e+00,2.792829626520938746e-02,7.444764269131740608e-01,0.000000000000000000e+00
1.054942404056431027e+00,1.114196313274448541e-01,0.000000000000000000e+00,1.650111243540084427e-01,3.783534935692887680e-01,0.000000000000000000e+00
1.000000000000000000e+00,5.109513429696411832e-18,0.000000000000000000e+00,0.000000000000000000e+00,0.000000000000000000e+00,0.000000000000000000e+00
9.013368133373552693e-01,3.236960830575915105e-01,0.000000000000000000e+00,1.361910517106581231e-01,9.607645623383101463e-02,0.000000000000000000e+00
9.701525237729140549e-01,2.300123072171004202e-01,0.000000000000000000e+00,2.801306362699893526e-01,3.189015358712800619e-01,0.000000000000000000e+00
9.152101197164830282e-01,1.185926758896555522e-01,0.000000000000000000e+00,3.865687110589025033e-01,2.172500984616332342e-02,0.000000000000000000e+00
8.304202394329660564e-01,2.371853517793111044e-01,0.000000000000000000e+00,2.679870152101517244e-01,-2.441378215302269228e-01,0.000000000000000000e+00
5.833333333331112147e-01,6.000000000000000888e+00,0.000000000000000000e+00,0.000000000000000000e+00,0.000000000000000000e+00,0.000000000000000000e+00
4.767263266920298559e-01,5.838777611156220182e+00,0.000000000000000000e+00,-2.102017837575001769e-01,-6.733551181432879951e-02,0.000000000000000000e+00
3.888888888887617745e-01,6.000000000000000888e+00,0.000000000000000000e+00,0.000000000000000000e+00,0.000000000000000000e+00,0.000000000000000000e+00
3.003577063867903796e-01,5.582734807888704687e+00,0.000000000000000000e+00,-9.962022694236719045e-02,-2.833828858586050492e-01,0.000000000000000000e+00
4.202598254248570697e-01,5.702762419053208909e+00,0.000000000000000000e+00,-1.868044753278007564e-01,-1.977251997259284189e-01,0.000000000000000000e+00
3.324223876215889883e-01,5.863984807896989615e+00,0.000000000000000000e+00,-1.132563318529904300e-01,-5.531157733505682322e-02,0.000000000000000000e+00
2.759558863544162022e-01,5.727969615793978342e+00,0.000000000000000000e+00,-7.879979931808621385e-02,-1.623423501394180291e-01,0.000000000000000000e+00
0.000000000000000000e+00,5.062499999983431920e+00,0.000000000000000000e+00,0.000000000000000000e+00,0.000000000000000000e+00,0.000000000000000000e+00
1.270633030120779106e-01,4.812785985709837178e+00,0.000000000000000000e+00,7.452821737741682773e-02,-1.507154324672805856e-01,0.000000000000000000e+00
1.529223468047525014e-01,4.969067386658594820e+00,0.000000000000000000e+00,6.101291955743944062e-02,-2.776413904645821940e-01,0.000000000000000000e+00
1.529223468047525014e-01,5.156567386653129859e+00,0.000000000000000000e+00,4.111653630260265341e-02,-3.140423281836414726e-01,0.000000000000000000e+00
1.623797632095822507e-01,5.343749999980698107e+00,0.000000000000000000e+00,-1.079814422607107633e-03,-2.980147782325339167e-01,0.000000000000000000e+00
6.588592245161831391e-18,4.874999999988895993e+00,0.000000000000000000e+00,0.000000000000000000e+00,0.000000000000000000e+00,0.000000000000000000e+00
6.996060883239199678e-18,5.249999999977966958e+00,0.000000000000000000e+00,0.000000000000000000e+00,0.000000000000000000e+00,0.000000000000000000e+00
0.000000000000000000e+00,4.687499999994448885e+00,0.000000000000000000e+00,0.000000000000000000e+00,0.000000000000000000e+00,0.000000000000000000e+00
0.000000000000000000e+00,5.437499999983431920e+00,0.000000000000000000e+00,0.000000000000000000e+00,0.000000000000000000e+00,0.000000000000000000e+00
1.623797632095822785e-01,5.531249999986163957e+00,0.000000000000000000e+00,-3.521972220799216968e-03,-2.471475746980182908e-01,0.000000000000000000e+00
1.379779431772081011e-01,5.676484807891437612e+00,0.000000000000000000e+00,-1.360813879764315865e-02,-1.453597564536029396e-01,0.000000000000000000e+00
5.944719169013438550e-18,5.624999999988895993e+00,0.000000000000000000e+00,0.000000000000000000e+00,0.000000000000000000e+00,0.000000000000000000e+00
6.146497532305801315e-01,7.122313127691466406e-01,0.000000000000000000e+00,-1.360068035434859428e-02,-9.619340907191886725e-02,0.000000000000000000e+00
4.748390849602747155e-01,7.322696468334884967e-01,0.000000000000000000e+00,-2.124680698997887668e-02,-8.295604709341758420e-02,0.000000000000000000e+00
6.826869786854128375e-01,5.899670781468283609e-01,0.000000000000000000e+00,6.615199022499092252e-02,-7.580062730952699668e-02,0.000000000000000000e+00
5.361900073003778022e-01,5.929849731943223068e-01,0.000000000000000000e+00,4.079477427928122207e-02,-7.846007404645274907e-02,0.000000000000000000e+00
8.383570658438059819e-01,4.119900529860371918e-01,0.000000000000000000e+00,1.217001667792326769e-01,4.081099732645630113e-02,0.000000000000000000e+00
7.668223472581576772e-01,5.003612373677683856e-01,0.000000000000000000e+00,5.030908736889301569e-02,-9.007389358155276637e-02,0.000000000000000000e+00
6.203253758731227530e-01,5.033791324152624425e-01,0.000000000000000000e+00,1.130247556828742478e-01,-1.205411415691294980e-01,0.000000000000000000e+00
7.044607444458675927e-01,4.137732916362025226e-01,0.000000000000000000e+00,1.454641970767391601e-01,-1.982021804808239140e-01,0.000000000000000000e+00
7.674404919394168800e-01,3.254793217077568412e-01,0.000000000000000000e+00,2.790160821075791109e-01,-1.819998209244768350e-01,0.000000000000000000e+00
0.000000000000000000e+00,1.375000000000000000e+00,0.000000000000000000e+00,9.681231717277678506e-01,1.421972185697278623e-01,0.000000000000000000e+00
9.422911568669489757e-02,1.311386428825783934e+00,0.000000000000000000e+00,1.235509971873021584e+00,4.778501108106688600e-01,0.000000000000000000e+00
-5.369723185622930283e-18,1.250000000000000222e+00,0.000000000000000000e+00,1.436077387310666476e+00,1.243199255894796712e-01,0.000000000000000000e+00
1.246321885893517944e-01,1.180357495827849990e+00,0.000000000000000000e+00,1.130536561761681380e+00,1.764092458667282370e-01,0.000000000000000000e+00
0.000000000000000000e+00,1.125000000000000000e+00,0.000000000000000000e+00,9.894292030425774209e-01,-2.314045359476984889e-04,0.000000000000000000e+00
3.015429936833837754e-01,8.797535945167479499e-01,0.000000000000000000e+00,7.736288577723186843e-02,1.593764007333241528e-01,0.000000000000000000e+00
2.194311009626497277e-01,9.993339301082706516e-01,0.000000000000000000e+00,4.813413247063981215e-01,2.301966302443540779e-01,0.000000000000000000e+00
1.246321885893517944e-01,1.055357495827850212e+00,0.000000000000000000e+00,4.999439887617206923e-01,3.980451599079128794e-02,0.000000000000000000e+00
9.479891237329794718e-02,9.439764342804206620e-01,0.000000000000000000e+00,4.167172343415787017e-02,2.055365940778910439e-01,0.000000000000000000e+00
-4.084369563788801829e-18,1.000000000000000000e+00,0.000000000000000000e+00,0.000000000000000000e+00,0.000000000000000000e+00,0.000000000000000000e+00
1.895978247465958944e-01,8.879528685608413241e-01,0.000000000000000000e+00,2.337975607693455402e-02,3.204631432403540203e-01,0.000000000000000000e+00
4.034321268325151699e-01,6.466208262482945335e-01,0.000000000000000000e+00,-5.594569561783961642e-02,-2.870138625640214058e-03,0.000000000000000000e+00
3.420812044924120277e-01,7.859054998874606124e-01,0.000000000000000000e+00,-4.308740803183516016e-02,6.956613707360993770e-02,0.000000000000000000e+00
2.301360355556241744e-01,7.941047739315539866e-01,0.000000000000000000e+00,-3.600914913739700074e-02,2.609941782729123250e-01,0.000000000000000000e+00
2.706742463646524821e-01,7.002566793022666491e-01,0.000000000000000000e+00,-9.084898720986200882e-02,1.614510365870190089e-01,0.000000000000000000e+00
8.333333333328944992e-01,0.000000000000000000e+00,0.000000000000000000e+00,0.000000000000000000e+00,0.000000000000000000e+00,0.000000000000000000e+00
7.485434530493775274e-01,1.185926758896555799e-01,0.000000000000000000e+00,2.525789792449343873e-01,-2.729631504063886882e-01,0.000000000000000000e+00
6.666666666657888873e-01,5.946897057986268771e-18,0.000000000000000000e+00,0.000000000000000000e+00,0.000000000000000000e+00,0.000000000000000000e+00
6.122062268462115098e-01,3.449151381688524420e-01,0.000000000000000000e+00,1.888662506303878386e-01,-1.548839387259481060e-01,0.000000000000000000e+00
6.751859743397606861e-01,2.566211682404067607e-01,0.000000000000000000e+00,3.158381738087779333e-01,-1.740487564552300193e-01,0.000000000000000000e+00
5.933091879561720461e-01,1.380284923507512085e-01,0.000000000000000000e+00,1.413291798243067610e-01,1.552381538316866330e-02,0.000000000000000000e+00
5.199517092465553159e-01,2.760569847015024725e-01,0.000000000000000000e+00,1.927338990816453435e-01,-1.677392643304312370e-02,0.000000000000000000e+00
1.944444444443808873e-01,6.000000000000000888e+00,0.000000000000000000e+00,0.000000000000000000e+00,0.000000000000000000e+00,0.000000000000000000e+00
-5.944719169013438550e-18,6.000000000000000888e+00,0.000000000000000000e+00,0.000000000000000000e+00,0.000000000000000000e+00,0.000000000000000000e+00
1.379779431772081011e-01,5.863984807896989615e+00,0.000000000000000000e+00,-1.668658959275590506e-02,-5.633084125740304982e-02,0.000000000000000000e+00
0.000000000000000000e+00,5.812499999994448885e+00,0.000000000000000000e+00,0.000000000000000000e+00,0.000000000000000000e+00,0.000000000000000000e+00
2.703459856586520327e-01,5.885054518031884729e-01,0.000000000000000000e+00,-1.864407130394722580e-03,9.208869249628315323e-02,0.000000000000000000e+00
4.031038661265147205e-01,5.348695987492162462e-01,0.000000000000000000e+00,2.522450538205102399e-02,-1.634834608623466495e-02,0.000000000000000000e+00
5.280708582734665590e-01,4.345209789479123619e-01,0.000000000000000000e+00,1.286169070415659199e-01,-5.234922349008080955e-02,0.000000000000000000e+00
3.949847170996034773e-01,3.764056045028064124e-01,0.000000000000000000e+00,9.797441874205903289e-02,-2.641326215356127292e-03,0.000000000000000000e+00
2.700177249526515832e-01,4.767542243041103522e-01,0.000000000000000000e+00,1.387794319919894749e-02,4.628847098221000600e-02,0.000000000000000000e+00
0.000000000000000000e+00,8.333333333328944992e-01,0.000000000000000000e+00,0.000000000000000000e+00,0.000000000000000000e+00,0.000000000000000000e+00
9.479891237329794718e-02,7.773097676133151612e-01,0.000000000000000000e+00,1.383770528966276475e-02,1.691349587086312944e-01,0.000000000000000000e+00
-5.816797629161128352e-18,6.666666666657888873e-01,0.000000000000000000e+00,0.000000000000000000e+00,0.000000000000000000e+00,0.000000000000000000e+00
1.353371231823262411e-01,6.834616729840278238e-01,0.000000000000000000e+00,-2.591205987659715021e-02,1.403795174579083593e-01,0.000000000000000000e+00
1.350088624763257916e-01,5.717104454849495365e-01,0.000000000000000000e+00,2.136208247746175168e-02,9.043337571766682514e-02,0.000000000000000000e+00
4.999999999991457944e-01,0.000000000000000000e+00,0.000000000000000000e+00,0.000000000000000000e+00,0.000000000000000000e+00,0.000000000000000000e+00
4.266425212895290087e-01,1.380284923507512362e-01,0.000000000000000000e+00,8.504967522561707183e-02,1.760008000124914027e-02,0.000000000000000000e+00
3.333333333325025905e-01,5.256681331608428154e-18,0.000000000000000000e+00,0.000000000000000000e+00,0.000000000000000000e+00,0.000000000000000000e+00
2.886751345942202285e-01,1.220084679279689471e-01,0.000000000000000000e+00,5.026081903467382456e-02,2.778363554918992367e-02,0.000000000000000000e+00
3.819843225512465912e-01,2.600369602787201417e-01,0.000000000000000000e+00,1.154410126869057363e-01,1.670432734356176382e-02,0.000000000000000000e+00
2.570173304042947526e-01,3.603855800800240816e-01,0.000000000000000000e+00,6.057540376469478655e-02,3.799713572423969038e-02,0.000000000000000000e+00
2.440169358559378943e-01,2.440169358559378665e-01,0.000000000000000000e+00,5.796016260110609108e-02,3.818670461922870490e-02,0.000000000000000000e+00
0.000000000000000000e+00,4.999999999991457944e-01,0.000000000000000000e+00,0.000000000000000000e+00,0.000000000000000000e+00,0.000000000000000000e+00
1.350088624763257916e-01,4.050437788183064436e-01,0.000000000000000000e+00,2.317172977320384325e-02,4.802898389922549000e-02,0.000000000000000000e+00
1.220084679279689471e-01,2.886751345942202285e-01,0.000000000000000000e+00,3.136477635460242080e-02,3.948588827447514771e-02,0.000000000000000000e+00
-5.256681331608428154e-18,3.333333333325025905e-01,0.000000000000000000e+00,0.000000000000000000e+00,0.000000000000000000e+00,0.000000000000000000e+00
1.666666666662513230e-01,0.000000000000000000e+00,0.000000000000000000e+00,0.000000000000000000e+00,0.000000000000000000e+00,0.000000000000000000e+00
5.256681331608428154e-18,5.256681331608428154e-18,0.000000000000000000e+00,0.000000000000000000e+00,0.000000000000000000e+00,0.000000000000000000e+00
1.220084679279689471e-01,1.220084679279689333e-01,0.000000000000000000e+00,3.017766393228998867e-02,2.839874239967308395e-02,0.000000000000000000e+00
0.000000000000000000e+00,1.666666666662512952e-01,0.000000000000000000e+00,0.000000000000000000e+00,0.000000000000000000e+00,0.000000000000000000e+00
